ISO-10303-21;
HEADER;
FILE_DESCRIPTION(('FreeCAD Model'),'2;1');
FILE_NAME('Open CASCADE Shape Model','2023-01-16T13:31:36',('BT'),(''),
  'Open CASCADE STEP processor 7.6','FreeCAD','Unknown');
FILE_SCHEMA(('AUTOMOTIVE_DESIGN_CC2 { 1 2 10303 214 -1 1 5 4 }'));
ENDSEC;
DATA;
#1 = APPLICATION_PROTOCOL_DEFINITION('committee draft',
  'automotive_design',1997,#2);
#2 = APPLICATION_CONTEXT(
  'core data for automotive mechanical design processes');
#3 = SHAPE_DEFINITION_REPRESENTATION(#4,#10);
#4 = PRODUCT_DEFINITION_SHAPE('','',#5);
#5 = PRODUCT_DEFINITION('design','',#6,#9);
#6 = PRODUCT_DEFINITION_FORMATION('','',#7);
#7 = PRODUCT('Open_CASCADE_STEP_translator_7_5_1_cp',
  'Open_CASCADE_STEP_translator_7_5_1_cp','',(#8));
#8 = MECHANICAL_CONTEXT('',#2,'mechanical');
#9 = PRODUCT_DEFINITION_CONTEXT('part definition',#2,'design');
#10 = SHAPE_REPRESENTATION('',(#11,#15,#5491),#6871);
#11 = AXIS2_PLACEMENT_3D('',#12,#13,#14);
#12 = CARTESIAN_POINT('',(0.,0.,0.));
#13 = DIRECTION('',(0.,0.,1.));
#14 = DIRECTION('',(1.,0.,-0.));
#15 = MANIFOLD_SOLID_BREP('',#16);
#16 = CLOSED_SHELL('',(#17,#57,#88,#119,#776,#1433,#1450,#1467,#1484,
    #1501,#1518,#1535,#1552,#1569,#1586,#1603,#1620,#1637,#1654,#1671,
    #1688,#1705,#1722,#1739,#1756,#1773,#1790,#1807,#1824,#1841,#1858,
    #1875,#1892,#1909,#1926,#1943,#1960,#1977,#1994,#2011,#2028,#2045,
    #2062,#2079,#2096,#2113,#2130,#2147,#2164,#2181,#2198,#2215,#2227,
    #2258,#2282,#2306,#2323,#2354,#2378,#2402,#2419,#2450,#2474,#2498,
    #2515,#2546,#2570,#2594,#2611,#2642,#2666,#2690,#2707,#2738,#2762,
    #2786,#2803,#2834,#2858,#2882,#2899,#2930,#2954,#2978,#2995,#3026,
    #3050,#3074,#3091,#3122,#3146,#3170,#3187,#3218,#3242,#3266,#3283,
    #3314,#3338,#3362,#3379,#3410,#3434,#3458,#3475,#3506,#3530,#3554,
    #3571,#3602,#3626,#3650,#3667,#3698,#3722,#3746,#3763,#3794,#3818,
    #3842,#3859,#3890,#3914,#3938,#3955,#3986,#4010,#4034,#4051,#4082,
    #4106,#4130,#4147,#4178,#4202,#4226,#4243,#4274,#4298,#4322,#4339,
    #4370,#4394,#4418,#4435,#4466,#4490,#4514,#4531,#4562,#4586,#4610,
    #4627,#4658,#4682,#4706,#4723,#4754,#4778,#4802,#4819,#4850,#4874,
    #4898,#4915,#4946,#4970,#4994,#5011,#5042,#5066,#5090,#5107,#5138,
    #5162,#5186,#5203,#5234,#5258,#5282,#5299,#5311,#5323,#5335,#5347,
    #5359,#5371,#5383,#5395,#5407,#5419,#5431,#5443,#5455,#5467,#5479));
#17 = ADVANCED_FACE('',(#18),#52,.F.);
#18 = FACE_BOUND('',#19,.F.);
#19 = EDGE_LOOP('',(#20,#30,#38,#46));
#20 = ORIENTED_EDGE('',*,*,#21,.T.);
#21 = EDGE_CURVE('',#22,#24,#26,.T.);
#22 = VERTEX_POINT('',#23);
#23 = CARTESIAN_POINT('',(-10.3225,-5.1715,4.45));
#24 = VERTEX_POINT('',#25);
#25 = CARTESIAN_POINT('',(-10.3225,-5.1715,1.91));
#26 = LINE('',#27,#28);
#27 = CARTESIAN_POINT('',(-10.3225,-5.1715,4.45));
#28 = VECTOR('',#29,1.);
#29 = DIRECTION('',(0.,0.,-1.));
#30 = ORIENTED_EDGE('',*,*,#31,.T.);
#31 = EDGE_CURVE('',#24,#32,#34,.T.);
#32 = VERTEX_POINT('',#33);
#33 = CARTESIAN_POINT('',(-10.0685,-4.9175,1.91));
#34 = LINE('',#35,#36);
#35 = CARTESIAN_POINT('',(-10.3225,-5.1715,1.91));
#36 = VECTOR('',#37,1.);
#37 = DIRECTION('',(0.707106781187,0.707106781187,-0.));
#38 = ORIENTED_EDGE('',*,*,#39,.F.);
#39 = EDGE_CURVE('',#40,#32,#42,.T.);
#40 = VERTEX_POINT('',#41);
#41 = CARTESIAN_POINT('',(-10.0685,-4.9175,4.45));
#42 = LINE('',#43,#44);
#43 = CARTESIAN_POINT('',(-10.0685,-4.9175,4.45));
#44 = VECTOR('',#45,1.);
#45 = DIRECTION('',(0.,0.,-1.));
#46 = ORIENTED_EDGE('',*,*,#47,.F.);
#47 = EDGE_CURVE('',#22,#40,#48,.T.);
#48 = LINE('',#49,#50);
#49 = CARTESIAN_POINT('',(-10.3225,-5.1715,4.45));
#50 = VECTOR('',#51,1.);
#51 = DIRECTION('',(0.707106781187,0.707106781187,-0.));
#52 = PLANE('',#53);
#53 = AXIS2_PLACEMENT_3D('',#54,#55,#56);
#54 = CARTESIAN_POINT('',(-10.3225,-5.1715,4.45));
#55 = DIRECTION('',(0.707106781187,-0.707106781187,0.));
#56 = DIRECTION('',(0.707106781187,0.707106781187,-0.));
#57 = ADVANCED_FACE('',(#58),#83,.F.);
#58 = FACE_BOUND('',#59,.F.);
#59 = EDGE_LOOP('',(#60,#70,#76,#77));
#60 = ORIENTED_EDGE('',*,*,#61,.T.);
#61 = EDGE_CURVE('',#62,#64,#66,.T.);
#62 = VERTEX_POINT('',#63);
#63 = CARTESIAN_POINT('',(-10.3225,-7.2035,4.45));
#64 = VERTEX_POINT('',#65);
#65 = CARTESIAN_POINT('',(-10.3225,-7.2035,1.91));
#66 = LINE('',#67,#68);
#67 = CARTESIAN_POINT('',(-10.3225,-7.2035,4.45));
#68 = VECTOR('',#69,1.);
#69 = DIRECTION('',(0.,0.,-1.));
#70 = ORIENTED_EDGE('',*,*,#71,.T.);
#71 = EDGE_CURVE('',#64,#24,#72,.T.);
#72 = LINE('',#73,#74);
#73 = CARTESIAN_POINT('',(-10.3225,-7.2035,1.91));
#74 = VECTOR('',#75,1.);
#75 = DIRECTION('',(0.,1.,0.));
#76 = ORIENTED_EDGE('',*,*,#21,.F.);
#77 = ORIENTED_EDGE('',*,*,#78,.F.);
#78 = EDGE_CURVE('',#62,#22,#79,.T.);
#79 = LINE('',#80,#81);
#80 = CARTESIAN_POINT('',(-10.3225,-7.2035,4.45));
#81 = VECTOR('',#82,1.);
#82 = DIRECTION('',(0.,1.,0.));
#83 = PLANE('',#84);
#84 = AXIS2_PLACEMENT_3D('',#85,#86,#87);
#85 = CARTESIAN_POINT('',(-10.3225,-7.2035,4.45));
#86 = DIRECTION('',(1.,0.,0.));
#87 = DIRECTION('',(0.,1.,0.));
#88 = ADVANCED_FACE('',(#89),#114,.F.);
#89 = FACE_BOUND('',#90,.F.);
#90 = EDGE_LOOP('',(#91,#92,#100,#108));
#91 = ORIENTED_EDGE('',*,*,#39,.T.);
#92 = ORIENTED_EDGE('',*,*,#93,.T.);
#93 = EDGE_CURVE('',#32,#94,#96,.T.);
#94 = VERTEX_POINT('',#95);
#95 = CARTESIAN_POINT('',(-8.0365,-4.9175,1.91));
#96 = LINE('',#97,#98);
#97 = CARTESIAN_POINT('',(-10.0685,-4.9175,1.91));
#98 = VECTOR('',#99,1.);
#99 = DIRECTION('',(1.,0.,0.));
#100 = ORIENTED_EDGE('',*,*,#101,.F.);
#101 = EDGE_CURVE('',#102,#94,#104,.T.);
#102 = VERTEX_POINT('',#103);
#103 = CARTESIAN_POINT('',(-8.0365,-4.9175,4.45));
#104 = LINE('',#105,#106);
#105 = CARTESIAN_POINT('',(-8.0365,-4.9175,4.45));
#106 = VECTOR('',#107,1.);
#107 = DIRECTION('',(0.,0.,-1.));
#108 = ORIENTED_EDGE('',*,*,#109,.F.);
#109 = EDGE_CURVE('',#40,#102,#110,.T.);
#110 = LINE('',#111,#112);
#111 = CARTESIAN_POINT('',(-10.0685,-4.9175,4.45));
#112 = VECTOR('',#113,1.);
#113 = DIRECTION('',(1.,0.,0.));
#114 = PLANE('',#115);
#115 = AXIS2_PLACEMENT_3D('',#116,#117,#118);
#116 = CARTESIAN_POINT('',(-10.0685,-4.9175,4.45));
#117 = DIRECTION('',(0.,-1.,0.));
#118 = DIRECTION('',(1.,0.,0.));
#119 = ADVANCED_FACE('',(#120,#499,#533,#567,#601,#635,#669,#703,#737),
  #771,.F.);
#120 = FACE_BOUND('',#121,.F.);
#121 = EDGE_LOOP('',(#122,#123,#124,#132,#140,#148,#156,#164,#172,#180,
    #188,#196,#204,#212,#220,#228,#236,#244,#252,#260,#268,#276,#284,
    #292,#300,#308,#316,#324,#332,#340,#348,#356,#364,#372,#380,#388,
    #396,#404,#412,#420,#428,#436,#444,#452,#460,#468,#476,#484,#492,
    #498));
#122 = ORIENTED_EDGE('',*,*,#47,.T.);
#123 = ORIENTED_EDGE('',*,*,#109,.T.);
#124 = ORIENTED_EDGE('',*,*,#125,.T.);
#125 = EDGE_CURVE('',#102,#126,#128,.T.);
#126 = VERTEX_POINT('',#127);
#127 = CARTESIAN_POINT('',(-7.7825,-5.1715,4.45));
#128 = LINE('',#129,#130);
#129 = CARTESIAN_POINT('',(-8.0365,-4.9175,4.45));
#130 = VECTOR('',#131,1.);
#131 = DIRECTION('',(0.707106781187,-0.707106781187,0.));
#132 = ORIENTED_EDGE('',*,*,#133,.T.);
#133 = EDGE_CURVE('',#126,#134,#136,.T.);
#134 = VERTEX_POINT('',#135);
#135 = CARTESIAN_POINT('',(-7.5285,-4.9175,4.45));
#136 = LINE('',#137,#138);
#137 = CARTESIAN_POINT('',(-7.7825,-5.1715,4.45));
#138 = VECTOR('',#139,1.);
#139 = DIRECTION('',(0.707106781187,0.707106781187,-0.));
#140 = ORIENTED_EDGE('',*,*,#141,.T.);
#141 = EDGE_CURVE('',#134,#142,#144,.T.);
#142 = VERTEX_POINT('',#143);
#143 = CARTESIAN_POINT('',(-5.4965,-4.9175,4.45));
#144 = LINE('',#145,#146);
#145 = CARTESIAN_POINT('',(-7.5285,-4.9175,4.45));
#146 = VECTOR('',#147,1.);
#147 = DIRECTION('',(1.,0.,0.));
#148 = ORIENTED_EDGE('',*,*,#149,.T.);
#149 = EDGE_CURVE('',#142,#150,#152,.T.);
#150 = VERTEX_POINT('',#151);
#151 = CARTESIAN_POINT('',(-5.2425,-5.1715,4.45));
#152 = LINE('',#153,#154);
#153 = CARTESIAN_POINT('',(-5.4965,-4.9175,4.45));
#154 = VECTOR('',#155,1.);
#155 = DIRECTION('',(0.707106781187,-0.707106781187,0.));
#156 = ORIENTED_EDGE('',*,*,#157,.T.);
#157 = EDGE_CURVE('',#150,#158,#160,.T.);
#158 = VERTEX_POINT('',#159);
#159 = CARTESIAN_POINT('',(-4.9885,-4.9175,4.45));
#160 = LINE('',#161,#162);
#161 = CARTESIAN_POINT('',(-5.2425,-5.1715,4.45));
#162 = VECTOR('',#163,1.);
#163 = DIRECTION('',(0.707106781187,0.707106781187,-0.));
#164 = ORIENTED_EDGE('',*,*,#165,.T.);
#165 = EDGE_CURVE('',#158,#166,#168,.T.);
#166 = VERTEX_POINT('',#167);
#167 = CARTESIAN_POINT('',(-2.9565,-4.9175,4.45));
#168 = LINE('',#169,#170);
#169 = CARTESIAN_POINT('',(-4.9885,-4.9175,4.45));
#170 = VECTOR('',#171,1.);
#171 = DIRECTION('',(1.,0.,0.));
#172 = ORIENTED_EDGE('',*,*,#173,.T.);
#173 = EDGE_CURVE('',#166,#174,#176,.T.);
#174 = VERTEX_POINT('',#175);
#175 = CARTESIAN_POINT('',(-2.7025,-5.1715,4.45));
#176 = LINE('',#177,#178);
#177 = CARTESIAN_POINT('',(-2.9565,-4.9175,4.45));
#178 = VECTOR('',#179,1.);
#179 = DIRECTION('',(0.707106781187,-0.707106781187,0.));
#180 = ORIENTED_EDGE('',*,*,#181,.T.);
#181 = EDGE_CURVE('',#174,#182,#184,.T.);
#182 = VERTEX_POINT('',#183);
#183 = CARTESIAN_POINT('',(-2.4485,-4.9175,4.45));
#184 = LINE('',#185,#186);
#185 = CARTESIAN_POINT('',(-2.7025,-5.1715,4.45));
#186 = VECTOR('',#187,1.);
#187 = DIRECTION('',(0.707106781187,0.707106781187,-0.));
#188 = ORIENTED_EDGE('',*,*,#189,.T.);
#189 = EDGE_CURVE('',#182,#190,#192,.T.);
#190 = VERTEX_POINT('',#191);
#191 = CARTESIAN_POINT('',(-0.4165,-4.9175,4.45));
#192 = LINE('',#193,#194);
#193 = CARTESIAN_POINT('',(-2.4485,-4.9175,4.45));
#194 = VECTOR('',#195,1.);
#195 = DIRECTION('',(1.,0.,0.));
#196 = ORIENTED_EDGE('',*,*,#197,.T.);
#197 = EDGE_CURVE('',#190,#198,#200,.T.);
#198 = VERTEX_POINT('',#199);
#199 = CARTESIAN_POINT('',(-0.1625,-5.1715,4.45));
#200 = LINE('',#201,#202);
#201 = CARTESIAN_POINT('',(-0.4165,-4.9175,4.45));
#202 = VECTOR('',#203,1.);
#203 = DIRECTION('',(0.707106781187,-0.707106781187,0.));
#204 = ORIENTED_EDGE('',*,*,#205,.T.);
#205 = EDGE_CURVE('',#198,#206,#208,.T.);
#206 = VERTEX_POINT('',#207);
#207 = CARTESIAN_POINT('',(9.15E-02,-4.9175,4.45));
#208 = LINE('',#209,#210);
#209 = CARTESIAN_POINT('',(-0.1625,-5.1715,4.45));
#210 = VECTOR('',#211,1.);
#211 = DIRECTION('',(0.707106781187,0.707106781187,-0.));
#212 = ORIENTED_EDGE('',*,*,#213,.T.);
#213 = EDGE_CURVE('',#206,#214,#216,.T.);
#214 = VERTEX_POINT('',#215);
#215 = CARTESIAN_POINT('',(2.1235,-4.9175,4.45));
#216 = LINE('',#217,#218);
#217 = CARTESIAN_POINT('',(9.15E-02,-4.9175,4.45));
#218 = VECTOR('',#219,1.);
#219 = DIRECTION('',(1.,0.,0.));
#220 = ORIENTED_EDGE('',*,*,#221,.T.);
#221 = EDGE_CURVE('',#214,#222,#224,.T.);
#222 = VERTEX_POINT('',#223);
#223 = CARTESIAN_POINT('',(2.3775,-5.1715,4.45));
#224 = LINE('',#225,#226);
#225 = CARTESIAN_POINT('',(2.1235,-4.9175,4.45));
#226 = VECTOR('',#227,1.);
#227 = DIRECTION('',(0.707106781187,-0.707106781187,0.));
#228 = ORIENTED_EDGE('',*,*,#229,.T.);
#229 = EDGE_CURVE('',#222,#230,#232,.T.);
#230 = VERTEX_POINT('',#231);
#231 = CARTESIAN_POINT('',(2.6315,-4.9175,4.45));
#232 = LINE('',#233,#234);
#233 = CARTESIAN_POINT('',(2.3775,-5.1715,4.45));
#234 = VECTOR('',#235,1.);
#235 = DIRECTION('',(0.707106781187,0.707106781187,-0.));
#236 = ORIENTED_EDGE('',*,*,#237,.T.);
#237 = EDGE_CURVE('',#230,#238,#240,.T.);
#238 = VERTEX_POINT('',#239);
#239 = CARTESIAN_POINT('',(4.6635,-4.9175,4.45));
#240 = LINE('',#241,#242);
#241 = CARTESIAN_POINT('',(2.6315,-4.9175,4.45));
#242 = VECTOR('',#243,1.);
#243 = DIRECTION('',(1.,0.,0.));
#244 = ORIENTED_EDGE('',*,*,#245,.T.);
#245 = EDGE_CURVE('',#238,#246,#248,.T.);
#246 = VERTEX_POINT('',#247);
#247 = CARTESIAN_POINT('',(4.9175,-5.1715,4.45));
#248 = LINE('',#249,#250);
#249 = CARTESIAN_POINT('',(4.6635,-4.9175,4.45));
#250 = VECTOR('',#251,1.);
#251 = DIRECTION('',(0.707106781187,-0.707106781187,0.));
#252 = ORIENTED_EDGE('',*,*,#253,.T.);
#253 = EDGE_CURVE('',#246,#254,#256,.T.);
#254 = VERTEX_POINT('',#255);
#255 = CARTESIAN_POINT('',(5.1715,-4.9175,4.45));
#256 = LINE('',#257,#258);
#257 = CARTESIAN_POINT('',(4.9175,-5.1715,4.45));
#258 = VECTOR('',#259,1.);
#259 = DIRECTION('',(0.707106781187,0.707106781187,-0.));
#260 = ORIENTED_EDGE('',*,*,#261,.T.);
#261 = EDGE_CURVE('',#254,#262,#264,.T.);
#262 = VERTEX_POINT('',#263);
#263 = CARTESIAN_POINT('',(7.2035,-4.9175,4.45));
#264 = LINE('',#265,#266);
#265 = CARTESIAN_POINT('',(5.1715,-4.9175,4.45));
#266 = VECTOR('',#267,1.);
#267 = DIRECTION('',(1.,0.,0.));
#268 = ORIENTED_EDGE('',*,*,#269,.T.);
#269 = EDGE_CURVE('',#262,#270,#272,.T.);
#270 = VERTEX_POINT('',#271);
#271 = CARTESIAN_POINT('',(7.4575,-5.1715,4.45));
#272 = LINE('',#273,#274);
#273 = CARTESIAN_POINT('',(7.2035,-4.9175,4.45));
#274 = VECTOR('',#275,1.);
#275 = DIRECTION('',(0.707106781187,-0.707106781187,0.));
#276 = ORIENTED_EDGE('',*,*,#277,.T.);
#277 = EDGE_CURVE('',#270,#278,#280,.T.);
#278 = VERTEX_POINT('',#279);
#279 = CARTESIAN_POINT('',(7.7115,-4.9175,4.45));
#280 = LINE('',#281,#282);
#281 = CARTESIAN_POINT('',(7.4575,-5.1715,4.45));
#282 = VECTOR('',#283,1.);
#283 = DIRECTION('',(0.707106781187,0.707106781187,-0.));
#284 = ORIENTED_EDGE('',*,*,#285,.T.);
#285 = EDGE_CURVE('',#278,#286,#288,.T.);
#286 = VERTEX_POINT('',#287);
#287 = CARTESIAN_POINT('',(9.7435,-4.9175,4.45));
#288 = LINE('',#289,#290);
#289 = CARTESIAN_POINT('',(7.7115,-4.9175,4.45));
#290 = VECTOR('',#291,1.);
#291 = DIRECTION('',(1.,0.,0.));
#292 = ORIENTED_EDGE('',*,*,#293,.T.);
#293 = EDGE_CURVE('',#286,#294,#296,.T.);
#294 = VERTEX_POINT('',#295);
#295 = CARTESIAN_POINT('',(9.9975,-5.1715,4.45));
#296 = LINE('',#297,#298);
#297 = CARTESIAN_POINT('',(9.7435,-4.9175,4.45));
#298 = VECTOR('',#299,1.);
#299 = DIRECTION('',(0.707106781187,-0.707106781187,0.));
#300 = ORIENTED_EDGE('',*,*,#301,.T.);
#301 = EDGE_CURVE('',#294,#302,#304,.T.);
#302 = VERTEX_POINT('',#303);
#303 = CARTESIAN_POINT('',(9.9975,-7.2035,4.45));
#304 = LINE('',#305,#306);
#305 = CARTESIAN_POINT('',(9.9975,-5.1715,4.45));
#306 = VECTOR('',#307,1.);
#307 = DIRECTION('',(0.,-1.,0.));
#308 = ORIENTED_EDGE('',*,*,#309,.T.);
#309 = EDGE_CURVE('',#302,#310,#312,.T.);
#310 = VERTEX_POINT('',#311);
#311 = CARTESIAN_POINT('',(9.7435,-7.4575,4.45));
#312 = LINE('',#313,#314);
#313 = CARTESIAN_POINT('',(9.9975,-7.2035,4.45));
#314 = VECTOR('',#315,1.);
#315 = DIRECTION('',(-0.707106781187,-0.707106781187,0.));
#316 = ORIENTED_EDGE('',*,*,#317,.T.);
#317 = EDGE_CURVE('',#310,#318,#320,.T.);
#318 = VERTEX_POINT('',#319);
#319 = CARTESIAN_POINT('',(7.7115,-7.4575,4.45));
#320 = LINE('',#321,#322);
#321 = CARTESIAN_POINT('',(9.7435,-7.4575,4.45));
#322 = VECTOR('',#323,1.);
#323 = DIRECTION('',(-1.,0.,0.));
#324 = ORIENTED_EDGE('',*,*,#325,.T.);
#325 = EDGE_CURVE('',#318,#326,#328,.T.);
#326 = VERTEX_POINT('',#327);
#327 = CARTESIAN_POINT('',(7.4575,-7.2035,4.45));
#328 = LINE('',#329,#330);
#329 = CARTESIAN_POINT('',(7.7115,-7.4575,4.45));
#330 = VECTOR('',#331,1.);
#331 = DIRECTION('',(-0.707106781187,0.707106781187,0.));
#332 = ORIENTED_EDGE('',*,*,#333,.T.);
#333 = EDGE_CURVE('',#326,#334,#336,.T.);
#334 = VERTEX_POINT('',#335);
#335 = CARTESIAN_POINT('',(7.2035,-7.4575,4.45));
#336 = LINE('',#337,#338);
#337 = CARTESIAN_POINT('',(7.4575,-7.2035,4.45));
#338 = VECTOR('',#339,1.);
#339 = DIRECTION('',(-0.707106781187,-0.707106781187,0.));
#340 = ORIENTED_EDGE('',*,*,#341,.T.);
#341 = EDGE_CURVE('',#334,#342,#344,.T.);
#342 = VERTEX_POINT('',#343);
#343 = CARTESIAN_POINT('',(5.1715,-7.4575,4.45));
#344 = LINE('',#345,#346);
#345 = CARTESIAN_POINT('',(7.2035,-7.4575,4.45));
#346 = VECTOR('',#347,1.);
#347 = DIRECTION('',(-1.,0.,0.));
#348 = ORIENTED_EDGE('',*,*,#349,.T.);
#349 = EDGE_CURVE('',#342,#350,#352,.T.);
#350 = VERTEX_POINT('',#351);
#351 = CARTESIAN_POINT('',(4.9175,-7.2035,4.45));
#352 = LINE('',#353,#354);
#353 = CARTESIAN_POINT('',(5.1715,-7.4575,4.45));
#354 = VECTOR('',#355,1.);
#355 = DIRECTION('',(-0.707106781187,0.707106781187,0.));
#356 = ORIENTED_EDGE('',*,*,#357,.T.);
#357 = EDGE_CURVE('',#350,#358,#360,.T.);
#358 = VERTEX_POINT('',#359);
#359 = CARTESIAN_POINT('',(4.6635,-7.4575,4.45));
#360 = LINE('',#361,#362);
#361 = CARTESIAN_POINT('',(4.9175,-7.2035,4.45));
#362 = VECTOR('',#363,1.);
#363 = DIRECTION('',(-0.707106781187,-0.707106781187,0.));
#364 = ORIENTED_EDGE('',*,*,#365,.T.);
#365 = EDGE_CURVE('',#358,#366,#368,.T.);
#366 = VERTEX_POINT('',#367);
#367 = CARTESIAN_POINT('',(2.6315,-7.4575,4.45));
#368 = LINE('',#369,#370);
#369 = CARTESIAN_POINT('',(4.6635,-7.4575,4.45));
#370 = VECTOR('',#371,1.);
#371 = DIRECTION('',(-1.,0.,0.));
#372 = ORIENTED_EDGE('',*,*,#373,.T.);
#373 = EDGE_CURVE('',#366,#374,#376,.T.);
#374 = VERTEX_POINT('',#375);
#375 = CARTESIAN_POINT('',(2.3775,-7.2035,4.45));
#376 = LINE('',#377,#378);
#377 = CARTESIAN_POINT('',(2.6315,-7.4575,4.45));
#378 = VECTOR('',#379,1.);
#379 = DIRECTION('',(-0.707106781187,0.707106781187,0.));
#380 = ORIENTED_EDGE('',*,*,#381,.T.);
#381 = EDGE_CURVE('',#374,#382,#384,.T.);
#382 = VERTEX_POINT('',#383);
#383 = CARTESIAN_POINT('',(2.1235,-7.4575,4.45));
#384 = LINE('',#385,#386);
#385 = CARTESIAN_POINT('',(2.3775,-7.2035,4.45));
#386 = VECTOR('',#387,1.);
#387 = DIRECTION('',(-0.707106781187,-0.707106781187,0.));
#388 = ORIENTED_EDGE('',*,*,#389,.T.);
#389 = EDGE_CURVE('',#382,#390,#392,.T.);
#390 = VERTEX_POINT('',#391);
#391 = CARTESIAN_POINT('',(9.15E-02,-7.4575,4.45));
#392 = LINE('',#393,#394);
#393 = CARTESIAN_POINT('',(2.1235,-7.4575,4.45));
#394 = VECTOR('',#395,1.);
#395 = DIRECTION('',(-1.,0.,0.));
#396 = ORIENTED_EDGE('',*,*,#397,.T.);
#397 = EDGE_CURVE('',#390,#398,#400,.T.);
#398 = VERTEX_POINT('',#399);
#399 = CARTESIAN_POINT('',(-0.1625,-7.2035,4.45));
#400 = LINE('',#401,#402);
#401 = CARTESIAN_POINT('',(9.15E-02,-7.4575,4.45));
#402 = VECTOR('',#403,1.);
#403 = DIRECTION('',(-0.707106781187,0.707106781187,0.));
#404 = ORIENTED_EDGE('',*,*,#405,.T.);
#405 = EDGE_CURVE('',#398,#406,#408,.T.);
#406 = VERTEX_POINT('',#407);
#407 = CARTESIAN_POINT('',(-0.4165,-7.4575,4.45));
#408 = LINE('',#409,#410);
#409 = CARTESIAN_POINT('',(-0.1625,-7.2035,4.45));
#410 = VECTOR('',#411,1.);
#411 = DIRECTION('',(-0.707106781187,-0.707106781187,0.));
#412 = ORIENTED_EDGE('',*,*,#413,.T.);
#413 = EDGE_CURVE('',#406,#414,#416,.T.);
#414 = VERTEX_POINT('',#415);
#415 = CARTESIAN_POINT('',(-2.4485,-7.4575,4.45));
#416 = LINE('',#417,#418);
#417 = CARTESIAN_POINT('',(-0.4165,-7.4575,4.45));
#418 = VECTOR('',#419,1.);
#419 = DIRECTION('',(-1.,0.,0.));
#420 = ORIENTED_EDGE('',*,*,#421,.T.);
#421 = EDGE_CURVE('',#414,#422,#424,.T.);
#422 = VERTEX_POINT('',#423);
#423 = CARTESIAN_POINT('',(-2.7025,-7.2035,4.45));
#424 = LINE('',#425,#426);
#425 = CARTESIAN_POINT('',(-2.4485,-7.4575,4.45));
#426 = VECTOR('',#427,1.);
#427 = DIRECTION('',(-0.707106781187,0.707106781187,0.));
#428 = ORIENTED_EDGE('',*,*,#429,.T.);
#429 = EDGE_CURVE('',#422,#430,#432,.T.);
#430 = VERTEX_POINT('',#431);
#431 = CARTESIAN_POINT('',(-2.9565,-7.4575,4.45));
#432 = LINE('',#433,#434);
#433 = CARTESIAN_POINT('',(-2.7025,-7.2035,4.45));
#434 = VECTOR('',#435,1.);
#435 = DIRECTION('',(-0.707106781187,-0.707106781187,0.));
#436 = ORIENTED_EDGE('',*,*,#437,.T.);
#437 = EDGE_CURVE('',#430,#438,#440,.T.);
#438 = VERTEX_POINT('',#439);
#439 = CARTESIAN_POINT('',(-4.9885,-7.4575,4.45));
#440 = LINE('',#441,#442);
#441 = CARTESIAN_POINT('',(-2.9565,-7.4575,4.45));
#442 = VECTOR('',#443,1.);
#443 = DIRECTION('',(-1.,0.,0.));
#444 = ORIENTED_EDGE('',*,*,#445,.T.);
#445 = EDGE_CURVE('',#438,#446,#448,.T.);
#446 = VERTEX_POINT('',#447);
#447 = CARTESIAN_POINT('',(-5.2425,-7.2035,4.45));
#448 = LINE('',#449,#450);
#449 = CARTESIAN_POINT('',(-4.9885,-7.4575,4.45));
#450 = VECTOR('',#451,1.);
#451 = DIRECTION('',(-0.707106781187,0.707106781187,0.));
#452 = ORIENTED_EDGE('',*,*,#453,.T.);
#453 = EDGE_CURVE('',#446,#454,#456,.T.);
#454 = VERTEX_POINT('',#455);
#455 = CARTESIAN_POINT('',(-5.4965,-7.4575,4.45));
#456 = LINE('',#457,#458);
#457 = CARTESIAN_POINT('',(-5.2425,-7.2035,4.45));
#458 = VECTOR('',#459,1.);
#459 = DIRECTION('',(-0.707106781187,-0.707106781187,0.));
#460 = ORIENTED_EDGE('',*,*,#461,.T.);
#461 = EDGE_CURVE('',#454,#462,#464,.T.);
#462 = VERTEX_POINT('',#463);
#463 = CARTESIAN_POINT('',(-7.5285,-7.4575,4.45));
#464 = LINE('',#465,#466);
#465 = CARTESIAN_POINT('',(-5.4965,-7.4575,4.45));
#466 = VECTOR('',#467,1.);
#467 = DIRECTION('',(-1.,0.,0.));
#468 = ORIENTED_EDGE('',*,*,#469,.T.);
#469 = EDGE_CURVE('',#462,#470,#472,.T.);
#470 = VERTEX_POINT('',#471);
#471 = CARTESIAN_POINT('',(-7.7825,-7.2035,4.45));
#472 = LINE('',#473,#474);
#473 = CARTESIAN_POINT('',(-7.5285,-7.4575,4.45));
#474 = VECTOR('',#475,1.);
#475 = DIRECTION('',(-0.707106781187,0.707106781187,0.));
#476 = ORIENTED_EDGE('',*,*,#477,.T.);
#477 = EDGE_CURVE('',#470,#478,#480,.T.);
#478 = VERTEX_POINT('',#479);
#479 = CARTESIAN_POINT('',(-8.0365,-7.4575,4.45));
#480 = LINE('',#481,#482);
#481 = CARTESIAN_POINT('',(-7.7825,-7.2035,4.45));
#482 = VECTOR('',#483,1.);
#483 = DIRECTION('',(-0.707106781187,-0.707106781187,0.));
#484 = ORIENTED_EDGE('',*,*,#485,.T.);
#485 = EDGE_CURVE('',#478,#486,#488,.T.);
#486 = VERTEX_POINT('',#487);
#487 = CARTESIAN_POINT('',(-10.0685,-7.4575,4.45));
#488 = LINE('',#489,#490);
#489 = CARTESIAN_POINT('',(-8.0365,-7.4575,4.45));
#490 = VECTOR('',#491,1.);
#491 = DIRECTION('',(-1.,0.,0.));
#492 = ORIENTED_EDGE('',*,*,#493,.T.);
#493 = EDGE_CURVE('',#486,#62,#494,.T.);
#494 = LINE('',#495,#496);
#495 = CARTESIAN_POINT('',(-10.0685,-7.4575,4.45));
#496 = VECTOR('',#497,1.);
#497 = DIRECTION('',(-0.707106781187,0.707106781187,0.));
#498 = ORIENTED_EDGE('',*,*,#78,.T.);
#499 = FACE_BOUND('',#500,.F.);
#500 = EDGE_LOOP('',(#501,#511,#519,#527));
#501 = ORIENTED_EDGE('',*,*,#502,.T.);
#502 = EDGE_CURVE('',#503,#505,#507,.T.);
#503 = VERTEX_POINT('',#504);
#504 = CARTESIAN_POINT('',(9.0475,-6.5075,4.45));
#505 = VERTEX_POINT('',#506);
#506 = CARTESIAN_POINT('',(9.0475,-5.8675,4.45));
#507 = LINE('',#508,#509);
#508 = CARTESIAN_POINT('',(9.0475,-6.0275,4.45));
#509 = VECTOR('',#510,1.);
#510 = DIRECTION('',(0.,1.,0.));
#511 = ORIENTED_EDGE('',*,*,#512,.T.);
#512 = EDGE_CURVE('',#505,#513,#515,.T.);
#513 = VERTEX_POINT('',#514);
#514 = CARTESIAN_POINT('',(8.4075,-5.8675,4.45));
#515 = LINE('',#516,#517);
#516 = CARTESIAN_POINT('',(4.4425,-5.8675,4.45));
#517 = VECTOR('',#518,1.);
#518 = DIRECTION('',(-1.,0.,0.));
#519 = ORIENTED_EDGE('',*,*,#520,.F.);
#520 = EDGE_CURVE('',#521,#513,#523,.T.);
#521 = VERTEX_POINT('',#522);
#522 = CARTESIAN_POINT('',(8.4075,-6.5075,4.45));
#523 = LINE('',#524,#525);
#524 = CARTESIAN_POINT('',(8.4075,-6.0275,4.45));
#525 = VECTOR('',#526,1.);
#526 = DIRECTION('',(0.,1.,0.));
#527 = ORIENTED_EDGE('',*,*,#528,.F.);
#528 = EDGE_CURVE('',#503,#521,#529,.T.);
#529 = LINE('',#530,#531);
#530 = CARTESIAN_POINT('',(4.4425,-6.5075,4.45));
#531 = VECTOR('',#532,1.);
#532 = DIRECTION('',(-1.,0.,0.));
#533 = FACE_BOUND('',#534,.F.);
#534 = EDGE_LOOP('',(#535,#545,#553,#561));
#535 = ORIENTED_EDGE('',*,*,#536,.F.);
#536 = EDGE_CURVE('',#537,#539,#541,.T.);
#537 = VERTEX_POINT('',#538);
#538 = CARTESIAN_POINT('',(5.8675,-6.5075,4.45));
#539 = VERTEX_POINT('',#540);
#540 = CARTESIAN_POINT('',(5.8675,-5.8675,4.45));
#541 = LINE('',#542,#543);
#542 = CARTESIAN_POINT('',(5.8675,-6.0275,4.45));
#543 = VECTOR('',#544,1.);
#544 = DIRECTION('',(0.,1.,0.));
#545 = ORIENTED_EDGE('',*,*,#546,.F.);
#546 = EDGE_CURVE('',#547,#537,#549,.T.);
#547 = VERTEX_POINT('',#548);
#548 = CARTESIAN_POINT('',(6.5075,-6.5075,4.45));
#549 = LINE('',#550,#551);
#550 = CARTESIAN_POINT('',(3.1725,-6.5075,4.45));
#551 = VECTOR('',#552,1.);
#552 = DIRECTION('',(-1.,0.,0.));
#553 = ORIENTED_EDGE('',*,*,#554,.T.);
#554 = EDGE_CURVE('',#547,#555,#557,.T.);
#555 = VERTEX_POINT('',#556);
#556 = CARTESIAN_POINT('',(6.5075,-5.8675,4.45));
#557 = LINE('',#558,#559);
#558 = CARTESIAN_POINT('',(6.5075,-6.0275,4.45));
#559 = VECTOR('',#560,1.);
#560 = DIRECTION('',(0.,1.,0.));
#561 = ORIENTED_EDGE('',*,*,#562,.T.);
#562 = EDGE_CURVE('',#555,#539,#563,.T.);
#563 = LINE('',#564,#565);
#564 = CARTESIAN_POINT('',(3.1725,-5.8675,4.45));
#565 = VECTOR('',#566,1.);
#566 = DIRECTION('',(-1.,0.,0.));
#567 = FACE_BOUND('',#568,.F.);
#568 = EDGE_LOOP('',(#569,#579,#587,#595));
#569 = ORIENTED_EDGE('',*,*,#570,.F.);
#570 = EDGE_CURVE('',#571,#573,#575,.T.);
#571 = VERTEX_POINT('',#572);
#572 = CARTESIAN_POINT('',(-1.1125,-6.5075,4.45));
#573 = VERTEX_POINT('',#574);
#574 = CARTESIAN_POINT('',(-1.7525,-6.5075,4.45));
#575 = LINE('',#576,#577);
#576 = CARTESIAN_POINT('',(-0.6375,-6.5075,4.45));
#577 = VECTOR('',#578,1.);
#578 = DIRECTION('',(-1.,0.,0.));
#579 = ORIENTED_EDGE('',*,*,#580,.T.);
#580 = EDGE_CURVE('',#571,#581,#583,.T.);
#581 = VERTEX_POINT('',#582);
#582 = CARTESIAN_POINT('',(-1.1125,-5.8675,4.45));
#583 = LINE('',#584,#585);
#584 = CARTESIAN_POINT('',(-1.1125,-6.0275,4.45));
#585 = VECTOR('',#586,1.);
#586 = DIRECTION('',(0.,1.,0.));
#587 = ORIENTED_EDGE('',*,*,#588,.T.);
#588 = EDGE_CURVE('',#581,#589,#591,.T.);
#589 = VERTEX_POINT('',#590);
#590 = CARTESIAN_POINT('',(-1.7525,-5.8675,4.45));
#591 = LINE('',#592,#593);
#592 = CARTESIAN_POINT('',(-0.6375,-5.8675,4.45));
#593 = VECTOR('',#594,1.);
#594 = DIRECTION('',(-1.,0.,0.));
#595 = ORIENTED_EDGE('',*,*,#596,.F.);
#596 = EDGE_CURVE('',#573,#589,#597,.T.);
#597 = LINE('',#598,#599);
#598 = CARTESIAN_POINT('',(-1.7525,-6.0275,4.45));
#599 = VECTOR('',#600,1.);
#600 = DIRECTION('',(0.,1.,0.));
#601 = FACE_BOUND('',#602,.F.);
#602 = EDGE_LOOP('',(#603,#613,#621,#629));
#603 = ORIENTED_EDGE('',*,*,#604,.F.);
#604 = EDGE_CURVE('',#605,#607,#609,.T.);
#605 = VERTEX_POINT('',#606);
#606 = CARTESIAN_POINT('',(3.3275,-6.5075,4.45));
#607 = VERTEX_POINT('',#608);
#608 = CARTESIAN_POINT('',(3.3275,-5.8675,4.45));
#609 = LINE('',#610,#611);
#610 = CARTESIAN_POINT('',(3.3275,-6.0275,4.45));
#611 = VECTOR('',#612,1.);
#612 = DIRECTION('',(0.,1.,0.));
#613 = ORIENTED_EDGE('',*,*,#614,.F.);
#614 = EDGE_CURVE('',#615,#605,#617,.T.);
#615 = VERTEX_POINT('',#616);
#616 = CARTESIAN_POINT('',(3.9675,-6.5075,4.45));
#617 = LINE('',#618,#619);
#618 = CARTESIAN_POINT('',(1.9025,-6.5075,4.45));
#619 = VECTOR('',#620,1.);
#620 = DIRECTION('',(-1.,0.,0.));
#621 = ORIENTED_EDGE('',*,*,#622,.T.);
#622 = EDGE_CURVE('',#615,#623,#625,.T.);
#623 = VERTEX_POINT('',#624);
#624 = CARTESIAN_POINT('',(3.9675,-5.8675,4.45));
#625 = LINE('',#626,#627);
#626 = CARTESIAN_POINT('',(3.9675,-6.0275,4.45));
#627 = VECTOR('',#628,1.);
#628 = DIRECTION('',(0.,1.,0.));
#629 = ORIENTED_EDGE('',*,*,#630,.T.);
#630 = EDGE_CURVE('',#623,#607,#631,.T.);
#631 = LINE('',#632,#633);
#632 = CARTESIAN_POINT('',(1.9025,-5.8675,4.45));
#633 = VECTOR('',#634,1.);
#634 = DIRECTION('',(-1.,0.,0.));
#635 = FACE_BOUND('',#636,.F.);
#636 = EDGE_LOOP('',(#637,#647,#655,#663));
#637 = ORIENTED_EDGE('',*,*,#638,.F.);
#638 = EDGE_CURVE('',#639,#641,#643,.T.);
#639 = VERTEX_POINT('',#640);
#640 = CARTESIAN_POINT('',(1.4275,-6.5075,4.45));
#641 = VERTEX_POINT('',#642);
#642 = CARTESIAN_POINT('',(0.7875,-6.5075,4.45));
#643 = LINE('',#644,#645);
#644 = CARTESIAN_POINT('',(0.6325,-6.5075,4.45));
#645 = VECTOR('',#646,1.);
#646 = DIRECTION('',(-1.,0.,0.));
#647 = ORIENTED_EDGE('',*,*,#648,.T.);
#648 = EDGE_CURVE('',#639,#649,#651,.T.);
#649 = VERTEX_POINT('',#650);
#650 = CARTESIAN_POINT('',(1.4275,-5.8675,4.45));
#651 = LINE('',#652,#653);
#652 = CARTESIAN_POINT('',(1.4275,-6.0275,4.45));
#653 = VECTOR('',#654,1.);
#654 = DIRECTION('',(0.,1.,0.));
#655 = ORIENTED_EDGE('',*,*,#656,.T.);
#656 = EDGE_CURVE('',#649,#657,#659,.T.);
#657 = VERTEX_POINT('',#658);
#658 = CARTESIAN_POINT('',(0.7875,-5.8675,4.45));
#659 = LINE('',#660,#661);
#660 = CARTESIAN_POINT('',(0.6325,-5.8675,4.45));
#661 = VECTOR('',#662,1.);
#662 = DIRECTION('',(-1.,0.,0.));
#663 = ORIENTED_EDGE('',*,*,#664,.F.);
#664 = EDGE_CURVE('',#641,#657,#665,.T.);
#665 = LINE('',#666,#667);
#666 = CARTESIAN_POINT('',(0.7875,-6.0275,4.45));
#667 = VECTOR('',#668,1.);
#668 = DIRECTION('',(0.,1.,0.));
#669 = FACE_BOUND('',#670,.F.);
#670 = EDGE_LOOP('',(#671,#681,#689,#697));
#671 = ORIENTED_EDGE('',*,*,#672,.F.);
#672 = EDGE_CURVE('',#673,#675,#677,.T.);
#673 = VERTEX_POINT('',#674);
#674 = CARTESIAN_POINT('',(-6.8325,-6.5075,4.45));
#675 = VERTEX_POINT('',#676);
#676 = CARTESIAN_POINT('',(-6.8325,-5.8675,4.45));
#677 = LINE('',#678,#679);
#678 = CARTESIAN_POINT('',(-6.8325,-6.0275,4.45));
#679 = VECTOR('',#680,1.);
#680 = DIRECTION('',(0.,1.,0.));
#681 = ORIENTED_EDGE('',*,*,#682,.F.);
#682 = EDGE_CURVE('',#683,#673,#685,.T.);
#683 = VERTEX_POINT('',#684);
#684 = CARTESIAN_POINT('',(-6.1925,-6.5075,4.45));
#685 = LINE('',#686,#687);
#686 = CARTESIAN_POINT('',(-3.1775,-6.5075,4.45));
#687 = VECTOR('',#688,1.);
#688 = DIRECTION('',(-1.,0.,0.));
#689 = ORIENTED_EDGE('',*,*,#690,.T.);
#690 = EDGE_CURVE('',#683,#691,#693,.T.);
#691 = VERTEX_POINT('',#692);
#692 = CARTESIAN_POINT('',(-6.1925,-5.8675,4.45));
#693 = LINE('',#694,#695);
#694 = CARTESIAN_POINT('',(-6.1925,-6.0275,4.45));
#695 = VECTOR('',#696,1.);
#696 = DIRECTION('',(0.,1.,0.));
#697 = ORIENTED_EDGE('',*,*,#698,.T.);
#698 = EDGE_CURVE('',#691,#675,#699,.T.);
#699 = LINE('',#700,#701);
#700 = CARTESIAN_POINT('',(-3.1775,-5.8675,4.45));
#701 = VECTOR('',#702,1.);
#702 = DIRECTION('',(-1.,0.,0.));
#703 = FACE_BOUND('',#704,.F.);
#704 = EDGE_LOOP('',(#705,#715,#723,#731));
#705 = ORIENTED_EDGE('',*,*,#706,.T.);
#706 = EDGE_CURVE('',#707,#709,#711,.T.);
#707 = VERTEX_POINT('',#708);
#708 = CARTESIAN_POINT('',(-3.6525,-6.5075,4.45));
#709 = VERTEX_POINT('',#710);
#710 = CARTESIAN_POINT('',(-3.6525,-5.8675,4.45));
#711 = LINE('',#712,#713);
#712 = CARTESIAN_POINT('',(-3.6525,-6.0275,4.45));
#713 = VECTOR('',#714,1.);
#714 = DIRECTION('',(0.,1.,0.));
#715 = ORIENTED_EDGE('',*,*,#716,.T.);
#716 = EDGE_CURVE('',#709,#717,#719,.T.);
#717 = VERTEX_POINT('',#718);
#718 = CARTESIAN_POINT('',(-4.2925,-5.8675,4.45));
#719 = LINE('',#720,#721);
#720 = CARTESIAN_POINT('',(-1.9075,-5.8675,4.45));
#721 = VECTOR('',#722,1.);
#722 = DIRECTION('',(-1.,0.,0.));
#723 = ORIENTED_EDGE('',*,*,#724,.F.);
#724 = EDGE_CURVE('',#725,#717,#727,.T.);
#725 = VERTEX_POINT('',#726);
#726 = CARTESIAN_POINT('',(-4.2925,-6.5075,4.45));
#727 = LINE('',#728,#729);
#728 = CARTESIAN_POINT('',(-4.2925,-6.0275,4.45));
#729 = VECTOR('',#730,1.);
#730 = DIRECTION('',(0.,1.,0.));
#731 = ORIENTED_EDGE('',*,*,#732,.F.);
#732 = EDGE_CURVE('',#707,#725,#733,.T.);
#733 = LINE('',#734,#735);
#734 = CARTESIAN_POINT('',(-1.9075,-6.5075,4.45));
#735 = VECTOR('',#736,1.);
#736 = DIRECTION('',(-1.,0.,0.));
#737 = FACE_BOUND('',#738,.F.);
#738 = EDGE_LOOP('',(#739,#749,#757,#765));
#739 = ORIENTED_EDGE('',*,*,#740,.F.);
#740 = EDGE_CURVE('',#741,#743,#745,.T.);
#741 = VERTEX_POINT('',#742);
#742 = CARTESIAN_POINT('',(-8.7325,-6.5075,4.45));
#743 = VERTEX_POINT('',#744);
#744 = CARTESIAN_POINT('',(-9.3725,-6.5075,4.45));
#745 = LINE('',#746,#747);
#746 = CARTESIAN_POINT('',(-4.4475,-6.5075,4.45));
#747 = VECTOR('',#748,1.);
#748 = DIRECTION('',(-1.,0.,0.));
#749 = ORIENTED_EDGE('',*,*,#750,.T.);
#750 = EDGE_CURVE('',#741,#751,#753,.T.);
#751 = VERTEX_POINT('',#752);
#752 = CARTESIAN_POINT('',(-8.7325,-5.8675,4.45));
#753 = LINE('',#754,#755);
#754 = CARTESIAN_POINT('',(-8.7325,-6.0275,4.45));
#755 = VECTOR('',#756,1.);
#756 = DIRECTION('',(0.,1.,0.));
#757 = ORIENTED_EDGE('',*,*,#758,.T.);
#758 = EDGE_CURVE('',#751,#759,#761,.T.);
#759 = VERTEX_POINT('',#760);
#760 = CARTESIAN_POINT('',(-9.3725,-5.8675,4.45));
#761 = LINE('',#762,#763);
#762 = CARTESIAN_POINT('',(-4.4475,-5.8675,4.45));
#763 = VECTOR('',#764,1.);
#764 = DIRECTION('',(-1.,0.,0.));
#765 = ORIENTED_EDGE('',*,*,#766,.F.);
#766 = EDGE_CURVE('',#743,#759,#767,.T.);
#767 = LINE('',#768,#769);
#768 = CARTESIAN_POINT('',(-9.3725,-6.0275,4.45));
#769 = VECTOR('',#770,1.);
#770 = DIRECTION('',(0.,1.,0.));
#771 = PLANE('',#772);
#772 = AXIS2_PLACEMENT_3D('',#773,#774,#775);
#773 = CARTESIAN_POINT('',(-0.1625,-6.1875,4.45));
#774 = DIRECTION('',(0.,0.,-1.));
#775 = DIRECTION('',(0.,-1.,0.));
#776 = ADVANCED_FACE('',(#777,#1156,#1190,#1224,#1258,#1292,#1326,#1360,
    #1394),#1428,.T.);
#777 = FACE_BOUND('',#778,.T.);
#778 = EDGE_LOOP('',(#779,#780,#781,#789,#797,#805,#813,#821,#829,#837,
    #845,#853,#861,#869,#877,#885,#893,#901,#909,#917,#925,#933,#941,
    #949,#957,#965,#973,#981,#989,#997,#1005,#1013,#1021,#1029,#1037,
    #1045,#1053,#1061,#1069,#1077,#1085,#1093,#1101,#1109,#1117,#1125,
    #1133,#1141,#1149,#1155));
#779 = ORIENTED_EDGE('',*,*,#31,.T.);
#780 = ORIENTED_EDGE('',*,*,#93,.T.);
#781 = ORIENTED_EDGE('',*,*,#782,.T.);
#782 = EDGE_CURVE('',#94,#783,#785,.T.);
#783 = VERTEX_POINT('',#784);
#784 = CARTESIAN_POINT('',(-7.7825,-5.1715,1.91));
#785 = LINE('',#786,#787);
#786 = CARTESIAN_POINT('',(-8.0365,-4.9175,1.91));
#787 = VECTOR('',#788,1.);
#788 = DIRECTION('',(0.707106781187,-0.707106781187,0.));
#789 = ORIENTED_EDGE('',*,*,#790,.T.);
#790 = EDGE_CURVE('',#783,#791,#793,.T.);
#791 = VERTEX_POINT('',#792);
#792 = CARTESIAN_POINT('',(-7.5285,-4.9175,1.91));
#793 = LINE('',#794,#795);
#794 = CARTESIAN_POINT('',(-7.7825,-5.1715,1.91));
#795 = VECTOR('',#796,1.);
#796 = DIRECTION('',(0.707106781187,0.707106781187,-0.));
#797 = ORIENTED_EDGE('',*,*,#798,.T.);
#798 = EDGE_CURVE('',#791,#799,#801,.T.);
#799 = VERTEX_POINT('',#800);
#800 = CARTESIAN_POINT('',(-5.4965,-4.9175,1.91));
#801 = LINE('',#802,#803);
#802 = CARTESIAN_POINT('',(-7.5285,-4.9175,1.91));
#803 = VECTOR('',#804,1.);
#804 = DIRECTION('',(1.,0.,0.));
#805 = ORIENTED_EDGE('',*,*,#806,.T.);
#806 = EDGE_CURVE('',#799,#807,#809,.T.);
#807 = VERTEX_POINT('',#808);
#808 = CARTESIAN_POINT('',(-5.2425,-5.1715,1.91));
#809 = LINE('',#810,#811);
#810 = CARTESIAN_POINT('',(-5.4965,-4.9175,1.91));
#811 = VECTOR('',#812,1.);
#812 = DIRECTION('',(0.707106781187,-0.707106781187,0.));
#813 = ORIENTED_EDGE('',*,*,#814,.T.);
#814 = EDGE_CURVE('',#807,#815,#817,.T.);
#815 = VERTEX_POINT('',#816);
#816 = CARTESIAN_POINT('',(-4.9885,-4.9175,1.91));
#817 = LINE('',#818,#819);
#818 = CARTESIAN_POINT('',(-5.2425,-5.1715,1.91));
#819 = VECTOR('',#820,1.);
#820 = DIRECTION('',(0.707106781187,0.707106781187,-0.));
#821 = ORIENTED_EDGE('',*,*,#822,.T.);
#822 = EDGE_CURVE('',#815,#823,#825,.T.);
#823 = VERTEX_POINT('',#824);
#824 = CARTESIAN_POINT('',(-2.9565,-4.9175,1.91));
#825 = LINE('',#826,#827);
#826 = CARTESIAN_POINT('',(-4.9885,-4.9175,1.91));
#827 = VECTOR('',#828,1.);
#828 = DIRECTION('',(1.,0.,0.));
#829 = ORIENTED_EDGE('',*,*,#830,.T.);
#830 = EDGE_CURVE('',#823,#831,#833,.T.);
#831 = VERTEX_POINT('',#832);
#832 = CARTESIAN_POINT('',(-2.7025,-5.1715,1.91));
#833 = LINE('',#834,#835);
#834 = CARTESIAN_POINT('',(-2.9565,-4.9175,1.91));
#835 = VECTOR('',#836,1.);
#836 = DIRECTION('',(0.707106781187,-0.707106781187,0.));
#837 = ORIENTED_EDGE('',*,*,#838,.T.);
#838 = EDGE_CURVE('',#831,#839,#841,.T.);
#839 = VERTEX_POINT('',#840);
#840 = CARTESIAN_POINT('',(-2.4485,-4.9175,1.91));
#841 = LINE('',#842,#843);
#842 = CARTESIAN_POINT('',(-2.7025,-5.1715,1.91));
#843 = VECTOR('',#844,1.);
#844 = DIRECTION('',(0.707106781187,0.707106781187,-0.));
#845 = ORIENTED_EDGE('',*,*,#846,.T.);
#846 = EDGE_CURVE('',#839,#847,#849,.T.);
#847 = VERTEX_POINT('',#848);
#848 = CARTESIAN_POINT('',(-0.4165,-4.9175,1.91));
#849 = LINE('',#850,#851);
#850 = CARTESIAN_POINT('',(-2.4485,-4.9175,1.91));
#851 = VECTOR('',#852,1.);
#852 = DIRECTION('',(1.,0.,0.));
#853 = ORIENTED_EDGE('',*,*,#854,.T.);
#854 = EDGE_CURVE('',#847,#855,#857,.T.);
#855 = VERTEX_POINT('',#856);
#856 = CARTESIAN_POINT('',(-0.1625,-5.1715,1.91));
#857 = LINE('',#858,#859);
#858 = CARTESIAN_POINT('',(-0.4165,-4.9175,1.91));
#859 = VECTOR('',#860,1.);
#860 = DIRECTION('',(0.707106781187,-0.707106781187,0.));
#861 = ORIENTED_EDGE('',*,*,#862,.T.);
#862 = EDGE_CURVE('',#855,#863,#865,.T.);
#863 = VERTEX_POINT('',#864);
#864 = CARTESIAN_POINT('',(9.15E-02,-4.9175,1.91));
#865 = LINE('',#866,#867);
#866 = CARTESIAN_POINT('',(-0.1625,-5.1715,1.91));
#867 = VECTOR('',#868,1.);
#868 = DIRECTION('',(0.707106781187,0.707106781187,-0.));
#869 = ORIENTED_EDGE('',*,*,#870,.T.);
#870 = EDGE_CURVE('',#863,#871,#873,.T.);
#871 = VERTEX_POINT('',#872);
#872 = CARTESIAN_POINT('',(2.1235,-4.9175,1.91));
#873 = LINE('',#874,#875);
#874 = CARTESIAN_POINT('',(9.15E-02,-4.9175,1.91));
#875 = VECTOR('',#876,1.);
#876 = DIRECTION('',(1.,0.,0.));
#877 = ORIENTED_EDGE('',*,*,#878,.T.);
#878 = EDGE_CURVE('',#871,#879,#881,.T.);
#879 = VERTEX_POINT('',#880);
#880 = CARTESIAN_POINT('',(2.3775,-5.1715,1.91));
#881 = LINE('',#882,#883);
#882 = CARTESIAN_POINT('',(2.1235,-4.9175,1.91));
#883 = VECTOR('',#884,1.);
#884 = DIRECTION('',(0.707106781187,-0.707106781187,0.));
#885 = ORIENTED_EDGE('',*,*,#886,.T.);
#886 = EDGE_CURVE('',#879,#887,#889,.T.);
#887 = VERTEX_POINT('',#888);
#888 = CARTESIAN_POINT('',(2.6315,-4.9175,1.91));
#889 = LINE('',#890,#891);
#890 = CARTESIAN_POINT('',(2.3775,-5.1715,1.91));
#891 = VECTOR('',#892,1.);
#892 = DIRECTION('',(0.707106781187,0.707106781187,-0.));
#893 = ORIENTED_EDGE('',*,*,#894,.T.);
#894 = EDGE_CURVE('',#887,#895,#897,.T.);
#895 = VERTEX_POINT('',#896);
#896 = CARTESIAN_POINT('',(4.6635,-4.9175,1.91));
#897 = LINE('',#898,#899);
#898 = CARTESIAN_POINT('',(2.6315,-4.9175,1.91));
#899 = VECTOR('',#900,1.);
#900 = DIRECTION('',(1.,0.,0.));
#901 = ORIENTED_EDGE('',*,*,#902,.T.);
#902 = EDGE_CURVE('',#895,#903,#905,.T.);
#903 = VERTEX_POINT('',#904);
#904 = CARTESIAN_POINT('',(4.9175,-5.1715,1.91));
#905 = LINE('',#906,#907);
#906 = CARTESIAN_POINT('',(4.6635,-4.9175,1.91));
#907 = VECTOR('',#908,1.);
#908 = DIRECTION('',(0.707106781187,-0.707106781187,0.));
#909 = ORIENTED_EDGE('',*,*,#910,.T.);
#910 = EDGE_CURVE('',#903,#911,#913,.T.);
#911 = VERTEX_POINT('',#912);
#912 = CARTESIAN_POINT('',(5.1715,-4.9175,1.91));
#913 = LINE('',#914,#915);
#914 = CARTESIAN_POINT('',(4.9175,-5.1715,1.91));
#915 = VECTOR('',#916,1.);
#916 = DIRECTION('',(0.707106781187,0.707106781187,-0.));
#917 = ORIENTED_EDGE('',*,*,#918,.T.);
#918 = EDGE_CURVE('',#911,#919,#921,.T.);
#919 = VERTEX_POINT('',#920);
#920 = CARTESIAN_POINT('',(7.2035,-4.9175,1.91));
#921 = LINE('',#922,#923);
#922 = CARTESIAN_POINT('',(5.1715,-4.9175,1.91));
#923 = VECTOR('',#924,1.);
#924 = DIRECTION('',(1.,0.,0.));
#925 = ORIENTED_EDGE('',*,*,#926,.T.);
#926 = EDGE_CURVE('',#919,#927,#929,.T.);
#927 = VERTEX_POINT('',#928);
#928 = CARTESIAN_POINT('',(7.4575,-5.1715,1.91));
#929 = LINE('',#930,#931);
#930 = CARTESIAN_POINT('',(7.2035,-4.9175,1.91));
#931 = VECTOR('',#932,1.);
#932 = DIRECTION('',(0.707106781187,-0.707106781187,0.));
#933 = ORIENTED_EDGE('',*,*,#934,.T.);
#934 = EDGE_CURVE('',#927,#935,#937,.T.);
#935 = VERTEX_POINT('',#936);
#936 = CARTESIAN_POINT('',(7.7115,-4.9175,1.91));
#937 = LINE('',#938,#939);
#938 = CARTESIAN_POINT('',(7.4575,-5.1715,1.91));
#939 = VECTOR('',#940,1.);
#940 = DIRECTION('',(0.707106781187,0.707106781187,-0.));
#941 = ORIENTED_EDGE('',*,*,#942,.T.);
#942 = EDGE_CURVE('',#935,#943,#945,.T.);
#943 = VERTEX_POINT('',#944);
#944 = CARTESIAN_POINT('',(9.7435,-4.9175,1.91));
#945 = LINE('',#946,#947);
#946 = CARTESIAN_POINT('',(7.7115,-4.9175,1.91));
#947 = VECTOR('',#948,1.);
#948 = DIRECTION('',(1.,0.,0.));
#949 = ORIENTED_EDGE('',*,*,#950,.T.);
#950 = EDGE_CURVE('',#943,#951,#953,.T.);
#951 = VERTEX_POINT('',#952);
#952 = CARTESIAN_POINT('',(9.9975,-5.1715,1.91));
#953 = LINE('',#954,#955);
#954 = CARTESIAN_POINT('',(9.7435,-4.9175,1.91));
#955 = VECTOR('',#956,1.);
#956 = DIRECTION('',(0.707106781187,-0.707106781187,0.));
#957 = ORIENTED_EDGE('',*,*,#958,.T.);
#958 = EDGE_CURVE('',#951,#959,#961,.T.);
#959 = VERTEX_POINT('',#960);
#960 = CARTESIAN_POINT('',(9.9975,-7.2035,1.91));
#961 = LINE('',#962,#963);
#962 = CARTESIAN_POINT('',(9.9975,-5.1715,1.91));
#963 = VECTOR('',#964,1.);
#964 = DIRECTION('',(0.,-1.,0.));
#965 = ORIENTED_EDGE('',*,*,#966,.T.);
#966 = EDGE_CURVE('',#959,#967,#969,.T.);
#967 = VERTEX_POINT('',#968);
#968 = CARTESIAN_POINT('',(9.7435,-7.4575,1.91));
#969 = LINE('',#970,#971);
#970 = CARTESIAN_POINT('',(9.9975,-7.2035,1.91));
#971 = VECTOR('',#972,1.);
#972 = DIRECTION('',(-0.707106781187,-0.707106781187,0.));
#973 = ORIENTED_EDGE('',*,*,#974,.T.);
#974 = EDGE_CURVE('',#967,#975,#977,.T.);
#975 = VERTEX_POINT('',#976);
#976 = CARTESIAN_POINT('',(7.7115,-7.4575,1.91));
#977 = LINE('',#978,#979);
#978 = CARTESIAN_POINT('',(9.7435,-7.4575,1.91));
#979 = VECTOR('',#980,1.);
#980 = DIRECTION('',(-1.,0.,0.));
#981 = ORIENTED_EDGE('',*,*,#982,.T.);
#982 = EDGE_CURVE('',#975,#983,#985,.T.);
#983 = VERTEX_POINT('',#984);
#984 = CARTESIAN_POINT('',(7.4575,-7.2035,1.91));
#985 = LINE('',#986,#987);
#986 = CARTESIAN_POINT('',(7.7115,-7.4575,1.91));
#987 = VECTOR('',#988,1.);
#988 = DIRECTION('',(-0.707106781187,0.707106781187,0.));
#989 = ORIENTED_EDGE('',*,*,#990,.T.);
#990 = EDGE_CURVE('',#983,#991,#993,.T.);
#991 = VERTEX_POINT('',#992);
#992 = CARTESIAN_POINT('',(7.2035,-7.4575,1.91));
#993 = LINE('',#994,#995);
#994 = CARTESIAN_POINT('',(7.4575,-7.2035,1.91));
#995 = VECTOR('',#996,1.);
#996 = DIRECTION('',(-0.707106781187,-0.707106781187,0.));
#997 = ORIENTED_EDGE('',*,*,#998,.T.);
#998 = EDGE_CURVE('',#991,#999,#1001,.T.);
#999 = VERTEX_POINT('',#1000);
#1000 = CARTESIAN_POINT('',(5.1715,-7.4575,1.91));
#1001 = LINE('',#1002,#1003);
#1002 = CARTESIAN_POINT('',(7.2035,-7.4575,1.91));
#1003 = VECTOR('',#1004,1.);
#1004 = DIRECTION('',(-1.,0.,0.));
#1005 = ORIENTED_EDGE('',*,*,#1006,.T.);
#1006 = EDGE_CURVE('',#999,#1007,#1009,.T.);
#1007 = VERTEX_POINT('',#1008);
#1008 = CARTESIAN_POINT('',(4.9175,-7.2035,1.91));
#1009 = LINE('',#1010,#1011);
#1010 = CARTESIAN_POINT('',(5.1715,-7.4575,1.91));
#1011 = VECTOR('',#1012,1.);
#1012 = DIRECTION('',(-0.707106781187,0.707106781187,0.));
#1013 = ORIENTED_EDGE('',*,*,#1014,.T.);
#1014 = EDGE_CURVE('',#1007,#1015,#1017,.T.);
#1015 = VERTEX_POINT('',#1016);
#1016 = CARTESIAN_POINT('',(4.6635,-7.4575,1.91));
#1017 = LINE('',#1018,#1019);
#1018 = CARTESIAN_POINT('',(4.9175,-7.2035,1.91));
#1019 = VECTOR('',#1020,1.);
#1020 = DIRECTION('',(-0.707106781187,-0.707106781187,0.));
#1021 = ORIENTED_EDGE('',*,*,#1022,.T.);
#1022 = EDGE_CURVE('',#1015,#1023,#1025,.T.);
#1023 = VERTEX_POINT('',#1024);
#1024 = CARTESIAN_POINT('',(2.6315,-7.4575,1.91));
#1025 = LINE('',#1026,#1027);
#1026 = CARTESIAN_POINT('',(4.6635,-7.4575,1.91));
#1027 = VECTOR('',#1028,1.);
#1028 = DIRECTION('',(-1.,0.,0.));
#1029 = ORIENTED_EDGE('',*,*,#1030,.T.);
#1030 = EDGE_CURVE('',#1023,#1031,#1033,.T.);
#1031 = VERTEX_POINT('',#1032);
#1032 = CARTESIAN_POINT('',(2.3775,-7.2035,1.91));
#1033 = LINE('',#1034,#1035);
#1034 = CARTESIAN_POINT('',(2.6315,-7.4575,1.91));
#1035 = VECTOR('',#1036,1.);
#1036 = DIRECTION('',(-0.707106781187,0.707106781187,0.));
#1037 = ORIENTED_EDGE('',*,*,#1038,.T.);
#1038 = EDGE_CURVE('',#1031,#1039,#1041,.T.);
#1039 = VERTEX_POINT('',#1040);
#1040 = CARTESIAN_POINT('',(2.1235,-7.4575,1.91));
#1041 = LINE('',#1042,#1043);
#1042 = CARTESIAN_POINT('',(2.3775,-7.2035,1.91));
#1043 = VECTOR('',#1044,1.);
#1044 = DIRECTION('',(-0.707106781187,-0.707106781187,0.));
#1045 = ORIENTED_EDGE('',*,*,#1046,.T.);
#1046 = EDGE_CURVE('',#1039,#1047,#1049,.T.);
#1047 = VERTEX_POINT('',#1048);
#1048 = CARTESIAN_POINT('',(9.15E-02,-7.4575,1.91));
#1049 = LINE('',#1050,#1051);
#1050 = CARTESIAN_POINT('',(2.1235,-7.4575,1.91));
#1051 = VECTOR('',#1052,1.);
#1052 = DIRECTION('',(-1.,0.,0.));
#1053 = ORIENTED_EDGE('',*,*,#1054,.T.);
#1054 = EDGE_CURVE('',#1047,#1055,#1057,.T.);
#1055 = VERTEX_POINT('',#1056);
#1056 = CARTESIAN_POINT('',(-0.1625,-7.2035,1.91));
#1057 = LINE('',#1058,#1059);
#1058 = CARTESIAN_POINT('',(9.15E-02,-7.4575,1.91));
#1059 = VECTOR('',#1060,1.);
#1060 = DIRECTION('',(-0.707106781187,0.707106781187,0.));
#1061 = ORIENTED_EDGE('',*,*,#1062,.T.);
#1062 = EDGE_CURVE('',#1055,#1063,#1065,.T.);
#1063 = VERTEX_POINT('',#1064);
#1064 = CARTESIAN_POINT('',(-0.4165,-7.4575,1.91));
#1065 = LINE('',#1066,#1067);
#1066 = CARTESIAN_POINT('',(-0.1625,-7.2035,1.91));
#1067 = VECTOR('',#1068,1.);
#1068 = DIRECTION('',(-0.707106781187,-0.707106781187,0.));
#1069 = ORIENTED_EDGE('',*,*,#1070,.T.);
#1070 = EDGE_CURVE('',#1063,#1071,#1073,.T.);
#1071 = VERTEX_POINT('',#1072);
#1072 = CARTESIAN_POINT('',(-2.4485,-7.4575,1.91));
#1073 = LINE('',#1074,#1075);
#1074 = CARTESIAN_POINT('',(-0.4165,-7.4575,1.91));
#1075 = VECTOR('',#1076,1.);
#1076 = DIRECTION('',(-1.,0.,0.));
#1077 = ORIENTED_EDGE('',*,*,#1078,.T.);
#1078 = EDGE_CURVE('',#1071,#1079,#1081,.T.);
#1079 = VERTEX_POINT('',#1080);
#1080 = CARTESIAN_POINT('',(-2.7025,-7.2035,1.91));
#1081 = LINE('',#1082,#1083);
#1082 = CARTESIAN_POINT('',(-2.4485,-7.4575,1.91));
#1083 = VECTOR('',#1084,1.);
#1084 = DIRECTION('',(-0.707106781187,0.707106781187,0.));
#1085 = ORIENTED_EDGE('',*,*,#1086,.T.);
#1086 = EDGE_CURVE('',#1079,#1087,#1089,.T.);
#1087 = VERTEX_POINT('',#1088);
#1088 = CARTESIAN_POINT('',(-2.9565,-7.4575,1.91));
#1089 = LINE('',#1090,#1091);
#1090 = CARTESIAN_POINT('',(-2.7025,-7.2035,1.91));
#1091 = VECTOR('',#1092,1.);
#1092 = DIRECTION('',(-0.707106781187,-0.707106781187,0.));
#1093 = ORIENTED_EDGE('',*,*,#1094,.T.);
#1094 = EDGE_CURVE('',#1087,#1095,#1097,.T.);
#1095 = VERTEX_POINT('',#1096);
#1096 = CARTESIAN_POINT('',(-4.9885,-7.4575,1.91));
#1097 = LINE('',#1098,#1099);
#1098 = CARTESIAN_POINT('',(-2.9565,-7.4575,1.91));
#1099 = VECTOR('',#1100,1.);
#1100 = DIRECTION('',(-1.,0.,0.));
#1101 = ORIENTED_EDGE('',*,*,#1102,.T.);
#1102 = EDGE_CURVE('',#1095,#1103,#1105,.T.);
#1103 = VERTEX_POINT('',#1104);
#1104 = CARTESIAN_POINT('',(-5.2425,-7.2035,1.91));
#1105 = LINE('',#1106,#1107);
#1106 = CARTESIAN_POINT('',(-4.9885,-7.4575,1.91));
#1107 = VECTOR('',#1108,1.);
#1108 = DIRECTION('',(-0.707106781187,0.707106781187,0.));
#1109 = ORIENTED_EDGE('',*,*,#1110,.T.);
#1110 = EDGE_CURVE('',#1103,#1111,#1113,.T.);
#1111 = VERTEX_POINT('',#1112);
#1112 = CARTESIAN_POINT('',(-5.4965,-7.4575,1.91));
#1113 = LINE('',#1114,#1115);
#1114 = CARTESIAN_POINT('',(-5.2425,-7.2035,1.91));
#1115 = VECTOR('',#1116,1.);
#1116 = DIRECTION('',(-0.707106781187,-0.707106781187,0.));
#1117 = ORIENTED_EDGE('',*,*,#1118,.T.);
#1118 = EDGE_CURVE('',#1111,#1119,#1121,.T.);
#1119 = VERTEX_POINT('',#1120);
#1120 = CARTESIAN_POINT('',(-7.5285,-7.4575,1.91));
#1121 = LINE('',#1122,#1123);
#1122 = CARTESIAN_POINT('',(-5.4965,-7.4575,1.91));
#1123 = VECTOR('',#1124,1.);
#1124 = DIRECTION('',(-1.,0.,0.));
#1125 = ORIENTED_EDGE('',*,*,#1126,.T.);
#1126 = EDGE_CURVE('',#1119,#1127,#1129,.T.);
#1127 = VERTEX_POINT('',#1128);
#1128 = CARTESIAN_POINT('',(-7.7825,-7.2035,1.91));
#1129 = LINE('',#1130,#1131);
#1130 = CARTESIAN_POINT('',(-7.5285,-7.4575,1.91));
#1131 = VECTOR('',#1132,1.);
#1132 = DIRECTION('',(-0.707106781187,0.707106781187,0.));
#1133 = ORIENTED_EDGE('',*,*,#1134,.T.);
#1134 = EDGE_CURVE('',#1127,#1135,#1137,.T.);
#1135 = VERTEX_POINT('',#1136);
#1136 = CARTESIAN_POINT('',(-8.0365,-7.4575,1.91));
#1137 = LINE('',#1138,#1139);
#1138 = CARTESIAN_POINT('',(-7.7825,-7.2035,1.91));
#1139 = VECTOR('',#1140,1.);
#1140 = DIRECTION('',(-0.707106781187,-0.707106781187,0.));
#1141 = ORIENTED_EDGE('',*,*,#1142,.T.);
#1142 = EDGE_CURVE('',#1135,#1143,#1145,.T.);
#1143 = VERTEX_POINT('',#1144);
#1144 = CARTESIAN_POINT('',(-10.0685,-7.4575,1.91));
#1145 = LINE('',#1146,#1147);
#1146 = CARTESIAN_POINT('',(-8.0365,-7.4575,1.91));
#1147 = VECTOR('',#1148,1.);
#1148 = DIRECTION('',(-1.,0.,0.));
#1149 = ORIENTED_EDGE('',*,*,#1150,.T.);
#1150 = EDGE_CURVE('',#1143,#64,#1151,.T.);
#1151 = LINE('',#1152,#1153);
#1152 = CARTESIAN_POINT('',(-10.0685,-7.4575,1.91));
#1153 = VECTOR('',#1154,1.);
#1154 = DIRECTION('',(-0.707106781187,0.707106781187,0.));
#1155 = ORIENTED_EDGE('',*,*,#71,.T.);
#1156 = FACE_BOUND('',#1157,.T.);
#1157 = EDGE_LOOP('',(#1158,#1168,#1176,#1184));
#1158 = ORIENTED_EDGE('',*,*,#1159,.T.);
#1159 = EDGE_CURVE('',#1160,#1162,#1164,.T.);
#1160 = VERTEX_POINT('',#1161);
#1161 = CARTESIAN_POINT('',(9.0475,-6.5075,1.91));
#1162 = VERTEX_POINT('',#1163);
#1163 = CARTESIAN_POINT('',(9.0475,-5.8675,1.91));
#1164 = LINE('',#1165,#1166);
#1165 = CARTESIAN_POINT('',(9.0475,-6.0275,1.91));
#1166 = VECTOR('',#1167,1.);
#1167 = DIRECTION('',(0.,1.,0.));
#1168 = ORIENTED_EDGE('',*,*,#1169,.T.);
#1169 = EDGE_CURVE('',#1162,#1170,#1172,.T.);
#1170 = VERTEX_POINT('',#1171);
#1171 = CARTESIAN_POINT('',(8.4075,-5.8675,1.91));
#1172 = LINE('',#1173,#1174);
#1173 = CARTESIAN_POINT('',(4.4425,-5.8675,1.91));
#1174 = VECTOR('',#1175,1.);
#1175 = DIRECTION('',(-1.,0.,0.));
#1176 = ORIENTED_EDGE('',*,*,#1177,.F.);
#1177 = EDGE_CURVE('',#1178,#1170,#1180,.T.);
#1178 = VERTEX_POINT('',#1179);
#1179 = CARTESIAN_POINT('',(8.4075,-6.5075,1.91));
#1180 = LINE('',#1181,#1182);
#1181 = CARTESIAN_POINT('',(8.4075,-6.0275,1.91));
#1182 = VECTOR('',#1183,1.);
#1183 = DIRECTION('',(0.,1.,0.));
#1184 = ORIENTED_EDGE('',*,*,#1185,.F.);
#1185 = EDGE_CURVE('',#1160,#1178,#1186,.T.);
#1186 = LINE('',#1187,#1188);
#1187 = CARTESIAN_POINT('',(4.4425,-6.5075,1.91));
#1188 = VECTOR('',#1189,1.);
#1189 = DIRECTION('',(-1.,0.,0.));
#1190 = FACE_BOUND('',#1191,.T.);
#1191 = EDGE_LOOP('',(#1192,#1202,#1210,#1218));
#1192 = ORIENTED_EDGE('',*,*,#1193,.F.);
#1193 = EDGE_CURVE('',#1194,#1196,#1198,.T.);
#1194 = VERTEX_POINT('',#1195);
#1195 = CARTESIAN_POINT('',(5.8675,-6.5075,1.91));
#1196 = VERTEX_POINT('',#1197);
#1197 = CARTESIAN_POINT('',(5.8675,-5.8675,1.91));
#1198 = LINE('',#1199,#1200);
#1199 = CARTESIAN_POINT('',(5.8675,-6.0275,1.91));
#1200 = VECTOR('',#1201,1.);
#1201 = DIRECTION('',(0.,1.,0.));
#1202 = ORIENTED_EDGE('',*,*,#1203,.F.);
#1203 = EDGE_CURVE('',#1204,#1194,#1206,.T.);
#1204 = VERTEX_POINT('',#1205);
#1205 = CARTESIAN_POINT('',(6.5075,-6.5075,1.91));
#1206 = LINE('',#1207,#1208);
#1207 = CARTESIAN_POINT('',(3.1725,-6.5075,1.91));
#1208 = VECTOR('',#1209,1.);
#1209 = DIRECTION('',(-1.,0.,0.));
#1210 = ORIENTED_EDGE('',*,*,#1211,.T.);
#1211 = EDGE_CURVE('',#1204,#1212,#1214,.T.);
#1212 = VERTEX_POINT('',#1213);
#1213 = CARTESIAN_POINT('',(6.5075,-5.8675,1.91));
#1214 = LINE('',#1215,#1216);
#1215 = CARTESIAN_POINT('',(6.5075,-6.0275,1.91));
#1216 = VECTOR('',#1217,1.);
#1217 = DIRECTION('',(0.,1.,0.));
#1218 = ORIENTED_EDGE('',*,*,#1219,.T.);
#1219 = EDGE_CURVE('',#1212,#1196,#1220,.T.);
#1220 = LINE('',#1221,#1222);
#1221 = CARTESIAN_POINT('',(3.1725,-5.8675,1.91));
#1222 = VECTOR('',#1223,1.);
#1223 = DIRECTION('',(-1.,0.,0.));
#1224 = FACE_BOUND('',#1225,.T.);
#1225 = EDGE_LOOP('',(#1226,#1236,#1244,#1252));
#1226 = ORIENTED_EDGE('',*,*,#1227,.F.);
#1227 = EDGE_CURVE('',#1228,#1230,#1232,.T.);
#1228 = VERTEX_POINT('',#1229);
#1229 = CARTESIAN_POINT('',(-1.1125,-6.5075,1.91));
#1230 = VERTEX_POINT('',#1231);
#1231 = CARTESIAN_POINT('',(-1.7525,-6.5075,1.91));
#1232 = LINE('',#1233,#1234);
#1233 = CARTESIAN_POINT('',(-0.6375,-6.5075,1.91));
#1234 = VECTOR('',#1235,1.);
#1235 = DIRECTION('',(-1.,0.,0.));
#1236 = ORIENTED_EDGE('',*,*,#1237,.T.);
#1237 = EDGE_CURVE('',#1228,#1238,#1240,.T.);
#1238 = VERTEX_POINT('',#1239);
#1239 = CARTESIAN_POINT('',(-1.1125,-5.8675,1.91));
#1240 = LINE('',#1241,#1242);
#1241 = CARTESIAN_POINT('',(-1.1125,-6.0275,1.91));
#1242 = VECTOR('',#1243,1.);
#1243 = DIRECTION('',(0.,1.,0.));
#1244 = ORIENTED_EDGE('',*,*,#1245,.T.);
#1245 = EDGE_CURVE('',#1238,#1246,#1248,.T.);
#1246 = VERTEX_POINT('',#1247);
#1247 = CARTESIAN_POINT('',(-1.7525,-5.8675,1.91));
#1248 = LINE('',#1249,#1250);
#1249 = CARTESIAN_POINT('',(-0.6375,-5.8675,1.91));
#1250 = VECTOR('',#1251,1.);
#1251 = DIRECTION('',(-1.,0.,0.));
#1252 = ORIENTED_EDGE('',*,*,#1253,.F.);
#1253 = EDGE_CURVE('',#1230,#1246,#1254,.T.);
#1254 = LINE('',#1255,#1256);
#1255 = CARTESIAN_POINT('',(-1.7525,-6.0275,1.91));
#1256 = VECTOR('',#1257,1.);
#1257 = DIRECTION('',(0.,1.,0.));
#1258 = FACE_BOUND('',#1259,.T.);
#1259 = EDGE_LOOP('',(#1260,#1270,#1278,#1286));
#1260 = ORIENTED_EDGE('',*,*,#1261,.F.);
#1261 = EDGE_CURVE('',#1262,#1264,#1266,.T.);
#1262 = VERTEX_POINT('',#1263);
#1263 = CARTESIAN_POINT('',(3.3275,-6.5075,1.91));
#1264 = VERTEX_POINT('',#1265);
#1265 = CARTESIAN_POINT('',(3.3275,-5.8675,1.91));
#1266 = LINE('',#1267,#1268);
#1267 = CARTESIAN_POINT('',(3.3275,-6.0275,1.91));
#1268 = VECTOR('',#1269,1.);
#1269 = DIRECTION('',(0.,1.,0.));
#1270 = ORIENTED_EDGE('',*,*,#1271,.F.);
#1271 = EDGE_CURVE('',#1272,#1262,#1274,.T.);
#1272 = VERTEX_POINT('',#1273);
#1273 = CARTESIAN_POINT('',(3.9675,-6.5075,1.91));
#1274 = LINE('',#1275,#1276);
#1275 = CARTESIAN_POINT('',(1.9025,-6.5075,1.91));
#1276 = VECTOR('',#1277,1.);
#1277 = DIRECTION('',(-1.,0.,0.));
#1278 = ORIENTED_EDGE('',*,*,#1279,.T.);
#1279 = EDGE_CURVE('',#1272,#1280,#1282,.T.);
#1280 = VERTEX_POINT('',#1281);
#1281 = CARTESIAN_POINT('',(3.9675,-5.8675,1.91));
#1282 = LINE('',#1283,#1284);
#1283 = CARTESIAN_POINT('',(3.9675,-6.0275,1.91));
#1284 = VECTOR('',#1285,1.);
#1285 = DIRECTION('',(0.,1.,0.));
#1286 = ORIENTED_EDGE('',*,*,#1287,.T.);
#1287 = EDGE_CURVE('',#1280,#1264,#1288,.T.);
#1288 = LINE('',#1289,#1290);
#1289 = CARTESIAN_POINT('',(1.9025,-5.8675,1.91));
#1290 = VECTOR('',#1291,1.);
#1291 = DIRECTION('',(-1.,0.,0.));
#1292 = FACE_BOUND('',#1293,.T.);
#1293 = EDGE_LOOP('',(#1294,#1304,#1312,#1320));
#1294 = ORIENTED_EDGE('',*,*,#1295,.F.);
#1295 = EDGE_CURVE('',#1296,#1298,#1300,.T.);
#1296 = VERTEX_POINT('',#1297);
#1297 = CARTESIAN_POINT('',(1.4275,-6.5075,1.91));
#1298 = VERTEX_POINT('',#1299);
#1299 = CARTESIAN_POINT('',(0.7875,-6.5075,1.91));
#1300 = LINE('',#1301,#1302);
#1301 = CARTESIAN_POINT('',(0.6325,-6.5075,1.91));
#1302 = VECTOR('',#1303,1.);
#1303 = DIRECTION('',(-1.,0.,0.));
#1304 = ORIENTED_EDGE('',*,*,#1305,.T.);
#1305 = EDGE_CURVE('',#1296,#1306,#1308,.T.);
#1306 = VERTEX_POINT('',#1307);
#1307 = CARTESIAN_POINT('',(1.4275,-5.8675,1.91));
#1308 = LINE('',#1309,#1310);
#1309 = CARTESIAN_POINT('',(1.4275,-6.0275,1.91));
#1310 = VECTOR('',#1311,1.);
#1311 = DIRECTION('',(0.,1.,0.));
#1312 = ORIENTED_EDGE('',*,*,#1313,.T.);
#1313 = EDGE_CURVE('',#1306,#1314,#1316,.T.);
#1314 = VERTEX_POINT('',#1315);
#1315 = CARTESIAN_POINT('',(0.7875,-5.8675,1.91));
#1316 = LINE('',#1317,#1318);
#1317 = CARTESIAN_POINT('',(0.6325,-5.8675,1.91));
#1318 = VECTOR('',#1319,1.);
#1319 = DIRECTION('',(-1.,0.,0.));
#1320 = ORIENTED_EDGE('',*,*,#1321,.F.);
#1321 = EDGE_CURVE('',#1298,#1314,#1322,.T.);
#1322 = LINE('',#1323,#1324);
#1323 = CARTESIAN_POINT('',(0.7875,-6.0275,1.91));
#1324 = VECTOR('',#1325,1.);
#1325 = DIRECTION('',(0.,1.,0.));
#1326 = FACE_BOUND('',#1327,.T.);
#1327 = EDGE_LOOP('',(#1328,#1338,#1346,#1354));
#1328 = ORIENTED_EDGE('',*,*,#1329,.F.);
#1329 = EDGE_CURVE('',#1330,#1332,#1334,.T.);
#1330 = VERTEX_POINT('',#1331);
#1331 = CARTESIAN_POINT('',(-6.8325,-6.5075,1.91));
#1332 = VERTEX_POINT('',#1333);
#1333 = CARTESIAN_POINT('',(-6.8325,-5.8675,1.91));
#1334 = LINE('',#1335,#1336);
#1335 = CARTESIAN_POINT('',(-6.8325,-6.0275,1.91));
#1336 = VECTOR('',#1337,1.);
#1337 = DIRECTION('',(0.,1.,0.));
#1338 = ORIENTED_EDGE('',*,*,#1339,.F.);
#1339 = EDGE_CURVE('',#1340,#1330,#1342,.T.);
#1340 = VERTEX_POINT('',#1341);
#1341 = CARTESIAN_POINT('',(-6.1925,-6.5075,1.91));
#1342 = LINE('',#1343,#1344);
#1343 = CARTESIAN_POINT('',(-3.1775,-6.5075,1.91));
#1344 = VECTOR('',#1345,1.);
#1345 = DIRECTION('',(-1.,0.,0.));
#1346 = ORIENTED_EDGE('',*,*,#1347,.T.);
#1347 = EDGE_CURVE('',#1340,#1348,#1350,.T.);
#1348 = VERTEX_POINT('',#1349);
#1349 = CARTESIAN_POINT('',(-6.1925,-5.8675,1.91));
#1350 = LINE('',#1351,#1352);
#1351 = CARTESIAN_POINT('',(-6.1925,-6.0275,1.91));
#1352 = VECTOR('',#1353,1.);
#1353 = DIRECTION('',(0.,1.,0.));
#1354 = ORIENTED_EDGE('',*,*,#1355,.T.);
#1355 = EDGE_CURVE('',#1348,#1332,#1356,.T.);
#1356 = LINE('',#1357,#1358);
#1357 = CARTESIAN_POINT('',(-3.1775,-5.8675,1.91));
#1358 = VECTOR('',#1359,1.);
#1359 = DIRECTION('',(-1.,0.,0.));
#1360 = FACE_BOUND('',#1361,.T.);
#1361 = EDGE_LOOP('',(#1362,#1372,#1380,#1388));
#1362 = ORIENTED_EDGE('',*,*,#1363,.T.);
#1363 = EDGE_CURVE('',#1364,#1366,#1368,.T.);
#1364 = VERTEX_POINT('',#1365);
#1365 = CARTESIAN_POINT('',(-3.6525,-6.5075,1.91));
#1366 = VERTEX_POINT('',#1367);
#1367 = CARTESIAN_POINT('',(-3.6525,-5.8675,1.91));
#1368 = LINE('',#1369,#1370);
#1369 = CARTESIAN_POINT('',(-3.6525,-6.0275,1.91));
#1370 = VECTOR('',#1371,1.);
#1371 = DIRECTION('',(0.,1.,0.));
#1372 = ORIENTED_EDGE('',*,*,#1373,.T.);
#1373 = EDGE_CURVE('',#1366,#1374,#1376,.T.);
#1374 = VERTEX_POINT('',#1375);
#1375 = CARTESIAN_POINT('',(-4.2925,-5.8675,1.91));
#1376 = LINE('',#1377,#1378);
#1377 = CARTESIAN_POINT('',(-1.9075,-5.8675,1.91));
#1378 = VECTOR('',#1379,1.);
#1379 = DIRECTION('',(-1.,0.,0.));
#1380 = ORIENTED_EDGE('',*,*,#1381,.F.);
#1381 = EDGE_CURVE('',#1382,#1374,#1384,.T.);
#1382 = VERTEX_POINT('',#1383);
#1383 = CARTESIAN_POINT('',(-4.2925,-6.5075,1.91));
#1384 = LINE('',#1385,#1386);
#1385 = CARTESIAN_POINT('',(-4.2925,-6.0275,1.91));
#1386 = VECTOR('',#1387,1.);
#1387 = DIRECTION('',(0.,1.,0.));
#1388 = ORIENTED_EDGE('',*,*,#1389,.F.);
#1389 = EDGE_CURVE('',#1364,#1382,#1390,.T.);
#1390 = LINE('',#1391,#1392);
#1391 = CARTESIAN_POINT('',(-1.9075,-6.5075,1.91));
#1392 = VECTOR('',#1393,1.);
#1393 = DIRECTION('',(-1.,0.,0.));
#1394 = FACE_BOUND('',#1395,.T.);
#1395 = EDGE_LOOP('',(#1396,#1406,#1414,#1422));
#1396 = ORIENTED_EDGE('',*,*,#1397,.F.);
#1397 = EDGE_CURVE('',#1398,#1400,#1402,.T.);
#1398 = VERTEX_POINT('',#1399);
#1399 = CARTESIAN_POINT('',(-8.7325,-6.5075,1.91));
#1400 = VERTEX_POINT('',#1401);
#1401 = CARTESIAN_POINT('',(-9.3725,-6.5075,1.91));
#1402 = LINE('',#1403,#1404);
#1403 = CARTESIAN_POINT('',(-4.4475,-6.5075,1.91));
#1404 = VECTOR('',#1405,1.);
#1405 = DIRECTION('',(-1.,0.,0.));
#1406 = ORIENTED_EDGE('',*,*,#1407,.T.);
#1407 = EDGE_CURVE('',#1398,#1408,#1410,.T.);
#1408 = VERTEX_POINT('',#1409);
#1409 = CARTESIAN_POINT('',(-8.7325,-5.8675,1.91));
#1410 = LINE('',#1411,#1412);
#1411 = CARTESIAN_POINT('',(-8.7325,-6.0275,1.91));
#1412 = VECTOR('',#1413,1.);
#1413 = DIRECTION('',(0.,1.,0.));
#1414 = ORIENTED_EDGE('',*,*,#1415,.T.);
#1415 = EDGE_CURVE('',#1408,#1416,#1418,.T.);
#1416 = VERTEX_POINT('',#1417);
#1417 = CARTESIAN_POINT('',(-9.3725,-5.8675,1.91));
#1418 = LINE('',#1419,#1420);
#1419 = CARTESIAN_POINT('',(-4.4475,-5.8675,1.91));
#1420 = VECTOR('',#1421,1.);
#1421 = DIRECTION('',(-1.,0.,0.));
#1422 = ORIENTED_EDGE('',*,*,#1423,.F.);
#1423 = EDGE_CURVE('',#1400,#1416,#1424,.T.);
#1424 = LINE('',#1425,#1426);
#1425 = CARTESIAN_POINT('',(-9.3725,-6.0275,1.91));
#1426 = VECTOR('',#1427,1.);
#1427 = DIRECTION('',(0.,1.,0.));
#1428 = PLANE('',#1429);
#1429 = AXIS2_PLACEMENT_3D('',#1430,#1431,#1432);
#1430 = CARTESIAN_POINT('',(-0.1625,-6.1875,1.91));
#1431 = DIRECTION('',(0.,0.,-1.));
#1432 = DIRECTION('',(0.,-1.,0.));
#1433 = ADVANCED_FACE('',(#1434),#1445,.F.);
#1434 = FACE_BOUND('',#1435,.F.);
#1435 = EDGE_LOOP('',(#1436,#1442,#1443,#1444));
#1436 = ORIENTED_EDGE('',*,*,#1437,.T.);
#1437 = EDGE_CURVE('',#486,#1143,#1438,.T.);
#1438 = LINE('',#1439,#1440);
#1439 = CARTESIAN_POINT('',(-10.0685,-7.4575,4.45));
#1440 = VECTOR('',#1441,1.);
#1441 = DIRECTION('',(0.,0.,-1.));
#1442 = ORIENTED_EDGE('',*,*,#1150,.T.);
#1443 = ORIENTED_EDGE('',*,*,#61,.F.);
#1444 = ORIENTED_EDGE('',*,*,#493,.F.);
#1445 = PLANE('',#1446);
#1446 = AXIS2_PLACEMENT_3D('',#1447,#1448,#1449);
#1447 = CARTESIAN_POINT('',(-10.0685,-7.4575,4.45));
#1448 = DIRECTION('',(0.707106781187,0.707106781187,-0.));
#1449 = DIRECTION('',(-0.707106781187,0.707106781187,0.));
#1450 = ADVANCED_FACE('',(#1451),#1462,.F.);
#1451 = FACE_BOUND('',#1452,.F.);
#1452 = EDGE_LOOP('',(#1453,#1454,#1455,#1461));
#1453 = ORIENTED_EDGE('',*,*,#101,.T.);
#1454 = ORIENTED_EDGE('',*,*,#782,.T.);
#1455 = ORIENTED_EDGE('',*,*,#1456,.F.);
#1456 = EDGE_CURVE('',#126,#783,#1457,.T.);
#1457 = LINE('',#1458,#1459);
#1458 = CARTESIAN_POINT('',(-7.7825,-5.1715,4.45));
#1459 = VECTOR('',#1460,1.);
#1460 = DIRECTION('',(0.,0.,-1.));
#1461 = ORIENTED_EDGE('',*,*,#125,.F.);
#1462 = PLANE('',#1463);
#1463 = AXIS2_PLACEMENT_3D('',#1464,#1465,#1466);
#1464 = CARTESIAN_POINT('',(-8.0365,-4.9175,4.45));
#1465 = DIRECTION('',(-0.707106781187,-0.707106781187,0.));
#1466 = DIRECTION('',(0.707106781187,-0.707106781187,0.));
#1467 = ADVANCED_FACE('',(#1468),#1479,.F.);
#1468 = FACE_BOUND('',#1469,.F.);
#1469 = EDGE_LOOP('',(#1470,#1476,#1477,#1478));
#1470 = ORIENTED_EDGE('',*,*,#1471,.T.);
#1471 = EDGE_CURVE('',#478,#1135,#1472,.T.);
#1472 = LINE('',#1473,#1474);
#1473 = CARTESIAN_POINT('',(-8.0365,-7.4575,4.45));
#1474 = VECTOR('',#1475,1.);
#1475 = DIRECTION('',(0.,0.,-1.));
#1476 = ORIENTED_EDGE('',*,*,#1142,.T.);
#1477 = ORIENTED_EDGE('',*,*,#1437,.F.);
#1478 = ORIENTED_EDGE('',*,*,#485,.F.);
#1479 = PLANE('',#1480);
#1480 = AXIS2_PLACEMENT_3D('',#1481,#1482,#1483);
#1481 = CARTESIAN_POINT('',(-8.0365,-7.4575,4.45));
#1482 = DIRECTION('',(0.,1.,0.));
#1483 = DIRECTION('',(-1.,0.,0.));
#1484 = ADVANCED_FACE('',(#1485),#1496,.F.);
#1485 = FACE_BOUND('',#1486,.F.);
#1486 = EDGE_LOOP('',(#1487,#1488,#1489,#1495));
#1487 = ORIENTED_EDGE('',*,*,#1456,.T.);
#1488 = ORIENTED_EDGE('',*,*,#790,.T.);
#1489 = ORIENTED_EDGE('',*,*,#1490,.F.);
#1490 = EDGE_CURVE('',#134,#791,#1491,.T.);
#1491 = LINE('',#1492,#1493);
#1492 = CARTESIAN_POINT('',(-7.5285,-4.9175,4.45));
#1493 = VECTOR('',#1494,1.);
#1494 = DIRECTION('',(0.,0.,-1.));
#1495 = ORIENTED_EDGE('',*,*,#133,.F.);
#1496 = PLANE('',#1497);
#1497 = AXIS2_PLACEMENT_3D('',#1498,#1499,#1500);
#1498 = CARTESIAN_POINT('',(-7.7825,-5.1715,4.45));
#1499 = DIRECTION('',(0.707106781187,-0.707106781187,0.));
#1500 = DIRECTION('',(0.707106781187,0.707106781187,-0.));
#1501 = ADVANCED_FACE('',(#1502),#1513,.F.);
#1502 = FACE_BOUND('',#1503,.F.);
#1503 = EDGE_LOOP('',(#1504,#1510,#1511,#1512));
#1504 = ORIENTED_EDGE('',*,*,#1505,.T.);
#1505 = EDGE_CURVE('',#470,#1127,#1506,.T.);
#1506 = LINE('',#1507,#1508);
#1507 = CARTESIAN_POINT('',(-7.7825,-7.2035,4.45));
#1508 = VECTOR('',#1509,1.);
#1509 = DIRECTION('',(0.,0.,-1.));
#1510 = ORIENTED_EDGE('',*,*,#1134,.T.);
#1511 = ORIENTED_EDGE('',*,*,#1471,.F.);
#1512 = ORIENTED_EDGE('',*,*,#477,.F.);
#1513 = PLANE('',#1514);
#1514 = AXIS2_PLACEMENT_3D('',#1515,#1516,#1517);
#1515 = CARTESIAN_POINT('',(-7.7825,-7.2035,4.45));
#1516 = DIRECTION('',(-0.707106781187,0.707106781187,0.));
#1517 = DIRECTION('',(-0.707106781187,-0.707106781187,0.));
#1518 = ADVANCED_FACE('',(#1519),#1530,.F.);
#1519 = FACE_BOUND('',#1520,.F.);
#1520 = EDGE_LOOP('',(#1521,#1522,#1523,#1529));
#1521 = ORIENTED_EDGE('',*,*,#1490,.T.);
#1522 = ORIENTED_EDGE('',*,*,#798,.T.);
#1523 = ORIENTED_EDGE('',*,*,#1524,.F.);
#1524 = EDGE_CURVE('',#142,#799,#1525,.T.);
#1525 = LINE('',#1526,#1527);
#1526 = CARTESIAN_POINT('',(-5.4965,-4.9175,4.45));
#1527 = VECTOR('',#1528,1.);
#1528 = DIRECTION('',(0.,0.,-1.));
#1529 = ORIENTED_EDGE('',*,*,#141,.F.);
#1530 = PLANE('',#1531);
#1531 = AXIS2_PLACEMENT_3D('',#1532,#1533,#1534);
#1532 = CARTESIAN_POINT('',(-7.5285,-4.9175,4.45));
#1533 = DIRECTION('',(0.,-1.,0.));
#1534 = DIRECTION('',(1.,0.,0.));
#1535 = ADVANCED_FACE('',(#1536),#1547,.F.);
#1536 = FACE_BOUND('',#1537,.F.);
#1537 = EDGE_LOOP('',(#1538,#1544,#1545,#1546));
#1538 = ORIENTED_EDGE('',*,*,#1539,.T.);
#1539 = EDGE_CURVE('',#462,#1119,#1540,.T.);
#1540 = LINE('',#1541,#1542);
#1541 = CARTESIAN_POINT('',(-7.5285,-7.4575,4.45));
#1542 = VECTOR('',#1543,1.);
#1543 = DIRECTION('',(0.,0.,-1.));
#1544 = ORIENTED_EDGE('',*,*,#1126,.T.);
#1545 = ORIENTED_EDGE('',*,*,#1505,.F.);
#1546 = ORIENTED_EDGE('',*,*,#469,.F.);
#1547 = PLANE('',#1548);
#1548 = AXIS2_PLACEMENT_3D('',#1549,#1550,#1551);
#1549 = CARTESIAN_POINT('',(-7.5285,-7.4575,4.45));
#1550 = DIRECTION('',(0.707106781187,0.707106781187,-0.));
#1551 = DIRECTION('',(-0.707106781187,0.707106781187,0.));
#1552 = ADVANCED_FACE('',(#1553),#1564,.F.);
#1553 = FACE_BOUND('',#1554,.F.);
#1554 = EDGE_LOOP('',(#1555,#1556,#1557,#1563));
#1555 = ORIENTED_EDGE('',*,*,#1524,.T.);
#1556 = ORIENTED_EDGE('',*,*,#806,.T.);
#1557 = ORIENTED_EDGE('',*,*,#1558,.F.);
#1558 = EDGE_CURVE('',#150,#807,#1559,.T.);
#1559 = LINE('',#1560,#1561);
#1560 = CARTESIAN_POINT('',(-5.2425,-5.1715,4.45));
#1561 = VECTOR('',#1562,1.);
#1562 = DIRECTION('',(0.,0.,-1.));
#1563 = ORIENTED_EDGE('',*,*,#149,.F.);
#1564 = PLANE('',#1565);
#1565 = AXIS2_PLACEMENT_3D('',#1566,#1567,#1568);
#1566 = CARTESIAN_POINT('',(-5.4965,-4.9175,4.45));
#1567 = DIRECTION('',(-0.707106781187,-0.707106781187,0.));
#1568 = DIRECTION('',(0.707106781187,-0.707106781187,0.));
#1569 = ADVANCED_FACE('',(#1570),#1581,.F.);
#1570 = FACE_BOUND('',#1571,.F.);
#1571 = EDGE_LOOP('',(#1572,#1578,#1579,#1580));
#1572 = ORIENTED_EDGE('',*,*,#1573,.T.);
#1573 = EDGE_CURVE('',#454,#1111,#1574,.T.);
#1574 = LINE('',#1575,#1576);
#1575 = CARTESIAN_POINT('',(-5.4965,-7.4575,4.45));
#1576 = VECTOR('',#1577,1.);
#1577 = DIRECTION('',(0.,0.,-1.));
#1578 = ORIENTED_EDGE('',*,*,#1118,.T.);
#1579 = ORIENTED_EDGE('',*,*,#1539,.F.);
#1580 = ORIENTED_EDGE('',*,*,#461,.F.);
#1581 = PLANE('',#1582);
#1582 = AXIS2_PLACEMENT_3D('',#1583,#1584,#1585);
#1583 = CARTESIAN_POINT('',(-5.4965,-7.4575,4.45));
#1584 = DIRECTION('',(0.,1.,0.));
#1585 = DIRECTION('',(-1.,0.,0.));
#1586 = ADVANCED_FACE('',(#1587),#1598,.F.);
#1587 = FACE_BOUND('',#1588,.F.);
#1588 = EDGE_LOOP('',(#1589,#1590,#1591,#1597));
#1589 = ORIENTED_EDGE('',*,*,#1558,.T.);
#1590 = ORIENTED_EDGE('',*,*,#814,.T.);
#1591 = ORIENTED_EDGE('',*,*,#1592,.F.);
#1592 = EDGE_CURVE('',#158,#815,#1593,.T.);
#1593 = LINE('',#1594,#1595);
#1594 = CARTESIAN_POINT('',(-4.9885,-4.9175,4.45));
#1595 = VECTOR('',#1596,1.);
#1596 = DIRECTION('',(0.,0.,-1.));
#1597 = ORIENTED_EDGE('',*,*,#157,.F.);
#1598 = PLANE('',#1599);
#1599 = AXIS2_PLACEMENT_3D('',#1600,#1601,#1602);
#1600 = CARTESIAN_POINT('',(-5.2425,-5.1715,4.45));
#1601 = DIRECTION('',(0.707106781187,-0.707106781187,0.));
#1602 = DIRECTION('',(0.707106781187,0.707106781187,-0.));
#1603 = ADVANCED_FACE('',(#1604),#1615,.F.);
#1604 = FACE_BOUND('',#1605,.F.);
#1605 = EDGE_LOOP('',(#1606,#1612,#1613,#1614));
#1606 = ORIENTED_EDGE('',*,*,#1607,.T.);
#1607 = EDGE_CURVE('',#446,#1103,#1608,.T.);
#1608 = LINE('',#1609,#1610);
#1609 = CARTESIAN_POINT('',(-5.2425,-7.2035,4.45));
#1610 = VECTOR('',#1611,1.);
#1611 = DIRECTION('',(0.,0.,-1.));
#1612 = ORIENTED_EDGE('',*,*,#1110,.T.);
#1613 = ORIENTED_EDGE('',*,*,#1573,.F.);
#1614 = ORIENTED_EDGE('',*,*,#453,.F.);
#1615 = PLANE('',#1616);
#1616 = AXIS2_PLACEMENT_3D('',#1617,#1618,#1619);
#1617 = CARTESIAN_POINT('',(-5.2425,-7.2035,4.45));
#1618 = DIRECTION('',(-0.707106781187,0.707106781187,0.));
#1619 = DIRECTION('',(-0.707106781187,-0.707106781187,0.));
#1620 = ADVANCED_FACE('',(#1621),#1632,.F.);
#1621 = FACE_BOUND('',#1622,.F.);
#1622 = EDGE_LOOP('',(#1623,#1624,#1625,#1631));
#1623 = ORIENTED_EDGE('',*,*,#1592,.T.);
#1624 = ORIENTED_EDGE('',*,*,#822,.T.);
#1625 = ORIENTED_EDGE('',*,*,#1626,.F.);
#1626 = EDGE_CURVE('',#166,#823,#1627,.T.);
#1627 = LINE('',#1628,#1629);
#1628 = CARTESIAN_POINT('',(-2.9565,-4.9175,4.45));
#1629 = VECTOR('',#1630,1.);
#1630 = DIRECTION('',(0.,0.,-1.));
#1631 = ORIENTED_EDGE('',*,*,#165,.F.);
#1632 = PLANE('',#1633);
#1633 = AXIS2_PLACEMENT_3D('',#1634,#1635,#1636);
#1634 = CARTESIAN_POINT('',(-4.9885,-4.9175,4.45));
#1635 = DIRECTION('',(0.,-1.,0.));
#1636 = DIRECTION('',(1.,0.,0.));
#1637 = ADVANCED_FACE('',(#1638),#1649,.F.);
#1638 = FACE_BOUND('',#1639,.F.);
#1639 = EDGE_LOOP('',(#1640,#1646,#1647,#1648));
#1640 = ORIENTED_EDGE('',*,*,#1641,.T.);
#1641 = EDGE_CURVE('',#438,#1095,#1642,.T.);
#1642 = LINE('',#1643,#1644);
#1643 = CARTESIAN_POINT('',(-4.9885,-7.4575,4.45));
#1644 = VECTOR('',#1645,1.);
#1645 = DIRECTION('',(0.,0.,-1.));
#1646 = ORIENTED_EDGE('',*,*,#1102,.T.);
#1647 = ORIENTED_EDGE('',*,*,#1607,.F.);
#1648 = ORIENTED_EDGE('',*,*,#445,.F.);
#1649 = PLANE('',#1650);
#1650 = AXIS2_PLACEMENT_3D('',#1651,#1652,#1653);
#1651 = CARTESIAN_POINT('',(-4.9885,-7.4575,4.45));
#1652 = DIRECTION('',(0.707106781187,0.707106781187,-0.));
#1653 = DIRECTION('',(-0.707106781187,0.707106781187,0.));
#1654 = ADVANCED_FACE('',(#1655),#1666,.F.);
#1655 = FACE_BOUND('',#1656,.F.);
#1656 = EDGE_LOOP('',(#1657,#1658,#1659,#1665));
#1657 = ORIENTED_EDGE('',*,*,#1626,.T.);
#1658 = ORIENTED_EDGE('',*,*,#830,.T.);
#1659 = ORIENTED_EDGE('',*,*,#1660,.F.);
#1660 = EDGE_CURVE('',#174,#831,#1661,.T.);
#1661 = LINE('',#1662,#1663);
#1662 = CARTESIAN_POINT('',(-2.7025,-5.1715,4.45));
#1663 = VECTOR('',#1664,1.);
#1664 = DIRECTION('',(0.,0.,-1.));
#1665 = ORIENTED_EDGE('',*,*,#173,.F.);
#1666 = PLANE('',#1667);
#1667 = AXIS2_PLACEMENT_3D('',#1668,#1669,#1670);
#1668 = CARTESIAN_POINT('',(-2.9565,-4.9175,4.45));
#1669 = DIRECTION('',(-0.707106781187,-0.707106781187,0.));
#1670 = DIRECTION('',(0.707106781187,-0.707106781187,0.));
#1671 = ADVANCED_FACE('',(#1672),#1683,.F.);
#1672 = FACE_BOUND('',#1673,.F.);
#1673 = EDGE_LOOP('',(#1674,#1680,#1681,#1682));
#1674 = ORIENTED_EDGE('',*,*,#1675,.T.);
#1675 = EDGE_CURVE('',#430,#1087,#1676,.T.);
#1676 = LINE('',#1677,#1678);
#1677 = CARTESIAN_POINT('',(-2.9565,-7.4575,4.45));
#1678 = VECTOR('',#1679,1.);
#1679 = DIRECTION('',(0.,0.,-1.));
#1680 = ORIENTED_EDGE('',*,*,#1094,.T.);
#1681 = ORIENTED_EDGE('',*,*,#1641,.F.);
#1682 = ORIENTED_EDGE('',*,*,#437,.F.);
#1683 = PLANE('',#1684);
#1684 = AXIS2_PLACEMENT_3D('',#1685,#1686,#1687);
#1685 = CARTESIAN_POINT('',(-2.9565,-7.4575,4.45));
#1686 = DIRECTION('',(0.,1.,0.));
#1687 = DIRECTION('',(-1.,0.,0.));
#1688 = ADVANCED_FACE('',(#1689),#1700,.F.);
#1689 = FACE_BOUND('',#1690,.F.);
#1690 = EDGE_LOOP('',(#1691,#1692,#1693,#1699));
#1691 = ORIENTED_EDGE('',*,*,#1660,.T.);
#1692 = ORIENTED_EDGE('',*,*,#838,.T.);
#1693 = ORIENTED_EDGE('',*,*,#1694,.F.);
#1694 = EDGE_CURVE('',#182,#839,#1695,.T.);
#1695 = LINE('',#1696,#1697);
#1696 = CARTESIAN_POINT('',(-2.4485,-4.9175,4.45));
#1697 = VECTOR('',#1698,1.);
#1698 = DIRECTION('',(0.,0.,-1.));
#1699 = ORIENTED_EDGE('',*,*,#181,.F.);
#1700 = PLANE('',#1701);
#1701 = AXIS2_PLACEMENT_3D('',#1702,#1703,#1704);
#1702 = CARTESIAN_POINT('',(-2.7025,-5.1715,4.45));
#1703 = DIRECTION('',(0.707106781187,-0.707106781187,0.));
#1704 = DIRECTION('',(0.707106781187,0.707106781187,-0.));
#1705 = ADVANCED_FACE('',(#1706),#1717,.F.);
#1706 = FACE_BOUND('',#1707,.F.);
#1707 = EDGE_LOOP('',(#1708,#1714,#1715,#1716));
#1708 = ORIENTED_EDGE('',*,*,#1709,.T.);
#1709 = EDGE_CURVE('',#422,#1079,#1710,.T.);
#1710 = LINE('',#1711,#1712);
#1711 = CARTESIAN_POINT('',(-2.7025,-7.2035,4.45));
#1712 = VECTOR('',#1713,1.);
#1713 = DIRECTION('',(0.,0.,-1.));
#1714 = ORIENTED_EDGE('',*,*,#1086,.T.);
#1715 = ORIENTED_EDGE('',*,*,#1675,.F.);
#1716 = ORIENTED_EDGE('',*,*,#429,.F.);
#1717 = PLANE('',#1718);
#1718 = AXIS2_PLACEMENT_3D('',#1719,#1720,#1721);
#1719 = CARTESIAN_POINT('',(-2.7025,-7.2035,4.45));
#1720 = DIRECTION('',(-0.707106781187,0.707106781187,0.));
#1721 = DIRECTION('',(-0.707106781187,-0.707106781187,0.));
#1722 = ADVANCED_FACE('',(#1723),#1734,.F.);
#1723 = FACE_BOUND('',#1724,.F.);
#1724 = EDGE_LOOP('',(#1725,#1726,#1727,#1733));
#1725 = ORIENTED_EDGE('',*,*,#1694,.T.);
#1726 = ORIENTED_EDGE('',*,*,#846,.T.);
#1727 = ORIENTED_EDGE('',*,*,#1728,.F.);
#1728 = EDGE_CURVE('',#190,#847,#1729,.T.);
#1729 = LINE('',#1730,#1731);
#1730 = CARTESIAN_POINT('',(-0.4165,-4.9175,4.45));
#1731 = VECTOR('',#1732,1.);
#1732 = DIRECTION('',(0.,0.,-1.));
#1733 = ORIENTED_EDGE('',*,*,#189,.F.);
#1734 = PLANE('',#1735);
#1735 = AXIS2_PLACEMENT_3D('',#1736,#1737,#1738);
#1736 = CARTESIAN_POINT('',(-2.4485,-4.9175,4.45));
#1737 = DIRECTION('',(0.,-1.,0.));
#1738 = DIRECTION('',(1.,0.,0.));
#1739 = ADVANCED_FACE('',(#1740),#1751,.F.);
#1740 = FACE_BOUND('',#1741,.F.);
#1741 = EDGE_LOOP('',(#1742,#1748,#1749,#1750));
#1742 = ORIENTED_EDGE('',*,*,#1743,.T.);
#1743 = EDGE_CURVE('',#414,#1071,#1744,.T.);
#1744 = LINE('',#1745,#1746);
#1745 = CARTESIAN_POINT('',(-2.4485,-7.4575,4.45));
#1746 = VECTOR('',#1747,1.);
#1747 = DIRECTION('',(0.,0.,-1.));
#1748 = ORIENTED_EDGE('',*,*,#1078,.T.);
#1749 = ORIENTED_EDGE('',*,*,#1709,.F.);
#1750 = ORIENTED_EDGE('',*,*,#421,.F.);
#1751 = PLANE('',#1752);
#1752 = AXIS2_PLACEMENT_3D('',#1753,#1754,#1755);
#1753 = CARTESIAN_POINT('',(-2.4485,-7.4575,4.45));
#1754 = DIRECTION('',(0.707106781187,0.707106781187,-0.));
#1755 = DIRECTION('',(-0.707106781187,0.707106781187,0.));
#1756 = ADVANCED_FACE('',(#1757),#1768,.F.);
#1757 = FACE_BOUND('',#1758,.F.);
#1758 = EDGE_LOOP('',(#1759,#1760,#1761,#1767));
#1759 = ORIENTED_EDGE('',*,*,#1728,.T.);
#1760 = ORIENTED_EDGE('',*,*,#854,.T.);
#1761 = ORIENTED_EDGE('',*,*,#1762,.F.);
#1762 = EDGE_CURVE('',#198,#855,#1763,.T.);
#1763 = LINE('',#1764,#1765);
#1764 = CARTESIAN_POINT('',(-0.1625,-5.1715,4.45));
#1765 = VECTOR('',#1766,1.);
#1766 = DIRECTION('',(0.,0.,-1.));
#1767 = ORIENTED_EDGE('',*,*,#197,.F.);
#1768 = PLANE('',#1769);
#1769 = AXIS2_PLACEMENT_3D('',#1770,#1771,#1772);
#1770 = CARTESIAN_POINT('',(-0.4165,-4.9175,4.45));
#1771 = DIRECTION('',(-0.707106781187,-0.707106781187,0.));
#1772 = DIRECTION('',(0.707106781187,-0.707106781187,0.));
#1773 = ADVANCED_FACE('',(#1774),#1785,.F.);
#1774 = FACE_BOUND('',#1775,.F.);
#1775 = EDGE_LOOP('',(#1776,#1782,#1783,#1784));
#1776 = ORIENTED_EDGE('',*,*,#1777,.T.);
#1777 = EDGE_CURVE('',#406,#1063,#1778,.T.);
#1778 = LINE('',#1779,#1780);
#1779 = CARTESIAN_POINT('',(-0.4165,-7.4575,4.45));
#1780 = VECTOR('',#1781,1.);
#1781 = DIRECTION('',(0.,0.,-1.));
#1782 = ORIENTED_EDGE('',*,*,#1070,.T.);
#1783 = ORIENTED_EDGE('',*,*,#1743,.F.);
#1784 = ORIENTED_EDGE('',*,*,#413,.F.);
#1785 = PLANE('',#1786);
#1786 = AXIS2_PLACEMENT_3D('',#1787,#1788,#1789);
#1787 = CARTESIAN_POINT('',(-0.4165,-7.4575,4.45));
#1788 = DIRECTION('',(0.,1.,0.));
#1789 = DIRECTION('',(-1.,0.,0.));
#1790 = ADVANCED_FACE('',(#1791),#1802,.F.);
#1791 = FACE_BOUND('',#1792,.F.);
#1792 = EDGE_LOOP('',(#1793,#1794,#1795,#1801));
#1793 = ORIENTED_EDGE('',*,*,#1762,.T.);
#1794 = ORIENTED_EDGE('',*,*,#862,.T.);
#1795 = ORIENTED_EDGE('',*,*,#1796,.F.);
#1796 = EDGE_CURVE('',#206,#863,#1797,.T.);
#1797 = LINE('',#1798,#1799);
#1798 = CARTESIAN_POINT('',(9.15E-02,-4.9175,4.45));
#1799 = VECTOR('',#1800,1.);
#1800 = DIRECTION('',(0.,0.,-1.));
#1801 = ORIENTED_EDGE('',*,*,#205,.F.);
#1802 = PLANE('',#1803);
#1803 = AXIS2_PLACEMENT_3D('',#1804,#1805,#1806);
#1804 = CARTESIAN_POINT('',(-0.1625,-5.1715,4.45));
#1805 = DIRECTION('',(0.707106781187,-0.707106781187,0.));
#1806 = DIRECTION('',(0.707106781187,0.707106781187,-0.));
#1807 = ADVANCED_FACE('',(#1808),#1819,.F.);
#1808 = FACE_BOUND('',#1809,.F.);
#1809 = EDGE_LOOP('',(#1810,#1816,#1817,#1818));
#1810 = ORIENTED_EDGE('',*,*,#1811,.T.);
#1811 = EDGE_CURVE('',#398,#1055,#1812,.T.);
#1812 = LINE('',#1813,#1814);
#1813 = CARTESIAN_POINT('',(-0.1625,-7.2035,4.45));
#1814 = VECTOR('',#1815,1.);
#1815 = DIRECTION('',(0.,0.,-1.));
#1816 = ORIENTED_EDGE('',*,*,#1062,.T.);
#1817 = ORIENTED_EDGE('',*,*,#1777,.F.);
#1818 = ORIENTED_EDGE('',*,*,#405,.F.);
#1819 = PLANE('',#1820);
#1820 = AXIS2_PLACEMENT_3D('',#1821,#1822,#1823);
#1821 = CARTESIAN_POINT('',(-0.1625,-7.2035,4.45));
#1822 = DIRECTION('',(-0.707106781187,0.707106781187,0.));
#1823 = DIRECTION('',(-0.707106781187,-0.707106781187,0.));
#1824 = ADVANCED_FACE('',(#1825),#1836,.F.);
#1825 = FACE_BOUND('',#1826,.F.);
#1826 = EDGE_LOOP('',(#1827,#1828,#1829,#1835));
#1827 = ORIENTED_EDGE('',*,*,#1796,.T.);
#1828 = ORIENTED_EDGE('',*,*,#870,.T.);
#1829 = ORIENTED_EDGE('',*,*,#1830,.F.);
#1830 = EDGE_CURVE('',#214,#871,#1831,.T.);
#1831 = LINE('',#1832,#1833);
#1832 = CARTESIAN_POINT('',(2.1235,-4.9175,4.45));
#1833 = VECTOR('',#1834,1.);
#1834 = DIRECTION('',(0.,0.,-1.));
#1835 = ORIENTED_EDGE('',*,*,#213,.F.);
#1836 = PLANE('',#1837);
#1837 = AXIS2_PLACEMENT_3D('',#1838,#1839,#1840);
#1838 = CARTESIAN_POINT('',(9.15E-02,-4.9175,4.45));
#1839 = DIRECTION('',(0.,-1.,0.));
#1840 = DIRECTION('',(1.,0.,0.));
#1841 = ADVANCED_FACE('',(#1842),#1853,.F.);
#1842 = FACE_BOUND('',#1843,.F.);
#1843 = EDGE_LOOP('',(#1844,#1850,#1851,#1852));
#1844 = ORIENTED_EDGE('',*,*,#1845,.T.);
#1845 = EDGE_CURVE('',#390,#1047,#1846,.T.);
#1846 = LINE('',#1847,#1848);
#1847 = CARTESIAN_POINT('',(9.15E-02,-7.4575,4.45));
#1848 = VECTOR('',#1849,1.);
#1849 = DIRECTION('',(0.,0.,-1.));
#1850 = ORIENTED_EDGE('',*,*,#1054,.T.);
#1851 = ORIENTED_EDGE('',*,*,#1811,.F.);
#1852 = ORIENTED_EDGE('',*,*,#397,.F.);
#1853 = PLANE('',#1854);
#1854 = AXIS2_PLACEMENT_3D('',#1855,#1856,#1857);
#1855 = CARTESIAN_POINT('',(9.15E-02,-7.4575,4.45));
#1856 = DIRECTION('',(0.707106781187,0.707106781187,-0.));
#1857 = DIRECTION('',(-0.707106781187,0.707106781187,0.));
#1858 = ADVANCED_FACE('',(#1859),#1870,.F.);
#1859 = FACE_BOUND('',#1860,.F.);
#1860 = EDGE_LOOP('',(#1861,#1862,#1863,#1869));
#1861 = ORIENTED_EDGE('',*,*,#1830,.T.);
#1862 = ORIENTED_EDGE('',*,*,#878,.T.);
#1863 = ORIENTED_EDGE('',*,*,#1864,.F.);
#1864 = EDGE_CURVE('',#222,#879,#1865,.T.);
#1865 = LINE('',#1866,#1867);
#1866 = CARTESIAN_POINT('',(2.3775,-5.1715,4.45));
#1867 = VECTOR('',#1868,1.);
#1868 = DIRECTION('',(0.,0.,-1.));
#1869 = ORIENTED_EDGE('',*,*,#221,.F.);
#1870 = PLANE('',#1871);
#1871 = AXIS2_PLACEMENT_3D('',#1872,#1873,#1874);
#1872 = CARTESIAN_POINT('',(2.1235,-4.9175,4.45));
#1873 = DIRECTION('',(-0.707106781187,-0.707106781187,0.));
#1874 = DIRECTION('',(0.707106781187,-0.707106781187,0.));
#1875 = ADVANCED_FACE('',(#1876),#1887,.F.);
#1876 = FACE_BOUND('',#1877,.F.);
#1877 = EDGE_LOOP('',(#1878,#1884,#1885,#1886));
#1878 = ORIENTED_EDGE('',*,*,#1879,.T.);
#1879 = EDGE_CURVE('',#382,#1039,#1880,.T.);
#1880 = LINE('',#1881,#1882);
#1881 = CARTESIAN_POINT('',(2.1235,-7.4575,4.45));
#1882 = VECTOR('',#1883,1.);
#1883 = DIRECTION('',(0.,0.,-1.));
#1884 = ORIENTED_EDGE('',*,*,#1046,.T.);
#1885 = ORIENTED_EDGE('',*,*,#1845,.F.);
#1886 = ORIENTED_EDGE('',*,*,#389,.F.);
#1887 = PLANE('',#1888);
#1888 = AXIS2_PLACEMENT_3D('',#1889,#1890,#1891);
#1889 = CARTESIAN_POINT('',(2.1235,-7.4575,4.45));
#1890 = DIRECTION('',(0.,1.,0.));
#1891 = DIRECTION('',(-1.,0.,0.));
#1892 = ADVANCED_FACE('',(#1893),#1904,.F.);
#1893 = FACE_BOUND('',#1894,.F.);
#1894 = EDGE_LOOP('',(#1895,#1896,#1897,#1903));
#1895 = ORIENTED_EDGE('',*,*,#1864,.T.);
#1896 = ORIENTED_EDGE('',*,*,#886,.T.);
#1897 = ORIENTED_EDGE('',*,*,#1898,.F.);
#1898 = EDGE_CURVE('',#230,#887,#1899,.T.);
#1899 = LINE('',#1900,#1901);
#1900 = CARTESIAN_POINT('',(2.6315,-4.9175,4.45));
#1901 = VECTOR('',#1902,1.);
#1902 = DIRECTION('',(0.,0.,-1.));
#1903 = ORIENTED_EDGE('',*,*,#229,.F.);
#1904 = PLANE('',#1905);
#1905 = AXIS2_PLACEMENT_3D('',#1906,#1907,#1908);
#1906 = CARTESIAN_POINT('',(2.3775,-5.1715,4.45));
#1907 = DIRECTION('',(0.707106781187,-0.707106781187,0.));
#1908 = DIRECTION('',(0.707106781187,0.707106781187,-0.));
#1909 = ADVANCED_FACE('',(#1910),#1921,.F.);
#1910 = FACE_BOUND('',#1911,.F.);
#1911 = EDGE_LOOP('',(#1912,#1918,#1919,#1920));
#1912 = ORIENTED_EDGE('',*,*,#1913,.T.);
#1913 = EDGE_CURVE('',#374,#1031,#1914,.T.);
#1914 = LINE('',#1915,#1916);
#1915 = CARTESIAN_POINT('',(2.3775,-7.2035,4.45));
#1916 = VECTOR('',#1917,1.);
#1917 = DIRECTION('',(0.,0.,-1.));
#1918 = ORIENTED_EDGE('',*,*,#1038,.T.);
#1919 = ORIENTED_EDGE('',*,*,#1879,.F.);
#1920 = ORIENTED_EDGE('',*,*,#381,.F.);
#1921 = PLANE('',#1922);
#1922 = AXIS2_PLACEMENT_3D('',#1923,#1924,#1925);
#1923 = CARTESIAN_POINT('',(2.3775,-7.2035,4.45));
#1924 = DIRECTION('',(-0.707106781187,0.707106781187,0.));
#1925 = DIRECTION('',(-0.707106781187,-0.707106781187,0.));
#1926 = ADVANCED_FACE('',(#1927),#1938,.F.);
#1927 = FACE_BOUND('',#1928,.F.);
#1928 = EDGE_LOOP('',(#1929,#1930,#1931,#1937));
#1929 = ORIENTED_EDGE('',*,*,#1898,.T.);
#1930 = ORIENTED_EDGE('',*,*,#894,.T.);
#1931 = ORIENTED_EDGE('',*,*,#1932,.F.);
#1932 = EDGE_CURVE('',#238,#895,#1933,.T.);
#1933 = LINE('',#1934,#1935);
#1934 = CARTESIAN_POINT('',(4.6635,-4.9175,4.45));
#1935 = VECTOR('',#1936,1.);
#1936 = DIRECTION('',(0.,0.,-1.));
#1937 = ORIENTED_EDGE('',*,*,#237,.F.);
#1938 = PLANE('',#1939);
#1939 = AXIS2_PLACEMENT_3D('',#1940,#1941,#1942);
#1940 = CARTESIAN_POINT('',(2.6315,-4.9175,4.45));
#1941 = DIRECTION('',(0.,-1.,0.));
#1942 = DIRECTION('',(1.,0.,0.));
#1943 = ADVANCED_FACE('',(#1944),#1955,.F.);
#1944 = FACE_BOUND('',#1945,.F.);
#1945 = EDGE_LOOP('',(#1946,#1952,#1953,#1954));
#1946 = ORIENTED_EDGE('',*,*,#1947,.T.);
#1947 = EDGE_CURVE('',#366,#1023,#1948,.T.);
#1948 = LINE('',#1949,#1950);
#1949 = CARTESIAN_POINT('',(2.6315,-7.4575,4.45));
#1950 = VECTOR('',#1951,1.);
#1951 = DIRECTION('',(0.,0.,-1.));
#1952 = ORIENTED_EDGE('',*,*,#1030,.T.);
#1953 = ORIENTED_EDGE('',*,*,#1913,.F.);
#1954 = ORIENTED_EDGE('',*,*,#373,.F.);
#1955 = PLANE('',#1956);
#1956 = AXIS2_PLACEMENT_3D('',#1957,#1958,#1959);
#1957 = CARTESIAN_POINT('',(2.6315,-7.4575,4.45));
#1958 = DIRECTION('',(0.707106781187,0.707106781187,-0.));
#1959 = DIRECTION('',(-0.707106781187,0.707106781187,0.));
#1960 = ADVANCED_FACE('',(#1961),#1972,.F.);
#1961 = FACE_BOUND('',#1962,.F.);
#1962 = EDGE_LOOP('',(#1963,#1964,#1965,#1971));
#1963 = ORIENTED_EDGE('',*,*,#1932,.T.);
#1964 = ORIENTED_EDGE('',*,*,#902,.T.);
#1965 = ORIENTED_EDGE('',*,*,#1966,.F.);
#1966 = EDGE_CURVE('',#246,#903,#1967,.T.);
#1967 = LINE('',#1968,#1969);
#1968 = CARTESIAN_POINT('',(4.9175,-5.1715,4.45));
#1969 = VECTOR('',#1970,1.);
#1970 = DIRECTION('',(0.,0.,-1.));
#1971 = ORIENTED_EDGE('',*,*,#245,.F.);
#1972 = PLANE('',#1973);
#1973 = AXIS2_PLACEMENT_3D('',#1974,#1975,#1976);
#1974 = CARTESIAN_POINT('',(4.6635,-4.9175,4.45));
#1975 = DIRECTION('',(-0.707106781187,-0.707106781187,0.));
#1976 = DIRECTION('',(0.707106781187,-0.707106781187,0.));
#1977 = ADVANCED_FACE('',(#1978),#1989,.F.);
#1978 = FACE_BOUND('',#1979,.F.);
#1979 = EDGE_LOOP('',(#1980,#1986,#1987,#1988));
#1980 = ORIENTED_EDGE('',*,*,#1981,.T.);
#1981 = EDGE_CURVE('',#358,#1015,#1982,.T.);
#1982 = LINE('',#1983,#1984);
#1983 = CARTESIAN_POINT('',(4.6635,-7.4575,4.45));
#1984 = VECTOR('',#1985,1.);
#1985 = DIRECTION('',(0.,0.,-1.));
#1986 = ORIENTED_EDGE('',*,*,#1022,.T.);
#1987 = ORIENTED_EDGE('',*,*,#1947,.F.);
#1988 = ORIENTED_EDGE('',*,*,#365,.F.);
#1989 = PLANE('',#1990);
#1990 = AXIS2_PLACEMENT_3D('',#1991,#1992,#1993);
#1991 = CARTESIAN_POINT('',(4.6635,-7.4575,4.45));
#1992 = DIRECTION('',(0.,1.,0.));
#1993 = DIRECTION('',(-1.,0.,0.));
#1994 = ADVANCED_FACE('',(#1995),#2006,.F.);
#1995 = FACE_BOUND('',#1996,.F.);
#1996 = EDGE_LOOP('',(#1997,#1998,#1999,#2005));
#1997 = ORIENTED_EDGE('',*,*,#1966,.T.);
#1998 = ORIENTED_EDGE('',*,*,#910,.T.);
#1999 = ORIENTED_EDGE('',*,*,#2000,.F.);
#2000 = EDGE_CURVE('',#254,#911,#2001,.T.);
#2001 = LINE('',#2002,#2003);
#2002 = CARTESIAN_POINT('',(5.1715,-4.9175,4.45));
#2003 = VECTOR('',#2004,1.);
#2004 = DIRECTION('',(0.,0.,-1.));
#2005 = ORIENTED_EDGE('',*,*,#253,.F.);
#2006 = PLANE('',#2007);
#2007 = AXIS2_PLACEMENT_3D('',#2008,#2009,#2010);
#2008 = CARTESIAN_POINT('',(4.9175,-5.1715,4.45));
#2009 = DIRECTION('',(0.707106781187,-0.707106781187,0.));
#2010 = DIRECTION('',(0.707106781187,0.707106781187,-0.));
#2011 = ADVANCED_FACE('',(#2012),#2023,.F.);
#2012 = FACE_BOUND('',#2013,.F.);
#2013 = EDGE_LOOP('',(#2014,#2020,#2021,#2022));
#2014 = ORIENTED_EDGE('',*,*,#2015,.T.);
#2015 = EDGE_CURVE('',#350,#1007,#2016,.T.);
#2016 = LINE('',#2017,#2018);
#2017 = CARTESIAN_POINT('',(4.9175,-7.2035,4.45));
#2018 = VECTOR('',#2019,1.);
#2019 = DIRECTION('',(0.,0.,-1.));
#2020 = ORIENTED_EDGE('',*,*,#1014,.T.);
#2021 = ORIENTED_EDGE('',*,*,#1981,.F.);
#2022 = ORIENTED_EDGE('',*,*,#357,.F.);
#2023 = PLANE('',#2024);
#2024 = AXIS2_PLACEMENT_3D('',#2025,#2026,#2027);
#2025 = CARTESIAN_POINT('',(4.9175,-7.2035,4.45));
#2026 = DIRECTION('',(-0.707106781187,0.707106781187,0.));
#2027 = DIRECTION('',(-0.707106781187,-0.707106781187,0.));
#2028 = ADVANCED_FACE('',(#2029),#2040,.F.);
#2029 = FACE_BOUND('',#2030,.F.);
#2030 = EDGE_LOOP('',(#2031,#2032,#2033,#2039));
#2031 = ORIENTED_EDGE('',*,*,#2000,.T.);
#2032 = ORIENTED_EDGE('',*,*,#918,.T.);
#2033 = ORIENTED_EDGE('',*,*,#2034,.F.);
#2034 = EDGE_CURVE('',#262,#919,#2035,.T.);
#2035 = LINE('',#2036,#2037);
#2036 = CARTESIAN_POINT('',(7.2035,-4.9175,4.45));
#2037 = VECTOR('',#2038,1.);
#2038 = DIRECTION('',(0.,0.,-1.));
#2039 = ORIENTED_EDGE('',*,*,#261,.F.);
#2040 = PLANE('',#2041);
#2041 = AXIS2_PLACEMENT_3D('',#2042,#2043,#2044);
#2042 = CARTESIAN_POINT('',(5.1715,-4.9175,4.45));
#2043 = DIRECTION('',(0.,-1.,0.));
#2044 = DIRECTION('',(1.,0.,0.));
#2045 = ADVANCED_FACE('',(#2046),#2057,.F.);
#2046 = FACE_BOUND('',#2047,.F.);
#2047 = EDGE_LOOP('',(#2048,#2054,#2055,#2056));
#2048 = ORIENTED_EDGE('',*,*,#2049,.T.);
#2049 = EDGE_CURVE('',#342,#999,#2050,.T.);
#2050 = LINE('',#2051,#2052);
#2051 = CARTESIAN_POINT('',(5.1715,-7.4575,4.45));
#2052 = VECTOR('',#2053,1.);
#2053 = DIRECTION('',(0.,0.,-1.));
#2054 = ORIENTED_EDGE('',*,*,#1006,.T.);
#2055 = ORIENTED_EDGE('',*,*,#2015,.F.);
#2056 = ORIENTED_EDGE('',*,*,#349,.F.);
#2057 = PLANE('',#2058);
#2058 = AXIS2_PLACEMENT_3D('',#2059,#2060,#2061);
#2059 = CARTESIAN_POINT('',(5.1715,-7.4575,4.45));
#2060 = DIRECTION('',(0.707106781187,0.707106781187,-0.));
#2061 = DIRECTION('',(-0.707106781187,0.707106781187,0.));
#2062 = ADVANCED_FACE('',(#2063),#2074,.F.);
#2063 = FACE_BOUND('',#2064,.F.);
#2064 = EDGE_LOOP('',(#2065,#2066,#2067,#2073));
#2065 = ORIENTED_EDGE('',*,*,#2034,.T.);
#2066 = ORIENTED_EDGE('',*,*,#926,.T.);
#2067 = ORIENTED_EDGE('',*,*,#2068,.F.);
#2068 = EDGE_CURVE('',#270,#927,#2069,.T.);
#2069 = LINE('',#2070,#2071);
#2070 = CARTESIAN_POINT('',(7.4575,-5.1715,4.45));
#2071 = VECTOR('',#2072,1.);
#2072 = DIRECTION('',(0.,0.,-1.));
#2073 = ORIENTED_EDGE('',*,*,#269,.F.);
#2074 = PLANE('',#2075);
#2075 = AXIS2_PLACEMENT_3D('',#2076,#2077,#2078);
#2076 = CARTESIAN_POINT('',(7.2035,-4.9175,4.45));
#2077 = DIRECTION('',(-0.707106781187,-0.707106781187,0.));
#2078 = DIRECTION('',(0.707106781187,-0.707106781187,0.));
#2079 = ADVANCED_FACE('',(#2080),#2091,.F.);
#2080 = FACE_BOUND('',#2081,.F.);
#2081 = EDGE_LOOP('',(#2082,#2088,#2089,#2090));
#2082 = ORIENTED_EDGE('',*,*,#2083,.T.);
#2083 = EDGE_CURVE('',#334,#991,#2084,.T.);
#2084 = LINE('',#2085,#2086);
#2085 = CARTESIAN_POINT('',(7.2035,-7.4575,4.45));
#2086 = VECTOR('',#2087,1.);
#2087 = DIRECTION('',(0.,0.,-1.));
#2088 = ORIENTED_EDGE('',*,*,#998,.T.);
#2089 = ORIENTED_EDGE('',*,*,#2049,.F.);
#2090 = ORIENTED_EDGE('',*,*,#341,.F.);
#2091 = PLANE('',#2092);
#2092 = AXIS2_PLACEMENT_3D('',#2093,#2094,#2095);
#2093 = CARTESIAN_POINT('',(7.2035,-7.4575,4.45));
#2094 = DIRECTION('',(0.,1.,0.));
#2095 = DIRECTION('',(-1.,0.,0.));
#2096 = ADVANCED_FACE('',(#2097),#2108,.F.);
#2097 = FACE_BOUND('',#2098,.F.);
#2098 = EDGE_LOOP('',(#2099,#2100,#2101,#2107));
#2099 = ORIENTED_EDGE('',*,*,#2068,.T.);
#2100 = ORIENTED_EDGE('',*,*,#934,.T.);
#2101 = ORIENTED_EDGE('',*,*,#2102,.F.);
#2102 = EDGE_CURVE('',#278,#935,#2103,.T.);
#2103 = LINE('',#2104,#2105);
#2104 = CARTESIAN_POINT('',(7.7115,-4.9175,4.45));
#2105 = VECTOR('',#2106,1.);
#2106 = DIRECTION('',(0.,0.,-1.));
#2107 = ORIENTED_EDGE('',*,*,#277,.F.);
#2108 = PLANE('',#2109);
#2109 = AXIS2_PLACEMENT_3D('',#2110,#2111,#2112);
#2110 = CARTESIAN_POINT('',(7.4575,-5.1715,4.45));
#2111 = DIRECTION('',(0.707106781187,-0.707106781187,0.));
#2112 = DIRECTION('',(0.707106781187,0.707106781187,-0.));
#2113 = ADVANCED_FACE('',(#2114),#2125,.F.);
#2114 = FACE_BOUND('',#2115,.F.);
#2115 = EDGE_LOOP('',(#2116,#2122,#2123,#2124));
#2116 = ORIENTED_EDGE('',*,*,#2117,.T.);
#2117 = EDGE_CURVE('',#326,#983,#2118,.T.);
#2118 = LINE('',#2119,#2120);
#2119 = CARTESIAN_POINT('',(7.4575,-7.2035,4.45));
#2120 = VECTOR('',#2121,1.);
#2121 = DIRECTION('',(0.,0.,-1.));
#2122 = ORIENTED_EDGE('',*,*,#990,.T.);
#2123 = ORIENTED_EDGE('',*,*,#2083,.F.);
#2124 = ORIENTED_EDGE('',*,*,#333,.F.);
#2125 = PLANE('',#2126);
#2126 = AXIS2_PLACEMENT_3D('',#2127,#2128,#2129);
#2127 = CARTESIAN_POINT('',(7.4575,-7.2035,4.45));
#2128 = DIRECTION('',(-0.707106781187,0.707106781187,0.));
#2129 = DIRECTION('',(-0.707106781187,-0.707106781187,0.));
#2130 = ADVANCED_FACE('',(#2131),#2142,.F.);
#2131 = FACE_BOUND('',#2132,.F.);
#2132 = EDGE_LOOP('',(#2133,#2134,#2135,#2141));
#2133 = ORIENTED_EDGE('',*,*,#2102,.T.);
#2134 = ORIENTED_EDGE('',*,*,#942,.T.);
#2135 = ORIENTED_EDGE('',*,*,#2136,.F.);
#2136 = EDGE_CURVE('',#286,#943,#2137,.T.);
#2137 = LINE('',#2138,#2139);
#2138 = CARTESIAN_POINT('',(9.7435,-4.9175,4.45));
#2139 = VECTOR('',#2140,1.);
#2140 = DIRECTION('',(0.,0.,-1.));
#2141 = ORIENTED_EDGE('',*,*,#285,.F.);
#2142 = PLANE('',#2143);
#2143 = AXIS2_PLACEMENT_3D('',#2144,#2145,#2146);
#2144 = CARTESIAN_POINT('',(7.7115,-4.9175,4.45));
#2145 = DIRECTION('',(0.,-1.,0.));
#2146 = DIRECTION('',(1.,0.,0.));
#2147 = ADVANCED_FACE('',(#2148),#2159,.F.);
#2148 = FACE_BOUND('',#2149,.F.);
#2149 = EDGE_LOOP('',(#2150,#2156,#2157,#2158));
#2150 = ORIENTED_EDGE('',*,*,#2151,.T.);
#2151 = EDGE_CURVE('',#318,#975,#2152,.T.);
#2152 = LINE('',#2153,#2154);
#2153 = CARTESIAN_POINT('',(7.7115,-7.4575,4.45));
#2154 = VECTOR('',#2155,1.);
#2155 = DIRECTION('',(0.,0.,-1.));
#2156 = ORIENTED_EDGE('',*,*,#982,.T.);
#2157 = ORIENTED_EDGE('',*,*,#2117,.F.);
#2158 = ORIENTED_EDGE('',*,*,#325,.F.);
#2159 = PLANE('',#2160);
#2160 = AXIS2_PLACEMENT_3D('',#2161,#2162,#2163);
#2161 = CARTESIAN_POINT('',(7.7115,-7.4575,4.45));
#2162 = DIRECTION('',(0.707106781187,0.707106781187,-0.));
#2163 = DIRECTION('',(-0.707106781187,0.707106781187,0.));
#2164 = ADVANCED_FACE('',(#2165),#2176,.F.);
#2165 = FACE_BOUND('',#2166,.F.);
#2166 = EDGE_LOOP('',(#2167,#2168,#2169,#2175));
#2167 = ORIENTED_EDGE('',*,*,#2136,.T.);
#2168 = ORIENTED_EDGE('',*,*,#950,.T.);
#2169 = ORIENTED_EDGE('',*,*,#2170,.F.);
#2170 = EDGE_CURVE('',#294,#951,#2171,.T.);
#2171 = LINE('',#2172,#2173);
#2172 = CARTESIAN_POINT('',(9.9975,-5.1715,4.45));
#2173 = VECTOR('',#2174,1.);
#2174 = DIRECTION('',(0.,0.,-1.));
#2175 = ORIENTED_EDGE('',*,*,#293,.F.);
#2176 = PLANE('',#2177);
#2177 = AXIS2_PLACEMENT_3D('',#2178,#2179,#2180);
#2178 = CARTESIAN_POINT('',(9.7435,-4.9175,4.45));
#2179 = DIRECTION('',(-0.707106781187,-0.707106781187,0.));
#2180 = DIRECTION('',(0.707106781187,-0.707106781187,0.));
#2181 = ADVANCED_FACE('',(#2182),#2193,.F.);
#2182 = FACE_BOUND('',#2183,.F.);
#2183 = EDGE_LOOP('',(#2184,#2190,#2191,#2192));
#2184 = ORIENTED_EDGE('',*,*,#2185,.T.);
#2185 = EDGE_CURVE('',#310,#967,#2186,.T.);
#2186 = LINE('',#2187,#2188);
#2187 = CARTESIAN_POINT('',(9.7435,-7.4575,4.45));
#2188 = VECTOR('',#2189,1.);
#2189 = DIRECTION('',(0.,0.,-1.));
#2190 = ORIENTED_EDGE('',*,*,#974,.T.);
#2191 = ORIENTED_EDGE('',*,*,#2151,.F.);
#2192 = ORIENTED_EDGE('',*,*,#317,.F.);
#2193 = PLANE('',#2194);
#2194 = AXIS2_PLACEMENT_3D('',#2195,#2196,#2197);
#2195 = CARTESIAN_POINT('',(9.7435,-7.4575,4.45));
#2196 = DIRECTION('',(0.,1.,0.));
#2197 = DIRECTION('',(-1.,0.,0.));
#2198 = ADVANCED_FACE('',(#2199),#2210,.F.);
#2199 = FACE_BOUND('',#2200,.F.);
#2200 = EDGE_LOOP('',(#2201,#2202,#2203,#2209));
#2201 = ORIENTED_EDGE('',*,*,#2170,.T.);
#2202 = ORIENTED_EDGE('',*,*,#958,.T.);
#2203 = ORIENTED_EDGE('',*,*,#2204,.F.);
#2204 = EDGE_CURVE('',#302,#959,#2205,.T.);
#2205 = LINE('',#2206,#2207);
#2206 = CARTESIAN_POINT('',(9.9975,-7.2035,4.45));
#2207 = VECTOR('',#2208,1.);
#2208 = DIRECTION('',(0.,0.,-1.));
#2209 = ORIENTED_EDGE('',*,*,#301,.F.);
#2210 = PLANE('',#2211);
#2211 = AXIS2_PLACEMENT_3D('',#2212,#2213,#2214);
#2212 = CARTESIAN_POINT('',(9.9975,-5.1715,4.45));
#2213 = DIRECTION('',(-1.,0.,0.));
#2214 = DIRECTION('',(0.,-1.,0.));
#2215 = ADVANCED_FACE('',(#2216),#2222,.F.);
#2216 = FACE_BOUND('',#2217,.F.);
#2217 = EDGE_LOOP('',(#2218,#2219,#2220,#2221));
#2218 = ORIENTED_EDGE('',*,*,#2204,.T.);
#2219 = ORIENTED_EDGE('',*,*,#966,.T.);
#2220 = ORIENTED_EDGE('',*,*,#2185,.F.);
#2221 = ORIENTED_EDGE('',*,*,#309,.F.);
#2222 = PLANE('',#2223);
#2223 = AXIS2_PLACEMENT_3D('',#2224,#2225,#2226);
#2224 = CARTESIAN_POINT('',(9.9975,-7.2035,4.45));
#2225 = DIRECTION('',(-0.707106781187,0.707106781187,0.));
#2226 = DIRECTION('',(-0.707106781187,-0.707106781187,0.));
#2227 = ADVANCED_FACE('',(#2228),#2253,.F.);
#2228 = FACE_BOUND('',#2229,.F.);
#2229 = EDGE_LOOP('',(#2230,#2238,#2246,#2252));
#2230 = ORIENTED_EDGE('',*,*,#2231,.F.);
#2231 = EDGE_CURVE('',#2232,#503,#2234,.T.);
#2232 = VERTEX_POINT('',#2233);
#2233 = CARTESIAN_POINT('',(9.0475,-6.5075,7.29));
#2234 = LINE('',#2235,#2236);
#2235 = CARTESIAN_POINT('',(9.0475,-6.5075,7.45));
#2236 = VECTOR('',#2237,1.);
#2237 = DIRECTION('',(0.,0.,-1.));
#2238 = ORIENTED_EDGE('',*,*,#2239,.F.);
#2239 = EDGE_CURVE('',#2240,#2232,#2242,.T.);
#2240 = VERTEX_POINT('',#2241);
#2241 = CARTESIAN_POINT('',(9.0475,-5.8675,7.29));
#2242 = LINE('',#2243,#2244);
#2243 = CARTESIAN_POINT('',(9.0475,-5.8675,7.29));
#2244 = VECTOR('',#2245,1.);
#2245 = DIRECTION('',(0.,-1.,0.));
#2246 = ORIENTED_EDGE('',*,*,#2247,.T.);
#2247 = EDGE_CURVE('',#2240,#505,#2248,.T.);
#2248 = LINE('',#2249,#2250);
#2249 = CARTESIAN_POINT('',(9.0475,-5.8675,7.45));
#2250 = VECTOR('',#2251,1.);
#2251 = DIRECTION('',(0.,0.,-1.));
#2252 = ORIENTED_EDGE('',*,*,#502,.F.);
#2253 = PLANE('',#2254);
#2254 = AXIS2_PLACEMENT_3D('',#2255,#2256,#2257);
#2255 = CARTESIAN_POINT('',(9.0475,-5.8675,7.45));
#2256 = DIRECTION('',(-1.,0.,0.));
#2257 = DIRECTION('',(0.,0.,-1.));
#2258 = ADVANCED_FACE('',(#2259),#2277,.T.);
#2259 = FACE_BOUND('',#2260,.T.);
#2260 = EDGE_LOOP('',(#2261,#2262,#2270,#2276));
#2261 = ORIENTED_EDGE('',*,*,#2231,.F.);
#2262 = ORIENTED_EDGE('',*,*,#2263,.T.);
#2263 = EDGE_CURVE('',#2232,#2264,#2266,.T.);
#2264 = VERTEX_POINT('',#2265);
#2265 = CARTESIAN_POINT('',(8.4075,-6.5075,7.29));
#2266 = LINE('',#2267,#2268);
#2267 = CARTESIAN_POINT('',(9.0475,-6.5075,7.29));
#2268 = VECTOR('',#2269,1.);
#2269 = DIRECTION('',(-1.,0.,0.));
#2270 = ORIENTED_EDGE('',*,*,#2271,.T.);
#2271 = EDGE_CURVE('',#2264,#521,#2272,.T.);
#2272 = LINE('',#2273,#2274);
#2273 = CARTESIAN_POINT('',(8.4075,-6.5075,7.45));
#2274 = VECTOR('',#2275,1.);
#2275 = DIRECTION('',(0.,0.,-1.));
#2276 = ORIENTED_EDGE('',*,*,#528,.F.);
#2277 = PLANE('',#2278);
#2278 = AXIS2_PLACEMENT_3D('',#2279,#2280,#2281);
#2279 = CARTESIAN_POINT('',(9.0475,-6.5075,7.45));
#2280 = DIRECTION('',(0.,-1.,0.));
#2281 = DIRECTION('',(0.,0.,-1.));
#2282 = ADVANCED_FACE('',(#2283),#2301,.T.);
#2283 = FACE_BOUND('',#2284,.T.);
#2284 = EDGE_LOOP('',(#2285,#2286,#2294,#2300));
#2285 = ORIENTED_EDGE('',*,*,#2271,.F.);
#2286 = ORIENTED_EDGE('',*,*,#2287,.F.);
#2287 = EDGE_CURVE('',#2288,#2264,#2290,.T.);
#2288 = VERTEX_POINT('',#2289);
#2289 = CARTESIAN_POINT('',(8.4075,-5.8675,7.29));
#2290 = LINE('',#2291,#2292);
#2291 = CARTESIAN_POINT('',(8.4075,-5.8675,7.29));
#2292 = VECTOR('',#2293,1.);
#2293 = DIRECTION('',(0.,-1.,0.));
#2294 = ORIENTED_EDGE('',*,*,#2295,.T.);
#2295 = EDGE_CURVE('',#2288,#513,#2296,.T.);
#2296 = LINE('',#2297,#2298);
#2297 = CARTESIAN_POINT('',(8.4075,-5.8675,7.45));
#2298 = VECTOR('',#2299,1.);
#2299 = DIRECTION('',(0.,0.,-1.));
#2300 = ORIENTED_EDGE('',*,*,#520,.F.);
#2301 = PLANE('',#2302);
#2302 = AXIS2_PLACEMENT_3D('',#2303,#2304,#2305);
#2303 = CARTESIAN_POINT('',(8.4075,-5.8675,7.45));
#2304 = DIRECTION('',(-1.,0.,0.));
#2305 = DIRECTION('',(0.,0.,-1.));
#2306 = ADVANCED_FACE('',(#2307),#2318,.F.);
#2307 = FACE_BOUND('',#2308,.F.);
#2308 = EDGE_LOOP('',(#2309,#2310,#2316,#2317));
#2309 = ORIENTED_EDGE('',*,*,#2247,.F.);
#2310 = ORIENTED_EDGE('',*,*,#2311,.T.);
#2311 = EDGE_CURVE('',#2240,#2288,#2312,.T.);
#2312 = LINE('',#2313,#2314);
#2313 = CARTESIAN_POINT('',(9.0475,-5.8675,7.29));
#2314 = VECTOR('',#2315,1.);
#2315 = DIRECTION('',(-1.,0.,0.));
#2316 = ORIENTED_EDGE('',*,*,#2295,.T.);
#2317 = ORIENTED_EDGE('',*,*,#512,.F.);
#2318 = PLANE('',#2319);
#2319 = AXIS2_PLACEMENT_3D('',#2320,#2321,#2322);
#2320 = CARTESIAN_POINT('',(9.0475,-5.8675,7.45));
#2321 = DIRECTION('',(0.,-1.,0.));
#2322 = DIRECTION('',(0.,0.,-1.));
#2323 = ADVANCED_FACE('',(#2324),#2349,.T.);
#2324 = FACE_BOUND('',#2325,.T.);
#2325 = EDGE_LOOP('',(#2326,#2334,#2342,#2348));
#2326 = ORIENTED_EDGE('',*,*,#2327,.F.);
#2327 = EDGE_CURVE('',#2328,#537,#2330,.T.);
#2328 = VERTEX_POINT('',#2329);
#2329 = CARTESIAN_POINT('',(5.8675,-6.5075,7.29));
#2330 = LINE('',#2331,#2332);
#2331 = CARTESIAN_POINT('',(5.8675,-6.5075,7.45));
#2332 = VECTOR('',#2333,1.);
#2333 = DIRECTION('',(0.,0.,-1.));
#2334 = ORIENTED_EDGE('',*,*,#2335,.F.);
#2335 = EDGE_CURVE('',#2336,#2328,#2338,.T.);
#2336 = VERTEX_POINT('',#2337);
#2337 = CARTESIAN_POINT('',(5.8675,-5.8675,7.29));
#2338 = LINE('',#2339,#2340);
#2339 = CARTESIAN_POINT('',(5.8675,-5.8675,7.29));
#2340 = VECTOR('',#2341,1.);
#2341 = DIRECTION('',(0.,-1.,0.));
#2342 = ORIENTED_EDGE('',*,*,#2343,.T.);
#2343 = EDGE_CURVE('',#2336,#539,#2344,.T.);
#2344 = LINE('',#2345,#2346);
#2345 = CARTESIAN_POINT('',(5.8675,-5.8675,7.45));
#2346 = VECTOR('',#2347,1.);
#2347 = DIRECTION('',(0.,0.,-1.));
#2348 = ORIENTED_EDGE('',*,*,#536,.F.);
#2349 = PLANE('',#2350);
#2350 = AXIS2_PLACEMENT_3D('',#2351,#2352,#2353);
#2351 = CARTESIAN_POINT('',(5.8675,-5.8675,7.45));
#2352 = DIRECTION('',(-1.,0.,0.));
#2353 = DIRECTION('',(0.,0.,-1.));
#2354 = ADVANCED_FACE('',(#2355),#2373,.F.);
#2355 = FACE_BOUND('',#2356,.F.);
#2356 = EDGE_LOOP('',(#2357,#2365,#2371,#2372));
#2357 = ORIENTED_EDGE('',*,*,#2358,.F.);
#2358 = EDGE_CURVE('',#2359,#555,#2361,.T.);
#2359 = VERTEX_POINT('',#2360);
#2360 = CARTESIAN_POINT('',(6.5075,-5.8675,7.29));
#2361 = LINE('',#2362,#2363);
#2362 = CARTESIAN_POINT('',(6.5075,-5.8675,7.45));
#2363 = VECTOR('',#2364,1.);
#2364 = DIRECTION('',(0.,0.,-1.));
#2365 = ORIENTED_EDGE('',*,*,#2366,.T.);
#2366 = EDGE_CURVE('',#2359,#2336,#2367,.T.);
#2367 = LINE('',#2368,#2369);
#2368 = CARTESIAN_POINT('',(6.5075,-5.8675,7.29));
#2369 = VECTOR('',#2370,1.);
#2370 = DIRECTION('',(-1.,0.,0.));
#2371 = ORIENTED_EDGE('',*,*,#2343,.T.);
#2372 = ORIENTED_EDGE('',*,*,#562,.F.);
#2373 = PLANE('',#2374);
#2374 = AXIS2_PLACEMENT_3D('',#2375,#2376,#2377);
#2375 = CARTESIAN_POINT('',(6.5075,-5.8675,7.45));
#2376 = DIRECTION('',(0.,-1.,0.));
#2377 = DIRECTION('',(0.,0.,-1.));
#2378 = ADVANCED_FACE('',(#2379),#2397,.F.);
#2379 = FACE_BOUND('',#2380,.F.);
#2380 = EDGE_LOOP('',(#2381,#2389,#2395,#2396));
#2381 = ORIENTED_EDGE('',*,*,#2382,.F.);
#2382 = EDGE_CURVE('',#2383,#547,#2385,.T.);
#2383 = VERTEX_POINT('',#2384);
#2384 = CARTESIAN_POINT('',(6.5075,-6.5075,7.29));
#2385 = LINE('',#2386,#2387);
#2386 = CARTESIAN_POINT('',(6.5075,-6.5075,7.45));
#2387 = VECTOR('',#2388,1.);
#2388 = DIRECTION('',(0.,0.,-1.));
#2389 = ORIENTED_EDGE('',*,*,#2390,.F.);
#2390 = EDGE_CURVE('',#2359,#2383,#2391,.T.);
#2391 = LINE('',#2392,#2393);
#2392 = CARTESIAN_POINT('',(6.5075,-5.8675,7.29));
#2393 = VECTOR('',#2394,1.);
#2394 = DIRECTION('',(0.,-1.,0.));
#2395 = ORIENTED_EDGE('',*,*,#2358,.T.);
#2396 = ORIENTED_EDGE('',*,*,#554,.F.);
#2397 = PLANE('',#2398);
#2398 = AXIS2_PLACEMENT_3D('',#2399,#2400,#2401);
#2399 = CARTESIAN_POINT('',(6.5075,-5.8675,7.45));
#2400 = DIRECTION('',(-1.,0.,0.));
#2401 = DIRECTION('',(0.,0.,-1.));
#2402 = ADVANCED_FACE('',(#2403),#2414,.T.);
#2403 = FACE_BOUND('',#2404,.T.);
#2404 = EDGE_LOOP('',(#2405,#2406,#2412,#2413));
#2405 = ORIENTED_EDGE('',*,*,#2382,.F.);
#2406 = ORIENTED_EDGE('',*,*,#2407,.T.);
#2407 = EDGE_CURVE('',#2383,#2328,#2408,.T.);
#2408 = LINE('',#2409,#2410);
#2409 = CARTESIAN_POINT('',(6.5075,-6.5075,7.29));
#2410 = VECTOR('',#2411,1.);
#2411 = DIRECTION('',(-1.,0.,0.));
#2412 = ORIENTED_EDGE('',*,*,#2327,.T.);
#2413 = ORIENTED_EDGE('',*,*,#546,.F.);
#2414 = PLANE('',#2415);
#2415 = AXIS2_PLACEMENT_3D('',#2416,#2417,#2418);
#2416 = CARTESIAN_POINT('',(6.5075,-6.5075,7.45));
#2417 = DIRECTION('',(0.,-1.,0.));
#2418 = DIRECTION('',(0.,0.,-1.));
#2419 = ADVANCED_FACE('',(#2420),#2445,.T.);
#2420 = FACE_BOUND('',#2421,.T.);
#2421 = EDGE_LOOP('',(#2422,#2430,#2438,#2444));
#2422 = ORIENTED_EDGE('',*,*,#2423,.F.);
#2423 = EDGE_CURVE('',#2424,#571,#2426,.T.);
#2424 = VERTEX_POINT('',#2425);
#2425 = CARTESIAN_POINT('',(-1.1125,-6.5075,7.29));
#2426 = LINE('',#2427,#2428);
#2427 = CARTESIAN_POINT('',(-1.1125,-6.5075,7.45));
#2428 = VECTOR('',#2429,1.);
#2429 = DIRECTION('',(0.,0.,-1.));
#2430 = ORIENTED_EDGE('',*,*,#2431,.T.);
#2431 = EDGE_CURVE('',#2424,#2432,#2434,.T.);
#2432 = VERTEX_POINT('',#2433);
#2433 = CARTESIAN_POINT('',(-1.7525,-6.5075,7.29));
#2434 = LINE('',#2435,#2436);
#2435 = CARTESIAN_POINT('',(-1.1125,-6.5075,7.29));
#2436 = VECTOR('',#2437,1.);
#2437 = DIRECTION('',(-1.,0.,0.));
#2438 = ORIENTED_EDGE('',*,*,#2439,.T.);
#2439 = EDGE_CURVE('',#2432,#573,#2440,.T.);
#2440 = LINE('',#2441,#2442);
#2441 = CARTESIAN_POINT('',(-1.7525,-6.5075,7.45));
#2442 = VECTOR('',#2443,1.);
#2443 = DIRECTION('',(0.,0.,-1.));
#2444 = ORIENTED_EDGE('',*,*,#570,.F.);
#2445 = PLANE('',#2446);
#2446 = AXIS2_PLACEMENT_3D('',#2447,#2448,#2449);
#2447 = CARTESIAN_POINT('',(-1.1125,-6.5075,7.45));
#2448 = DIRECTION('',(0.,-1.,0.));
#2449 = DIRECTION('',(0.,0.,-1.));
#2450 = ADVANCED_FACE('',(#2451),#2469,.T.);
#2451 = FACE_BOUND('',#2452,.T.);
#2452 = EDGE_LOOP('',(#2453,#2454,#2462,#2468));
#2453 = ORIENTED_EDGE('',*,*,#2439,.F.);
#2454 = ORIENTED_EDGE('',*,*,#2455,.F.);
#2455 = EDGE_CURVE('',#2456,#2432,#2458,.T.);
#2456 = VERTEX_POINT('',#2457);
#2457 = CARTESIAN_POINT('',(-1.7525,-5.8675,7.29));
#2458 = LINE('',#2459,#2460);
#2459 = CARTESIAN_POINT('',(-1.7525,-5.8675,7.29));
#2460 = VECTOR('',#2461,1.);
#2461 = DIRECTION('',(0.,-1.,0.));
#2462 = ORIENTED_EDGE('',*,*,#2463,.T.);
#2463 = EDGE_CURVE('',#2456,#589,#2464,.T.);
#2464 = LINE('',#2465,#2466);
#2465 = CARTESIAN_POINT('',(-1.7525,-5.8675,7.45));
#2466 = VECTOR('',#2467,1.);
#2467 = DIRECTION('',(0.,0.,-1.));
#2468 = ORIENTED_EDGE('',*,*,#596,.F.);
#2469 = PLANE('',#2470);
#2470 = AXIS2_PLACEMENT_3D('',#2471,#2472,#2473);
#2471 = CARTESIAN_POINT('',(-1.7525,-5.8675,7.45));
#2472 = DIRECTION('',(-1.,0.,0.));
#2473 = DIRECTION('',(0.,0.,-1.));
#2474 = ADVANCED_FACE('',(#2475),#2493,.F.);
#2475 = FACE_BOUND('',#2476,.F.);
#2476 = EDGE_LOOP('',(#2477,#2485,#2491,#2492));
#2477 = ORIENTED_EDGE('',*,*,#2478,.F.);
#2478 = EDGE_CURVE('',#2479,#581,#2481,.T.);
#2479 = VERTEX_POINT('',#2480);
#2480 = CARTESIAN_POINT('',(-1.1125,-5.8675,7.29));
#2481 = LINE('',#2482,#2483);
#2482 = CARTESIAN_POINT('',(-1.1125,-5.8675,7.45));
#2483 = VECTOR('',#2484,1.);
#2484 = DIRECTION('',(0.,0.,-1.));
#2485 = ORIENTED_EDGE('',*,*,#2486,.T.);
#2486 = EDGE_CURVE('',#2479,#2456,#2487,.T.);
#2487 = LINE('',#2488,#2489);
#2488 = CARTESIAN_POINT('',(-1.1125,-5.8675,7.29));
#2489 = VECTOR('',#2490,1.);
#2490 = DIRECTION('',(-1.,0.,0.));
#2491 = ORIENTED_EDGE('',*,*,#2463,.T.);
#2492 = ORIENTED_EDGE('',*,*,#588,.F.);
#2493 = PLANE('',#2494);
#2494 = AXIS2_PLACEMENT_3D('',#2495,#2496,#2497);
#2495 = CARTESIAN_POINT('',(-1.1125,-5.8675,7.45));
#2496 = DIRECTION('',(0.,-1.,0.));
#2497 = DIRECTION('',(0.,0.,-1.));
#2498 = ADVANCED_FACE('',(#2499),#2510,.F.);
#2499 = FACE_BOUND('',#2500,.F.);
#2500 = EDGE_LOOP('',(#2501,#2502,#2508,#2509));
#2501 = ORIENTED_EDGE('',*,*,#2423,.F.);
#2502 = ORIENTED_EDGE('',*,*,#2503,.F.);
#2503 = EDGE_CURVE('',#2479,#2424,#2504,.T.);
#2504 = LINE('',#2505,#2506);
#2505 = CARTESIAN_POINT('',(-1.1125,-5.8675,7.29));
#2506 = VECTOR('',#2507,1.);
#2507 = DIRECTION('',(0.,-1.,0.));
#2508 = ORIENTED_EDGE('',*,*,#2478,.T.);
#2509 = ORIENTED_EDGE('',*,*,#580,.F.);
#2510 = PLANE('',#2511);
#2511 = AXIS2_PLACEMENT_3D('',#2512,#2513,#2514);
#2512 = CARTESIAN_POINT('',(-1.1125,-5.8675,7.45));
#2513 = DIRECTION('',(-1.,0.,0.));
#2514 = DIRECTION('',(0.,0.,-1.));
#2515 = ADVANCED_FACE('',(#2516),#2541,.T.);
#2516 = FACE_BOUND('',#2517,.T.);
#2517 = EDGE_LOOP('',(#2518,#2526,#2534,#2540));
#2518 = ORIENTED_EDGE('',*,*,#2519,.F.);
#2519 = EDGE_CURVE('',#2520,#605,#2522,.T.);
#2520 = VERTEX_POINT('',#2521);
#2521 = CARTESIAN_POINT('',(3.3275,-6.5075,7.29));
#2522 = LINE('',#2523,#2524);
#2523 = CARTESIAN_POINT('',(3.3275,-6.5075,7.45));
#2524 = VECTOR('',#2525,1.);
#2525 = DIRECTION('',(0.,0.,-1.));
#2526 = ORIENTED_EDGE('',*,*,#2527,.F.);
#2527 = EDGE_CURVE('',#2528,#2520,#2530,.T.);
#2528 = VERTEX_POINT('',#2529);
#2529 = CARTESIAN_POINT('',(3.3275,-5.8675,7.29));
#2530 = LINE('',#2531,#2532);
#2531 = CARTESIAN_POINT('',(3.3275,-5.8675,7.29));
#2532 = VECTOR('',#2533,1.);
#2533 = DIRECTION('',(0.,-1.,0.));
#2534 = ORIENTED_EDGE('',*,*,#2535,.T.);
#2535 = EDGE_CURVE('',#2528,#607,#2536,.T.);
#2536 = LINE('',#2537,#2538);
#2537 = CARTESIAN_POINT('',(3.3275,-5.8675,7.45));
#2538 = VECTOR('',#2539,1.);
#2539 = DIRECTION('',(0.,0.,-1.));
#2540 = ORIENTED_EDGE('',*,*,#604,.F.);
#2541 = PLANE('',#2542);
#2542 = AXIS2_PLACEMENT_3D('',#2543,#2544,#2545);
#2543 = CARTESIAN_POINT('',(3.3275,-5.8675,7.45));
#2544 = DIRECTION('',(-1.,0.,0.));
#2545 = DIRECTION('',(0.,0.,-1.));
#2546 = ADVANCED_FACE('',(#2547),#2565,.F.);
#2547 = FACE_BOUND('',#2548,.F.);
#2548 = EDGE_LOOP('',(#2549,#2557,#2563,#2564));
#2549 = ORIENTED_EDGE('',*,*,#2550,.F.);
#2550 = EDGE_CURVE('',#2551,#623,#2553,.T.);
#2551 = VERTEX_POINT('',#2552);
#2552 = CARTESIAN_POINT('',(3.9675,-5.8675,7.29));
#2553 = LINE('',#2554,#2555);
#2554 = CARTESIAN_POINT('',(3.9675,-5.8675,7.45));
#2555 = VECTOR('',#2556,1.);
#2556 = DIRECTION('',(0.,0.,-1.));
#2557 = ORIENTED_EDGE('',*,*,#2558,.T.);
#2558 = EDGE_CURVE('',#2551,#2528,#2559,.T.);
#2559 = LINE('',#2560,#2561);
#2560 = CARTESIAN_POINT('',(3.9675,-5.8675,7.29));
#2561 = VECTOR('',#2562,1.);
#2562 = DIRECTION('',(-1.,0.,0.));
#2563 = ORIENTED_EDGE('',*,*,#2535,.T.);
#2564 = ORIENTED_EDGE('',*,*,#630,.F.);
#2565 = PLANE('',#2566);
#2566 = AXIS2_PLACEMENT_3D('',#2567,#2568,#2569);
#2567 = CARTESIAN_POINT('',(3.9675,-5.8675,7.45));
#2568 = DIRECTION('',(0.,-1.,0.));
#2569 = DIRECTION('',(0.,0.,-1.));
#2570 = ADVANCED_FACE('',(#2571),#2589,.F.);
#2571 = FACE_BOUND('',#2572,.F.);
#2572 = EDGE_LOOP('',(#2573,#2581,#2587,#2588));
#2573 = ORIENTED_EDGE('',*,*,#2574,.F.);
#2574 = EDGE_CURVE('',#2575,#615,#2577,.T.);
#2575 = VERTEX_POINT('',#2576);
#2576 = CARTESIAN_POINT('',(3.9675,-6.5075,7.29));
#2577 = LINE('',#2578,#2579);
#2578 = CARTESIAN_POINT('',(3.9675,-6.5075,7.45));
#2579 = VECTOR('',#2580,1.);
#2580 = DIRECTION('',(0.,0.,-1.));
#2581 = ORIENTED_EDGE('',*,*,#2582,.F.);
#2582 = EDGE_CURVE('',#2551,#2575,#2583,.T.);
#2583 = LINE('',#2584,#2585);
#2584 = CARTESIAN_POINT('',(3.9675,-5.8675,7.29));
#2585 = VECTOR('',#2586,1.);
#2586 = DIRECTION('',(0.,-1.,0.));
#2587 = ORIENTED_EDGE('',*,*,#2550,.T.);
#2588 = ORIENTED_EDGE('',*,*,#622,.F.);
#2589 = PLANE('',#2590);
#2590 = AXIS2_PLACEMENT_3D('',#2591,#2592,#2593);
#2591 = CARTESIAN_POINT('',(3.9675,-5.8675,7.45));
#2592 = DIRECTION('',(-1.,0.,0.));
#2593 = DIRECTION('',(0.,0.,-1.));
#2594 = ADVANCED_FACE('',(#2595),#2606,.T.);
#2595 = FACE_BOUND('',#2596,.T.);
#2596 = EDGE_LOOP('',(#2597,#2598,#2604,#2605));
#2597 = ORIENTED_EDGE('',*,*,#2574,.F.);
#2598 = ORIENTED_EDGE('',*,*,#2599,.T.);
#2599 = EDGE_CURVE('',#2575,#2520,#2600,.T.);
#2600 = LINE('',#2601,#2602);
#2601 = CARTESIAN_POINT('',(3.9675,-6.5075,7.29));
#2602 = VECTOR('',#2603,1.);
#2603 = DIRECTION('',(-1.,0.,0.));
#2604 = ORIENTED_EDGE('',*,*,#2519,.T.);
#2605 = ORIENTED_EDGE('',*,*,#614,.F.);
#2606 = PLANE('',#2607);
#2607 = AXIS2_PLACEMENT_3D('',#2608,#2609,#2610);
#2608 = CARTESIAN_POINT('',(3.9675,-6.5075,7.45));
#2609 = DIRECTION('',(0.,-1.,0.));
#2610 = DIRECTION('',(0.,0.,-1.));
#2611 = ADVANCED_FACE('',(#2612),#2637,.T.);
#2612 = FACE_BOUND('',#2613,.T.);
#2613 = EDGE_LOOP('',(#2614,#2622,#2630,#2636));
#2614 = ORIENTED_EDGE('',*,*,#2615,.F.);
#2615 = EDGE_CURVE('',#2616,#639,#2618,.T.);
#2616 = VERTEX_POINT('',#2617);
#2617 = CARTESIAN_POINT('',(1.4275,-6.5075,7.29));
#2618 = LINE('',#2619,#2620);
#2619 = CARTESIAN_POINT('',(1.4275,-6.5075,7.45));
#2620 = VECTOR('',#2621,1.);
#2621 = DIRECTION('',(0.,0.,-1.));
#2622 = ORIENTED_EDGE('',*,*,#2623,.T.);
#2623 = EDGE_CURVE('',#2616,#2624,#2626,.T.);
#2624 = VERTEX_POINT('',#2625);
#2625 = CARTESIAN_POINT('',(0.7875,-6.5075,7.29));
#2626 = LINE('',#2627,#2628);
#2627 = CARTESIAN_POINT('',(1.4275,-6.5075,7.29));
#2628 = VECTOR('',#2629,1.);
#2629 = DIRECTION('',(-1.,0.,0.));
#2630 = ORIENTED_EDGE('',*,*,#2631,.T.);
#2631 = EDGE_CURVE('',#2624,#641,#2632,.T.);
#2632 = LINE('',#2633,#2634);
#2633 = CARTESIAN_POINT('',(0.7875,-6.5075,7.45));
#2634 = VECTOR('',#2635,1.);
#2635 = DIRECTION('',(0.,0.,-1.));
#2636 = ORIENTED_EDGE('',*,*,#638,.F.);
#2637 = PLANE('',#2638);
#2638 = AXIS2_PLACEMENT_3D('',#2639,#2640,#2641);
#2639 = CARTESIAN_POINT('',(1.4275,-6.5075,7.45));
#2640 = DIRECTION('',(0.,-1.,0.));
#2641 = DIRECTION('',(0.,0.,-1.));
#2642 = ADVANCED_FACE('',(#2643),#2661,.T.);
#2643 = FACE_BOUND('',#2644,.T.);
#2644 = EDGE_LOOP('',(#2645,#2646,#2654,#2660));
#2645 = ORIENTED_EDGE('',*,*,#2631,.F.);
#2646 = ORIENTED_EDGE('',*,*,#2647,.F.);
#2647 = EDGE_CURVE('',#2648,#2624,#2650,.T.);
#2648 = VERTEX_POINT('',#2649);
#2649 = CARTESIAN_POINT('',(0.7875,-5.8675,7.29));
#2650 = LINE('',#2651,#2652);
#2651 = CARTESIAN_POINT('',(0.7875,-5.8675,7.29));
#2652 = VECTOR('',#2653,1.);
#2653 = DIRECTION('',(0.,-1.,0.));
#2654 = ORIENTED_EDGE('',*,*,#2655,.T.);
#2655 = EDGE_CURVE('',#2648,#657,#2656,.T.);
#2656 = LINE('',#2657,#2658);
#2657 = CARTESIAN_POINT('',(0.7875,-5.8675,7.45));
#2658 = VECTOR('',#2659,1.);
#2659 = DIRECTION('',(0.,0.,-1.));
#2660 = ORIENTED_EDGE('',*,*,#664,.F.);
#2661 = PLANE('',#2662);
#2662 = AXIS2_PLACEMENT_3D('',#2663,#2664,#2665);
#2663 = CARTESIAN_POINT('',(0.7875,-5.8675,7.45));
#2664 = DIRECTION('',(-1.,0.,0.));
#2665 = DIRECTION('',(0.,0.,-1.));
#2666 = ADVANCED_FACE('',(#2667),#2685,.F.);
#2667 = FACE_BOUND('',#2668,.F.);
#2668 = EDGE_LOOP('',(#2669,#2677,#2683,#2684));
#2669 = ORIENTED_EDGE('',*,*,#2670,.F.);
#2670 = EDGE_CURVE('',#2671,#649,#2673,.T.);
#2671 = VERTEX_POINT('',#2672);
#2672 = CARTESIAN_POINT('',(1.4275,-5.8675,7.29));
#2673 = LINE('',#2674,#2675);
#2674 = CARTESIAN_POINT('',(1.4275,-5.8675,7.45));
#2675 = VECTOR('',#2676,1.);
#2676 = DIRECTION('',(0.,0.,-1.));
#2677 = ORIENTED_EDGE('',*,*,#2678,.T.);
#2678 = EDGE_CURVE('',#2671,#2648,#2679,.T.);
#2679 = LINE('',#2680,#2681);
#2680 = CARTESIAN_POINT('',(1.4275,-5.8675,7.29));
#2681 = VECTOR('',#2682,1.);
#2682 = DIRECTION('',(-1.,0.,0.));
#2683 = ORIENTED_EDGE('',*,*,#2655,.T.);
#2684 = ORIENTED_EDGE('',*,*,#656,.F.);
#2685 = PLANE('',#2686);
#2686 = AXIS2_PLACEMENT_3D('',#2687,#2688,#2689);
#2687 = CARTESIAN_POINT('',(1.4275,-5.8675,7.45));
#2688 = DIRECTION('',(0.,-1.,0.));
#2689 = DIRECTION('',(0.,0.,-1.));
#2690 = ADVANCED_FACE('',(#2691),#2702,.F.);
#2691 = FACE_BOUND('',#2692,.F.);
#2692 = EDGE_LOOP('',(#2693,#2694,#2700,#2701));
#2693 = ORIENTED_EDGE('',*,*,#2615,.F.);
#2694 = ORIENTED_EDGE('',*,*,#2695,.F.);
#2695 = EDGE_CURVE('',#2671,#2616,#2696,.T.);
#2696 = LINE('',#2697,#2698);
#2697 = CARTESIAN_POINT('',(1.4275,-5.8675,7.29));
#2698 = VECTOR('',#2699,1.);
#2699 = DIRECTION('',(0.,-1.,0.));
#2700 = ORIENTED_EDGE('',*,*,#2670,.T.);
#2701 = ORIENTED_EDGE('',*,*,#648,.F.);
#2702 = PLANE('',#2703);
#2703 = AXIS2_PLACEMENT_3D('',#2704,#2705,#2706);
#2704 = CARTESIAN_POINT('',(1.4275,-5.8675,7.45));
#2705 = DIRECTION('',(-1.,0.,0.));
#2706 = DIRECTION('',(0.,0.,-1.));
#2707 = ADVANCED_FACE('',(#2708),#2733,.T.);
#2708 = FACE_BOUND('',#2709,.T.);
#2709 = EDGE_LOOP('',(#2710,#2718,#2726,#2732));
#2710 = ORIENTED_EDGE('',*,*,#2711,.F.);
#2711 = EDGE_CURVE('',#2712,#673,#2714,.T.);
#2712 = VERTEX_POINT('',#2713);
#2713 = CARTESIAN_POINT('',(-6.8325,-6.5075,7.29));
#2714 = LINE('',#2715,#2716);
#2715 = CARTESIAN_POINT('',(-6.8325,-6.5075,7.45));
#2716 = VECTOR('',#2717,1.);
#2717 = DIRECTION('',(0.,0.,-1.));
#2718 = ORIENTED_EDGE('',*,*,#2719,.F.);
#2719 = EDGE_CURVE('',#2720,#2712,#2722,.T.);
#2720 = VERTEX_POINT('',#2721);
#2721 = CARTESIAN_POINT('',(-6.8325,-5.8675,7.29));
#2722 = LINE('',#2723,#2724);
#2723 = CARTESIAN_POINT('',(-6.8325,-5.8675,7.29));
#2724 = VECTOR('',#2725,1.);
#2725 = DIRECTION('',(0.,-1.,0.));
#2726 = ORIENTED_EDGE('',*,*,#2727,.T.);
#2727 = EDGE_CURVE('',#2720,#675,#2728,.T.);
#2728 = LINE('',#2729,#2730);
#2729 = CARTESIAN_POINT('',(-6.8325,-5.8675,7.45));
#2730 = VECTOR('',#2731,1.);
#2731 = DIRECTION('',(0.,0.,-1.));
#2732 = ORIENTED_EDGE('',*,*,#672,.F.);
#2733 = PLANE('',#2734);
#2734 = AXIS2_PLACEMENT_3D('',#2735,#2736,#2737);
#2735 = CARTESIAN_POINT('',(-6.8325,-5.8675,7.45));
#2736 = DIRECTION('',(-1.,0.,0.));
#2737 = DIRECTION('',(0.,0.,-1.));
#2738 = ADVANCED_FACE('',(#2739),#2757,.F.);
#2739 = FACE_BOUND('',#2740,.F.);
#2740 = EDGE_LOOP('',(#2741,#2749,#2755,#2756));
#2741 = ORIENTED_EDGE('',*,*,#2742,.F.);
#2742 = EDGE_CURVE('',#2743,#691,#2745,.T.);
#2743 = VERTEX_POINT('',#2744);
#2744 = CARTESIAN_POINT('',(-6.1925,-5.8675,7.29));
#2745 = LINE('',#2746,#2747);
#2746 = CARTESIAN_POINT('',(-6.1925,-5.8675,7.45));
#2747 = VECTOR('',#2748,1.);
#2748 = DIRECTION('',(0.,0.,-1.));
#2749 = ORIENTED_EDGE('',*,*,#2750,.T.);
#2750 = EDGE_CURVE('',#2743,#2720,#2751,.T.);
#2751 = LINE('',#2752,#2753);
#2752 = CARTESIAN_POINT('',(-6.1925,-5.8675,7.29));
#2753 = VECTOR('',#2754,1.);
#2754 = DIRECTION('',(-1.,0.,0.));
#2755 = ORIENTED_EDGE('',*,*,#2727,.T.);
#2756 = ORIENTED_EDGE('',*,*,#698,.F.);
#2757 = PLANE('',#2758);
#2758 = AXIS2_PLACEMENT_3D('',#2759,#2760,#2761);
#2759 = CARTESIAN_POINT('',(-6.1925,-5.8675,7.45));
#2760 = DIRECTION('',(0.,-1.,0.));
#2761 = DIRECTION('',(0.,0.,-1.));
#2762 = ADVANCED_FACE('',(#2763),#2781,.F.);
#2763 = FACE_BOUND('',#2764,.F.);
#2764 = EDGE_LOOP('',(#2765,#2773,#2779,#2780));
#2765 = ORIENTED_EDGE('',*,*,#2766,.F.);
#2766 = EDGE_CURVE('',#2767,#683,#2769,.T.);
#2767 = VERTEX_POINT('',#2768);
#2768 = CARTESIAN_POINT('',(-6.1925,-6.5075,7.29));
#2769 = LINE('',#2770,#2771);
#2770 = CARTESIAN_POINT('',(-6.1925,-6.5075,7.45));
#2771 = VECTOR('',#2772,1.);
#2772 = DIRECTION('',(0.,0.,-1.));
#2773 = ORIENTED_EDGE('',*,*,#2774,.F.);
#2774 = EDGE_CURVE('',#2743,#2767,#2775,.T.);
#2775 = LINE('',#2776,#2777);
#2776 = CARTESIAN_POINT('',(-6.1925,-5.8675,7.29));
#2777 = VECTOR('',#2778,1.);
#2778 = DIRECTION('',(0.,-1.,0.));
#2779 = ORIENTED_EDGE('',*,*,#2742,.T.);
#2780 = ORIENTED_EDGE('',*,*,#690,.F.);
#2781 = PLANE('',#2782);
#2782 = AXIS2_PLACEMENT_3D('',#2783,#2784,#2785);
#2783 = CARTESIAN_POINT('',(-6.1925,-5.8675,7.45));
#2784 = DIRECTION('',(-1.,0.,0.));
#2785 = DIRECTION('',(0.,0.,-1.));
#2786 = ADVANCED_FACE('',(#2787),#2798,.T.);
#2787 = FACE_BOUND('',#2788,.T.);
#2788 = EDGE_LOOP('',(#2789,#2790,#2796,#2797));
#2789 = ORIENTED_EDGE('',*,*,#2766,.F.);
#2790 = ORIENTED_EDGE('',*,*,#2791,.T.);
#2791 = EDGE_CURVE('',#2767,#2712,#2792,.T.);
#2792 = LINE('',#2793,#2794);
#2793 = CARTESIAN_POINT('',(-6.1925,-6.5075,7.29));
#2794 = VECTOR('',#2795,1.);
#2795 = DIRECTION('',(-1.,0.,0.));
#2796 = ORIENTED_EDGE('',*,*,#2711,.T.);
#2797 = ORIENTED_EDGE('',*,*,#682,.F.);
#2798 = PLANE('',#2799);
#2799 = AXIS2_PLACEMENT_3D('',#2800,#2801,#2802);
#2800 = CARTESIAN_POINT('',(-6.1925,-6.5075,7.45));
#2801 = DIRECTION('',(0.,-1.,0.));
#2802 = DIRECTION('',(0.,0.,-1.));
#2803 = ADVANCED_FACE('',(#2804),#2829,.F.);
#2804 = FACE_BOUND('',#2805,.F.);
#2805 = EDGE_LOOP('',(#2806,#2814,#2822,#2828));
#2806 = ORIENTED_EDGE('',*,*,#2807,.F.);
#2807 = EDGE_CURVE('',#2808,#707,#2810,.T.);
#2808 = VERTEX_POINT('',#2809);
#2809 = CARTESIAN_POINT('',(-3.6525,-6.5075,7.29));
#2810 = LINE('',#2811,#2812);
#2811 = CARTESIAN_POINT('',(-3.6525,-6.5075,7.45));
#2812 = VECTOR('',#2813,1.);
#2813 = DIRECTION('',(0.,0.,-1.));
#2814 = ORIENTED_EDGE('',*,*,#2815,.F.);
#2815 = EDGE_CURVE('',#2816,#2808,#2818,.T.);
#2816 = VERTEX_POINT('',#2817);
#2817 = CARTESIAN_POINT('',(-3.6525,-5.8675,7.29));
#2818 = LINE('',#2819,#2820);
#2819 = CARTESIAN_POINT('',(-3.6525,-5.8675,7.29));
#2820 = VECTOR('',#2821,1.);
#2821 = DIRECTION('',(0.,-1.,0.));
#2822 = ORIENTED_EDGE('',*,*,#2823,.T.);
#2823 = EDGE_CURVE('',#2816,#709,#2824,.T.);
#2824 = LINE('',#2825,#2826);
#2825 = CARTESIAN_POINT('',(-3.6525,-5.8675,7.45));
#2826 = VECTOR('',#2827,1.);
#2827 = DIRECTION('',(0.,0.,-1.));
#2828 = ORIENTED_EDGE('',*,*,#706,.F.);
#2829 = PLANE('',#2830);
#2830 = AXIS2_PLACEMENT_3D('',#2831,#2832,#2833);
#2831 = CARTESIAN_POINT('',(-3.6525,-5.8675,7.45));
#2832 = DIRECTION('',(-1.,0.,0.));
#2833 = DIRECTION('',(0.,0.,-1.));
#2834 = ADVANCED_FACE('',(#2835),#2853,.T.);
#2835 = FACE_BOUND('',#2836,.T.);
#2836 = EDGE_LOOP('',(#2837,#2838,#2846,#2852));
#2837 = ORIENTED_EDGE('',*,*,#2807,.F.);
#2838 = ORIENTED_EDGE('',*,*,#2839,.T.);
#2839 = EDGE_CURVE('',#2808,#2840,#2842,.T.);
#2840 = VERTEX_POINT('',#2841);
#2841 = CARTESIAN_POINT('',(-4.2925,-6.5075,7.29));
#2842 = LINE('',#2843,#2844);
#2843 = CARTESIAN_POINT('',(-3.6525,-6.5075,7.29));
#2844 = VECTOR('',#2845,1.);
#2845 = DIRECTION('',(-1.,0.,0.));
#2846 = ORIENTED_EDGE('',*,*,#2847,.T.);
#2847 = EDGE_CURVE('',#2840,#725,#2848,.T.);
#2848 = LINE('',#2849,#2850);
#2849 = CARTESIAN_POINT('',(-4.2925,-6.5075,7.45));
#2850 = VECTOR('',#2851,1.);
#2851 = DIRECTION('',(0.,0.,-1.));
#2852 = ORIENTED_EDGE('',*,*,#732,.F.);
#2853 = PLANE('',#2854);
#2854 = AXIS2_PLACEMENT_3D('',#2855,#2856,#2857);
#2855 = CARTESIAN_POINT('',(-3.6525,-6.5075,7.45));
#2856 = DIRECTION('',(0.,-1.,0.));
#2857 = DIRECTION('',(0.,0.,-1.));
#2858 = ADVANCED_FACE('',(#2859),#2877,.T.);
#2859 = FACE_BOUND('',#2860,.T.);
#2860 = EDGE_LOOP('',(#2861,#2862,#2870,#2876));
#2861 = ORIENTED_EDGE('',*,*,#2847,.F.);
#2862 = ORIENTED_EDGE('',*,*,#2863,.F.);
#2863 = EDGE_CURVE('',#2864,#2840,#2866,.T.);
#2864 = VERTEX_POINT('',#2865);
#2865 = CARTESIAN_POINT('',(-4.2925,-5.8675,7.29));
#2866 = LINE('',#2867,#2868);
#2867 = CARTESIAN_POINT('',(-4.2925,-5.8675,7.29));
#2868 = VECTOR('',#2869,1.);
#2869 = DIRECTION('',(0.,-1.,0.));
#2870 = ORIENTED_EDGE('',*,*,#2871,.T.);
#2871 = EDGE_CURVE('',#2864,#717,#2872,.T.);
#2872 = LINE('',#2873,#2874);
#2873 = CARTESIAN_POINT('',(-4.2925,-5.8675,7.45));
#2874 = VECTOR('',#2875,1.);
#2875 = DIRECTION('',(0.,0.,-1.));
#2876 = ORIENTED_EDGE('',*,*,#724,.F.);
#2877 = PLANE('',#2878);
#2878 = AXIS2_PLACEMENT_3D('',#2879,#2880,#2881);
#2879 = CARTESIAN_POINT('',(-4.2925,-5.8675,7.45));
#2880 = DIRECTION('',(-1.,0.,0.));
#2881 = DIRECTION('',(0.,0.,-1.));
#2882 = ADVANCED_FACE('',(#2883),#2894,.F.);
#2883 = FACE_BOUND('',#2884,.F.);
#2884 = EDGE_LOOP('',(#2885,#2886,#2892,#2893));
#2885 = ORIENTED_EDGE('',*,*,#2823,.F.);
#2886 = ORIENTED_EDGE('',*,*,#2887,.T.);
#2887 = EDGE_CURVE('',#2816,#2864,#2888,.T.);
#2888 = LINE('',#2889,#2890);
#2889 = CARTESIAN_POINT('',(-3.6525,-5.8675,7.29));
#2890 = VECTOR('',#2891,1.);
#2891 = DIRECTION('',(-1.,0.,0.));
#2892 = ORIENTED_EDGE('',*,*,#2871,.T.);
#2893 = ORIENTED_EDGE('',*,*,#716,.F.);
#2894 = PLANE('',#2895);
#2895 = AXIS2_PLACEMENT_3D('',#2896,#2897,#2898);
#2896 = CARTESIAN_POINT('',(-3.6525,-5.8675,7.45));
#2897 = DIRECTION('',(0.,-1.,0.));
#2898 = DIRECTION('',(0.,0.,-1.));
#2899 = ADVANCED_FACE('',(#2900),#2925,.T.);
#2900 = FACE_BOUND('',#2901,.T.);
#2901 = EDGE_LOOP('',(#2902,#2910,#2918,#2924));
#2902 = ORIENTED_EDGE('',*,*,#2903,.F.);
#2903 = EDGE_CURVE('',#2904,#741,#2906,.T.);
#2904 = VERTEX_POINT('',#2905);
#2905 = CARTESIAN_POINT('',(-8.7325,-6.5075,7.29));
#2906 = LINE('',#2907,#2908);
#2907 = CARTESIAN_POINT('',(-8.7325,-6.5075,7.45));
#2908 = VECTOR('',#2909,1.);
#2909 = DIRECTION('',(0.,0.,-1.));
#2910 = ORIENTED_EDGE('',*,*,#2911,.T.);
#2911 = EDGE_CURVE('',#2904,#2912,#2914,.T.);
#2912 = VERTEX_POINT('',#2913);
#2913 = CARTESIAN_POINT('',(-9.3725,-6.5075,7.29));
#2914 = LINE('',#2915,#2916);
#2915 = CARTESIAN_POINT('',(-8.7325,-6.5075,7.29));
#2916 = VECTOR('',#2917,1.);
#2917 = DIRECTION('',(-1.,0.,0.));
#2918 = ORIENTED_EDGE('',*,*,#2919,.T.);
#2919 = EDGE_CURVE('',#2912,#743,#2920,.T.);
#2920 = LINE('',#2921,#2922);
#2921 = CARTESIAN_POINT('',(-9.3725,-6.5075,7.45));
#2922 = VECTOR('',#2923,1.);
#2923 = DIRECTION('',(0.,0.,-1.));
#2924 = ORIENTED_EDGE('',*,*,#740,.F.);
#2925 = PLANE('',#2926);
#2926 = AXIS2_PLACEMENT_3D('',#2927,#2928,#2929);
#2927 = CARTESIAN_POINT('',(-8.7325,-6.5075,7.45));
#2928 = DIRECTION('',(0.,-1.,0.));
#2929 = DIRECTION('',(0.,0.,-1.));
#2930 = ADVANCED_FACE('',(#2931),#2949,.T.);
#2931 = FACE_BOUND('',#2932,.T.);
#2932 = EDGE_LOOP('',(#2933,#2934,#2942,#2948));
#2933 = ORIENTED_EDGE('',*,*,#2919,.F.);
#2934 = ORIENTED_EDGE('',*,*,#2935,.F.);
#2935 = EDGE_CURVE('',#2936,#2912,#2938,.T.);
#2936 = VERTEX_POINT('',#2937);
#2937 = CARTESIAN_POINT('',(-9.3725,-5.8675,7.29));
#2938 = LINE('',#2939,#2940);
#2939 = CARTESIAN_POINT('',(-9.3725,-5.8675,7.29));
#2940 = VECTOR('',#2941,1.);
#2941 = DIRECTION('',(0.,-1.,0.));
#2942 = ORIENTED_EDGE('',*,*,#2943,.T.);
#2943 = EDGE_CURVE('',#2936,#759,#2944,.T.);
#2944 = LINE('',#2945,#2946);
#2945 = CARTESIAN_POINT('',(-9.3725,-5.8675,7.45));
#2946 = VECTOR('',#2947,1.);
#2947 = DIRECTION('',(0.,0.,-1.));
#2948 = ORIENTED_EDGE('',*,*,#766,.F.);
#2949 = PLANE('',#2950);
#2950 = AXIS2_PLACEMENT_3D('',#2951,#2952,#2953);
#2951 = CARTESIAN_POINT('',(-9.3725,-5.8675,7.45));
#2952 = DIRECTION('',(-1.,0.,0.));
#2953 = DIRECTION('',(0.,0.,-1.));
#2954 = ADVANCED_FACE('',(#2955),#2973,.F.);
#2955 = FACE_BOUND('',#2956,.F.);
#2956 = EDGE_LOOP('',(#2957,#2965,#2971,#2972));
#2957 = ORIENTED_EDGE('',*,*,#2958,.F.);
#2958 = EDGE_CURVE('',#2959,#751,#2961,.T.);
#2959 = VERTEX_POINT('',#2960);
#2960 = CARTESIAN_POINT('',(-8.7325,-5.8675,7.29));
#2961 = LINE('',#2962,#2963);
#2962 = CARTESIAN_POINT('',(-8.7325,-5.8675,7.45));
#2963 = VECTOR('',#2964,1.);
#2964 = DIRECTION('',(0.,0.,-1.));
#2965 = ORIENTED_EDGE('',*,*,#2966,.T.);
#2966 = EDGE_CURVE('',#2959,#2936,#2967,.T.);
#2967 = LINE('',#2968,#2969);
#2968 = CARTESIAN_POINT('',(-8.7325,-5.8675,7.29));
#2969 = VECTOR('',#2970,1.);
#2970 = DIRECTION('',(-1.,0.,0.));
#2971 = ORIENTED_EDGE('',*,*,#2943,.T.);
#2972 = ORIENTED_EDGE('',*,*,#758,.F.);
#2973 = PLANE('',#2974);
#2974 = AXIS2_PLACEMENT_3D('',#2975,#2976,#2977);
#2975 = CARTESIAN_POINT('',(-8.7325,-5.8675,7.45));
#2976 = DIRECTION('',(0.,-1.,0.));
#2977 = DIRECTION('',(0.,0.,-1.));
#2978 = ADVANCED_FACE('',(#2979),#2990,.F.);
#2979 = FACE_BOUND('',#2980,.F.);
#2980 = EDGE_LOOP('',(#2981,#2982,#2988,#2989));
#2981 = ORIENTED_EDGE('',*,*,#2903,.F.);
#2982 = ORIENTED_EDGE('',*,*,#2983,.F.);
#2983 = EDGE_CURVE('',#2959,#2904,#2984,.T.);
#2984 = LINE('',#2985,#2986);
#2985 = CARTESIAN_POINT('',(-8.7325,-5.8675,7.29));
#2986 = VECTOR('',#2987,1.);
#2987 = DIRECTION('',(0.,-1.,0.));
#2988 = ORIENTED_EDGE('',*,*,#2958,.T.);
#2989 = ORIENTED_EDGE('',*,*,#750,.F.);
#2990 = PLANE('',#2991);
#2991 = AXIS2_PLACEMENT_3D('',#2992,#2993,#2994);
#2992 = CARTESIAN_POINT('',(-8.7325,-5.8675,7.45));
#2993 = DIRECTION('',(-1.,0.,0.));
#2994 = DIRECTION('',(0.,0.,-1.));
#2995 = ADVANCED_FACE('',(#2996),#3021,.F.);
#2996 = FACE_BOUND('',#2997,.F.);
#2997 = EDGE_LOOP('',(#2998,#3006,#3007,#3015));
#2998 = ORIENTED_EDGE('',*,*,#2999,.F.);
#2999 = EDGE_CURVE('',#1160,#3000,#3002,.T.);
#3000 = VERTEX_POINT('',#3001);
#3001 = CARTESIAN_POINT('',(9.0475,-6.5075,-3.93));
#3002 = LINE('',#3003,#3004);
#3003 = CARTESIAN_POINT('',(9.0475,-6.5075,7.45));
#3004 = VECTOR('',#3005,1.);
#3005 = DIRECTION('',(0.,0.,-1.));
#3006 = ORIENTED_EDGE('',*,*,#1159,.T.);
#3007 = ORIENTED_EDGE('',*,*,#3008,.T.);
#3008 = EDGE_CURVE('',#1162,#3009,#3011,.T.);
#3009 = VERTEX_POINT('',#3010);
#3010 = CARTESIAN_POINT('',(9.0475,-5.8675,-3.93));
#3011 = LINE('',#3012,#3013);
#3012 = CARTESIAN_POINT('',(9.0475,-5.8675,7.45));
#3013 = VECTOR('',#3014,1.);
#3014 = DIRECTION('',(0.,0.,-1.));
#3015 = ORIENTED_EDGE('',*,*,#3016,.T.);
#3016 = EDGE_CURVE('',#3009,#3000,#3017,.T.);
#3017 = LINE('',#3018,#3019);
#3018 = CARTESIAN_POINT('',(9.0475,-5.8675,-3.93));
#3019 = VECTOR('',#3020,1.);
#3020 = DIRECTION('',(0.,-1.,0.));
#3021 = PLANE('',#3022);
#3022 = AXIS2_PLACEMENT_3D('',#3023,#3024,#3025);
#3023 = CARTESIAN_POINT('',(9.0475,-5.8675,7.45));
#3024 = DIRECTION('',(-1.,0.,0.));
#3025 = DIRECTION('',(0.,0.,-1.));
#3026 = ADVANCED_FACE('',(#3027),#3045,.T.);
#3027 = FACE_BOUND('',#3028,.T.);
#3028 = EDGE_LOOP('',(#3029,#3030,#3031,#3039));
#3029 = ORIENTED_EDGE('',*,*,#2999,.F.);
#3030 = ORIENTED_EDGE('',*,*,#1185,.T.);
#3031 = ORIENTED_EDGE('',*,*,#3032,.T.);
#3032 = EDGE_CURVE('',#1178,#3033,#3035,.T.);
#3033 = VERTEX_POINT('',#3034);
#3034 = CARTESIAN_POINT('',(8.4075,-6.5075,-3.93));
#3035 = LINE('',#3036,#3037);
#3036 = CARTESIAN_POINT('',(8.4075,-6.5075,7.45));
#3037 = VECTOR('',#3038,1.);
#3038 = DIRECTION('',(0.,0.,-1.));
#3039 = ORIENTED_EDGE('',*,*,#3040,.F.);
#3040 = EDGE_CURVE('',#3000,#3033,#3041,.T.);
#3041 = LINE('',#3042,#3043);
#3042 = CARTESIAN_POINT('',(9.0475,-6.5075,-3.93));
#3043 = VECTOR('',#3044,1.);
#3044 = DIRECTION('',(-1.,0.,0.));
#3045 = PLANE('',#3046);
#3046 = AXIS2_PLACEMENT_3D('',#3047,#3048,#3049);
#3047 = CARTESIAN_POINT('',(9.0475,-6.5075,7.45));
#3048 = DIRECTION('',(0.,-1.,0.));
#3049 = DIRECTION('',(0.,0.,-1.));
#3050 = ADVANCED_FACE('',(#3051),#3069,.T.);
#3051 = FACE_BOUND('',#3052,.T.);
#3052 = EDGE_LOOP('',(#3053,#3054,#3055,#3063));
#3053 = ORIENTED_EDGE('',*,*,#3032,.F.);
#3054 = ORIENTED_EDGE('',*,*,#1177,.T.);
#3055 = ORIENTED_EDGE('',*,*,#3056,.T.);
#3056 = EDGE_CURVE('',#1170,#3057,#3059,.T.);
#3057 = VERTEX_POINT('',#3058);
#3058 = CARTESIAN_POINT('',(8.4075,-5.8675,-3.93));
#3059 = LINE('',#3060,#3061);
#3060 = CARTESIAN_POINT('',(8.4075,-5.8675,7.45));
#3061 = VECTOR('',#3062,1.);
#3062 = DIRECTION('',(0.,0.,-1.));
#3063 = ORIENTED_EDGE('',*,*,#3064,.T.);
#3064 = EDGE_CURVE('',#3057,#3033,#3065,.T.);
#3065 = LINE('',#3066,#3067);
#3066 = CARTESIAN_POINT('',(8.4075,-5.8675,-3.93));
#3067 = VECTOR('',#3068,1.);
#3068 = DIRECTION('',(0.,-1.,0.));
#3069 = PLANE('',#3070);
#3070 = AXIS2_PLACEMENT_3D('',#3071,#3072,#3073);
#3071 = CARTESIAN_POINT('',(8.4075,-5.8675,7.45));
#3072 = DIRECTION('',(-1.,0.,0.));
#3073 = DIRECTION('',(0.,0.,-1.));
#3074 = ADVANCED_FACE('',(#3075),#3086,.F.);
#3075 = FACE_BOUND('',#3076,.F.);
#3076 = EDGE_LOOP('',(#3077,#3078,#3079,#3080));
#3077 = ORIENTED_EDGE('',*,*,#3008,.F.);
#3078 = ORIENTED_EDGE('',*,*,#1169,.T.);
#3079 = ORIENTED_EDGE('',*,*,#3056,.T.);
#3080 = ORIENTED_EDGE('',*,*,#3081,.F.);
#3081 = EDGE_CURVE('',#3009,#3057,#3082,.T.);
#3082 = LINE('',#3083,#3084);
#3083 = CARTESIAN_POINT('',(9.0475,-5.8675,-3.93));
#3084 = VECTOR('',#3085,1.);
#3085 = DIRECTION('',(-1.,0.,0.));
#3086 = PLANE('',#3087);
#3087 = AXIS2_PLACEMENT_3D('',#3088,#3089,#3090);
#3088 = CARTESIAN_POINT('',(9.0475,-5.8675,7.45));
#3089 = DIRECTION('',(0.,-1.,0.));
#3090 = DIRECTION('',(0.,0.,-1.));
#3091 = ADVANCED_FACE('',(#3092),#3117,.T.);
#3092 = FACE_BOUND('',#3093,.T.);
#3093 = EDGE_LOOP('',(#3094,#3102,#3103,#3111));
#3094 = ORIENTED_EDGE('',*,*,#3095,.F.);
#3095 = EDGE_CURVE('',#1194,#3096,#3098,.T.);
#3096 = VERTEX_POINT('',#3097);
#3097 = CARTESIAN_POINT('',(5.8675,-6.5075,-3.93));
#3098 = LINE('',#3099,#3100);
#3099 = CARTESIAN_POINT('',(5.8675,-6.5075,7.45));
#3100 = VECTOR('',#3101,1.);
#3101 = DIRECTION('',(0.,0.,-1.));
#3102 = ORIENTED_EDGE('',*,*,#1193,.T.);
#3103 = ORIENTED_EDGE('',*,*,#3104,.T.);
#3104 = EDGE_CURVE('',#1196,#3105,#3107,.T.);
#3105 = VERTEX_POINT('',#3106);
#3106 = CARTESIAN_POINT('',(5.8675,-5.8675,-3.93));
#3107 = LINE('',#3108,#3109);
#3108 = CARTESIAN_POINT('',(5.8675,-5.8675,7.45));
#3109 = VECTOR('',#3110,1.);
#3110 = DIRECTION('',(0.,0.,-1.));
#3111 = ORIENTED_EDGE('',*,*,#3112,.T.);
#3112 = EDGE_CURVE('',#3105,#3096,#3113,.T.);
#3113 = LINE('',#3114,#3115);
#3114 = CARTESIAN_POINT('',(5.8675,-5.8675,-3.93));
#3115 = VECTOR('',#3116,1.);
#3116 = DIRECTION('',(0.,-1.,0.));
#3117 = PLANE('',#3118);
#3118 = AXIS2_PLACEMENT_3D('',#3119,#3120,#3121);
#3119 = CARTESIAN_POINT('',(5.8675,-5.8675,7.45));
#3120 = DIRECTION('',(-1.,0.,0.));
#3121 = DIRECTION('',(0.,0.,-1.));
#3122 = ADVANCED_FACE('',(#3123),#3141,.F.);
#3123 = FACE_BOUND('',#3124,.F.);
#3124 = EDGE_LOOP('',(#3125,#3133,#3134,#3135));
#3125 = ORIENTED_EDGE('',*,*,#3126,.F.);
#3126 = EDGE_CURVE('',#1212,#3127,#3129,.T.);
#3127 = VERTEX_POINT('',#3128);
#3128 = CARTESIAN_POINT('',(6.5075,-5.8675,-3.93));
#3129 = LINE('',#3130,#3131);
#3130 = CARTESIAN_POINT('',(6.5075,-5.8675,7.45));
#3131 = VECTOR('',#3132,1.);
#3132 = DIRECTION('',(0.,0.,-1.));
#3133 = ORIENTED_EDGE('',*,*,#1219,.T.);
#3134 = ORIENTED_EDGE('',*,*,#3104,.T.);
#3135 = ORIENTED_EDGE('',*,*,#3136,.F.);
#3136 = EDGE_CURVE('',#3127,#3105,#3137,.T.);
#3137 = LINE('',#3138,#3139);
#3138 = CARTESIAN_POINT('',(6.5075,-5.8675,-3.93));
#3139 = VECTOR('',#3140,1.);
#3140 = DIRECTION('',(-1.,0.,0.));
#3141 = PLANE('',#3142);
#3142 = AXIS2_PLACEMENT_3D('',#3143,#3144,#3145);
#3143 = CARTESIAN_POINT('',(6.5075,-5.8675,7.45));
#3144 = DIRECTION('',(0.,-1.,0.));
#3145 = DIRECTION('',(0.,0.,-1.));
#3146 = ADVANCED_FACE('',(#3147),#3165,.F.);
#3147 = FACE_BOUND('',#3148,.F.);
#3148 = EDGE_LOOP('',(#3149,#3157,#3158,#3159));
#3149 = ORIENTED_EDGE('',*,*,#3150,.F.);
#3150 = EDGE_CURVE('',#1204,#3151,#3153,.T.);
#3151 = VERTEX_POINT('',#3152);
#3152 = CARTESIAN_POINT('',(6.5075,-6.5075,-3.93));
#3153 = LINE('',#3154,#3155);
#3154 = CARTESIAN_POINT('',(6.5075,-6.5075,7.45));
#3155 = VECTOR('',#3156,1.);
#3156 = DIRECTION('',(0.,0.,-1.));
#3157 = ORIENTED_EDGE('',*,*,#1211,.T.);
#3158 = ORIENTED_EDGE('',*,*,#3126,.T.);
#3159 = ORIENTED_EDGE('',*,*,#3160,.T.);
#3160 = EDGE_CURVE('',#3127,#3151,#3161,.T.);
#3161 = LINE('',#3162,#3163);
#3162 = CARTESIAN_POINT('',(6.5075,-5.8675,-3.93));
#3163 = VECTOR('',#3164,1.);
#3164 = DIRECTION('',(0.,-1.,0.));
#3165 = PLANE('',#3166);
#3166 = AXIS2_PLACEMENT_3D('',#3167,#3168,#3169);
#3167 = CARTESIAN_POINT('',(6.5075,-5.8675,7.45));
#3168 = DIRECTION('',(-1.,0.,0.));
#3169 = DIRECTION('',(0.,0.,-1.));
#3170 = ADVANCED_FACE('',(#3171),#3182,.T.);
#3171 = FACE_BOUND('',#3172,.T.);
#3172 = EDGE_LOOP('',(#3173,#3174,#3175,#3176));
#3173 = ORIENTED_EDGE('',*,*,#3150,.F.);
#3174 = ORIENTED_EDGE('',*,*,#1203,.T.);
#3175 = ORIENTED_EDGE('',*,*,#3095,.T.);
#3176 = ORIENTED_EDGE('',*,*,#3177,.F.);
#3177 = EDGE_CURVE('',#3151,#3096,#3178,.T.);
#3178 = LINE('',#3179,#3180);
#3179 = CARTESIAN_POINT('',(6.5075,-6.5075,-3.93));
#3180 = VECTOR('',#3181,1.);
#3181 = DIRECTION('',(-1.,0.,0.));
#3182 = PLANE('',#3183);
#3183 = AXIS2_PLACEMENT_3D('',#3184,#3185,#3186);
#3184 = CARTESIAN_POINT('',(6.5075,-6.5075,7.45));
#3185 = DIRECTION('',(0.,-1.,0.));
#3186 = DIRECTION('',(0.,0.,-1.));
#3187 = ADVANCED_FACE('',(#3188),#3213,.T.);
#3188 = FACE_BOUND('',#3189,.T.);
#3189 = EDGE_LOOP('',(#3190,#3198,#3199,#3207));
#3190 = ORIENTED_EDGE('',*,*,#3191,.F.);
#3191 = EDGE_CURVE('',#1228,#3192,#3194,.T.);
#3192 = VERTEX_POINT('',#3193);
#3193 = CARTESIAN_POINT('',(-1.1125,-6.5075,-3.93));
#3194 = LINE('',#3195,#3196);
#3195 = CARTESIAN_POINT('',(-1.1125,-6.5075,7.45));
#3196 = VECTOR('',#3197,1.);
#3197 = DIRECTION('',(0.,0.,-1.));
#3198 = ORIENTED_EDGE('',*,*,#1227,.T.);
#3199 = ORIENTED_EDGE('',*,*,#3200,.T.);
#3200 = EDGE_CURVE('',#1230,#3201,#3203,.T.);
#3201 = VERTEX_POINT('',#3202);
#3202 = CARTESIAN_POINT('',(-1.7525,-6.5075,-3.93));
#3203 = LINE('',#3204,#3205);
#3204 = CARTESIAN_POINT('',(-1.7525,-6.5075,7.45));
#3205 = VECTOR('',#3206,1.);
#3206 = DIRECTION('',(0.,0.,-1.));
#3207 = ORIENTED_EDGE('',*,*,#3208,.F.);
#3208 = EDGE_CURVE('',#3192,#3201,#3209,.T.);
#3209 = LINE('',#3210,#3211);
#3210 = CARTESIAN_POINT('',(-1.1125,-6.5075,-3.93));
#3211 = VECTOR('',#3212,1.);
#3212 = DIRECTION('',(-1.,0.,0.));
#3213 = PLANE('',#3214);
#3214 = AXIS2_PLACEMENT_3D('',#3215,#3216,#3217);
#3215 = CARTESIAN_POINT('',(-1.1125,-6.5075,7.45));
#3216 = DIRECTION('',(0.,-1.,0.));
#3217 = DIRECTION('',(0.,0.,-1.));
#3218 = ADVANCED_FACE('',(#3219),#3237,.T.);
#3219 = FACE_BOUND('',#3220,.T.);
#3220 = EDGE_LOOP('',(#3221,#3222,#3223,#3231));
#3221 = ORIENTED_EDGE('',*,*,#3200,.F.);
#3222 = ORIENTED_EDGE('',*,*,#1253,.T.);
#3223 = ORIENTED_EDGE('',*,*,#3224,.T.);
#3224 = EDGE_CURVE('',#1246,#3225,#3227,.T.);
#3225 = VERTEX_POINT('',#3226);
#3226 = CARTESIAN_POINT('',(-1.7525,-5.8675,-3.93));
#3227 = LINE('',#3228,#3229);
#3228 = CARTESIAN_POINT('',(-1.7525,-5.8675,7.45));
#3229 = VECTOR('',#3230,1.);
#3230 = DIRECTION('',(0.,0.,-1.));
#3231 = ORIENTED_EDGE('',*,*,#3232,.T.);
#3232 = EDGE_CURVE('',#3225,#3201,#3233,.T.);
#3233 = LINE('',#3234,#3235);
#3234 = CARTESIAN_POINT('',(-1.7525,-5.8675,-3.93));
#3235 = VECTOR('',#3236,1.);
#3236 = DIRECTION('',(0.,-1.,0.));
#3237 = PLANE('',#3238);
#3238 = AXIS2_PLACEMENT_3D('',#3239,#3240,#3241);
#3239 = CARTESIAN_POINT('',(-1.7525,-5.8675,7.45));
#3240 = DIRECTION('',(-1.,0.,0.));
#3241 = DIRECTION('',(0.,0.,-1.));
#3242 = ADVANCED_FACE('',(#3243),#3261,.F.);
#3243 = FACE_BOUND('',#3244,.F.);
#3244 = EDGE_LOOP('',(#3245,#3253,#3254,#3255));
#3245 = ORIENTED_EDGE('',*,*,#3246,.F.);
#3246 = EDGE_CURVE('',#1238,#3247,#3249,.T.);
#3247 = VERTEX_POINT('',#3248);
#3248 = CARTESIAN_POINT('',(-1.1125,-5.8675,-3.93));
#3249 = LINE('',#3250,#3251);
#3250 = CARTESIAN_POINT('',(-1.1125,-5.8675,7.45));
#3251 = VECTOR('',#3252,1.);
#3252 = DIRECTION('',(0.,0.,-1.));
#3253 = ORIENTED_EDGE('',*,*,#1245,.T.);
#3254 = ORIENTED_EDGE('',*,*,#3224,.T.);
#3255 = ORIENTED_EDGE('',*,*,#3256,.F.);
#3256 = EDGE_CURVE('',#3247,#3225,#3257,.T.);
#3257 = LINE('',#3258,#3259);
#3258 = CARTESIAN_POINT('',(-1.1125,-5.8675,-3.93));
#3259 = VECTOR('',#3260,1.);
#3260 = DIRECTION('',(-1.,0.,0.));
#3261 = PLANE('',#3262);
#3262 = AXIS2_PLACEMENT_3D('',#3263,#3264,#3265);
#3263 = CARTESIAN_POINT('',(-1.1125,-5.8675,7.45));
#3264 = DIRECTION('',(0.,-1.,0.));
#3265 = DIRECTION('',(0.,0.,-1.));
#3266 = ADVANCED_FACE('',(#3267),#3278,.F.);
#3267 = FACE_BOUND('',#3268,.F.);
#3268 = EDGE_LOOP('',(#3269,#3270,#3271,#3272));
#3269 = ORIENTED_EDGE('',*,*,#3191,.F.);
#3270 = ORIENTED_EDGE('',*,*,#1237,.T.);
#3271 = ORIENTED_EDGE('',*,*,#3246,.T.);
#3272 = ORIENTED_EDGE('',*,*,#3273,.T.);
#3273 = EDGE_CURVE('',#3247,#3192,#3274,.T.);
#3274 = LINE('',#3275,#3276);
#3275 = CARTESIAN_POINT('',(-1.1125,-5.8675,-3.93));
#3276 = VECTOR('',#3277,1.);
#3277 = DIRECTION('',(0.,-1.,0.));
#3278 = PLANE('',#3279);
#3279 = AXIS2_PLACEMENT_3D('',#3280,#3281,#3282);
#3280 = CARTESIAN_POINT('',(-1.1125,-5.8675,7.45));
#3281 = DIRECTION('',(-1.,0.,0.));
#3282 = DIRECTION('',(0.,0.,-1.));
#3283 = ADVANCED_FACE('',(#3284),#3309,.T.);
#3284 = FACE_BOUND('',#3285,.T.);
#3285 = EDGE_LOOP('',(#3286,#3294,#3295,#3303));
#3286 = ORIENTED_EDGE('',*,*,#3287,.F.);
#3287 = EDGE_CURVE('',#1262,#3288,#3290,.T.);
#3288 = VERTEX_POINT('',#3289);
#3289 = CARTESIAN_POINT('',(3.3275,-6.5075,-3.93));
#3290 = LINE('',#3291,#3292);
#3291 = CARTESIAN_POINT('',(3.3275,-6.5075,7.45));
#3292 = VECTOR('',#3293,1.);
#3293 = DIRECTION('',(0.,0.,-1.));
#3294 = ORIENTED_EDGE('',*,*,#1261,.T.);
#3295 = ORIENTED_EDGE('',*,*,#3296,.T.);
#3296 = EDGE_CURVE('',#1264,#3297,#3299,.T.);
#3297 = VERTEX_POINT('',#3298);
#3298 = CARTESIAN_POINT('',(3.3275,-5.8675,-3.93));
#3299 = LINE('',#3300,#3301);
#3300 = CARTESIAN_POINT('',(3.3275,-5.8675,7.45));
#3301 = VECTOR('',#3302,1.);
#3302 = DIRECTION('',(0.,0.,-1.));
#3303 = ORIENTED_EDGE('',*,*,#3304,.T.);
#3304 = EDGE_CURVE('',#3297,#3288,#3305,.T.);
#3305 = LINE('',#3306,#3307);
#3306 = CARTESIAN_POINT('',(3.3275,-5.8675,-3.93));
#3307 = VECTOR('',#3308,1.);
#3308 = DIRECTION('',(0.,-1.,0.));
#3309 = PLANE('',#3310);
#3310 = AXIS2_PLACEMENT_3D('',#3311,#3312,#3313);
#3311 = CARTESIAN_POINT('',(3.3275,-5.8675,7.45));
#3312 = DIRECTION('',(-1.,0.,0.));
#3313 = DIRECTION('',(0.,0.,-1.));
#3314 = ADVANCED_FACE('',(#3315),#3333,.F.);
#3315 = FACE_BOUND('',#3316,.F.);
#3316 = EDGE_LOOP('',(#3317,#3325,#3326,#3327));
#3317 = ORIENTED_EDGE('',*,*,#3318,.F.);
#3318 = EDGE_CURVE('',#1280,#3319,#3321,.T.);
#3319 = VERTEX_POINT('',#3320);
#3320 = CARTESIAN_POINT('',(3.9675,-5.8675,-3.93));
#3321 = LINE('',#3322,#3323);
#3322 = CARTESIAN_POINT('',(3.9675,-5.8675,7.45));
#3323 = VECTOR('',#3324,1.);
#3324 = DIRECTION('',(0.,0.,-1.));
#3325 = ORIENTED_EDGE('',*,*,#1287,.T.);
#3326 = ORIENTED_EDGE('',*,*,#3296,.T.);
#3327 = ORIENTED_EDGE('',*,*,#3328,.F.);
#3328 = EDGE_CURVE('',#3319,#3297,#3329,.T.);
#3329 = LINE('',#3330,#3331);
#3330 = CARTESIAN_POINT('',(3.9675,-5.8675,-3.93));
#3331 = VECTOR('',#3332,1.);
#3332 = DIRECTION('',(-1.,0.,0.));
#3333 = PLANE('',#3334);
#3334 = AXIS2_PLACEMENT_3D('',#3335,#3336,#3337);
#3335 = CARTESIAN_POINT('',(3.9675,-5.8675,7.45));
#3336 = DIRECTION('',(0.,-1.,0.));
#3337 = DIRECTION('',(0.,0.,-1.));
#3338 = ADVANCED_FACE('',(#3339),#3357,.F.);
#3339 = FACE_BOUND('',#3340,.F.);
#3340 = EDGE_LOOP('',(#3341,#3349,#3350,#3351));
#3341 = ORIENTED_EDGE('',*,*,#3342,.F.);
#3342 = EDGE_CURVE('',#1272,#3343,#3345,.T.);
#3343 = VERTEX_POINT('',#3344);
#3344 = CARTESIAN_POINT('',(3.9675,-6.5075,-3.93));
#3345 = LINE('',#3346,#3347);
#3346 = CARTESIAN_POINT('',(3.9675,-6.5075,7.45));
#3347 = VECTOR('',#3348,1.);
#3348 = DIRECTION('',(0.,0.,-1.));
#3349 = ORIENTED_EDGE('',*,*,#1279,.T.);
#3350 = ORIENTED_EDGE('',*,*,#3318,.T.);
#3351 = ORIENTED_EDGE('',*,*,#3352,.T.);
#3352 = EDGE_CURVE('',#3319,#3343,#3353,.T.);
#3353 = LINE('',#3354,#3355);
#3354 = CARTESIAN_POINT('',(3.9675,-5.8675,-3.93));
#3355 = VECTOR('',#3356,1.);
#3356 = DIRECTION('',(0.,-1.,0.));
#3357 = PLANE('',#3358);
#3358 = AXIS2_PLACEMENT_3D('',#3359,#3360,#3361);
#3359 = CARTESIAN_POINT('',(3.9675,-5.8675,7.45));
#3360 = DIRECTION('',(-1.,0.,0.));
#3361 = DIRECTION('',(0.,0.,-1.));
#3362 = ADVANCED_FACE('',(#3363),#3374,.T.);
#3363 = FACE_BOUND('',#3364,.T.);
#3364 = EDGE_LOOP('',(#3365,#3366,#3367,#3368));
#3365 = ORIENTED_EDGE('',*,*,#3342,.F.);
#3366 = ORIENTED_EDGE('',*,*,#1271,.T.);
#3367 = ORIENTED_EDGE('',*,*,#3287,.T.);
#3368 = ORIENTED_EDGE('',*,*,#3369,.F.);
#3369 = EDGE_CURVE('',#3343,#3288,#3370,.T.);
#3370 = LINE('',#3371,#3372);
#3371 = CARTESIAN_POINT('',(3.9675,-6.5075,-3.93));
#3372 = VECTOR('',#3373,1.);
#3373 = DIRECTION('',(-1.,0.,0.));
#3374 = PLANE('',#3375);
#3375 = AXIS2_PLACEMENT_3D('',#3376,#3377,#3378);
#3376 = CARTESIAN_POINT('',(3.9675,-6.5075,7.45));
#3377 = DIRECTION('',(0.,-1.,0.));
#3378 = DIRECTION('',(0.,0.,-1.));
#3379 = ADVANCED_FACE('',(#3380),#3405,.T.);
#3380 = FACE_BOUND('',#3381,.T.);
#3381 = EDGE_LOOP('',(#3382,#3390,#3391,#3399));
#3382 = ORIENTED_EDGE('',*,*,#3383,.F.);
#3383 = EDGE_CURVE('',#1296,#3384,#3386,.T.);
#3384 = VERTEX_POINT('',#3385);
#3385 = CARTESIAN_POINT('',(1.4275,-6.5075,-3.93));
#3386 = LINE('',#3387,#3388);
#3387 = CARTESIAN_POINT('',(1.4275,-6.5075,7.45));
#3388 = VECTOR('',#3389,1.);
#3389 = DIRECTION('',(0.,0.,-1.));
#3390 = ORIENTED_EDGE('',*,*,#1295,.T.);
#3391 = ORIENTED_EDGE('',*,*,#3392,.T.);
#3392 = EDGE_CURVE('',#1298,#3393,#3395,.T.);
#3393 = VERTEX_POINT('',#3394);
#3394 = CARTESIAN_POINT('',(0.7875,-6.5075,-3.93));
#3395 = LINE('',#3396,#3397);
#3396 = CARTESIAN_POINT('',(0.7875,-6.5075,7.45));
#3397 = VECTOR('',#3398,1.);
#3398 = DIRECTION('',(0.,0.,-1.));
#3399 = ORIENTED_EDGE('',*,*,#3400,.F.);
#3400 = EDGE_CURVE('',#3384,#3393,#3401,.T.);
#3401 = LINE('',#3402,#3403);
#3402 = CARTESIAN_POINT('',(1.4275,-6.5075,-3.93));
#3403 = VECTOR('',#3404,1.);
#3404 = DIRECTION('',(-1.,0.,0.));
#3405 = PLANE('',#3406);
#3406 = AXIS2_PLACEMENT_3D('',#3407,#3408,#3409);
#3407 = CARTESIAN_POINT('',(1.4275,-6.5075,7.45));
#3408 = DIRECTION('',(0.,-1.,0.));
#3409 = DIRECTION('',(0.,0.,-1.));
#3410 = ADVANCED_FACE('',(#3411),#3429,.T.);
#3411 = FACE_BOUND('',#3412,.T.);
#3412 = EDGE_LOOP('',(#3413,#3414,#3415,#3423));
#3413 = ORIENTED_EDGE('',*,*,#3392,.F.);
#3414 = ORIENTED_EDGE('',*,*,#1321,.T.);
#3415 = ORIENTED_EDGE('',*,*,#3416,.T.);
#3416 = EDGE_CURVE('',#1314,#3417,#3419,.T.);
#3417 = VERTEX_POINT('',#3418);
#3418 = CARTESIAN_POINT('',(0.7875,-5.8675,-3.93));
#3419 = LINE('',#3420,#3421);
#3420 = CARTESIAN_POINT('',(0.7875,-5.8675,7.45));
#3421 = VECTOR('',#3422,1.);
#3422 = DIRECTION('',(0.,0.,-1.));
#3423 = ORIENTED_EDGE('',*,*,#3424,.T.);
#3424 = EDGE_CURVE('',#3417,#3393,#3425,.T.);
#3425 = LINE('',#3426,#3427);
#3426 = CARTESIAN_POINT('',(0.7875,-5.8675,-3.93));
#3427 = VECTOR('',#3428,1.);
#3428 = DIRECTION('',(0.,-1.,0.));
#3429 = PLANE('',#3430);
#3430 = AXIS2_PLACEMENT_3D('',#3431,#3432,#3433);
#3431 = CARTESIAN_POINT('',(0.7875,-5.8675,7.45));
#3432 = DIRECTION('',(-1.,0.,0.));
#3433 = DIRECTION('',(0.,0.,-1.));
#3434 = ADVANCED_FACE('',(#3435),#3453,.F.);
#3435 = FACE_BOUND('',#3436,.F.);
#3436 = EDGE_LOOP('',(#3437,#3445,#3446,#3447));
#3437 = ORIENTED_EDGE('',*,*,#3438,.F.);
#3438 = EDGE_CURVE('',#1306,#3439,#3441,.T.);
#3439 = VERTEX_POINT('',#3440);
#3440 = CARTESIAN_POINT('',(1.4275,-5.8675,-3.93));
#3441 = LINE('',#3442,#3443);
#3442 = CARTESIAN_POINT('',(1.4275,-5.8675,7.45));
#3443 = VECTOR('',#3444,1.);
#3444 = DIRECTION('',(0.,0.,-1.));
#3445 = ORIENTED_EDGE('',*,*,#1313,.T.);
#3446 = ORIENTED_EDGE('',*,*,#3416,.T.);
#3447 = ORIENTED_EDGE('',*,*,#3448,.F.);
#3448 = EDGE_CURVE('',#3439,#3417,#3449,.T.);
#3449 = LINE('',#3450,#3451);
#3450 = CARTESIAN_POINT('',(1.4275,-5.8675,-3.93));
#3451 = VECTOR('',#3452,1.);
#3452 = DIRECTION('',(-1.,0.,0.));
#3453 = PLANE('',#3454);
#3454 = AXIS2_PLACEMENT_3D('',#3455,#3456,#3457);
#3455 = CARTESIAN_POINT('',(1.4275,-5.8675,7.45));
#3456 = DIRECTION('',(0.,-1.,0.));
#3457 = DIRECTION('',(0.,0.,-1.));
#3458 = ADVANCED_FACE('',(#3459),#3470,.F.);
#3459 = FACE_BOUND('',#3460,.F.);
#3460 = EDGE_LOOP('',(#3461,#3462,#3463,#3464));
#3461 = ORIENTED_EDGE('',*,*,#3383,.F.);
#3462 = ORIENTED_EDGE('',*,*,#1305,.T.);
#3463 = ORIENTED_EDGE('',*,*,#3438,.T.);
#3464 = ORIENTED_EDGE('',*,*,#3465,.T.);
#3465 = EDGE_CURVE('',#3439,#3384,#3466,.T.);
#3466 = LINE('',#3467,#3468);
#3467 = CARTESIAN_POINT('',(1.4275,-5.8675,-3.93));
#3468 = VECTOR('',#3469,1.);
#3469 = DIRECTION('',(0.,-1.,0.));
#3470 = PLANE('',#3471);
#3471 = AXIS2_PLACEMENT_3D('',#3472,#3473,#3474);
#3472 = CARTESIAN_POINT('',(1.4275,-5.8675,7.45));
#3473 = DIRECTION('',(-1.,0.,0.));
#3474 = DIRECTION('',(0.,0.,-1.));
#3475 = ADVANCED_FACE('',(#3476),#3501,.T.);
#3476 = FACE_BOUND('',#3477,.T.);
#3477 = EDGE_LOOP('',(#3478,#3486,#3487,#3495));
#3478 = ORIENTED_EDGE('',*,*,#3479,.F.);
#3479 = EDGE_CURVE('',#1330,#3480,#3482,.T.);
#3480 = VERTEX_POINT('',#3481);
#3481 = CARTESIAN_POINT('',(-6.8325,-6.5075,-3.93));
#3482 = LINE('',#3483,#3484);
#3483 = CARTESIAN_POINT('',(-6.8325,-6.5075,7.45));
#3484 = VECTOR('',#3485,1.);
#3485 = DIRECTION('',(0.,0.,-1.));
#3486 = ORIENTED_EDGE('',*,*,#1329,.T.);
#3487 = ORIENTED_EDGE('',*,*,#3488,.T.);
#3488 = EDGE_CURVE('',#1332,#3489,#3491,.T.);
#3489 = VERTEX_POINT('',#3490);
#3490 = CARTESIAN_POINT('',(-6.8325,-5.8675,-3.93));
#3491 = LINE('',#3492,#3493);
#3492 = CARTESIAN_POINT('',(-6.8325,-5.8675,7.45));
#3493 = VECTOR('',#3494,1.);
#3494 = DIRECTION('',(0.,0.,-1.));
#3495 = ORIENTED_EDGE('',*,*,#3496,.T.);
#3496 = EDGE_CURVE('',#3489,#3480,#3497,.T.);
#3497 = LINE('',#3498,#3499);
#3498 = CARTESIAN_POINT('',(-6.8325,-5.8675,-3.93));
#3499 = VECTOR('',#3500,1.);
#3500 = DIRECTION('',(0.,-1.,0.));
#3501 = PLANE('',#3502);
#3502 = AXIS2_PLACEMENT_3D('',#3503,#3504,#3505);
#3503 = CARTESIAN_POINT('',(-6.8325,-5.8675,7.45));
#3504 = DIRECTION('',(-1.,0.,0.));
#3505 = DIRECTION('',(0.,0.,-1.));
#3506 = ADVANCED_FACE('',(#3507),#3525,.F.);
#3507 = FACE_BOUND('',#3508,.F.);
#3508 = EDGE_LOOP('',(#3509,#3517,#3518,#3519));
#3509 = ORIENTED_EDGE('',*,*,#3510,.F.);
#3510 = EDGE_CURVE('',#1348,#3511,#3513,.T.);
#3511 = VERTEX_POINT('',#3512);
#3512 = CARTESIAN_POINT('',(-6.1925,-5.8675,-3.93));
#3513 = LINE('',#3514,#3515);
#3514 = CARTESIAN_POINT('',(-6.1925,-5.8675,7.45));
#3515 = VECTOR('',#3516,1.);
#3516 = DIRECTION('',(0.,0.,-1.));
#3517 = ORIENTED_EDGE('',*,*,#1355,.T.);
#3518 = ORIENTED_EDGE('',*,*,#3488,.T.);
#3519 = ORIENTED_EDGE('',*,*,#3520,.F.);
#3520 = EDGE_CURVE('',#3511,#3489,#3521,.T.);
#3521 = LINE('',#3522,#3523);
#3522 = CARTESIAN_POINT('',(-6.1925,-5.8675,-3.93));
#3523 = VECTOR('',#3524,1.);
#3524 = DIRECTION('',(-1.,0.,0.));
#3525 = PLANE('',#3526);
#3526 = AXIS2_PLACEMENT_3D('',#3527,#3528,#3529);
#3527 = CARTESIAN_POINT('',(-6.1925,-5.8675,7.45));
#3528 = DIRECTION('',(0.,-1.,0.));
#3529 = DIRECTION('',(0.,0.,-1.));
#3530 = ADVANCED_FACE('',(#3531),#3549,.F.);
#3531 = FACE_BOUND('',#3532,.F.);
#3532 = EDGE_LOOP('',(#3533,#3541,#3542,#3543));
#3533 = ORIENTED_EDGE('',*,*,#3534,.F.);
#3534 = EDGE_CURVE('',#1340,#3535,#3537,.T.);
#3535 = VERTEX_POINT('',#3536);
#3536 = CARTESIAN_POINT('',(-6.1925,-6.5075,-3.93));
#3537 = LINE('',#3538,#3539);
#3538 = CARTESIAN_POINT('',(-6.1925,-6.5075,7.45));
#3539 = VECTOR('',#3540,1.);
#3540 = DIRECTION('',(0.,0.,-1.));
#3541 = ORIENTED_EDGE('',*,*,#1347,.T.);
#3542 = ORIENTED_EDGE('',*,*,#3510,.T.);
#3543 = ORIENTED_EDGE('',*,*,#3544,.T.);
#3544 = EDGE_CURVE('',#3511,#3535,#3545,.T.);
#3545 = LINE('',#3546,#3547);
#3546 = CARTESIAN_POINT('',(-6.1925,-5.8675,-3.93));
#3547 = VECTOR('',#3548,1.);
#3548 = DIRECTION('',(0.,-1.,0.));
#3549 = PLANE('',#3550);
#3550 = AXIS2_PLACEMENT_3D('',#3551,#3552,#3553);
#3551 = CARTESIAN_POINT('',(-6.1925,-5.8675,7.45));
#3552 = DIRECTION('',(-1.,0.,0.));
#3553 = DIRECTION('',(0.,0.,-1.));
#3554 = ADVANCED_FACE('',(#3555),#3566,.T.);
#3555 = FACE_BOUND('',#3556,.T.);
#3556 = EDGE_LOOP('',(#3557,#3558,#3559,#3560));
#3557 = ORIENTED_EDGE('',*,*,#3534,.F.);
#3558 = ORIENTED_EDGE('',*,*,#1339,.T.);
#3559 = ORIENTED_EDGE('',*,*,#3479,.T.);
#3560 = ORIENTED_EDGE('',*,*,#3561,.F.);
#3561 = EDGE_CURVE('',#3535,#3480,#3562,.T.);
#3562 = LINE('',#3563,#3564);
#3563 = CARTESIAN_POINT('',(-6.1925,-6.5075,-3.93));
#3564 = VECTOR('',#3565,1.);
#3565 = DIRECTION('',(-1.,0.,0.));
#3566 = PLANE('',#3567);
#3567 = AXIS2_PLACEMENT_3D('',#3568,#3569,#3570);
#3568 = CARTESIAN_POINT('',(-6.1925,-6.5075,7.45));
#3569 = DIRECTION('',(0.,-1.,0.));
#3570 = DIRECTION('',(0.,0.,-1.));
#3571 = ADVANCED_FACE('',(#3572),#3597,.F.);
#3572 = FACE_BOUND('',#3573,.F.);
#3573 = EDGE_LOOP('',(#3574,#3582,#3583,#3591));
#3574 = ORIENTED_EDGE('',*,*,#3575,.F.);
#3575 = EDGE_CURVE('',#1364,#3576,#3578,.T.);
#3576 = VERTEX_POINT('',#3577);
#3577 = CARTESIAN_POINT('',(-3.6525,-6.5075,-3.93));
#3578 = LINE('',#3579,#3580);
#3579 = CARTESIAN_POINT('',(-3.6525,-6.5075,7.45));
#3580 = VECTOR('',#3581,1.);
#3581 = DIRECTION('',(0.,0.,-1.));
#3582 = ORIENTED_EDGE('',*,*,#1363,.T.);
#3583 = ORIENTED_EDGE('',*,*,#3584,.T.);
#3584 = EDGE_CURVE('',#1366,#3585,#3587,.T.);
#3585 = VERTEX_POINT('',#3586);
#3586 = CARTESIAN_POINT('',(-3.6525,-5.8675,-3.93));
#3587 = LINE('',#3588,#3589);
#3588 = CARTESIAN_POINT('',(-3.6525,-5.8675,7.45));
#3589 = VECTOR('',#3590,1.);
#3590 = DIRECTION('',(0.,0.,-1.));
#3591 = ORIENTED_EDGE('',*,*,#3592,.T.);
#3592 = EDGE_CURVE('',#3585,#3576,#3593,.T.);
#3593 = LINE('',#3594,#3595);
#3594 = CARTESIAN_POINT('',(-3.6525,-5.8675,-3.93));
#3595 = VECTOR('',#3596,1.);
#3596 = DIRECTION('',(0.,-1.,0.));
#3597 = PLANE('',#3598);
#3598 = AXIS2_PLACEMENT_3D('',#3599,#3600,#3601);
#3599 = CARTESIAN_POINT('',(-3.6525,-5.8675,7.45));
#3600 = DIRECTION('',(-1.,0.,0.));
#3601 = DIRECTION('',(0.,0.,-1.));
#3602 = ADVANCED_FACE('',(#3603),#3621,.T.);
#3603 = FACE_BOUND('',#3604,.T.);
#3604 = EDGE_LOOP('',(#3605,#3606,#3607,#3615));
#3605 = ORIENTED_EDGE('',*,*,#3575,.F.);
#3606 = ORIENTED_EDGE('',*,*,#1389,.T.);
#3607 = ORIENTED_EDGE('',*,*,#3608,.T.);
#3608 = EDGE_CURVE('',#1382,#3609,#3611,.T.);
#3609 = VERTEX_POINT('',#3610);
#3610 = CARTESIAN_POINT('',(-4.2925,-6.5075,-3.93));
#3611 = LINE('',#3612,#3613);
#3612 = CARTESIAN_POINT('',(-4.2925,-6.5075,7.45));
#3613 = VECTOR('',#3614,1.);
#3614 = DIRECTION('',(0.,0.,-1.));
#3615 = ORIENTED_EDGE('',*,*,#3616,.F.);
#3616 = EDGE_CURVE('',#3576,#3609,#3617,.T.);
#3617 = LINE('',#3618,#3619);
#3618 = CARTESIAN_POINT('',(-3.6525,-6.5075,-3.93));
#3619 = VECTOR('',#3620,1.);
#3620 = DIRECTION('',(-1.,0.,0.));
#3621 = PLANE('',#3622);
#3622 = AXIS2_PLACEMENT_3D('',#3623,#3624,#3625);
#3623 = CARTESIAN_POINT('',(-3.6525,-6.5075,7.45));
#3624 = DIRECTION('',(0.,-1.,0.));
#3625 = DIRECTION('',(0.,0.,-1.));
#3626 = ADVANCED_FACE('',(#3627),#3645,.T.);
#3627 = FACE_BOUND('',#3628,.T.);
#3628 = EDGE_LOOP('',(#3629,#3630,#3631,#3639));
#3629 = ORIENTED_EDGE('',*,*,#3608,.F.);
#3630 = ORIENTED_EDGE('',*,*,#1381,.T.);
#3631 = ORIENTED_EDGE('',*,*,#3632,.T.);
#3632 = EDGE_CURVE('',#1374,#3633,#3635,.T.);
#3633 = VERTEX_POINT('',#3634);
#3634 = CARTESIAN_POINT('',(-4.2925,-5.8675,-3.93));
#3635 = LINE('',#3636,#3637);
#3636 = CARTESIAN_POINT('',(-4.2925,-5.8675,7.45));
#3637 = VECTOR('',#3638,1.);
#3638 = DIRECTION('',(0.,0.,-1.));
#3639 = ORIENTED_EDGE('',*,*,#3640,.T.);
#3640 = EDGE_CURVE('',#3633,#3609,#3641,.T.);
#3641 = LINE('',#3642,#3643);
#3642 = CARTESIAN_POINT('',(-4.2925,-5.8675,-3.93));
#3643 = VECTOR('',#3644,1.);
#3644 = DIRECTION('',(0.,-1.,0.));
#3645 = PLANE('',#3646);
#3646 = AXIS2_PLACEMENT_3D('',#3647,#3648,#3649);
#3647 = CARTESIAN_POINT('',(-4.2925,-5.8675,7.45));
#3648 = DIRECTION('',(-1.,0.,0.));
#3649 = DIRECTION('',(0.,0.,-1.));
#3650 = ADVANCED_FACE('',(#3651),#3662,.F.);
#3651 = FACE_BOUND('',#3652,.F.);
#3652 = EDGE_LOOP('',(#3653,#3654,#3655,#3656));
#3653 = ORIENTED_EDGE('',*,*,#3584,.F.);
#3654 = ORIENTED_EDGE('',*,*,#1373,.T.);
#3655 = ORIENTED_EDGE('',*,*,#3632,.T.);
#3656 = ORIENTED_EDGE('',*,*,#3657,.F.);
#3657 = EDGE_CURVE('',#3585,#3633,#3658,.T.);
#3658 = LINE('',#3659,#3660);
#3659 = CARTESIAN_POINT('',(-3.6525,-5.8675,-3.93));
#3660 = VECTOR('',#3661,1.);
#3661 = DIRECTION('',(-1.,0.,0.));
#3662 = PLANE('',#3663);
#3663 = AXIS2_PLACEMENT_3D('',#3664,#3665,#3666);
#3664 = CARTESIAN_POINT('',(-3.6525,-5.8675,7.45));
#3665 = DIRECTION('',(0.,-1.,0.));
#3666 = DIRECTION('',(0.,0.,-1.));
#3667 = ADVANCED_FACE('',(#3668),#3693,.T.);
#3668 = FACE_BOUND('',#3669,.T.);
#3669 = EDGE_LOOP('',(#3670,#3678,#3679,#3687));
#3670 = ORIENTED_EDGE('',*,*,#3671,.F.);
#3671 = EDGE_CURVE('',#1398,#3672,#3674,.T.);
#3672 = VERTEX_POINT('',#3673);
#3673 = CARTESIAN_POINT('',(-8.7325,-6.5075,-3.93));
#3674 = LINE('',#3675,#3676);
#3675 = CARTESIAN_POINT('',(-8.7325,-6.5075,7.45));
#3676 = VECTOR('',#3677,1.);
#3677 = DIRECTION('',(0.,0.,-1.));
#3678 = ORIENTED_EDGE('',*,*,#1397,.T.);
#3679 = ORIENTED_EDGE('',*,*,#3680,.T.);
#3680 = EDGE_CURVE('',#1400,#3681,#3683,.T.);
#3681 = VERTEX_POINT('',#3682);
#3682 = CARTESIAN_POINT('',(-9.3725,-6.5075,-3.93));
#3683 = LINE('',#3684,#3685);
#3684 = CARTESIAN_POINT('',(-9.3725,-6.5075,7.45));
#3685 = VECTOR('',#3686,1.);
#3686 = DIRECTION('',(0.,0.,-1.));
#3687 = ORIENTED_EDGE('',*,*,#3688,.F.);
#3688 = EDGE_CURVE('',#3672,#3681,#3689,.T.);
#3689 = LINE('',#3690,#3691);
#3690 = CARTESIAN_POINT('',(-8.7325,-6.5075,-3.93));
#3691 = VECTOR('',#3692,1.);
#3692 = DIRECTION('',(-1.,0.,0.));
#3693 = PLANE('',#3694);
#3694 = AXIS2_PLACEMENT_3D('',#3695,#3696,#3697);
#3695 = CARTESIAN_POINT('',(-8.7325,-6.5075,7.45));
#3696 = DIRECTION('',(0.,-1.,0.));
#3697 = DIRECTION('',(0.,0.,-1.));
#3698 = ADVANCED_FACE('',(#3699),#3717,.T.);
#3699 = FACE_BOUND('',#3700,.T.);
#3700 = EDGE_LOOP('',(#3701,#3702,#3703,#3711));
#3701 = ORIENTED_EDGE('',*,*,#3680,.F.);
#3702 = ORIENTED_EDGE('',*,*,#1423,.T.);
#3703 = ORIENTED_EDGE('',*,*,#3704,.T.);
#3704 = EDGE_CURVE('',#1416,#3705,#3707,.T.);
#3705 = VERTEX_POINT('',#3706);
#3706 = CARTESIAN_POINT('',(-9.3725,-5.8675,-3.93));
#3707 = LINE('',#3708,#3709);
#3708 = CARTESIAN_POINT('',(-9.3725,-5.8675,7.45));
#3709 = VECTOR('',#3710,1.);
#3710 = DIRECTION('',(0.,0.,-1.));
#3711 = ORIENTED_EDGE('',*,*,#3712,.T.);
#3712 = EDGE_CURVE('',#3705,#3681,#3713,.T.);
#3713 = LINE('',#3714,#3715);
#3714 = CARTESIAN_POINT('',(-9.3725,-5.8675,-3.93));
#3715 = VECTOR('',#3716,1.);
#3716 = DIRECTION('',(0.,-1.,0.));
#3717 = PLANE('',#3718);
#3718 = AXIS2_PLACEMENT_3D('',#3719,#3720,#3721);
#3719 = CARTESIAN_POINT('',(-9.3725,-5.8675,7.45));
#3720 = DIRECTION('',(-1.,0.,0.));
#3721 = DIRECTION('',(0.,0.,-1.));
#3722 = ADVANCED_FACE('',(#3723),#3741,.F.);
#3723 = FACE_BOUND('',#3724,.F.);
#3724 = EDGE_LOOP('',(#3725,#3733,#3734,#3735));
#3725 = ORIENTED_EDGE('',*,*,#3726,.F.);
#3726 = EDGE_CURVE('',#1408,#3727,#3729,.T.);
#3727 = VERTEX_POINT('',#3728);
#3728 = CARTESIAN_POINT('',(-8.7325,-5.8675,-3.93));
#3729 = LINE('',#3730,#3731);
#3730 = CARTESIAN_POINT('',(-8.7325,-5.8675,7.45));
#3731 = VECTOR('',#3732,1.);
#3732 = DIRECTION('',(0.,0.,-1.));
#3733 = ORIENTED_EDGE('',*,*,#1415,.T.);
#3734 = ORIENTED_EDGE('',*,*,#3704,.T.);
#3735 = ORIENTED_EDGE('',*,*,#3736,.F.);
#3736 = EDGE_CURVE('',#3727,#3705,#3737,.T.);
#3737 = LINE('',#3738,#3739);
#3738 = CARTESIAN_POINT('',(-8.7325,-5.8675,-3.93));
#3739 = VECTOR('',#3740,1.);
#3740 = DIRECTION('',(-1.,0.,0.));
#3741 = PLANE('',#3742);
#3742 = AXIS2_PLACEMENT_3D('',#3743,#3744,#3745);
#3743 = CARTESIAN_POINT('',(-8.7325,-5.8675,7.45));
#3744 = DIRECTION('',(0.,-1.,0.));
#3745 = DIRECTION('',(0.,0.,-1.));
#3746 = ADVANCED_FACE('',(#3747),#3758,.F.);
#3747 = FACE_BOUND('',#3748,.F.);
#3748 = EDGE_LOOP('',(#3749,#3750,#3751,#3752));
#3749 = ORIENTED_EDGE('',*,*,#3671,.F.);
#3750 = ORIENTED_EDGE('',*,*,#1407,.T.);
#3751 = ORIENTED_EDGE('',*,*,#3726,.T.);
#3752 = ORIENTED_EDGE('',*,*,#3753,.T.);
#3753 = EDGE_CURVE('',#3727,#3672,#3754,.T.);
#3754 = LINE('',#3755,#3756);
#3755 = CARTESIAN_POINT('',(-8.7325,-5.8675,-3.93));
#3756 = VECTOR('',#3757,1.);
#3757 = DIRECTION('',(0.,-1.,0.));
#3758 = PLANE('',#3759);
#3759 = AXIS2_PLACEMENT_3D('',#3760,#3761,#3762);
#3760 = CARTESIAN_POINT('',(-8.7325,-5.8675,7.45));
#3761 = DIRECTION('',(-1.,0.,0.));
#3762 = DIRECTION('',(0.,0.,-1.));
#3763 = ADVANCED_FACE('',(#3764),#3789,.T.);
#3764 = FACE_BOUND('',#3765,.T.);
#3765 = EDGE_LOOP('',(#3766,#3776,#3782,#3783));
#3766 = ORIENTED_EDGE('',*,*,#3767,.T.);
#3767 = EDGE_CURVE('',#3768,#3770,#3772,.T.);
#3768 = VERTEX_POINT('',#3769);
#3769 = CARTESIAN_POINT('',(8.8875,-6.0275,7.45));
#3770 = VERTEX_POINT('',#3771);
#3771 = CARTESIAN_POINT('',(8.8875,-6.3475,7.45));
#3772 = LINE('',#3773,#3774);
#3773 = CARTESIAN_POINT('',(8.8875,-5.8675,7.45));
#3774 = VECTOR('',#3775,1.);
#3775 = DIRECTION('',(0.,-1.,0.));
#3776 = ORIENTED_EDGE('',*,*,#3777,.F.);
#3777 = EDGE_CURVE('',#2232,#3770,#3778,.T.);
#3778 = LINE('',#3779,#3780);
#3779 = CARTESIAN_POINT('',(8.8875,-6.3475,7.45));
#3780 = VECTOR('',#3781,1.);
#3781 = DIRECTION('',(-0.57735026919,0.57735026919,0.57735026919));
#3782 = ORIENTED_EDGE('',*,*,#2239,.F.);
#3783 = ORIENTED_EDGE('',*,*,#3784,.T.);
#3784 = EDGE_CURVE('',#2240,#3768,#3785,.T.);
#3785 = LINE('',#3786,#3787);
#3786 = CARTESIAN_POINT('',(8.99416666666,-5.920833333333,7.343333333333
    ));
#3787 = VECTOR('',#3788,1.);
#3788 = DIRECTION('',(-0.57735026919,-0.57735026919,0.57735026919));
#3789 = PLANE('',#3790);
#3790 = AXIS2_PLACEMENT_3D('',#3791,#3792,#3793);
#3791 = CARTESIAN_POINT('',(8.9675,-5.8675,7.37));
#3792 = DIRECTION('',(0.707106781187,-0.,0.707106781187));
#3793 = DIRECTION('',(0.,1.,-0.));
#3794 = ADVANCED_FACE('',(#3795),#3813,.F.);
#3795 = FACE_BOUND('',#3796,.F.);
#3796 = EDGE_LOOP('',(#3797,#3798,#3799,#3807));
#3797 = ORIENTED_EDGE('',*,*,#3777,.F.);
#3798 = ORIENTED_EDGE('',*,*,#2263,.T.);
#3799 = ORIENTED_EDGE('',*,*,#3800,.T.);
#3800 = EDGE_CURVE('',#2264,#3801,#3803,.T.);
#3801 = VERTEX_POINT('',#3802);
#3802 = CARTESIAN_POINT('',(8.5675,-6.3475,7.45));
#3803 = LINE('',#3804,#3805);
#3804 = CARTESIAN_POINT('',(8.67416666666,-6.240833333333,7.556666666667
    ));
#3805 = VECTOR('',#3806,1.);
#3806 = DIRECTION('',(0.57735026919,0.57735026919,0.57735026919));
#3807 = ORIENTED_EDGE('',*,*,#3808,.F.);
#3808 = EDGE_CURVE('',#3770,#3801,#3809,.T.);
#3809 = LINE('',#3810,#3811);
#3810 = CARTESIAN_POINT('',(9.0475,-6.3475,7.45));
#3811 = VECTOR('',#3812,1.);
#3812 = DIRECTION('',(-1.,0.,0.));
#3813 = PLANE('',#3814);
#3814 = AXIS2_PLACEMENT_3D('',#3815,#3816,#3817);
#3815 = CARTESIAN_POINT('',(9.0475,-6.4275,7.37));
#3816 = DIRECTION('',(0.,0.707106781187,-0.707106781187));
#3817 = DIRECTION('',(-1.,0.,0.));
#3818 = ADVANCED_FACE('',(#3819),#3837,.F.);
#3819 = FACE_BOUND('',#3820,.F.);
#3820 = EDGE_LOOP('',(#3821,#3829,#3830,#3831));
#3821 = ORIENTED_EDGE('',*,*,#3822,.T.);
#3822 = EDGE_CURVE('',#3823,#3801,#3825,.T.);
#3823 = VERTEX_POINT('',#3824);
#3824 = CARTESIAN_POINT('',(8.5675,-6.0275,7.45));
#3825 = LINE('',#3826,#3827);
#3826 = CARTESIAN_POINT('',(8.5675,-5.8675,7.45));
#3827 = VECTOR('',#3828,1.);
#3828 = DIRECTION('',(0.,-1.,0.));
#3829 = ORIENTED_EDGE('',*,*,#3800,.F.);
#3830 = ORIENTED_EDGE('',*,*,#2287,.F.);
#3831 = ORIENTED_EDGE('',*,*,#3832,.T.);
#3832 = EDGE_CURVE('',#2288,#3823,#3833,.T.);
#3833 = LINE('',#3834,#3835);
#3834 = CARTESIAN_POINT('',(8.5675,-6.0275,7.45));
#3835 = VECTOR('',#3836,1.);
#3836 = DIRECTION('',(0.57735026919,-0.57735026919,0.57735026919));
#3837 = PLANE('',#3838);
#3838 = AXIS2_PLACEMENT_3D('',#3839,#3840,#3841);
#3839 = CARTESIAN_POINT('',(8.4875,-5.8675,7.37));
#3840 = DIRECTION('',(0.707106781187,0.,-0.707106781187));
#3841 = DIRECTION('',(0.,1.,0.));
#3842 = ADVANCED_FACE('',(#3843),#3854,.T.);
#3843 = FACE_BOUND('',#3844,.T.);
#3844 = EDGE_LOOP('',(#3845,#3846,#3847,#3848));
#3845 = ORIENTED_EDGE('',*,*,#3784,.F.);
#3846 = ORIENTED_EDGE('',*,*,#2311,.T.);
#3847 = ORIENTED_EDGE('',*,*,#3832,.T.);
#3848 = ORIENTED_EDGE('',*,*,#3849,.F.);
#3849 = EDGE_CURVE('',#3768,#3823,#3850,.T.);
#3850 = LINE('',#3851,#3852);
#3851 = CARTESIAN_POINT('',(9.0475,-6.0275,7.45));
#3852 = VECTOR('',#3853,1.);
#3853 = DIRECTION('',(-1.,0.,0.));
#3854 = PLANE('',#3855);
#3855 = AXIS2_PLACEMENT_3D('',#3856,#3857,#3858);
#3856 = CARTESIAN_POINT('',(9.0475,-5.9475,7.37));
#3857 = DIRECTION('',(0.,0.707106781187,0.707106781187));
#3858 = DIRECTION('',(-1.,0.,0.));
#3859 = ADVANCED_FACE('',(#3860),#3885,.F.);
#3860 = FACE_BOUND('',#3861,.F.);
#3861 = EDGE_LOOP('',(#3862,#3872,#3878,#3879));
#3862 = ORIENTED_EDGE('',*,*,#3863,.T.);
#3863 = EDGE_CURVE('',#3864,#3866,#3868,.T.);
#3864 = VERTEX_POINT('',#3865);
#3865 = CARTESIAN_POINT('',(6.0275,-6.0275,7.45));
#3866 = VERTEX_POINT('',#3867);
#3867 = CARTESIAN_POINT('',(6.0275,-6.3475,7.45));
#3868 = LINE('',#3869,#3870);
#3869 = CARTESIAN_POINT('',(6.0275,-5.8675,7.45));
#3870 = VECTOR('',#3871,1.);
#3871 = DIRECTION('',(0.,-1.,0.));
#3872 = ORIENTED_EDGE('',*,*,#3873,.F.);
#3873 = EDGE_CURVE('',#2328,#3866,#3874,.T.);
#3874 = LINE('',#3875,#3876);
#3875 = CARTESIAN_POINT('',(6.13416666666,-6.240833333333,7.556666666667
    ));
#3876 = VECTOR('',#3877,1.);
#3877 = DIRECTION('',(0.57735026919,0.57735026919,0.57735026919));
#3878 = ORIENTED_EDGE('',*,*,#2335,.F.);
#3879 = ORIENTED_EDGE('',*,*,#3880,.T.);
#3880 = EDGE_CURVE('',#2336,#3864,#3881,.T.);
#3881 = LINE('',#3882,#3883);
#3882 = CARTESIAN_POINT('',(6.0275,-6.0275,7.45));
#3883 = VECTOR('',#3884,1.);
#3884 = DIRECTION('',(0.57735026919,-0.57735026919,0.57735026919));
#3885 = PLANE('',#3886);
#3886 = AXIS2_PLACEMENT_3D('',#3887,#3888,#3889);
#3887 = CARTESIAN_POINT('',(5.9475,-5.8675,7.37));
#3888 = DIRECTION('',(0.707106781187,0.,-0.707106781187));
#3889 = DIRECTION('',(0.,1.,0.));
#3890 = ADVANCED_FACE('',(#3891),#3909,.T.);
#3891 = FACE_BOUND('',#3892,.T.);
#3892 = EDGE_LOOP('',(#3893,#3901,#3902,#3903));
#3893 = ORIENTED_EDGE('',*,*,#3894,.F.);
#3894 = EDGE_CURVE('',#2359,#3895,#3897,.T.);
#3895 = VERTEX_POINT('',#3896);
#3896 = CARTESIAN_POINT('',(6.3475,-6.0275,7.45));
#3897 = LINE('',#3898,#3899);
#3898 = CARTESIAN_POINT('',(6.45416666666,-5.920833333333,7.343333333333
    ));
#3899 = VECTOR('',#3900,1.);
#3900 = DIRECTION('',(-0.57735026919,-0.57735026919,0.57735026919));
#3901 = ORIENTED_EDGE('',*,*,#2366,.T.);
#3902 = ORIENTED_EDGE('',*,*,#3880,.T.);
#3903 = ORIENTED_EDGE('',*,*,#3904,.F.);
#3904 = EDGE_CURVE('',#3895,#3864,#3905,.T.);
#3905 = LINE('',#3906,#3907);
#3906 = CARTESIAN_POINT('',(6.5075,-6.0275,7.45));
#3907 = VECTOR('',#3908,1.);
#3908 = DIRECTION('',(-1.,0.,0.));
#3909 = PLANE('',#3910);
#3910 = AXIS2_PLACEMENT_3D('',#3911,#3912,#3913);
#3911 = CARTESIAN_POINT('',(6.5075,-5.9475,7.37));
#3912 = DIRECTION('',(0.,0.707106781187,0.707106781187));
#3913 = DIRECTION('',(-1.,0.,0.));
#3914 = ADVANCED_FACE('',(#3915),#3933,.T.);
#3915 = FACE_BOUND('',#3916,.T.);
#3916 = EDGE_LOOP('',(#3917,#3925,#3931,#3932));
#3917 = ORIENTED_EDGE('',*,*,#3918,.T.);
#3918 = EDGE_CURVE('',#3895,#3919,#3921,.T.);
#3919 = VERTEX_POINT('',#3920);
#3920 = CARTESIAN_POINT('',(6.3475,-6.3475,7.45));
#3921 = LINE('',#3922,#3923);
#3922 = CARTESIAN_POINT('',(6.3475,-5.8675,7.45));
#3923 = VECTOR('',#3924,1.);
#3924 = DIRECTION('',(0.,-1.,0.));
#3925 = ORIENTED_EDGE('',*,*,#3926,.F.);
#3926 = EDGE_CURVE('',#2383,#3919,#3927,.T.);
#3927 = LINE('',#3928,#3929);
#3928 = CARTESIAN_POINT('',(6.3475,-6.3475,7.45));
#3929 = VECTOR('',#3930,1.);
#3930 = DIRECTION('',(-0.57735026919,0.57735026919,0.57735026919));
#3931 = ORIENTED_EDGE('',*,*,#2390,.F.);
#3932 = ORIENTED_EDGE('',*,*,#3894,.T.);
#3933 = PLANE('',#3934);
#3934 = AXIS2_PLACEMENT_3D('',#3935,#3936,#3937);
#3935 = CARTESIAN_POINT('',(6.4275,-5.8675,7.37));
#3936 = DIRECTION('',(0.707106781187,-0.,0.707106781187));
#3937 = DIRECTION('',(0.,1.,-0.));
#3938 = ADVANCED_FACE('',(#3939),#3950,.F.);
#3939 = FACE_BOUND('',#3940,.F.);
#3940 = EDGE_LOOP('',(#3941,#3942,#3943,#3944));
#3941 = ORIENTED_EDGE('',*,*,#3926,.F.);
#3942 = ORIENTED_EDGE('',*,*,#2407,.T.);
#3943 = ORIENTED_EDGE('',*,*,#3873,.T.);
#3944 = ORIENTED_EDGE('',*,*,#3945,.F.);
#3945 = EDGE_CURVE('',#3919,#3866,#3946,.T.);
#3946 = LINE('',#3947,#3948);
#3947 = CARTESIAN_POINT('',(6.5075,-6.3475,7.45));
#3948 = VECTOR('',#3949,1.);
#3949 = DIRECTION('',(-1.,0.,0.));
#3950 = PLANE('',#3951);
#3951 = AXIS2_PLACEMENT_3D('',#3952,#3953,#3954);
#3952 = CARTESIAN_POINT('',(6.5075,-6.4275,7.37));
#3953 = DIRECTION('',(0.,0.707106781187,-0.707106781187));
#3954 = DIRECTION('',(-1.,0.,0.));
#3955 = ADVANCED_FACE('',(#3956),#3981,.F.);
#3956 = FACE_BOUND('',#3957,.F.);
#3957 = EDGE_LOOP('',(#3958,#3966,#3967,#3975));
#3958 = ORIENTED_EDGE('',*,*,#3959,.F.);
#3959 = EDGE_CURVE('',#2424,#3960,#3962,.T.);
#3960 = VERTEX_POINT('',#3961);
#3961 = CARTESIAN_POINT('',(-1.2725,-6.3475,7.45));
#3962 = LINE('',#3963,#3964);
#3963 = CARTESIAN_POINT('',(-1.2725,-6.3475,7.45));
#3964 = VECTOR('',#3965,1.);
#3965 = DIRECTION('',(-0.57735026919,0.57735026919,0.57735026919));
#3966 = ORIENTED_EDGE('',*,*,#2431,.T.);
#3967 = ORIENTED_EDGE('',*,*,#3968,.T.);
#3968 = EDGE_CURVE('',#2432,#3969,#3971,.T.);
#3969 = VERTEX_POINT('',#3970);
#3970 = CARTESIAN_POINT('',(-1.5925,-6.3475,7.45));
#3971 = LINE('',#3972,#3973);
#3972 = CARTESIAN_POINT('',(-1.485833333333,-6.240833333333,
    7.556666666667));
#3973 = VECTOR('',#3974,1.);
#3974 = DIRECTION('',(0.57735026919,0.57735026919,0.57735026919));
#3975 = ORIENTED_EDGE('',*,*,#3976,.F.);
#3976 = EDGE_CURVE('',#3960,#3969,#3977,.T.);
#3977 = LINE('',#3978,#3979);
#3978 = CARTESIAN_POINT('',(-1.1125,-6.3475,7.45));
#3979 = VECTOR('',#3980,1.);
#3980 = DIRECTION('',(-1.,0.,0.));
#3981 = PLANE('',#3982);
#3982 = AXIS2_PLACEMENT_3D('',#3983,#3984,#3985);
#3983 = CARTESIAN_POINT('',(-1.1125,-6.4275,7.37));
#3984 = DIRECTION('',(0.,0.707106781187,-0.707106781187));
#3985 = DIRECTION('',(-1.,0.,0.));
#3986 = ADVANCED_FACE('',(#3987),#4005,.F.);
#3987 = FACE_BOUND('',#3988,.F.);
#3988 = EDGE_LOOP('',(#3989,#3997,#3998,#3999));
#3989 = ORIENTED_EDGE('',*,*,#3990,.T.);
#3990 = EDGE_CURVE('',#3991,#3969,#3993,.T.);
#3991 = VERTEX_POINT('',#3992);
#3992 = CARTESIAN_POINT('',(-1.5925,-6.0275,7.45));
#3993 = LINE('',#3994,#3995);
#3994 = CARTESIAN_POINT('',(-1.5925,-5.8675,7.45));
#3995 = VECTOR('',#3996,1.);
#3996 = DIRECTION('',(0.,-1.,0.));
#3997 = ORIENTED_EDGE('',*,*,#3968,.F.);
#3998 = ORIENTED_EDGE('',*,*,#2455,.F.);
#3999 = ORIENTED_EDGE('',*,*,#4000,.T.);
#4000 = EDGE_CURVE('',#2456,#3991,#4001,.T.);
#4001 = LINE('',#4002,#4003);
#4002 = CARTESIAN_POINT('',(-1.5925,-6.0275,7.45));
#4003 = VECTOR('',#4004,1.);
#4004 = DIRECTION('',(0.57735026919,-0.57735026919,0.57735026919));
#4005 = PLANE('',#4006);
#4006 = AXIS2_PLACEMENT_3D('',#4007,#4008,#4009);
#4007 = CARTESIAN_POINT('',(-1.6725,-5.8675,7.37));
#4008 = DIRECTION('',(0.707106781187,0.,-0.707106781187));
#4009 = DIRECTION('',(0.,1.,0.));
#4010 = ADVANCED_FACE('',(#4011),#4029,.T.);
#4011 = FACE_BOUND('',#4012,.T.);
#4012 = EDGE_LOOP('',(#4013,#4021,#4022,#4023));
#4013 = ORIENTED_EDGE('',*,*,#4014,.F.);
#4014 = EDGE_CURVE('',#2479,#4015,#4017,.T.);
#4015 = VERTEX_POINT('',#4016);
#4016 = CARTESIAN_POINT('',(-1.2725,-6.0275,7.45));
#4017 = LINE('',#4018,#4019);
#4018 = CARTESIAN_POINT('',(-1.165833333333,-5.920833333333,
    7.343333333333));
#4019 = VECTOR('',#4020,1.);
#4020 = DIRECTION('',(-0.57735026919,-0.57735026919,0.57735026919));
#4021 = ORIENTED_EDGE('',*,*,#2486,.T.);
#4022 = ORIENTED_EDGE('',*,*,#4000,.T.);
#4023 = ORIENTED_EDGE('',*,*,#4024,.F.);
#4024 = EDGE_CURVE('',#4015,#3991,#4025,.T.);
#4025 = LINE('',#4026,#4027);
#4026 = CARTESIAN_POINT('',(-1.1125,-6.0275,7.45));
#4027 = VECTOR('',#4028,1.);
#4028 = DIRECTION('',(-1.,0.,0.));
#4029 = PLANE('',#4030);
#4030 = AXIS2_PLACEMENT_3D('',#4031,#4032,#4033);
#4031 = CARTESIAN_POINT('',(-1.1125,-5.9475,7.37));
#4032 = DIRECTION('',(0.,0.707106781187,0.707106781187));
#4033 = DIRECTION('',(-1.,0.,0.));
#4034 = ADVANCED_FACE('',(#4035),#4046,.T.);
#4035 = FACE_BOUND('',#4036,.F.);
#4036 = EDGE_LOOP('',(#4037,#4038,#4039,#4040));
#4037 = ORIENTED_EDGE('',*,*,#4014,.F.);
#4038 = ORIENTED_EDGE('',*,*,#2503,.T.);
#4039 = ORIENTED_EDGE('',*,*,#3959,.T.);
#4040 = ORIENTED_EDGE('',*,*,#4041,.F.);
#4041 = EDGE_CURVE('',#4015,#3960,#4042,.T.);
#4042 = LINE('',#4043,#4044);
#4043 = CARTESIAN_POINT('',(-1.2725,-5.8675,7.45));
#4044 = VECTOR('',#4045,1.);
#4045 = DIRECTION('',(0.,-1.,0.));
#4046 = PLANE('',#4047);
#4047 = AXIS2_PLACEMENT_3D('',#4048,#4049,#4050);
#4048 = CARTESIAN_POINT('',(-1.1925,-5.8675,7.37));
#4049 = DIRECTION('',(0.707106781187,-0.,0.707106781187));
#4050 = DIRECTION('',(0.,1.,-0.));
#4051 = ADVANCED_FACE('',(#4052),#4077,.F.);
#4052 = FACE_BOUND('',#4053,.F.);
#4053 = EDGE_LOOP('',(#4054,#4064,#4070,#4071));
#4054 = ORIENTED_EDGE('',*,*,#4055,.T.);
#4055 = EDGE_CURVE('',#4056,#4058,#4060,.T.);
#4056 = VERTEX_POINT('',#4057);
#4057 = CARTESIAN_POINT('',(3.4875,-6.0275,7.45));
#4058 = VERTEX_POINT('',#4059);
#4059 = CARTESIAN_POINT('',(3.4875,-6.3475,7.45));
#4060 = LINE('',#4061,#4062);
#4061 = CARTESIAN_POINT('',(3.4875,-5.8675,7.45));
#4062 = VECTOR('',#4063,1.);
#4063 = DIRECTION('',(0.,-1.,0.));
#4064 = ORIENTED_EDGE('',*,*,#4065,.F.);
#4065 = EDGE_CURVE('',#2520,#4058,#4066,.T.);
#4066 = LINE('',#4067,#4068);
#4067 = CARTESIAN_POINT('',(3.59416666666,-6.240833333333,7.556666666667
    ));
#4068 = VECTOR('',#4069,1.);
#4069 = DIRECTION('',(0.57735026919,0.57735026919,0.57735026919));
#4070 = ORIENTED_EDGE('',*,*,#2527,.F.);
#4071 = ORIENTED_EDGE('',*,*,#4072,.T.);
#4072 = EDGE_CURVE('',#2528,#4056,#4073,.T.);
#4073 = LINE('',#4074,#4075);
#4074 = CARTESIAN_POINT('',(3.4875,-6.0275,7.45));
#4075 = VECTOR('',#4076,1.);
#4076 = DIRECTION('',(0.57735026919,-0.57735026919,0.57735026919));
#4077 = PLANE('',#4078);
#4078 = AXIS2_PLACEMENT_3D('',#4079,#4080,#4081);
#4079 = CARTESIAN_POINT('',(3.4075,-5.8675,7.37));
#4080 = DIRECTION('',(0.707106781187,0.,-0.707106781187));
#4081 = DIRECTION('',(0.,1.,0.));
#4082 = ADVANCED_FACE('',(#4083),#4101,.T.);
#4083 = FACE_BOUND('',#4084,.T.);
#4084 = EDGE_LOOP('',(#4085,#4093,#4094,#4095));
#4085 = ORIENTED_EDGE('',*,*,#4086,.F.);
#4086 = EDGE_CURVE('',#2551,#4087,#4089,.T.);
#4087 = VERTEX_POINT('',#4088);
#4088 = CARTESIAN_POINT('',(3.8075,-6.0275,7.45));
#4089 = LINE('',#4090,#4091);
#4090 = CARTESIAN_POINT('',(3.91416666666,-5.920833333333,7.343333333333
    ));
#4091 = VECTOR('',#4092,1.);
#4092 = DIRECTION('',(-0.57735026919,-0.57735026919,0.57735026919));
#4093 = ORIENTED_EDGE('',*,*,#2558,.T.);
#4094 = ORIENTED_EDGE('',*,*,#4072,.T.);
#4095 = ORIENTED_EDGE('',*,*,#4096,.F.);
#4096 = EDGE_CURVE('',#4087,#4056,#4097,.T.);
#4097 = LINE('',#4098,#4099);
#4098 = CARTESIAN_POINT('',(3.9675,-6.0275,7.45));
#4099 = VECTOR('',#4100,1.);
#4100 = DIRECTION('',(-1.,0.,0.));
#4101 = PLANE('',#4102);
#4102 = AXIS2_PLACEMENT_3D('',#4103,#4104,#4105);
#4103 = CARTESIAN_POINT('',(3.9675,-5.9475,7.37));
#4104 = DIRECTION('',(0.,0.707106781187,0.707106781187));
#4105 = DIRECTION('',(-1.,0.,0.));
#4106 = ADVANCED_FACE('',(#4107),#4125,.T.);
#4107 = FACE_BOUND('',#4108,.T.);
#4108 = EDGE_LOOP('',(#4109,#4117,#4123,#4124));
#4109 = ORIENTED_EDGE('',*,*,#4110,.T.);
#4110 = EDGE_CURVE('',#4087,#4111,#4113,.T.);
#4111 = VERTEX_POINT('',#4112);
#4112 = CARTESIAN_POINT('',(3.8075,-6.3475,7.45));
#4113 = LINE('',#4114,#4115);
#4114 = CARTESIAN_POINT('',(3.8075,-5.8675,7.45));
#4115 = VECTOR('',#4116,1.);
#4116 = DIRECTION('',(0.,-1.,0.));
#4117 = ORIENTED_EDGE('',*,*,#4118,.F.);
#4118 = EDGE_CURVE('',#2575,#4111,#4119,.T.);
#4119 = LINE('',#4120,#4121);
#4120 = CARTESIAN_POINT('',(3.8075,-6.3475,7.45));
#4121 = VECTOR('',#4122,1.);
#4122 = DIRECTION('',(-0.57735026919,0.57735026919,0.57735026919));
#4123 = ORIENTED_EDGE('',*,*,#2582,.F.);
#4124 = ORIENTED_EDGE('',*,*,#4086,.T.);
#4125 = PLANE('',#4126);
#4126 = AXIS2_PLACEMENT_3D('',#4127,#4128,#4129);
#4127 = CARTESIAN_POINT('',(3.8875,-5.8675,7.37));
#4128 = DIRECTION('',(0.707106781187,-0.,0.707106781187));
#4129 = DIRECTION('',(0.,1.,-0.));
#4130 = ADVANCED_FACE('',(#4131),#4142,.F.);
#4131 = FACE_BOUND('',#4132,.F.);
#4132 = EDGE_LOOP('',(#4133,#4134,#4135,#4136));
#4133 = ORIENTED_EDGE('',*,*,#4118,.F.);
#4134 = ORIENTED_EDGE('',*,*,#2599,.T.);
#4135 = ORIENTED_EDGE('',*,*,#4065,.T.);
#4136 = ORIENTED_EDGE('',*,*,#4137,.F.);
#4137 = EDGE_CURVE('',#4111,#4058,#4138,.T.);
#4138 = LINE('',#4139,#4140);
#4139 = CARTESIAN_POINT('',(3.9675,-6.3475,7.45));
#4140 = VECTOR('',#4141,1.);
#4141 = DIRECTION('',(-1.,0.,0.));
#4142 = PLANE('',#4143);
#4143 = AXIS2_PLACEMENT_3D('',#4144,#4145,#4146);
#4144 = CARTESIAN_POINT('',(3.9675,-6.4275,7.37));
#4145 = DIRECTION('',(0.,0.707106781187,-0.707106781187));
#4146 = DIRECTION('',(-1.,0.,0.));
#4147 = ADVANCED_FACE('',(#4148),#4173,.F.);
#4148 = FACE_BOUND('',#4149,.F.);
#4149 = EDGE_LOOP('',(#4150,#4158,#4159,#4167));
#4150 = ORIENTED_EDGE('',*,*,#4151,.F.);
#4151 = EDGE_CURVE('',#2616,#4152,#4154,.T.);
#4152 = VERTEX_POINT('',#4153);
#4153 = CARTESIAN_POINT('',(1.2675,-6.3475,7.45));
#4154 = LINE('',#4155,#4156);
#4155 = CARTESIAN_POINT('',(1.2675,-6.3475,7.45));
#4156 = VECTOR('',#4157,1.);
#4157 = DIRECTION('',(-0.57735026919,0.57735026919,0.57735026919));
#4158 = ORIENTED_EDGE('',*,*,#2623,.T.);
#4159 = ORIENTED_EDGE('',*,*,#4160,.T.);
#4160 = EDGE_CURVE('',#2624,#4161,#4163,.T.);
#4161 = VERTEX_POINT('',#4162);
#4162 = CARTESIAN_POINT('',(0.9475,-6.3475,7.45));
#4163 = LINE('',#4164,#4165);
#4164 = CARTESIAN_POINT('',(1.05416666666,-6.240833333333,7.556666666667
    ));
#4165 = VECTOR('',#4166,1.);
#4166 = DIRECTION('',(0.57735026919,0.57735026919,0.57735026919));
#4167 = ORIENTED_EDGE('',*,*,#4168,.F.);
#4168 = EDGE_CURVE('',#4152,#4161,#4169,.T.);
#4169 = LINE('',#4170,#4171);
#4170 = CARTESIAN_POINT('',(1.4275,-6.3475,7.45));
#4171 = VECTOR('',#4172,1.);
#4172 = DIRECTION('',(-1.,0.,0.));
#4173 = PLANE('',#4174);
#4174 = AXIS2_PLACEMENT_3D('',#4175,#4176,#4177);
#4175 = CARTESIAN_POINT('',(1.4275,-6.4275,7.37));
#4176 = DIRECTION('',(0.,0.707106781187,-0.707106781187));
#4177 = DIRECTION('',(-1.,0.,0.));
#4178 = ADVANCED_FACE('',(#4179),#4197,.F.);
#4179 = FACE_BOUND('',#4180,.F.);
#4180 = EDGE_LOOP('',(#4181,#4189,#4190,#4191));
#4181 = ORIENTED_EDGE('',*,*,#4182,.T.);
#4182 = EDGE_CURVE('',#4183,#4161,#4185,.T.);
#4183 = VERTEX_POINT('',#4184);
#4184 = CARTESIAN_POINT('',(0.9475,-6.0275,7.45));
#4185 = LINE('',#4186,#4187);
#4186 = CARTESIAN_POINT('',(0.9475,-5.8675,7.45));
#4187 = VECTOR('',#4188,1.);
#4188 = DIRECTION('',(0.,-1.,0.));
#4189 = ORIENTED_EDGE('',*,*,#4160,.F.);
#4190 = ORIENTED_EDGE('',*,*,#2647,.F.);
#4191 = ORIENTED_EDGE('',*,*,#4192,.T.);
#4192 = EDGE_CURVE('',#2648,#4183,#4193,.T.);
#4193 = LINE('',#4194,#4195);
#4194 = CARTESIAN_POINT('',(0.9475,-6.0275,7.45));
#4195 = VECTOR('',#4196,1.);
#4196 = DIRECTION('',(0.57735026919,-0.57735026919,0.57735026919));
#4197 = PLANE('',#4198);
#4198 = AXIS2_PLACEMENT_3D('',#4199,#4200,#4201);
#4199 = CARTESIAN_POINT('',(0.8675,-5.8675,7.37));
#4200 = DIRECTION('',(0.707106781187,0.,-0.707106781187));
#4201 = DIRECTION('',(0.,1.,0.));
#4202 = ADVANCED_FACE('',(#4203),#4221,.T.);
#4203 = FACE_BOUND('',#4204,.T.);
#4204 = EDGE_LOOP('',(#4205,#4213,#4214,#4215));
#4205 = ORIENTED_EDGE('',*,*,#4206,.F.);
#4206 = EDGE_CURVE('',#2671,#4207,#4209,.T.);
#4207 = VERTEX_POINT('',#4208);
#4208 = CARTESIAN_POINT('',(1.2675,-6.0275,7.45));
#4209 = LINE('',#4210,#4211);
#4210 = CARTESIAN_POINT('',(1.37416666666,-5.920833333333,7.343333333333
    ));
#4211 = VECTOR('',#4212,1.);
#4212 = DIRECTION('',(-0.57735026919,-0.57735026919,0.57735026919));
#4213 = ORIENTED_EDGE('',*,*,#2678,.T.);
#4214 = ORIENTED_EDGE('',*,*,#4192,.T.);
#4215 = ORIENTED_EDGE('',*,*,#4216,.F.);
#4216 = EDGE_CURVE('',#4207,#4183,#4217,.T.);
#4217 = LINE('',#4218,#4219);
#4218 = CARTESIAN_POINT('',(1.4275,-6.0275,7.45));
#4219 = VECTOR('',#4220,1.);
#4220 = DIRECTION('',(-1.,0.,0.));
#4221 = PLANE('',#4222);
#4222 = AXIS2_PLACEMENT_3D('',#4223,#4224,#4225);
#4223 = CARTESIAN_POINT('',(1.4275,-5.9475,7.37));
#4224 = DIRECTION('',(0.,0.707106781187,0.707106781187));
#4225 = DIRECTION('',(-1.,0.,0.));
#4226 = ADVANCED_FACE('',(#4227),#4238,.T.);
#4227 = FACE_BOUND('',#4228,.F.);
#4228 = EDGE_LOOP('',(#4229,#4230,#4231,#4232));
#4229 = ORIENTED_EDGE('',*,*,#4206,.F.);
#4230 = ORIENTED_EDGE('',*,*,#2695,.T.);
#4231 = ORIENTED_EDGE('',*,*,#4151,.T.);
#4232 = ORIENTED_EDGE('',*,*,#4233,.F.);
#4233 = EDGE_CURVE('',#4207,#4152,#4234,.T.);
#4234 = LINE('',#4235,#4236);
#4235 = CARTESIAN_POINT('',(1.2675,-5.8675,7.45));
#4236 = VECTOR('',#4237,1.);
#4237 = DIRECTION('',(0.,-1.,0.));
#4238 = PLANE('',#4239);
#4239 = AXIS2_PLACEMENT_3D('',#4240,#4241,#4242);
#4240 = CARTESIAN_POINT('',(1.3475,-5.8675,7.37));
#4241 = DIRECTION('',(0.707106781187,-0.,0.707106781187));
#4242 = DIRECTION('',(0.,1.,-0.));
#4243 = ADVANCED_FACE('',(#4244),#4269,.F.);
#4244 = FACE_BOUND('',#4245,.F.);
#4245 = EDGE_LOOP('',(#4246,#4256,#4262,#4263));
#4246 = ORIENTED_EDGE('',*,*,#4247,.T.);
#4247 = EDGE_CURVE('',#4248,#4250,#4252,.T.);
#4248 = VERTEX_POINT('',#4249);
#4249 = CARTESIAN_POINT('',(-6.6725,-6.0275,7.45));
#4250 = VERTEX_POINT('',#4251);
#4251 = CARTESIAN_POINT('',(-6.6725,-6.3475,7.45));
#4252 = LINE('',#4253,#4254);
#4253 = CARTESIAN_POINT('',(-6.6725,-5.8675,7.45));
#4254 = VECTOR('',#4255,1.);
#4255 = DIRECTION('',(0.,-1.,0.));
#4256 = ORIENTED_EDGE('',*,*,#4257,.F.);
#4257 = EDGE_CURVE('',#2712,#4250,#4258,.T.);
#4258 = LINE('',#4259,#4260);
#4259 = CARTESIAN_POINT('',(-6.565833333333,-6.240833333333,
    7.556666666667));
#4260 = VECTOR('',#4261,1.);
#4261 = DIRECTION('',(0.57735026919,0.57735026919,0.57735026919));
#4262 = ORIENTED_EDGE('',*,*,#2719,.F.);
#4263 = ORIENTED_EDGE('',*,*,#4264,.T.);
#4264 = EDGE_CURVE('',#2720,#4248,#4265,.T.);
#4265 = LINE('',#4266,#4267);
#4266 = CARTESIAN_POINT('',(-6.6725,-6.0275,7.45));
#4267 = VECTOR('',#4268,1.);
#4268 = DIRECTION('',(0.57735026919,-0.57735026919,0.57735026919));
#4269 = PLANE('',#4270);
#4270 = AXIS2_PLACEMENT_3D('',#4271,#4272,#4273);
#4271 = CARTESIAN_POINT('',(-6.7525,-5.8675,7.37));
#4272 = DIRECTION('',(0.707106781187,0.,-0.707106781187));
#4273 = DIRECTION('',(0.,1.,0.));
#4274 = ADVANCED_FACE('',(#4275),#4293,.T.);
#4275 = FACE_BOUND('',#4276,.T.);
#4276 = EDGE_LOOP('',(#4277,#4285,#4286,#4287));
#4277 = ORIENTED_EDGE('',*,*,#4278,.F.);
#4278 = EDGE_CURVE('',#2743,#4279,#4281,.T.);
#4279 = VERTEX_POINT('',#4280);
#4280 = CARTESIAN_POINT('',(-6.3525,-6.0275,7.45));
#4281 = LINE('',#4282,#4283);
#4282 = CARTESIAN_POINT('',(-6.245833333333,-5.920833333333,
    7.343333333333));
#4283 = VECTOR('',#4284,1.);
#4284 = DIRECTION('',(-0.57735026919,-0.57735026919,0.57735026919));
#4285 = ORIENTED_EDGE('',*,*,#2750,.T.);
#4286 = ORIENTED_EDGE('',*,*,#4264,.T.);
#4287 = ORIENTED_EDGE('',*,*,#4288,.F.);
#4288 = EDGE_CURVE('',#4279,#4248,#4289,.T.);
#4289 = LINE('',#4290,#4291);
#4290 = CARTESIAN_POINT('',(-6.1925,-6.0275,7.45));
#4291 = VECTOR('',#4292,1.);
#4292 = DIRECTION('',(-1.,0.,0.));
#4293 = PLANE('',#4294);
#4294 = AXIS2_PLACEMENT_3D('',#4295,#4296,#4297);
#4295 = CARTESIAN_POINT('',(-6.1925,-5.9475,7.37));
#4296 = DIRECTION('',(0.,0.707106781187,0.707106781187));
#4297 = DIRECTION('',(-1.,0.,0.));
#4298 = ADVANCED_FACE('',(#4299),#4317,.T.);
#4299 = FACE_BOUND('',#4300,.T.);
#4300 = EDGE_LOOP('',(#4301,#4309,#4315,#4316));
#4301 = ORIENTED_EDGE('',*,*,#4302,.T.);
#4302 = EDGE_CURVE('',#4279,#4303,#4305,.T.);
#4303 = VERTEX_POINT('',#4304);
#4304 = CARTESIAN_POINT('',(-6.3525,-6.3475,7.45));
#4305 = LINE('',#4306,#4307);
#4306 = CARTESIAN_POINT('',(-6.3525,-5.8675,7.45));
#4307 = VECTOR('',#4308,1.);
#4308 = DIRECTION('',(0.,-1.,0.));
#4309 = ORIENTED_EDGE('',*,*,#4310,.F.);
#4310 = EDGE_CURVE('',#2767,#4303,#4311,.T.);
#4311 = LINE('',#4312,#4313);
#4312 = CARTESIAN_POINT('',(-6.3525,-6.3475,7.45));
#4313 = VECTOR('',#4314,1.);
#4314 = DIRECTION('',(-0.57735026919,0.57735026919,0.57735026919));
#4315 = ORIENTED_EDGE('',*,*,#2774,.F.);
#4316 = ORIENTED_EDGE('',*,*,#4278,.T.);
#4317 = PLANE('',#4318);
#4318 = AXIS2_PLACEMENT_3D('',#4319,#4320,#4321);
#4319 = CARTESIAN_POINT('',(-6.2725,-5.8675,7.37));
#4320 = DIRECTION('',(0.707106781187,-0.,0.707106781187));
#4321 = DIRECTION('',(0.,1.,-0.));
#4322 = ADVANCED_FACE('',(#4323),#4334,.F.);
#4323 = FACE_BOUND('',#4324,.F.);
#4324 = EDGE_LOOP('',(#4325,#4326,#4327,#4328));
#4325 = ORIENTED_EDGE('',*,*,#4310,.F.);
#4326 = ORIENTED_EDGE('',*,*,#2791,.T.);
#4327 = ORIENTED_EDGE('',*,*,#4257,.T.);
#4328 = ORIENTED_EDGE('',*,*,#4329,.F.);
#4329 = EDGE_CURVE('',#4303,#4250,#4330,.T.);
#4330 = LINE('',#4331,#4332);
#4331 = CARTESIAN_POINT('',(-6.1925,-6.3475,7.45));
#4332 = VECTOR('',#4333,1.);
#4333 = DIRECTION('',(-1.,0.,0.));
#4334 = PLANE('',#4335);
#4335 = AXIS2_PLACEMENT_3D('',#4336,#4337,#4338);
#4336 = CARTESIAN_POINT('',(-6.1925,-6.4275,7.37));
#4337 = DIRECTION('',(0.,0.707106781187,-0.707106781187));
#4338 = DIRECTION('',(-1.,0.,0.));
#4339 = ADVANCED_FACE('',(#4340),#4365,.T.);
#4340 = FACE_BOUND('',#4341,.T.);
#4341 = EDGE_LOOP('',(#4342,#4352,#4358,#4359));
#4342 = ORIENTED_EDGE('',*,*,#4343,.T.);
#4343 = EDGE_CURVE('',#4344,#4346,#4348,.T.);
#4344 = VERTEX_POINT('',#4345);
#4345 = CARTESIAN_POINT('',(-3.8125,-6.0275,7.45));
#4346 = VERTEX_POINT('',#4347);
#4347 = CARTESIAN_POINT('',(-3.8125,-6.3475,7.45));
#4348 = LINE('',#4349,#4350);
#4349 = CARTESIAN_POINT('',(-3.8125,-5.8675,7.45));
#4350 = VECTOR('',#4351,1.);
#4351 = DIRECTION('',(0.,-1.,0.));
#4352 = ORIENTED_EDGE('',*,*,#4353,.F.);
#4353 = EDGE_CURVE('',#2808,#4346,#4354,.T.);
#4354 = LINE('',#4355,#4356);
#4355 = CARTESIAN_POINT('',(-3.8125,-6.3475,7.45));
#4356 = VECTOR('',#4357,1.);
#4357 = DIRECTION('',(-0.57735026919,0.57735026919,0.57735026919));
#4358 = ORIENTED_EDGE('',*,*,#2815,.F.);
#4359 = ORIENTED_EDGE('',*,*,#4360,.T.);
#4360 = EDGE_CURVE('',#2816,#4344,#4361,.T.);
#4361 = LINE('',#4362,#4363);
#4362 = CARTESIAN_POINT('',(-3.705833333333,-5.920833333333,
    7.343333333333));
#4363 = VECTOR('',#4364,1.);
#4364 = DIRECTION('',(-0.57735026919,-0.57735026919,0.57735026919));
#4365 = PLANE('',#4366);
#4366 = AXIS2_PLACEMENT_3D('',#4367,#4368,#4369);
#4367 = CARTESIAN_POINT('',(-3.7325,-5.8675,7.37));
#4368 = DIRECTION('',(0.707106781187,-0.,0.707106781187));
#4369 = DIRECTION('',(0.,1.,-0.));
#4370 = ADVANCED_FACE('',(#4371),#4389,.F.);
#4371 = FACE_BOUND('',#4372,.F.);
#4372 = EDGE_LOOP('',(#4373,#4374,#4375,#4383));
#4373 = ORIENTED_EDGE('',*,*,#4353,.F.);
#4374 = ORIENTED_EDGE('',*,*,#2839,.T.);
#4375 = ORIENTED_EDGE('',*,*,#4376,.T.);
#4376 = EDGE_CURVE('',#2840,#4377,#4379,.T.);
#4377 = VERTEX_POINT('',#4378);
#4378 = CARTESIAN_POINT('',(-4.1325,-6.3475,7.45));
#4379 = LINE('',#4380,#4381);
#4380 = CARTESIAN_POINT('',(-4.025833333333,-6.240833333333,
    7.556666666667));
#4381 = VECTOR('',#4382,1.);
#4382 = DIRECTION('',(0.57735026919,0.57735026919,0.57735026919));
#4383 = ORIENTED_EDGE('',*,*,#4384,.F.);
#4384 = EDGE_CURVE('',#4346,#4377,#4385,.T.);
#4385 = LINE('',#4386,#4387);
#4386 = CARTESIAN_POINT('',(-3.6525,-6.3475,7.45));
#4387 = VECTOR('',#4388,1.);
#4388 = DIRECTION('',(-1.,0.,0.));
#4389 = PLANE('',#4390);
#4390 = AXIS2_PLACEMENT_3D('',#4391,#4392,#4393);
#4391 = CARTESIAN_POINT('',(-3.6525,-6.4275,7.37));
#4392 = DIRECTION('',(0.,0.707106781187,-0.707106781187));
#4393 = DIRECTION('',(-1.,0.,0.));
#4394 = ADVANCED_FACE('',(#4395),#4413,.F.);
#4395 = FACE_BOUND('',#4396,.F.);
#4396 = EDGE_LOOP('',(#4397,#4405,#4406,#4407));
#4397 = ORIENTED_EDGE('',*,*,#4398,.T.);
#4398 = EDGE_CURVE('',#4399,#4377,#4401,.T.);
#4399 = VERTEX_POINT('',#4400);
#4400 = CARTESIAN_POINT('',(-4.1325,-6.0275,7.45));
#4401 = LINE('',#4402,#4403);
#4402 = CARTESIAN_POINT('',(-4.1325,-5.8675,7.45));
#4403 = VECTOR('',#4404,1.);
#4404 = DIRECTION('',(0.,-1.,0.));
#4405 = ORIENTED_EDGE('',*,*,#4376,.F.);
#4406 = ORIENTED_EDGE('',*,*,#2863,.F.);
#4407 = ORIENTED_EDGE('',*,*,#4408,.T.);
#4408 = EDGE_CURVE('',#2864,#4399,#4409,.T.);
#4409 = LINE('',#4410,#4411);
#4410 = CARTESIAN_POINT('',(-4.1325,-6.0275,7.45));
#4411 = VECTOR('',#4412,1.);
#4412 = DIRECTION('',(0.57735026919,-0.57735026919,0.57735026919));
#4413 = PLANE('',#4414);
#4414 = AXIS2_PLACEMENT_3D('',#4415,#4416,#4417);
#4415 = CARTESIAN_POINT('',(-4.2125,-5.8675,7.37));
#4416 = DIRECTION('',(0.707106781187,0.,-0.707106781187));
#4417 = DIRECTION('',(0.,1.,0.));
#4418 = ADVANCED_FACE('',(#4419),#4430,.T.);
#4419 = FACE_BOUND('',#4420,.T.);
#4420 = EDGE_LOOP('',(#4421,#4422,#4423,#4424));
#4421 = ORIENTED_EDGE('',*,*,#4360,.F.);
#4422 = ORIENTED_EDGE('',*,*,#2887,.T.);
#4423 = ORIENTED_EDGE('',*,*,#4408,.T.);
#4424 = ORIENTED_EDGE('',*,*,#4425,.F.);
#4425 = EDGE_CURVE('',#4344,#4399,#4426,.T.);
#4426 = LINE('',#4427,#4428);
#4427 = CARTESIAN_POINT('',(-3.6525,-6.0275,7.45));
#4428 = VECTOR('',#4429,1.);
#4429 = DIRECTION('',(-1.,0.,0.));
#4430 = PLANE('',#4431);
#4431 = AXIS2_PLACEMENT_3D('',#4432,#4433,#4434);
#4432 = CARTESIAN_POINT('',(-3.6525,-5.9475,7.37));
#4433 = DIRECTION('',(0.,0.707106781187,0.707106781187));
#4434 = DIRECTION('',(-1.,0.,0.));
#4435 = ADVANCED_FACE('',(#4436),#4461,.F.);
#4436 = FACE_BOUND('',#4437,.F.);
#4437 = EDGE_LOOP('',(#4438,#4446,#4447,#4455));
#4438 = ORIENTED_EDGE('',*,*,#4439,.F.);
#4439 = EDGE_CURVE('',#2904,#4440,#4442,.T.);
#4440 = VERTEX_POINT('',#4441);
#4441 = CARTESIAN_POINT('',(-8.8925,-6.3475,7.45));
#4442 = LINE('',#4443,#4444);
#4443 = CARTESIAN_POINT('',(-8.8925,-6.3475,7.45));
#4444 = VECTOR('',#4445,1.);
#4445 = DIRECTION('',(-0.57735026919,0.57735026919,0.57735026919));
#4446 = ORIENTED_EDGE('',*,*,#2911,.T.);
#4447 = ORIENTED_EDGE('',*,*,#4448,.T.);
#4448 = EDGE_CURVE('',#2912,#4449,#4451,.T.);
#4449 = VERTEX_POINT('',#4450);
#4450 = CARTESIAN_POINT('',(-9.2125,-6.3475,7.45));
#4451 = LINE('',#4452,#4453);
#4452 = CARTESIAN_POINT('',(-9.105833333333,-6.240833333333,
    7.556666666667));
#4453 = VECTOR('',#4454,1.);
#4454 = DIRECTION('',(0.57735026919,0.57735026919,0.57735026919));
#4455 = ORIENTED_EDGE('',*,*,#4456,.F.);
#4456 = EDGE_CURVE('',#4440,#4449,#4457,.T.);
#4457 = LINE('',#4458,#4459);
#4458 = CARTESIAN_POINT('',(-8.7325,-6.3475,7.45));
#4459 = VECTOR('',#4460,1.);
#4460 = DIRECTION('',(-1.,0.,0.));
#4461 = PLANE('',#4462);
#4462 = AXIS2_PLACEMENT_3D('',#4463,#4464,#4465);
#4463 = CARTESIAN_POINT('',(-8.7325,-6.4275,7.37));
#4464 = DIRECTION('',(0.,0.707106781187,-0.707106781187));
#4465 = DIRECTION('',(-1.,0.,0.));
#4466 = ADVANCED_FACE('',(#4467),#4485,.F.);
#4467 = FACE_BOUND('',#4468,.F.);
#4468 = EDGE_LOOP('',(#4469,#4477,#4478,#4479));
#4469 = ORIENTED_EDGE('',*,*,#4470,.T.);
#4470 = EDGE_CURVE('',#4471,#4449,#4473,.T.);
#4471 = VERTEX_POINT('',#4472);
#4472 = CARTESIAN_POINT('',(-9.2125,-6.0275,7.45));
#4473 = LINE('',#4474,#4475);
#4474 = CARTESIAN_POINT('',(-9.2125,-5.8675,7.45));
#4475 = VECTOR('',#4476,1.);
#4476 = DIRECTION('',(0.,-1.,0.));
#4477 = ORIENTED_EDGE('',*,*,#4448,.F.);
#4478 = ORIENTED_EDGE('',*,*,#2935,.F.);
#4479 = ORIENTED_EDGE('',*,*,#4480,.T.);
#4480 = EDGE_CURVE('',#2936,#4471,#4481,.T.);
#4481 = LINE('',#4482,#4483);
#4482 = CARTESIAN_POINT('',(-9.2125,-6.0275,7.45));
#4483 = VECTOR('',#4484,1.);
#4484 = DIRECTION('',(0.57735026919,-0.57735026919,0.57735026919));
#4485 = PLANE('',#4486);
#4486 = AXIS2_PLACEMENT_3D('',#4487,#4488,#4489);
#4487 = CARTESIAN_POINT('',(-9.2925,-5.8675,7.37));
#4488 = DIRECTION('',(0.707106781187,0.,-0.707106781187));
#4489 = DIRECTION('',(0.,1.,0.));
#4490 = ADVANCED_FACE('',(#4491),#4509,.T.);
#4491 = FACE_BOUND('',#4492,.T.);
#4492 = EDGE_LOOP('',(#4493,#4501,#4502,#4503));
#4493 = ORIENTED_EDGE('',*,*,#4494,.F.);
#4494 = EDGE_CURVE('',#2959,#4495,#4497,.T.);
#4495 = VERTEX_POINT('',#4496);
#4496 = CARTESIAN_POINT('',(-8.8925,-6.0275,7.45));
#4497 = LINE('',#4498,#4499);
#4498 = CARTESIAN_POINT('',(-8.785833333333,-5.920833333333,
    7.343333333333));
#4499 = VECTOR('',#4500,1.);
#4500 = DIRECTION('',(-0.57735026919,-0.57735026919,0.57735026919));
#4501 = ORIENTED_EDGE('',*,*,#2966,.T.);
#4502 = ORIENTED_EDGE('',*,*,#4480,.T.);
#4503 = ORIENTED_EDGE('',*,*,#4504,.F.);
#4504 = EDGE_CURVE('',#4495,#4471,#4505,.T.);
#4505 = LINE('',#4506,#4507);
#4506 = CARTESIAN_POINT('',(-8.7325,-6.0275,7.45));
#4507 = VECTOR('',#4508,1.);
#4508 = DIRECTION('',(-1.,0.,0.));
#4509 = PLANE('',#4510);
#4510 = AXIS2_PLACEMENT_3D('',#4511,#4512,#4513);
#4511 = CARTESIAN_POINT('',(-8.7325,-5.9475,7.37));
#4512 = DIRECTION('',(0.,0.707106781187,0.707106781187));
#4513 = DIRECTION('',(-1.,0.,0.));
#4514 = ADVANCED_FACE('',(#4515),#4526,.T.);
#4515 = FACE_BOUND('',#4516,.F.);
#4516 = EDGE_LOOP('',(#4517,#4518,#4519,#4520));
#4517 = ORIENTED_EDGE('',*,*,#4494,.F.);
#4518 = ORIENTED_EDGE('',*,*,#2983,.T.);
#4519 = ORIENTED_EDGE('',*,*,#4439,.T.);
#4520 = ORIENTED_EDGE('',*,*,#4521,.F.);
#4521 = EDGE_CURVE('',#4495,#4440,#4522,.T.);
#4522 = LINE('',#4523,#4524);
#4523 = CARTESIAN_POINT('',(-8.8925,-5.8675,7.45));
#4524 = VECTOR('',#4525,1.);
#4525 = DIRECTION('',(0.,-1.,0.));
#4526 = PLANE('',#4527);
#4527 = AXIS2_PLACEMENT_3D('',#4528,#4529,#4530);
#4528 = CARTESIAN_POINT('',(-8.8125,-5.8675,7.37));
#4529 = DIRECTION('',(0.707106781187,-0.,0.707106781187));
#4530 = DIRECTION('',(0.,1.,-0.));
#4531 = ADVANCED_FACE('',(#4532),#4557,.F.);
#4532 = FACE_BOUND('',#4533,.F.);
#4533 = EDGE_LOOP('',(#4534,#4544,#4550,#4551));
#4534 = ORIENTED_EDGE('',*,*,#4535,.T.);
#4535 = EDGE_CURVE('',#4536,#4538,#4540,.T.);
#4536 = VERTEX_POINT('',#4537);
#4537 = CARTESIAN_POINT('',(8.8875,-6.0275,-4.09));
#4538 = VERTEX_POINT('',#4539);
#4539 = CARTESIAN_POINT('',(8.8875,-6.3475,-4.09));
#4540 = LINE('',#4541,#4542);
#4541 = CARTESIAN_POINT('',(8.8875,-5.8675,-4.09));
#4542 = VECTOR('',#4543,1.);
#4543 = DIRECTION('',(0.,-1.,0.));
#4544 = ORIENTED_EDGE('',*,*,#4545,.F.);
#4545 = EDGE_CURVE('',#3000,#4538,#4546,.T.);
#4546 = LINE('',#4547,#4548);
#4547 = CARTESIAN_POINT('',(8.8875,-6.3475,-4.09));
#4548 = VECTOR('',#4549,1.);
#4549 = DIRECTION('',(-0.57735026919,0.57735026919,-0.57735026919));
#4550 = ORIENTED_EDGE('',*,*,#3016,.F.);
#4551 = ORIENTED_EDGE('',*,*,#4552,.T.);
#4552 = EDGE_CURVE('',#3009,#4536,#4553,.T.);
#4553 = LINE('',#4554,#4555);
#4554 = CARTESIAN_POINT('',(8.99416666666,-5.920833333333,
    -3.983333333333));
#4555 = VECTOR('',#4556,1.);
#4556 = DIRECTION('',(-0.57735026919,-0.57735026919,-0.57735026919));
#4557 = PLANE('',#4558);
#4558 = AXIS2_PLACEMENT_3D('',#4559,#4560,#4561);
#4559 = CARTESIAN_POINT('',(8.9675,-5.8675,-4.01));
#4560 = DIRECTION('',(-0.707106781187,0.,0.707106781187));
#4561 = DIRECTION('',(0.,1.,-0.));
#4562 = ADVANCED_FACE('',(#4563),#4581,.T.);
#4563 = FACE_BOUND('',#4564,.T.);
#4564 = EDGE_LOOP('',(#4565,#4566,#4567,#4575));
#4565 = ORIENTED_EDGE('',*,*,#4545,.F.);
#4566 = ORIENTED_EDGE('',*,*,#3040,.T.);
#4567 = ORIENTED_EDGE('',*,*,#4568,.T.);
#4568 = EDGE_CURVE('',#3033,#4569,#4571,.T.);
#4569 = VERTEX_POINT('',#4570);
#4570 = CARTESIAN_POINT('',(8.5675,-6.3475,-4.09));
#4571 = LINE('',#4572,#4573);
#4572 = CARTESIAN_POINT('',(8.67416666666,-6.240833333333,
    -4.196666666667));
#4573 = VECTOR('',#4574,1.);
#4574 = DIRECTION('',(0.57735026919,0.57735026919,-0.57735026919));
#4575 = ORIENTED_EDGE('',*,*,#4576,.F.);
#4576 = EDGE_CURVE('',#4538,#4569,#4577,.T.);
#4577 = LINE('',#4578,#4579);
#4578 = CARTESIAN_POINT('',(9.0475,-6.3475,-4.09));
#4579 = VECTOR('',#4580,1.);
#4580 = DIRECTION('',(-1.,0.,0.));
#4581 = PLANE('',#4582);
#4582 = AXIS2_PLACEMENT_3D('',#4583,#4584,#4585);
#4583 = CARTESIAN_POINT('',(9.0475,-6.4275,-4.01));
#4584 = DIRECTION('',(0.,-0.707106781187,-0.707106781187));
#4585 = DIRECTION('',(-1.,0.,0.));
#4586 = ADVANCED_FACE('',(#4587),#4605,.T.);
#4587 = FACE_BOUND('',#4588,.T.);
#4588 = EDGE_LOOP('',(#4589,#4597,#4598,#4599));
#4589 = ORIENTED_EDGE('',*,*,#4590,.T.);
#4590 = EDGE_CURVE('',#4591,#4569,#4593,.T.);
#4591 = VERTEX_POINT('',#4592);
#4592 = CARTESIAN_POINT('',(8.5675,-6.0275,-4.09));
#4593 = LINE('',#4594,#4595);
#4594 = CARTESIAN_POINT('',(8.5675,-5.8675,-4.09));
#4595 = VECTOR('',#4596,1.);
#4596 = DIRECTION('',(0.,-1.,0.));
#4597 = ORIENTED_EDGE('',*,*,#4568,.F.);
#4598 = ORIENTED_EDGE('',*,*,#3064,.F.);
#4599 = ORIENTED_EDGE('',*,*,#4600,.T.);
#4600 = EDGE_CURVE('',#3057,#4591,#4601,.T.);
#4601 = LINE('',#4602,#4603);
#4602 = CARTESIAN_POINT('',(8.5675,-6.0275,-4.09));
#4603 = VECTOR('',#4604,1.);
#4604 = DIRECTION('',(0.57735026919,-0.57735026919,-0.57735026919));
#4605 = PLANE('',#4606);
#4606 = AXIS2_PLACEMENT_3D('',#4607,#4608,#4609);
#4607 = CARTESIAN_POINT('',(8.4875,-5.8675,-4.01));
#4608 = DIRECTION('',(-0.707106781187,0.,-0.707106781187));
#4609 = DIRECTION('',(0.,1.,0.));
#4610 = ADVANCED_FACE('',(#4611),#4622,.F.);
#4611 = FACE_BOUND('',#4612,.F.);
#4612 = EDGE_LOOP('',(#4613,#4614,#4615,#4616));
#4613 = ORIENTED_EDGE('',*,*,#4552,.F.);
#4614 = ORIENTED_EDGE('',*,*,#3081,.T.);
#4615 = ORIENTED_EDGE('',*,*,#4600,.T.);
#4616 = ORIENTED_EDGE('',*,*,#4617,.F.);
#4617 = EDGE_CURVE('',#4536,#4591,#4618,.T.);
#4618 = LINE('',#4619,#4620);
#4619 = CARTESIAN_POINT('',(9.0475,-6.0275,-4.09));
#4620 = VECTOR('',#4621,1.);
#4621 = DIRECTION('',(-1.,0.,0.));
#4622 = PLANE('',#4623);
#4623 = AXIS2_PLACEMENT_3D('',#4624,#4625,#4626);
#4624 = CARTESIAN_POINT('',(9.0475,-5.9475,-4.01));
#4625 = DIRECTION('',(0.,-0.707106781187,0.707106781187));
#4626 = DIRECTION('',(-1.,0.,0.));
#4627 = ADVANCED_FACE('',(#4628),#4653,.T.);
#4628 = FACE_BOUND('',#4629,.T.);
#4629 = EDGE_LOOP('',(#4630,#4640,#4646,#4647));
#4630 = ORIENTED_EDGE('',*,*,#4631,.T.);
#4631 = EDGE_CURVE('',#4632,#4634,#4636,.T.);
#4632 = VERTEX_POINT('',#4633);
#4633 = CARTESIAN_POINT('',(6.0275,-6.0275,-4.09));
#4634 = VERTEX_POINT('',#4635);
#4635 = CARTESIAN_POINT('',(6.0275,-6.3475,-4.09));
#4636 = LINE('',#4637,#4638);
#4637 = CARTESIAN_POINT('',(6.0275,-5.8675,-4.09));
#4638 = VECTOR('',#4639,1.);
#4639 = DIRECTION('',(0.,-1.,0.));
#4640 = ORIENTED_EDGE('',*,*,#4641,.F.);
#4641 = EDGE_CURVE('',#3096,#4634,#4642,.T.);
#4642 = LINE('',#4643,#4644);
#4643 = CARTESIAN_POINT('',(6.13416666666,-6.240833333333,
    -4.196666666667));
#4644 = VECTOR('',#4645,1.);
#4645 = DIRECTION('',(0.57735026919,0.57735026919,-0.57735026919));
#4646 = ORIENTED_EDGE('',*,*,#3112,.F.);
#4647 = ORIENTED_EDGE('',*,*,#4648,.T.);
#4648 = EDGE_CURVE('',#3105,#4632,#4649,.T.);
#4649 = LINE('',#4650,#4651);
#4650 = CARTESIAN_POINT('',(6.0275,-6.0275,-4.09));
#4651 = VECTOR('',#4652,1.);
#4652 = DIRECTION('',(0.57735026919,-0.57735026919,-0.57735026919));
#4653 = PLANE('',#4654);
#4654 = AXIS2_PLACEMENT_3D('',#4655,#4656,#4657);
#4655 = CARTESIAN_POINT('',(5.9475,-5.8675,-4.01));
#4656 = DIRECTION('',(-0.707106781187,0.,-0.707106781187));
#4657 = DIRECTION('',(0.,1.,0.));
#4658 = ADVANCED_FACE('',(#4659),#4677,.F.);
#4659 = FACE_BOUND('',#4660,.F.);
#4660 = EDGE_LOOP('',(#4661,#4669,#4670,#4671));
#4661 = ORIENTED_EDGE('',*,*,#4662,.F.);
#4662 = EDGE_CURVE('',#3127,#4663,#4665,.T.);
#4663 = VERTEX_POINT('',#4664);
#4664 = CARTESIAN_POINT('',(6.3475,-6.0275,-4.09));
#4665 = LINE('',#4666,#4667);
#4666 = CARTESIAN_POINT('',(6.45416666666,-5.920833333333,
    -3.983333333333));
#4667 = VECTOR('',#4668,1.);
#4668 = DIRECTION('',(-0.57735026919,-0.57735026919,-0.57735026919));
#4669 = ORIENTED_EDGE('',*,*,#3136,.T.);
#4670 = ORIENTED_EDGE('',*,*,#4648,.T.);
#4671 = ORIENTED_EDGE('',*,*,#4672,.F.);
#4672 = EDGE_CURVE('',#4663,#4632,#4673,.T.);
#4673 = LINE('',#4674,#4675);
#4674 = CARTESIAN_POINT('',(6.5075,-6.0275,-4.09));
#4675 = VECTOR('',#4676,1.);
#4676 = DIRECTION('',(-1.,0.,0.));
#4677 = PLANE('',#4678);
#4678 = AXIS2_PLACEMENT_3D('',#4679,#4680,#4681);
#4679 = CARTESIAN_POINT('',(6.5075,-5.9475,-4.01));
#4680 = DIRECTION('',(0.,-0.707106781187,0.707106781187));
#4681 = DIRECTION('',(-1.,0.,0.));
#4682 = ADVANCED_FACE('',(#4683),#4701,.F.);
#4683 = FACE_BOUND('',#4684,.F.);
#4684 = EDGE_LOOP('',(#4685,#4693,#4699,#4700));
#4685 = ORIENTED_EDGE('',*,*,#4686,.T.);
#4686 = EDGE_CURVE('',#4663,#4687,#4689,.T.);
#4687 = VERTEX_POINT('',#4688);
#4688 = CARTESIAN_POINT('',(6.3475,-6.3475,-4.09));
#4689 = LINE('',#4690,#4691);
#4690 = CARTESIAN_POINT('',(6.3475,-5.8675,-4.09));
#4691 = VECTOR('',#4692,1.);
#4692 = DIRECTION('',(0.,-1.,0.));
#4693 = ORIENTED_EDGE('',*,*,#4694,.F.);
#4694 = EDGE_CURVE('',#3151,#4687,#4695,.T.);
#4695 = LINE('',#4696,#4697);
#4696 = CARTESIAN_POINT('',(6.3475,-6.3475,-4.09));
#4697 = VECTOR('',#4698,1.);
#4698 = DIRECTION('',(-0.57735026919,0.57735026919,-0.57735026919));
#4699 = ORIENTED_EDGE('',*,*,#3160,.F.);
#4700 = ORIENTED_EDGE('',*,*,#4662,.T.);
#4701 = PLANE('',#4702);
#4702 = AXIS2_PLACEMENT_3D('',#4703,#4704,#4705);
#4703 = CARTESIAN_POINT('',(6.4275,-5.8675,-4.01));
#4704 = DIRECTION('',(-0.707106781187,0.,0.707106781187));
#4705 = DIRECTION('',(0.,1.,-0.));
#4706 = ADVANCED_FACE('',(#4707),#4718,.T.);
#4707 = FACE_BOUND('',#4708,.T.);
#4708 = EDGE_LOOP('',(#4709,#4710,#4711,#4712));
#4709 = ORIENTED_EDGE('',*,*,#4694,.F.);
#4710 = ORIENTED_EDGE('',*,*,#3177,.T.);
#4711 = ORIENTED_EDGE('',*,*,#4641,.T.);
#4712 = ORIENTED_EDGE('',*,*,#4713,.F.);
#4713 = EDGE_CURVE('',#4687,#4634,#4714,.T.);
#4714 = LINE('',#4715,#4716);
#4715 = CARTESIAN_POINT('',(6.5075,-6.3475,-4.09));
#4716 = VECTOR('',#4717,1.);
#4717 = DIRECTION('',(-1.,0.,0.));
#4718 = PLANE('',#4719);
#4719 = AXIS2_PLACEMENT_3D('',#4720,#4721,#4722);
#4720 = CARTESIAN_POINT('',(6.5075,-6.4275,-4.01));
#4721 = DIRECTION('',(0.,-0.707106781187,-0.707106781187));
#4722 = DIRECTION('',(-1.,0.,0.));
#4723 = ADVANCED_FACE('',(#4724),#4749,.T.);
#4724 = FACE_BOUND('',#4725,.T.);
#4725 = EDGE_LOOP('',(#4726,#4734,#4735,#4743));
#4726 = ORIENTED_EDGE('',*,*,#4727,.F.);
#4727 = EDGE_CURVE('',#3192,#4728,#4730,.T.);
#4728 = VERTEX_POINT('',#4729);
#4729 = CARTESIAN_POINT('',(-1.2725,-6.3475,-4.09));
#4730 = LINE('',#4731,#4732);
#4731 = CARTESIAN_POINT('',(-1.2725,-6.3475,-4.09));
#4732 = VECTOR('',#4733,1.);
#4733 = DIRECTION('',(-0.57735026919,0.57735026919,-0.57735026919));
#4734 = ORIENTED_EDGE('',*,*,#3208,.T.);
#4735 = ORIENTED_EDGE('',*,*,#4736,.T.);
#4736 = EDGE_CURVE('',#3201,#4737,#4739,.T.);
#4737 = VERTEX_POINT('',#4738);
#4738 = CARTESIAN_POINT('',(-1.5925,-6.3475,-4.09));
#4739 = LINE('',#4740,#4741);
#4740 = CARTESIAN_POINT('',(-1.485833333333,-6.240833333333,
    -4.196666666667));
#4741 = VECTOR('',#4742,1.);
#4742 = DIRECTION('',(0.57735026919,0.57735026919,-0.57735026919));
#4743 = ORIENTED_EDGE('',*,*,#4744,.F.);
#4744 = EDGE_CURVE('',#4728,#4737,#4745,.T.);
#4745 = LINE('',#4746,#4747);
#4746 = CARTESIAN_POINT('',(-1.1125,-6.3475,-4.09));
#4747 = VECTOR('',#4748,1.);
#4748 = DIRECTION('',(-1.,0.,0.));
#4749 = PLANE('',#4750);
#4750 = AXIS2_PLACEMENT_3D('',#4751,#4752,#4753);
#4751 = CARTESIAN_POINT('',(-1.1125,-6.4275,-4.01));
#4752 = DIRECTION('',(0.,-0.707106781187,-0.707106781187));
#4753 = DIRECTION('',(-1.,0.,0.));
#4754 = ADVANCED_FACE('',(#4755),#4773,.T.);
#4755 = FACE_BOUND('',#4756,.T.);
#4756 = EDGE_LOOP('',(#4757,#4765,#4766,#4767));
#4757 = ORIENTED_EDGE('',*,*,#4758,.T.);
#4758 = EDGE_CURVE('',#4759,#4737,#4761,.T.);
#4759 = VERTEX_POINT('',#4760);
#4760 = CARTESIAN_POINT('',(-1.5925,-6.0275,-4.09));
#4761 = LINE('',#4762,#4763);
#4762 = CARTESIAN_POINT('',(-1.5925,-5.8675,-4.09));
#4763 = VECTOR('',#4764,1.);
#4764 = DIRECTION('',(0.,-1.,0.));
#4765 = ORIENTED_EDGE('',*,*,#4736,.F.);
#4766 = ORIENTED_EDGE('',*,*,#3232,.F.);
#4767 = ORIENTED_EDGE('',*,*,#4768,.T.);
#4768 = EDGE_CURVE('',#3225,#4759,#4769,.T.);
#4769 = LINE('',#4770,#4771);
#4770 = CARTESIAN_POINT('',(-1.5925,-6.0275,-4.09));
#4771 = VECTOR('',#4772,1.);
#4772 = DIRECTION('',(0.57735026919,-0.57735026919,-0.57735026919));
#4773 = PLANE('',#4774);
#4774 = AXIS2_PLACEMENT_3D('',#4775,#4776,#4777);
#4775 = CARTESIAN_POINT('',(-1.6725,-5.8675,-4.01));
#4776 = DIRECTION('',(-0.707106781187,0.,-0.707106781187));
#4777 = DIRECTION('',(0.,1.,0.));
#4778 = ADVANCED_FACE('',(#4779),#4797,.F.);
#4779 = FACE_BOUND('',#4780,.F.);
#4780 = EDGE_LOOP('',(#4781,#4789,#4790,#4791));
#4781 = ORIENTED_EDGE('',*,*,#4782,.F.);
#4782 = EDGE_CURVE('',#3247,#4783,#4785,.T.);
#4783 = VERTEX_POINT('',#4784);
#4784 = CARTESIAN_POINT('',(-1.2725,-6.0275,-4.09));
#4785 = LINE('',#4786,#4787);
#4786 = CARTESIAN_POINT('',(-1.165833333333,-5.920833333333,
    -3.983333333333));
#4787 = VECTOR('',#4788,1.);
#4788 = DIRECTION('',(-0.57735026919,-0.57735026919,-0.57735026919));
#4789 = ORIENTED_EDGE('',*,*,#3256,.T.);
#4790 = ORIENTED_EDGE('',*,*,#4768,.T.);
#4791 = ORIENTED_EDGE('',*,*,#4792,.F.);
#4792 = EDGE_CURVE('',#4783,#4759,#4793,.T.);
#4793 = LINE('',#4794,#4795);
#4794 = CARTESIAN_POINT('',(-1.1125,-6.0275,-4.09));
#4795 = VECTOR('',#4796,1.);
#4796 = DIRECTION('',(-1.,0.,0.));
#4797 = PLANE('',#4798);
#4798 = AXIS2_PLACEMENT_3D('',#4799,#4800,#4801);
#4799 = CARTESIAN_POINT('',(-1.1125,-5.9475,-4.01));
#4800 = DIRECTION('',(0.,-0.707106781187,0.707106781187));
#4801 = DIRECTION('',(-1.,0.,0.));
#4802 = ADVANCED_FACE('',(#4803),#4814,.F.);
#4803 = FACE_BOUND('',#4804,.T.);
#4804 = EDGE_LOOP('',(#4805,#4806,#4807,#4808));
#4805 = ORIENTED_EDGE('',*,*,#4782,.F.);
#4806 = ORIENTED_EDGE('',*,*,#3273,.T.);
#4807 = ORIENTED_EDGE('',*,*,#4727,.T.);
#4808 = ORIENTED_EDGE('',*,*,#4809,.F.);
#4809 = EDGE_CURVE('',#4783,#4728,#4810,.T.);
#4810 = LINE('',#4811,#4812);
#4811 = CARTESIAN_POINT('',(-1.2725,-5.8675,-4.09));
#4812 = VECTOR('',#4813,1.);
#4813 = DIRECTION('',(0.,-1.,0.));
#4814 = PLANE('',#4815);
#4815 = AXIS2_PLACEMENT_3D('',#4816,#4817,#4818);
#4816 = CARTESIAN_POINT('',(-1.1925,-5.8675,-4.01));
#4817 = DIRECTION('',(-0.707106781187,0.,0.707106781187));
#4818 = DIRECTION('',(0.,1.,-0.));
#4819 = ADVANCED_FACE('',(#4820),#4845,.T.);
#4820 = FACE_BOUND('',#4821,.T.);
#4821 = EDGE_LOOP('',(#4822,#4832,#4838,#4839));
#4822 = ORIENTED_EDGE('',*,*,#4823,.T.);
#4823 = EDGE_CURVE('',#4824,#4826,#4828,.T.);
#4824 = VERTEX_POINT('',#4825);
#4825 = CARTESIAN_POINT('',(3.4875,-6.0275,-4.09));
#4826 = VERTEX_POINT('',#4827);
#4827 = CARTESIAN_POINT('',(3.4875,-6.3475,-4.09));
#4828 = LINE('',#4829,#4830);
#4829 = CARTESIAN_POINT('',(3.4875,-5.8675,-4.09));
#4830 = VECTOR('',#4831,1.);
#4831 = DIRECTION('',(0.,-1.,0.));
#4832 = ORIENTED_EDGE('',*,*,#4833,.F.);
#4833 = EDGE_CURVE('',#3288,#4826,#4834,.T.);
#4834 = LINE('',#4835,#4836);
#4835 = CARTESIAN_POINT('',(3.59416666666,-6.240833333333,
    -4.196666666667));
#4836 = VECTOR('',#4837,1.);
#4837 = DIRECTION('',(0.57735026919,0.57735026919,-0.57735026919));
#4838 = ORIENTED_EDGE('',*,*,#3304,.F.);
#4839 = ORIENTED_EDGE('',*,*,#4840,.T.);
#4840 = EDGE_CURVE('',#3297,#4824,#4841,.T.);
#4841 = LINE('',#4842,#4843);
#4842 = CARTESIAN_POINT('',(3.4875,-6.0275,-4.09));
#4843 = VECTOR('',#4844,1.);
#4844 = DIRECTION('',(0.57735026919,-0.57735026919,-0.57735026919));
#4845 = PLANE('',#4846);
#4846 = AXIS2_PLACEMENT_3D('',#4847,#4848,#4849);
#4847 = CARTESIAN_POINT('',(3.4075,-5.8675,-4.01));
#4848 = DIRECTION('',(-0.707106781187,0.,-0.707106781187));
#4849 = DIRECTION('',(0.,1.,0.));
#4850 = ADVANCED_FACE('',(#4851),#4869,.F.);
#4851 = FACE_BOUND('',#4852,.F.);
#4852 = EDGE_LOOP('',(#4853,#4861,#4862,#4863));
#4853 = ORIENTED_EDGE('',*,*,#4854,.F.);
#4854 = EDGE_CURVE('',#3319,#4855,#4857,.T.);
#4855 = VERTEX_POINT('',#4856);
#4856 = CARTESIAN_POINT('',(3.8075,-6.0275,-4.09));
#4857 = LINE('',#4858,#4859);
#4858 = CARTESIAN_POINT('',(3.91416666666,-5.920833333333,
    -3.983333333333));
#4859 = VECTOR('',#4860,1.);
#4860 = DIRECTION('',(-0.57735026919,-0.57735026919,-0.57735026919));
#4861 = ORIENTED_EDGE('',*,*,#3328,.T.);
#4862 = ORIENTED_EDGE('',*,*,#4840,.T.);
#4863 = ORIENTED_EDGE('',*,*,#4864,.F.);
#4864 = EDGE_CURVE('',#4855,#4824,#4865,.T.);
#4865 = LINE('',#4866,#4867);
#4866 = CARTESIAN_POINT('',(3.9675,-6.0275,-4.09));
#4867 = VECTOR('',#4868,1.);
#4868 = DIRECTION('',(-1.,0.,0.));
#4869 = PLANE('',#4870);
#4870 = AXIS2_PLACEMENT_3D('',#4871,#4872,#4873);
#4871 = CARTESIAN_POINT('',(3.9675,-5.9475,-4.01));
#4872 = DIRECTION('',(0.,-0.707106781187,0.707106781187));
#4873 = DIRECTION('',(-1.,0.,0.));
#4874 = ADVANCED_FACE('',(#4875),#4893,.F.);
#4875 = FACE_BOUND('',#4876,.F.);
#4876 = EDGE_LOOP('',(#4877,#4885,#4891,#4892));
#4877 = ORIENTED_EDGE('',*,*,#4878,.T.);
#4878 = EDGE_CURVE('',#4855,#4879,#4881,.T.);
#4879 = VERTEX_POINT('',#4880);
#4880 = CARTESIAN_POINT('',(3.8075,-6.3475,-4.09));
#4881 = LINE('',#4882,#4883);
#4882 = CARTESIAN_POINT('',(3.8075,-5.8675,-4.09));
#4883 = VECTOR('',#4884,1.);
#4884 = DIRECTION('',(0.,-1.,0.));
#4885 = ORIENTED_EDGE('',*,*,#4886,.F.);
#4886 = EDGE_CURVE('',#3343,#4879,#4887,.T.);
#4887 = LINE('',#4888,#4889);
#4888 = CARTESIAN_POINT('',(3.8075,-6.3475,-4.09));
#4889 = VECTOR('',#4890,1.);
#4890 = DIRECTION('',(-0.57735026919,0.57735026919,-0.57735026919));
#4891 = ORIENTED_EDGE('',*,*,#3352,.F.);
#4892 = ORIENTED_EDGE('',*,*,#4854,.T.);
#4893 = PLANE('',#4894);
#4894 = AXIS2_PLACEMENT_3D('',#4895,#4896,#4897);
#4895 = CARTESIAN_POINT('',(3.8875,-5.8675,-4.01));
#4896 = DIRECTION('',(-0.707106781187,0.,0.707106781187));
#4897 = DIRECTION('',(0.,1.,-0.));
#4898 = ADVANCED_FACE('',(#4899),#4910,.T.);
#4899 = FACE_BOUND('',#4900,.T.);
#4900 = EDGE_LOOP('',(#4901,#4902,#4903,#4904));
#4901 = ORIENTED_EDGE('',*,*,#4886,.F.);
#4902 = ORIENTED_EDGE('',*,*,#3369,.T.);
#4903 = ORIENTED_EDGE('',*,*,#4833,.T.);
#4904 = ORIENTED_EDGE('',*,*,#4905,.F.);
#4905 = EDGE_CURVE('',#4879,#4826,#4906,.T.);
#4906 = LINE('',#4907,#4908);
#4907 = CARTESIAN_POINT('',(3.9675,-6.3475,-4.09));
#4908 = VECTOR('',#4909,1.);
#4909 = DIRECTION('',(-1.,0.,0.));
#4910 = PLANE('',#4911);
#4911 = AXIS2_PLACEMENT_3D('',#4912,#4913,#4914);
#4912 = CARTESIAN_POINT('',(3.9675,-6.4275,-4.01));
#4913 = DIRECTION('',(0.,-0.707106781187,-0.707106781187));
#4914 = DIRECTION('',(-1.,0.,0.));
#4915 = ADVANCED_FACE('',(#4916),#4941,.T.);
#4916 = FACE_BOUND('',#4917,.T.);
#4917 = EDGE_LOOP('',(#4918,#4926,#4927,#4935));
#4918 = ORIENTED_EDGE('',*,*,#4919,.F.);
#4919 = EDGE_CURVE('',#3384,#4920,#4922,.T.);
#4920 = VERTEX_POINT('',#4921);
#4921 = CARTESIAN_POINT('',(1.2675,-6.3475,-4.09));
#4922 = LINE('',#4923,#4924);
#4923 = CARTESIAN_POINT('',(1.2675,-6.3475,-4.09));
#4924 = VECTOR('',#4925,1.);
#4925 = DIRECTION('',(-0.57735026919,0.57735026919,-0.57735026919));
#4926 = ORIENTED_EDGE('',*,*,#3400,.T.);
#4927 = ORIENTED_EDGE('',*,*,#4928,.T.);
#4928 = EDGE_CURVE('',#3393,#4929,#4931,.T.);
#4929 = VERTEX_POINT('',#4930);
#4930 = CARTESIAN_POINT('',(0.9475,-6.3475,-4.09));
#4931 = LINE('',#4932,#4933);
#4932 = CARTESIAN_POINT('',(1.05416666666,-6.240833333333,
    -4.196666666667));
#4933 = VECTOR('',#4934,1.);
#4934 = DIRECTION('',(0.57735026919,0.57735026919,-0.57735026919));
#4935 = ORIENTED_EDGE('',*,*,#4936,.F.);
#4936 = EDGE_CURVE('',#4920,#4929,#4937,.T.);
#4937 = LINE('',#4938,#4939);
#4938 = CARTESIAN_POINT('',(1.4275,-6.3475,-4.09));
#4939 = VECTOR('',#4940,1.);
#4940 = DIRECTION('',(-1.,0.,0.));
#4941 = PLANE('',#4942);
#4942 = AXIS2_PLACEMENT_3D('',#4943,#4944,#4945);
#4943 = CARTESIAN_POINT('',(1.4275,-6.4275,-4.01));
#4944 = DIRECTION('',(0.,-0.707106781187,-0.707106781187));
#4945 = DIRECTION('',(-1.,0.,0.));
#4946 = ADVANCED_FACE('',(#4947),#4965,.T.);
#4947 = FACE_BOUND('',#4948,.T.);
#4948 = EDGE_LOOP('',(#4949,#4957,#4958,#4959));
#4949 = ORIENTED_EDGE('',*,*,#4950,.T.);
#4950 = EDGE_CURVE('',#4951,#4929,#4953,.T.);
#4951 = VERTEX_POINT('',#4952);
#4952 = CARTESIAN_POINT('',(0.9475,-6.0275,-4.09));
#4953 = LINE('',#4954,#4955);
#4954 = CARTESIAN_POINT('',(0.9475,-5.8675,-4.09));
#4955 = VECTOR('',#4956,1.);
#4956 = DIRECTION('',(0.,-1.,0.));
#4957 = ORIENTED_EDGE('',*,*,#4928,.F.);
#4958 = ORIENTED_EDGE('',*,*,#3424,.F.);
#4959 = ORIENTED_EDGE('',*,*,#4960,.T.);
#4960 = EDGE_CURVE('',#3417,#4951,#4961,.T.);
#4961 = LINE('',#4962,#4963);
#4962 = CARTESIAN_POINT('',(0.9475,-6.0275,-4.09));
#4963 = VECTOR('',#4964,1.);
#4964 = DIRECTION('',(0.57735026919,-0.57735026919,-0.57735026919));
#4965 = PLANE('',#4966);
#4966 = AXIS2_PLACEMENT_3D('',#4967,#4968,#4969);
#4967 = CARTESIAN_POINT('',(0.8675,-5.8675,-4.01));
#4968 = DIRECTION('',(-0.707106781187,0.,-0.707106781187));
#4969 = DIRECTION('',(0.,1.,0.));
#4970 = ADVANCED_FACE('',(#4971),#4989,.F.);
#4971 = FACE_BOUND('',#4972,.F.);
#4972 = EDGE_LOOP('',(#4973,#4981,#4982,#4983));
#4973 = ORIENTED_EDGE('',*,*,#4974,.F.);
#4974 = EDGE_CURVE('',#3439,#4975,#4977,.T.);
#4975 = VERTEX_POINT('',#4976);
#4976 = CARTESIAN_POINT('',(1.2675,-6.0275,-4.09));
#4977 = LINE('',#4978,#4979);
#4978 = CARTESIAN_POINT('',(1.37416666666,-5.920833333333,
    -3.983333333333));
#4979 = VECTOR('',#4980,1.);
#4980 = DIRECTION('',(-0.57735026919,-0.57735026919,-0.57735026919));
#4981 = ORIENTED_EDGE('',*,*,#3448,.T.);
#4982 = ORIENTED_EDGE('',*,*,#4960,.T.);
#4983 = ORIENTED_EDGE('',*,*,#4984,.F.);
#4984 = EDGE_CURVE('',#4975,#4951,#4985,.T.);
#4985 = LINE('',#4986,#4987);
#4986 = CARTESIAN_POINT('',(1.4275,-6.0275,-4.09));
#4987 = VECTOR('',#4988,1.);
#4988 = DIRECTION('',(-1.,0.,0.));
#4989 = PLANE('',#4990);
#4990 = AXIS2_PLACEMENT_3D('',#4991,#4992,#4993);
#4991 = CARTESIAN_POINT('',(1.4275,-5.9475,-4.01));
#4992 = DIRECTION('',(0.,-0.707106781187,0.707106781187));
#4993 = DIRECTION('',(-1.,0.,0.));
#4994 = ADVANCED_FACE('',(#4995),#5006,.F.);
#4995 = FACE_BOUND('',#4996,.T.);
#4996 = EDGE_LOOP('',(#4997,#4998,#4999,#5000));
#4997 = ORIENTED_EDGE('',*,*,#4974,.F.);
#4998 = ORIENTED_EDGE('',*,*,#3465,.T.);
#4999 = ORIENTED_EDGE('',*,*,#4919,.T.);
#5000 = ORIENTED_EDGE('',*,*,#5001,.F.);
#5001 = EDGE_CURVE('',#4975,#4920,#5002,.T.);
#5002 = LINE('',#5003,#5004);
#5003 = CARTESIAN_POINT('',(1.2675,-5.8675,-4.09));
#5004 = VECTOR('',#5005,1.);
#5005 = DIRECTION('',(0.,-1.,0.));
#5006 = PLANE('',#5007);
#5007 = AXIS2_PLACEMENT_3D('',#5008,#5009,#5010);
#5008 = CARTESIAN_POINT('',(1.3475,-5.8675,-4.01));
#5009 = DIRECTION('',(-0.707106781187,0.,0.707106781187));
#5010 = DIRECTION('',(0.,1.,-0.));
#5011 = ADVANCED_FACE('',(#5012),#5037,.T.);
#5012 = FACE_BOUND('',#5013,.T.);
#5013 = EDGE_LOOP('',(#5014,#5024,#5030,#5031));
#5014 = ORIENTED_EDGE('',*,*,#5015,.T.);
#5015 = EDGE_CURVE('',#5016,#5018,#5020,.T.);
#5016 = VERTEX_POINT('',#5017);
#5017 = CARTESIAN_POINT('',(-6.6725,-6.0275,-4.09));
#5018 = VERTEX_POINT('',#5019);
#5019 = CARTESIAN_POINT('',(-6.6725,-6.3475,-4.09));
#5020 = LINE('',#5021,#5022);
#5021 = CARTESIAN_POINT('',(-6.6725,-5.8675,-4.09));
#5022 = VECTOR('',#5023,1.);
#5023 = DIRECTION('',(0.,-1.,0.));
#5024 = ORIENTED_EDGE('',*,*,#5025,.F.);
#5025 = EDGE_CURVE('',#3480,#5018,#5026,.T.);
#5026 = LINE('',#5027,#5028);
#5027 = CARTESIAN_POINT('',(-6.565833333333,-6.240833333333,
    -4.196666666667));
#5028 = VECTOR('',#5029,1.);
#5029 = DIRECTION('',(0.57735026919,0.57735026919,-0.57735026919));
#5030 = ORIENTED_EDGE('',*,*,#3496,.F.);
#5031 = ORIENTED_EDGE('',*,*,#5032,.T.);
#5032 = EDGE_CURVE('',#3489,#5016,#5033,.T.);
#5033 = LINE('',#5034,#5035);
#5034 = CARTESIAN_POINT('',(-6.6725,-6.0275,-4.09));
#5035 = VECTOR('',#5036,1.);
#5036 = DIRECTION('',(0.57735026919,-0.57735026919,-0.57735026919));
#5037 = PLANE('',#5038);
#5038 = AXIS2_PLACEMENT_3D('',#5039,#5040,#5041);
#5039 = CARTESIAN_POINT('',(-6.7525,-5.8675,-4.01));
#5040 = DIRECTION('',(-0.707106781187,0.,-0.707106781187));
#5041 = DIRECTION('',(0.,1.,0.));
#5042 = ADVANCED_FACE('',(#5043),#5061,.F.);
#5043 = FACE_BOUND('',#5044,.F.);
#5044 = EDGE_LOOP('',(#5045,#5053,#5054,#5055));
#5045 = ORIENTED_EDGE('',*,*,#5046,.F.);
#5046 = EDGE_CURVE('',#3511,#5047,#5049,.T.);
#5047 = VERTEX_POINT('',#5048);
#5048 = CARTESIAN_POINT('',(-6.3525,-6.0275,-4.09));
#5049 = LINE('',#5050,#5051);
#5050 = CARTESIAN_POINT('',(-6.245833333333,-5.920833333333,
    -3.983333333333));
#5051 = VECTOR('',#5052,1.);
#5052 = DIRECTION('',(-0.57735026919,-0.57735026919,-0.57735026919));
#5053 = ORIENTED_EDGE('',*,*,#3520,.T.);
#5054 = ORIENTED_EDGE('',*,*,#5032,.T.);
#5055 = ORIENTED_EDGE('',*,*,#5056,.F.);
#5056 = EDGE_CURVE('',#5047,#5016,#5057,.T.);
#5057 = LINE('',#5058,#5059);
#5058 = CARTESIAN_POINT('',(-6.1925,-6.0275,-4.09));
#5059 = VECTOR('',#5060,1.);
#5060 = DIRECTION('',(-1.,0.,0.));
#5061 = PLANE('',#5062);
#5062 = AXIS2_PLACEMENT_3D('',#5063,#5064,#5065);
#5063 = CARTESIAN_POINT('',(-6.1925,-5.9475,-4.01));
#5064 = DIRECTION('',(0.,-0.707106781187,0.707106781187));
#5065 = DIRECTION('',(-1.,0.,0.));
#5066 = ADVANCED_FACE('',(#5067),#5085,.F.);
#5067 = FACE_BOUND('',#5068,.F.);
#5068 = EDGE_LOOP('',(#5069,#5077,#5083,#5084));
#5069 = ORIENTED_EDGE('',*,*,#5070,.T.);
#5070 = EDGE_CURVE('',#5047,#5071,#5073,.T.);
#5071 = VERTEX_POINT('',#5072);
#5072 = CARTESIAN_POINT('',(-6.3525,-6.3475,-4.09));
#5073 = LINE('',#5074,#5075);
#5074 = CARTESIAN_POINT('',(-6.3525,-5.8675,-4.09));
#5075 = VECTOR('',#5076,1.);
#5076 = DIRECTION('',(0.,-1.,0.));
#5077 = ORIENTED_EDGE('',*,*,#5078,.F.);
#5078 = EDGE_CURVE('',#3535,#5071,#5079,.T.);
#5079 = LINE('',#5080,#5081);
#5080 = CARTESIAN_POINT('',(-6.3525,-6.3475,-4.09));
#5081 = VECTOR('',#5082,1.);
#5082 = DIRECTION('',(-0.57735026919,0.57735026919,-0.57735026919));
#5083 = ORIENTED_EDGE('',*,*,#3544,.F.);
#5084 = ORIENTED_EDGE('',*,*,#5046,.T.);
#5085 = PLANE('',#5086);
#5086 = AXIS2_PLACEMENT_3D('',#5087,#5088,#5089);
#5087 = CARTESIAN_POINT('',(-6.2725,-5.8675,-4.01));
#5088 = DIRECTION('',(-0.707106781187,0.,0.707106781187));
#5089 = DIRECTION('',(0.,1.,-0.));
#5090 = ADVANCED_FACE('',(#5091),#5102,.T.);
#5091 = FACE_BOUND('',#5092,.T.);
#5092 = EDGE_LOOP('',(#5093,#5094,#5095,#5096));
#5093 = ORIENTED_EDGE('',*,*,#5078,.F.);
#5094 = ORIENTED_EDGE('',*,*,#3561,.T.);
#5095 = ORIENTED_EDGE('',*,*,#5025,.T.);
#5096 = ORIENTED_EDGE('',*,*,#5097,.F.);
#5097 = EDGE_CURVE('',#5071,#5018,#5098,.T.);
#5098 = LINE('',#5099,#5100);
#5099 = CARTESIAN_POINT('',(-6.1925,-6.3475,-4.09));
#5100 = VECTOR('',#5101,1.);
#5101 = DIRECTION('',(-1.,0.,0.));
#5102 = PLANE('',#5103);
#5103 = AXIS2_PLACEMENT_3D('',#5104,#5105,#5106);
#5104 = CARTESIAN_POINT('',(-6.1925,-6.4275,-4.01));
#5105 = DIRECTION('',(0.,-0.707106781187,-0.707106781187));
#5106 = DIRECTION('',(-1.,0.,0.));
#5107 = ADVANCED_FACE('',(#5108),#5133,.F.);
#5108 = FACE_BOUND('',#5109,.F.);
#5109 = EDGE_LOOP('',(#5110,#5120,#5126,#5127));
#5110 = ORIENTED_EDGE('',*,*,#5111,.T.);
#5111 = EDGE_CURVE('',#5112,#5114,#5116,.T.);
#5112 = VERTEX_POINT('',#5113);
#5113 = CARTESIAN_POINT('',(-3.8125,-6.0275,-4.09));
#5114 = VERTEX_POINT('',#5115);
#5115 = CARTESIAN_POINT('',(-3.8125,-6.3475,-4.09));
#5116 = LINE('',#5117,#5118);
#5117 = CARTESIAN_POINT('',(-3.8125,-5.8675,-4.09));
#5118 = VECTOR('',#5119,1.);
#5119 = DIRECTION('',(0.,-1.,0.));
#5120 = ORIENTED_EDGE('',*,*,#5121,.F.);
#5121 = EDGE_CURVE('',#3576,#5114,#5122,.T.);
#5122 = LINE('',#5123,#5124);
#5123 = CARTESIAN_POINT('',(-3.8125,-6.3475,-4.09));
#5124 = VECTOR('',#5125,1.);
#5125 = DIRECTION('',(-0.57735026919,0.57735026919,-0.57735026919));
#5126 = ORIENTED_EDGE('',*,*,#3592,.F.);
#5127 = ORIENTED_EDGE('',*,*,#5128,.T.);
#5128 = EDGE_CURVE('',#3585,#5112,#5129,.T.);
#5129 = LINE('',#5130,#5131);
#5130 = CARTESIAN_POINT('',(-3.705833333333,-5.920833333333,
    -3.983333333333));
#5131 = VECTOR('',#5132,1.);
#5132 = DIRECTION('',(-0.57735026919,-0.57735026919,-0.57735026919));
#5133 = PLANE('',#5134);
#5134 = AXIS2_PLACEMENT_3D('',#5135,#5136,#5137);
#5135 = CARTESIAN_POINT('',(-3.7325,-5.8675,-4.01));
#5136 = DIRECTION('',(-0.707106781187,0.,0.707106781187));
#5137 = DIRECTION('',(0.,1.,-0.));
#5138 = ADVANCED_FACE('',(#5139),#5157,.T.);
#5139 = FACE_BOUND('',#5140,.T.);
#5140 = EDGE_LOOP('',(#5141,#5142,#5143,#5151));
#5141 = ORIENTED_EDGE('',*,*,#5121,.F.);
#5142 = ORIENTED_EDGE('',*,*,#3616,.T.);
#5143 = ORIENTED_EDGE('',*,*,#5144,.T.);
#5144 = EDGE_CURVE('',#3609,#5145,#5147,.T.);
#5145 = VERTEX_POINT('',#5146);
#5146 = CARTESIAN_POINT('',(-4.1325,-6.3475,-4.09));
#5147 = LINE('',#5148,#5149);
#5148 = CARTESIAN_POINT('',(-4.025833333333,-6.240833333333,
    -4.196666666667));
#5149 = VECTOR('',#5150,1.);
#5150 = DIRECTION('',(0.57735026919,0.57735026919,-0.57735026919));
#5151 = ORIENTED_EDGE('',*,*,#5152,.F.);
#5152 = EDGE_CURVE('',#5114,#5145,#5153,.T.);
#5153 = LINE('',#5154,#5155);
#5154 = CARTESIAN_POINT('',(-3.6525,-6.3475,-4.09));
#5155 = VECTOR('',#5156,1.);
#5156 = DIRECTION('',(-1.,0.,0.));
#5157 = PLANE('',#5158);
#5158 = AXIS2_PLACEMENT_3D('',#5159,#5160,#5161);
#5159 = CARTESIAN_POINT('',(-3.6525,-6.4275,-4.01));
#5160 = DIRECTION('',(0.,-0.707106781187,-0.707106781187));
#5161 = DIRECTION('',(-1.,0.,0.));
#5162 = ADVANCED_FACE('',(#5163),#5181,.T.);
#5163 = FACE_BOUND('',#5164,.T.);
#5164 = EDGE_LOOP('',(#5165,#5173,#5174,#5175));
#5165 = ORIENTED_EDGE('',*,*,#5166,.T.);
#5166 = EDGE_CURVE('',#5167,#5145,#5169,.T.);
#5167 = VERTEX_POINT('',#5168);
#5168 = CARTESIAN_POINT('',(-4.1325,-6.0275,-4.09));
#5169 = LINE('',#5170,#5171);
#5170 = CARTESIAN_POINT('',(-4.1325,-5.8675,-4.09));
#5171 = VECTOR('',#5172,1.);
#5172 = DIRECTION('',(0.,-1.,0.));
#5173 = ORIENTED_EDGE('',*,*,#5144,.F.);
#5174 = ORIENTED_EDGE('',*,*,#3640,.F.);
#5175 = ORIENTED_EDGE('',*,*,#5176,.T.);
#5176 = EDGE_CURVE('',#3633,#5167,#5177,.T.);
#5177 = LINE('',#5178,#5179);
#5178 = CARTESIAN_POINT('',(-4.1325,-6.0275,-4.09));
#5179 = VECTOR('',#5180,1.);
#5180 = DIRECTION('',(0.57735026919,-0.57735026919,-0.57735026919));
#5181 = PLANE('',#5182);
#5182 = AXIS2_PLACEMENT_3D('',#5183,#5184,#5185);
#5183 = CARTESIAN_POINT('',(-4.2125,-5.8675,-4.01));
#5184 = DIRECTION('',(-0.707106781187,0.,-0.707106781187));
#5185 = DIRECTION('',(0.,1.,0.));
#5186 = ADVANCED_FACE('',(#5187),#5198,.F.);
#5187 = FACE_BOUND('',#5188,.F.);
#5188 = EDGE_LOOP('',(#5189,#5190,#5191,#5192));
#5189 = ORIENTED_EDGE('',*,*,#5128,.F.);
#5190 = ORIENTED_EDGE('',*,*,#3657,.T.);
#5191 = ORIENTED_EDGE('',*,*,#5176,.T.);
#5192 = ORIENTED_EDGE('',*,*,#5193,.F.);
#5193 = EDGE_CURVE('',#5112,#5167,#5194,.T.);
#5194 = LINE('',#5195,#5196);
#5195 = CARTESIAN_POINT('',(-3.6525,-6.0275,-4.09));
#5196 = VECTOR('',#5197,1.);
#5197 = DIRECTION('',(-1.,0.,0.));
#5198 = PLANE('',#5199);
#5199 = AXIS2_PLACEMENT_3D('',#5200,#5201,#5202);
#5200 = CARTESIAN_POINT('',(-3.6525,-5.9475,-4.01));
#5201 = DIRECTION('',(0.,-0.707106781187,0.707106781187));
#5202 = DIRECTION('',(-1.,0.,0.));
#5203 = ADVANCED_FACE('',(#5204),#5229,.T.);
#5204 = FACE_BOUND('',#5205,.T.);
#5205 = EDGE_LOOP('',(#5206,#5214,#5215,#5223));
#5206 = ORIENTED_EDGE('',*,*,#5207,.F.);
#5207 = EDGE_CURVE('',#3672,#5208,#5210,.T.);
#5208 = VERTEX_POINT('',#5209);
#5209 = CARTESIAN_POINT('',(-8.8925,-6.3475,-4.09));
#5210 = LINE('',#5211,#5212);
#5211 = CARTESIAN_POINT('',(-8.8925,-6.3475,-4.09));
#5212 = VECTOR('',#5213,1.);
#5213 = DIRECTION('',(-0.57735026919,0.57735026919,-0.57735026919));
#5214 = ORIENTED_EDGE('',*,*,#3688,.T.);
#5215 = ORIENTED_EDGE('',*,*,#5216,.T.);
#5216 = EDGE_CURVE('',#3681,#5217,#5219,.T.);
#5217 = VERTEX_POINT('',#5218);
#5218 = CARTESIAN_POINT('',(-9.2125,-6.3475,-4.09));
#5219 = LINE('',#5220,#5221);
#5220 = CARTESIAN_POINT('',(-9.105833333333,-6.240833333333,
    -4.196666666667));
#5221 = VECTOR('',#5222,1.);
#5222 = DIRECTION('',(0.57735026919,0.57735026919,-0.57735026919));
#5223 = ORIENTED_EDGE('',*,*,#5224,.F.);
#5224 = EDGE_CURVE('',#5208,#5217,#5225,.T.);
#5225 = LINE('',#5226,#5227);
#5226 = CARTESIAN_POINT('',(-8.7325,-6.3475,-4.09));
#5227 = VECTOR('',#5228,1.);
#5228 = DIRECTION('',(-1.,0.,0.));
#5229 = PLANE('',#5230);
#5230 = AXIS2_PLACEMENT_3D('',#5231,#5232,#5233);
#5231 = CARTESIAN_POINT('',(-8.7325,-6.4275,-4.01));
#5232 = DIRECTION('',(0.,-0.707106781187,-0.707106781187));
#5233 = DIRECTION('',(-1.,0.,0.));
#5234 = ADVANCED_FACE('',(#5235),#5253,.T.);
#5235 = FACE_BOUND('',#5236,.T.);
#5236 = EDGE_LOOP('',(#5237,#5245,#5246,#5247));
#5237 = ORIENTED_EDGE('',*,*,#5238,.T.);
#5238 = EDGE_CURVE('',#5239,#5217,#5241,.T.);
#5239 = VERTEX_POINT('',#5240);
#5240 = CARTESIAN_POINT('',(-9.2125,-6.0275,-4.09));
#5241 = LINE('',#5242,#5243);
#5242 = CARTESIAN_POINT('',(-9.2125,-5.8675,-4.09));
#5243 = VECTOR('',#5244,1.);
#5244 = DIRECTION('',(0.,-1.,0.));
#5245 = ORIENTED_EDGE('',*,*,#5216,.F.);
#5246 = ORIENTED_EDGE('',*,*,#3712,.F.);
#5247 = ORIENTED_EDGE('',*,*,#5248,.T.);
#5248 = EDGE_CURVE('',#3705,#5239,#5249,.T.);
#5249 = LINE('',#5250,#5251);
#5250 = CARTESIAN_POINT('',(-9.2125,-6.0275,-4.09));
#5251 = VECTOR('',#5252,1.);
#5252 = DIRECTION('',(0.57735026919,-0.57735026919,-0.57735026919));
#5253 = PLANE('',#5254);
#5254 = AXIS2_PLACEMENT_3D('',#5255,#5256,#5257);
#5255 = CARTESIAN_POINT('',(-9.2925,-5.8675,-4.01));
#5256 = DIRECTION('',(-0.707106781187,0.,-0.707106781187));
#5257 = DIRECTION('',(0.,1.,0.));
#5258 = ADVANCED_FACE('',(#5259),#5277,.F.);
#5259 = FACE_BOUND('',#5260,.F.);
#5260 = EDGE_LOOP('',(#5261,#5269,#5270,#5271));
#5261 = ORIENTED_EDGE('',*,*,#5262,.F.);
#5262 = EDGE_CURVE('',#3727,#5263,#5265,.T.);
#5263 = VERTEX_POINT('',#5264);
#5264 = CARTESIAN_POINT('',(-8.8925,-6.0275,-4.09));
#5265 = LINE('',#5266,#5267);
#5266 = CARTESIAN_POINT('',(-8.785833333333,-5.920833333333,
    -3.983333333333));
#5267 = VECTOR('',#5268,1.);
#5268 = DIRECTION('',(-0.57735026919,-0.57735026919,-0.57735026919));
#5269 = ORIENTED_EDGE('',*,*,#3736,.T.);
#5270 = ORIENTED_EDGE('',*,*,#5248,.T.);
#5271 = ORIENTED_EDGE('',*,*,#5272,.F.);
#5272 = EDGE_CURVE('',#5263,#5239,#5273,.T.);
#5273 = LINE('',#5274,#5275);
#5274 = CARTESIAN_POINT('',(-8.7325,-6.0275,-4.09));
#5275 = VECTOR('',#5276,1.);
#5276 = DIRECTION('',(-1.,0.,0.));
#5277 = PLANE('',#5278);
#5278 = AXIS2_PLACEMENT_3D('',#5279,#5280,#5281);
#5279 = CARTESIAN_POINT('',(-8.7325,-5.9475,-4.01));
#5280 = DIRECTION('',(0.,-0.707106781187,0.707106781187));
#5281 = DIRECTION('',(-1.,0.,0.));
#5282 = ADVANCED_FACE('',(#5283),#5294,.F.);
#5283 = FACE_BOUND('',#5284,.T.);
#5284 = EDGE_LOOP('',(#5285,#5286,#5287,#5288));
#5285 = ORIENTED_EDGE('',*,*,#5262,.F.);
#5286 = ORIENTED_EDGE('',*,*,#3753,.T.);
#5287 = ORIENTED_EDGE('',*,*,#5207,.T.);
#5288 = ORIENTED_EDGE('',*,*,#5289,.F.);
#5289 = EDGE_CURVE('',#5263,#5208,#5290,.T.);
#5290 = LINE('',#5291,#5292);
#5291 = CARTESIAN_POINT('',(-8.8925,-5.8675,-4.09));
#5292 = VECTOR('',#5293,1.);
#5293 = DIRECTION('',(0.,-1.,0.));
#5294 = PLANE('',#5295);
#5295 = AXIS2_PLACEMENT_3D('',#5296,#5297,#5298);
#5296 = CARTESIAN_POINT('',(-8.8125,-5.8675,-4.01));
#5297 = DIRECTION('',(-0.707106781187,0.,0.707106781187));
#5298 = DIRECTION('',(0.,1.,-0.));
#5299 = ADVANCED_FACE('',(#5300),#5306,.F.);
#5300 = FACE_BOUND('',#5301,.F.);
#5301 = EDGE_LOOP('',(#5302,#5303,#5304,#5305));
#5302 = ORIENTED_EDGE('',*,*,#3767,.T.);
#5303 = ORIENTED_EDGE('',*,*,#3808,.T.);
#5304 = ORIENTED_EDGE('',*,*,#3822,.F.);
#5305 = ORIENTED_EDGE('',*,*,#3849,.F.);
#5306 = PLANE('',#5307);
#5307 = AXIS2_PLACEMENT_3D('',#5308,#5309,#5310);
#5308 = CARTESIAN_POINT('',(9.0475,-5.8675,7.45));
#5309 = DIRECTION('',(0.,0.,-1.));
#5310 = DIRECTION('',(0.,-1.,0.));
#5311 = ADVANCED_FACE('',(#5312),#5318,.F.);
#5312 = FACE_BOUND('',#5313,.F.);
#5313 = EDGE_LOOP('',(#5314,#5315,#5316,#5317));
#5314 = ORIENTED_EDGE('',*,*,#3918,.T.);
#5315 = ORIENTED_EDGE('',*,*,#3945,.T.);
#5316 = ORIENTED_EDGE('',*,*,#3863,.F.);
#5317 = ORIENTED_EDGE('',*,*,#3904,.F.);
#5318 = PLANE('',#5319);
#5319 = AXIS2_PLACEMENT_3D('',#5320,#5321,#5322);
#5320 = CARTESIAN_POINT('',(6.5075,-5.8675,7.45));
#5321 = DIRECTION('',(0.,0.,-1.));
#5322 = DIRECTION('',(0.,-1.,0.));
#5323 = ADVANCED_FACE('',(#5324),#5330,.F.);
#5324 = FACE_BOUND('',#5325,.F.);
#5325 = EDGE_LOOP('',(#5326,#5327,#5328,#5329));
#5326 = ORIENTED_EDGE('',*,*,#4041,.T.);
#5327 = ORIENTED_EDGE('',*,*,#3976,.T.);
#5328 = ORIENTED_EDGE('',*,*,#3990,.F.);
#5329 = ORIENTED_EDGE('',*,*,#4024,.F.);
#5330 = PLANE('',#5331);
#5331 = AXIS2_PLACEMENT_3D('',#5332,#5333,#5334);
#5332 = CARTESIAN_POINT('',(-1.1125,-5.8675,7.45));
#5333 = DIRECTION('',(0.,0.,-1.));
#5334 = DIRECTION('',(0.,-1.,0.));
#5335 = ADVANCED_FACE('',(#5336),#5342,.F.);
#5336 = FACE_BOUND('',#5337,.F.);
#5337 = EDGE_LOOP('',(#5338,#5339,#5340,#5341));
#5338 = ORIENTED_EDGE('',*,*,#4110,.T.);
#5339 = ORIENTED_EDGE('',*,*,#4137,.T.);
#5340 = ORIENTED_EDGE('',*,*,#4055,.F.);
#5341 = ORIENTED_EDGE('',*,*,#4096,.F.);
#5342 = PLANE('',#5343);
#5343 = AXIS2_PLACEMENT_3D('',#5344,#5345,#5346);
#5344 = CARTESIAN_POINT('',(3.9675,-5.8675,7.45));
#5345 = DIRECTION('',(0.,0.,-1.));
#5346 = DIRECTION('',(0.,-1.,0.));
#5347 = ADVANCED_FACE('',(#5348),#5354,.F.);
#5348 = FACE_BOUND('',#5349,.F.);
#5349 = EDGE_LOOP('',(#5350,#5351,#5352,#5353));
#5350 = ORIENTED_EDGE('',*,*,#4233,.T.);
#5351 = ORIENTED_EDGE('',*,*,#4168,.T.);
#5352 = ORIENTED_EDGE('',*,*,#4182,.F.);
#5353 = ORIENTED_EDGE('',*,*,#4216,.F.);
#5354 = PLANE('',#5355);
#5355 = AXIS2_PLACEMENT_3D('',#5356,#5357,#5358);
#5356 = CARTESIAN_POINT('',(1.4275,-5.8675,7.45));
#5357 = DIRECTION('',(0.,0.,-1.));
#5358 = DIRECTION('',(0.,-1.,0.));
#5359 = ADVANCED_FACE('',(#5360),#5366,.F.);
#5360 = FACE_BOUND('',#5361,.F.);
#5361 = EDGE_LOOP('',(#5362,#5363,#5364,#5365));
#5362 = ORIENTED_EDGE('',*,*,#4302,.T.);
#5363 = ORIENTED_EDGE('',*,*,#4329,.T.);
#5364 = ORIENTED_EDGE('',*,*,#4247,.F.);
#5365 = ORIENTED_EDGE('',*,*,#4288,.F.);
#5366 = PLANE('',#5367);
#5367 = AXIS2_PLACEMENT_3D('',#5368,#5369,#5370);
#5368 = CARTESIAN_POINT('',(-6.1925,-5.8675,7.45));
#5369 = DIRECTION('',(0.,0.,-1.));
#5370 = DIRECTION('',(0.,-1.,0.));
#5371 = ADVANCED_FACE('',(#5372),#5378,.F.);
#5372 = FACE_BOUND('',#5373,.F.);
#5373 = EDGE_LOOP('',(#5374,#5375,#5376,#5377));
#5374 = ORIENTED_EDGE('',*,*,#4343,.T.);
#5375 = ORIENTED_EDGE('',*,*,#4384,.T.);
#5376 = ORIENTED_EDGE('',*,*,#4398,.F.);
#5377 = ORIENTED_EDGE('',*,*,#4425,.F.);
#5378 = PLANE('',#5379);
#5379 = AXIS2_PLACEMENT_3D('',#5380,#5381,#5382);
#5380 = CARTESIAN_POINT('',(-3.6525,-5.8675,7.45));
#5381 = DIRECTION('',(0.,0.,-1.));
#5382 = DIRECTION('',(0.,-1.,0.));
#5383 = ADVANCED_FACE('',(#5384),#5390,.F.);
#5384 = FACE_BOUND('',#5385,.F.);
#5385 = EDGE_LOOP('',(#5386,#5387,#5388,#5389));
#5386 = ORIENTED_EDGE('',*,*,#4521,.T.);
#5387 = ORIENTED_EDGE('',*,*,#4456,.T.);
#5388 = ORIENTED_EDGE('',*,*,#4470,.F.);
#5389 = ORIENTED_EDGE('',*,*,#4504,.F.);
#5390 = PLANE('',#5391);
#5391 = AXIS2_PLACEMENT_3D('',#5392,#5393,#5394);
#5392 = CARTESIAN_POINT('',(-8.7325,-5.8675,7.45));
#5393 = DIRECTION('',(0.,0.,-1.));
#5394 = DIRECTION('',(0.,-1.,0.));
#5395 = ADVANCED_FACE('',(#5396),#5402,.T.);
#5396 = FACE_BOUND('',#5397,.T.);
#5397 = EDGE_LOOP('',(#5398,#5399,#5400,#5401));
#5398 = ORIENTED_EDGE('',*,*,#4535,.T.);
#5399 = ORIENTED_EDGE('',*,*,#4576,.T.);
#5400 = ORIENTED_EDGE('',*,*,#4590,.F.);
#5401 = ORIENTED_EDGE('',*,*,#4617,.F.);
#5402 = PLANE('',#5403);
#5403 = AXIS2_PLACEMENT_3D('',#5404,#5405,#5406);
#5404 = CARTESIAN_POINT('',(9.0475,-5.8675,-4.09));
#5405 = DIRECTION('',(0.,0.,-1.));
#5406 = DIRECTION('',(0.,-1.,0.));
#5407 = ADVANCED_FACE('',(#5408),#5414,.T.);
#5408 = FACE_BOUND('',#5409,.T.);
#5409 = EDGE_LOOP('',(#5410,#5411,#5412,#5413));
#5410 = ORIENTED_EDGE('',*,*,#4686,.T.);
#5411 = ORIENTED_EDGE('',*,*,#4713,.T.);
#5412 = ORIENTED_EDGE('',*,*,#4631,.F.);
#5413 = ORIENTED_EDGE('',*,*,#4672,.F.);
#5414 = PLANE('',#5415);
#5415 = AXIS2_PLACEMENT_3D('',#5416,#5417,#5418);
#5416 = CARTESIAN_POINT('',(6.5075,-5.8675,-4.09));
#5417 = DIRECTION('',(0.,0.,-1.));
#5418 = DIRECTION('',(0.,-1.,0.));
#5419 = ADVANCED_FACE('',(#5420),#5426,.T.);
#5420 = FACE_BOUND('',#5421,.T.);
#5421 = EDGE_LOOP('',(#5422,#5423,#5424,#5425));
#5422 = ORIENTED_EDGE('',*,*,#4809,.T.);
#5423 = ORIENTED_EDGE('',*,*,#4744,.T.);
#5424 = ORIENTED_EDGE('',*,*,#4758,.F.);
#5425 = ORIENTED_EDGE('',*,*,#4792,.F.);
#5426 = PLANE('',#5427);
#5427 = AXIS2_PLACEMENT_3D('',#5428,#5429,#5430);
#5428 = CARTESIAN_POINT('',(-1.1125,-5.8675,-4.09));
#5429 = DIRECTION('',(0.,0.,-1.));
#5430 = DIRECTION('',(0.,-1.,0.));
#5431 = ADVANCED_FACE('',(#5432),#5438,.T.);
#5432 = FACE_BOUND('',#5433,.T.);
#5433 = EDGE_LOOP('',(#5434,#5435,#5436,#5437));
#5434 = ORIENTED_EDGE('',*,*,#4878,.T.);
#5435 = ORIENTED_EDGE('',*,*,#4905,.T.);
#5436 = ORIENTED_EDGE('',*,*,#4823,.F.);
#5437 = ORIENTED_EDGE('',*,*,#4864,.F.);
#5438 = PLANE('',#5439);
#5439 = AXIS2_PLACEMENT_3D('',#5440,#5441,#5442);
#5440 = CARTESIAN_POINT('',(3.9675,-5.8675,-4.09));
#5441 = DIRECTION('',(0.,0.,-1.));
#5442 = DIRECTION('',(0.,-1.,0.));
#5443 = ADVANCED_FACE('',(#5444),#5450,.T.);
#5444 = FACE_BOUND('',#5445,.T.);
#5445 = EDGE_LOOP('',(#5446,#5447,#5448,#5449));
#5446 = ORIENTED_EDGE('',*,*,#5001,.T.);
#5447 = ORIENTED_EDGE('',*,*,#4936,.T.);
#5448 = ORIENTED_EDGE('',*,*,#4950,.F.);
#5449 = ORIENTED_EDGE('',*,*,#4984,.F.);
#5450 = PLANE('',#5451);
#5451 = AXIS2_PLACEMENT_3D('',#5452,#5453,#5454);
#5452 = CARTESIAN_POINT('',(1.4275,-5.8675,-4.09));
#5453 = DIRECTION('',(0.,0.,-1.));
#5454 = DIRECTION('',(0.,-1.,0.));
#5455 = ADVANCED_FACE('',(#5456),#5462,.T.);
#5456 = FACE_BOUND('',#5457,.T.);
#5457 = EDGE_LOOP('',(#5458,#5459,#5460,#5461));
#5458 = ORIENTED_EDGE('',*,*,#5070,.T.);
#5459 = ORIENTED_EDGE('',*,*,#5097,.T.);
#5460 = ORIENTED_EDGE('',*,*,#5015,.F.);
#5461 = ORIENTED_EDGE('',*,*,#5056,.F.);
#5462 = PLANE('',#5463);
#5463 = AXIS2_PLACEMENT_3D('',#5464,#5465,#5466);
#5464 = CARTESIAN_POINT('',(-6.1925,-5.8675,-4.09));
#5465 = DIRECTION('',(0.,0.,-1.));
#5466 = DIRECTION('',(0.,-1.,0.));
#5467 = ADVANCED_FACE('',(#5468),#5474,.T.);
#5468 = FACE_BOUND('',#5469,.T.);
#5469 = EDGE_LOOP('',(#5470,#5471,#5472,#5473));
#5470 = ORIENTED_EDGE('',*,*,#5111,.T.);
#5471 = ORIENTED_EDGE('',*,*,#5152,.T.);
#5472 = ORIENTED_EDGE('',*,*,#5166,.F.);
#5473 = ORIENTED_EDGE('',*,*,#5193,.F.);
#5474 = PLANE('',#5475);
#5475 = AXIS2_PLACEMENT_3D('',#5476,#5477,#5478);
#5476 = CARTESIAN_POINT('',(-3.6525,-5.8675,-4.09));
#5477 = DIRECTION('',(0.,0.,-1.));
#5478 = DIRECTION('',(0.,-1.,0.));
#5479 = ADVANCED_FACE('',(#5480),#5486,.T.);
#5480 = FACE_BOUND('',#5481,.T.);
#5481 = EDGE_LOOP('',(#5482,#5483,#5484,#5485));
#5482 = ORIENTED_EDGE('',*,*,#5289,.T.);
#5483 = ORIENTED_EDGE('',*,*,#5224,.T.);
#5484 = ORIENTED_EDGE('',*,*,#5238,.F.);
#5485 = ORIENTED_EDGE('',*,*,#5272,.F.);
#5486 = PLANE('',#5487);
#5487 = AXIS2_PLACEMENT_3D('',#5488,#5489,#5490);
#5488 = CARTESIAN_POINT('',(-8.7325,-5.8675,-4.09));
#5489 = DIRECTION('',(0.,0.,-1.));
#5490 = DIRECTION('',(0.,-1.,0.));
#5491 = MANIFOLD_SOLID_BREP('',#5492);
#5492 = CLOSED_SHELL('',(#5493,#5533,#5564,#5595,#5938,#6281,#6293,#6315
    ,#6332,#6349,#6361,#6383,#6400,#6417,#6429,#6451,#6468,#6485,#6497,
    #6519,#6536,#6553,#6565,#6587,#6604,#6621,#6633,#6655,#6672,#6689,
    #6701,#6723,#6740,#6757,#6769,#6791,#6808,#6825,#6837,#6854));
#5493 = ADVANCED_FACE('',(#5494),#5528,.T.);
#5494 = FACE_BOUND('',#5495,.T.);
#5495 = EDGE_LOOP('',(#5496,#5506,#5514,#5522));
#5496 = ORIENTED_EDGE('',*,*,#5497,.T.);
#5497 = EDGE_CURVE('',#5498,#5500,#5502,.T.);
#5498 = VERTEX_POINT('',#5499);
#5499 = CARTESIAN_POINT('',(-10.4775,-8.5725,0.));
#5500 = VERTEX_POINT('',#5501);
#5501 = CARTESIAN_POINT('',(-10.4775,-8.5725,1.65));
#5502 = LINE('',#5503,#5504);
#5503 = CARTESIAN_POINT('',(-10.4775,-8.5725,0.));
#5504 = VECTOR('',#5505,1.);
#5505 = DIRECTION('',(0.,0.,1.));
#5506 = ORIENTED_EDGE('',*,*,#5507,.T.);
#5507 = EDGE_CURVE('',#5500,#5508,#5510,.T.);
#5508 = VERTEX_POINT('',#5509);
#5509 = CARTESIAN_POINT('',(-10.4775,8.5725,1.65));
#5510 = LINE('',#5511,#5512);
#5511 = CARTESIAN_POINT('',(-10.4775,-8.5725,1.65));
#5512 = VECTOR('',#5513,1.);
#5513 = DIRECTION('',(0.,1.,0.));
#5514 = ORIENTED_EDGE('',*,*,#5515,.F.);
#5515 = EDGE_CURVE('',#5516,#5508,#5518,.T.);
#5516 = VERTEX_POINT('',#5517);
#5517 = CARTESIAN_POINT('',(-10.4775,8.5725,0.));
#5518 = LINE('',#5519,#5520);
#5519 = CARTESIAN_POINT('',(-10.4775,8.5725,0.));
#5520 = VECTOR('',#5521,1.);
#5521 = DIRECTION('',(0.,0.,1.));
#5522 = ORIENTED_EDGE('',*,*,#5523,.F.);
#5523 = EDGE_CURVE('',#5498,#5516,#5524,.T.);
#5524 = LINE('',#5525,#5526);
#5525 = CARTESIAN_POINT('',(-10.4775,-8.5725,0.));
#5526 = VECTOR('',#5527,1.);
#5527 = DIRECTION('',(0.,1.,0.));
#5528 = PLANE('',#5529);
#5529 = AXIS2_PLACEMENT_3D('',#5530,#5531,#5532);
#5530 = CARTESIAN_POINT('',(-10.4775,-8.5725,0.));
#5531 = DIRECTION('',(-1.,0.,0.));
#5532 = DIRECTION('',(0.,1.,0.));
#5533 = ADVANCED_FACE('',(#5534),#5559,.T.);
#5534 = FACE_BOUND('',#5535,.T.);
#5535 = EDGE_LOOP('',(#5536,#5546,#5552,#5553));
#5536 = ORIENTED_EDGE('',*,*,#5537,.T.);
#5537 = EDGE_CURVE('',#5538,#5540,#5542,.T.);
#5538 = VERTEX_POINT('',#5539);
#5539 = CARTESIAN_POINT('',(10.4775,-8.5725,0.));
#5540 = VERTEX_POINT('',#5541);
#5541 = CARTESIAN_POINT('',(10.4775,-8.5725,1.65));
#5542 = LINE('',#5543,#5544);
#5543 = CARTESIAN_POINT('',(10.4775,-8.5725,0.));
#5544 = VECTOR('',#5545,1.);
#5545 = DIRECTION('',(0.,0.,1.));
#5546 = ORIENTED_EDGE('',*,*,#5547,.T.);
#5547 = EDGE_CURVE('',#5540,#5500,#5548,.T.);
#5548 = LINE('',#5549,#5550);
#5549 = CARTESIAN_POINT('',(10.4775,-8.5725,1.65));
#5550 = VECTOR('',#5551,1.);
#5551 = DIRECTION('',(-1.,0.,0.));
#5552 = ORIENTED_EDGE('',*,*,#5497,.F.);
#5553 = ORIENTED_EDGE('',*,*,#5554,.F.);
#5554 = EDGE_CURVE('',#5538,#5498,#5555,.T.);
#5555 = LINE('',#5556,#5557);
#5556 = CARTESIAN_POINT('',(10.4775,-8.5725,0.));
#5557 = VECTOR('',#5558,1.);
#5558 = DIRECTION('',(-1.,0.,0.));
#5559 = PLANE('',#5560);
#5560 = AXIS2_PLACEMENT_3D('',#5561,#5562,#5563);
#5561 = CARTESIAN_POINT('',(10.4775,-8.5725,0.));
#5562 = DIRECTION('',(0.,-1.,0.));
#5563 = DIRECTION('',(-1.,0.,0.));
#5564 = ADVANCED_FACE('',(#5565),#5590,.T.);
#5565 = FACE_BOUND('',#5566,.T.);
#5566 = EDGE_LOOP('',(#5567,#5568,#5576,#5584));
#5567 = ORIENTED_EDGE('',*,*,#5515,.T.);
#5568 = ORIENTED_EDGE('',*,*,#5569,.T.);
#5569 = EDGE_CURVE('',#5508,#5570,#5572,.T.);
#5570 = VERTEX_POINT('',#5571);
#5571 = CARTESIAN_POINT('',(10.4775,8.5725,1.65));
#5572 = LINE('',#5573,#5574);
#5573 = CARTESIAN_POINT('',(-10.4775,8.5725,1.65));
#5574 = VECTOR('',#5575,1.);
#5575 = DIRECTION('',(1.,0.,0.));
#5576 = ORIENTED_EDGE('',*,*,#5577,.F.);
#5577 = EDGE_CURVE('',#5578,#5570,#5580,.T.);
#5578 = VERTEX_POINT('',#5579);
#5579 = CARTESIAN_POINT('',(10.4775,8.5725,0.));
#5580 = LINE('',#5581,#5582);
#5581 = CARTESIAN_POINT('',(10.4775,8.5725,0.));
#5582 = VECTOR('',#5583,1.);
#5583 = DIRECTION('',(0.,0.,1.));
#5584 = ORIENTED_EDGE('',*,*,#5585,.F.);
#5585 = EDGE_CURVE('',#5516,#5578,#5586,.T.);
#5586 = LINE('',#5587,#5588);
#5587 = CARTESIAN_POINT('',(-10.4775,8.5725,0.));
#5588 = VECTOR('',#5589,1.);
#5589 = DIRECTION('',(1.,0.,0.));
#5590 = PLANE('',#5591);
#5591 = AXIS2_PLACEMENT_3D('',#5592,#5593,#5594);
#5592 = CARTESIAN_POINT('',(-10.4775,8.5725,0.));
#5593 = DIRECTION('',(0.,1.,0.));
#5594 = DIRECTION('',(1.,0.,0.));
#5595 = ADVANCED_FACE('',(#5596,#5607,#5645,#5683,#5721,#5759,#5797,
    #5835,#5873,#5911,#5922),#5933,.T.);
#5596 = FACE_BOUND('',#5597,.T.);
#5597 = EDGE_LOOP('',(#5598,#5599,#5600,#5606));
#5598 = ORIENTED_EDGE('',*,*,#5523,.T.);
#5599 = ORIENTED_EDGE('',*,*,#5585,.T.);
#5600 = ORIENTED_EDGE('',*,*,#5601,.T.);
#5601 = EDGE_CURVE('',#5578,#5538,#5602,.T.);
#5602 = LINE('',#5603,#5604);
#5603 = CARTESIAN_POINT('',(10.4775,8.5725,0.));
#5604 = VECTOR('',#5605,1.);
#5605 = DIRECTION('',(0.,-1.,0.));
#5606 = ORIENTED_EDGE('',*,*,#5554,.T.);
#5607 = FACE_BOUND('',#5608,.T.);
#5608 = EDGE_LOOP('',(#5609,#5620,#5629,#5638));
#5609 = ORIENTED_EDGE('',*,*,#5610,.T.);
#5610 = EDGE_CURVE('',#5611,#5613,#5615,.T.);
#5611 = VERTEX_POINT('',#5612);
#5612 = CARTESIAN_POINT('',(8.231548641498,-6.251,0.));
#5613 = VERTEX_POINT('',#5614);
#5614 = CARTESIAN_POINT('',(9.2275,-6.3145,0.));
#5615 = CIRCLE('',#5616,0.5);
#5616 = AXIS2_PLACEMENT_3D('',#5617,#5618,#5619);
#5617 = CARTESIAN_POINT('',(8.7275,-6.3145,0.));
#5618 = DIRECTION('',(0.,0.,1.));
#5619 = DIRECTION('',(1.,0.,0.));
#5620 = ORIENTED_EDGE('',*,*,#5621,.T.);
#5621 = EDGE_CURVE('',#5613,#5622,#5624,.T.);
#5622 = VERTEX_POINT('',#5623);
#5623 = CARTESIAN_POINT('',(9.223451358502,-6.251,0.));
#5624 = CIRCLE('',#5625,0.5);
#5625 = AXIS2_PLACEMENT_3D('',#5626,#5627,#5628);
#5626 = CARTESIAN_POINT('',(8.7275,-6.3145,0.));
#5627 = DIRECTION('',(0.,0.,1.));
#5628 = DIRECTION('',(1.,0.,0.));
#5629 = ORIENTED_EDGE('',*,*,#5630,.T.);
#5630 = EDGE_CURVE('',#5622,#5631,#5633,.T.);
#5631 = VERTEX_POINT('',#5632);
#5632 = CARTESIAN_POINT('',(9.2275,-6.1875,0.));
#5633 = CIRCLE('',#5634,0.5);
#5634 = AXIS2_PLACEMENT_3D('',#5635,#5636,#5637);
#5635 = CARTESIAN_POINT('',(8.7275,-6.1875,0.));
#5636 = DIRECTION('',(0.,0.,1.));
#5637 = DIRECTION('',(1.,0.,0.));
#5638 = ORIENTED_EDGE('',*,*,#5639,.T.);
#5639 = EDGE_CURVE('',#5631,#5611,#5640,.T.);
#5640 = CIRCLE('',#5641,0.5);
#5641 = AXIS2_PLACEMENT_3D('',#5642,#5643,#5644);
#5642 = CARTESIAN_POINT('',(8.7275,-6.1875,0.));
#5643 = DIRECTION('',(0.,0.,1.));
#5644 = DIRECTION('',(1.,0.,0.));
#5645 = FACE_BOUND('',#5646,.T.);
#5646 = EDGE_LOOP('',(#5647,#5658,#5667,#5676));
#5647 = ORIENTED_EDGE('',*,*,#5648,.T.);
#5648 = EDGE_CURVE('',#5649,#5651,#5653,.T.);
#5649 = VERTEX_POINT('',#5650);
#5650 = CARTESIAN_POINT('',(5.691548641498,-6.251,0.));
#5651 = VERTEX_POINT('',#5652);
#5652 = CARTESIAN_POINT('',(6.6875,-6.3145,0.));
#5653 = CIRCLE('',#5654,0.5);
#5654 = AXIS2_PLACEMENT_3D('',#5655,#5656,#5657);
#5655 = CARTESIAN_POINT('',(6.1875,-6.3145,0.));
#5656 = DIRECTION('',(0.,0.,1.));
#5657 = DIRECTION('',(1.,0.,0.));
#5658 = ORIENTED_EDGE('',*,*,#5659,.T.);
#5659 = EDGE_CURVE('',#5651,#5660,#5662,.T.);
#5660 = VERTEX_POINT('',#5661);
#5661 = CARTESIAN_POINT('',(6.683451358502,-6.251,0.));
#5662 = CIRCLE('',#5663,0.5);
#5663 = AXIS2_PLACEMENT_3D('',#5664,#5665,#5666);
#5664 = CARTESIAN_POINT('',(6.1875,-6.3145,0.));
#5665 = DIRECTION('',(0.,0.,1.));
#5666 = DIRECTION('',(1.,0.,0.));
#5667 = ORIENTED_EDGE('',*,*,#5668,.T.);
#5668 = EDGE_CURVE('',#5660,#5669,#5671,.T.);
#5669 = VERTEX_POINT('',#5670);
#5670 = CARTESIAN_POINT('',(6.6875,-6.1875,0.));
#5671 = CIRCLE('',#5672,0.5);
#5672 = AXIS2_PLACEMENT_3D('',#5673,#5674,#5675);
#5673 = CARTESIAN_POINT('',(6.1875,-6.1875,0.));
#5674 = DIRECTION('',(0.,0.,1.));
#5675 = DIRECTION('',(1.,0.,0.));
#5676 = ORIENTED_EDGE('',*,*,#5677,.T.);
#5677 = EDGE_CURVE('',#5669,#5649,#5678,.T.);
#5678 = CIRCLE('',#5679,0.5);
#5679 = AXIS2_PLACEMENT_3D('',#5680,#5681,#5682);
#5680 = CARTESIAN_POINT('',(6.1875,-6.1875,0.));
#5681 = DIRECTION('',(0.,0.,1.));
#5682 = DIRECTION('',(1.,0.,0.));
#5683 = FACE_BOUND('',#5684,.T.);
#5684 = EDGE_LOOP('',(#5685,#5696,#5705,#5714));
#5685 = ORIENTED_EDGE('',*,*,#5686,.T.);
#5686 = EDGE_CURVE('',#5687,#5689,#5691,.T.);
#5687 = VERTEX_POINT('',#5688);
#5688 = CARTESIAN_POINT('',(3.151548641498,-6.251,0.));
#5689 = VERTEX_POINT('',#5690);
#5690 = CARTESIAN_POINT('',(4.1475,-6.3145,0.));
#5691 = CIRCLE('',#5692,0.5);
#5692 = AXIS2_PLACEMENT_3D('',#5693,#5694,#5695);
#5693 = CARTESIAN_POINT('',(3.6475,-6.3145,0.));
#5694 = DIRECTION('',(0.,0.,1.));
#5695 = DIRECTION('',(1.,0.,0.));
#5696 = ORIENTED_EDGE('',*,*,#5697,.T.);
#5697 = EDGE_CURVE('',#5689,#5698,#5700,.T.);
#5698 = VERTEX_POINT('',#5699);
#5699 = CARTESIAN_POINT('',(4.143451358502,-6.251,0.));
#5700 = CIRCLE('',#5701,0.5);
#5701 = AXIS2_PLACEMENT_3D('',#5702,#5703,#5704);
#5702 = CARTESIAN_POINT('',(3.6475,-6.3145,0.));
#5703 = DIRECTION('',(0.,0.,1.));
#5704 = DIRECTION('',(1.,0.,0.));
#5705 = ORIENTED_EDGE('',*,*,#5706,.T.);
#5706 = EDGE_CURVE('',#5698,#5707,#5709,.T.);
#5707 = VERTEX_POINT('',#5708);
#5708 = CARTESIAN_POINT('',(4.1475,-6.1875,0.));
#5709 = CIRCLE('',#5710,0.5);
#5710 = AXIS2_PLACEMENT_3D('',#5711,#5712,#5713);
#5711 = CARTESIAN_POINT('',(3.6475,-6.1875,0.));
#5712 = DIRECTION('',(0.,0.,1.));
#5713 = DIRECTION('',(1.,0.,0.));
#5714 = ORIENTED_EDGE('',*,*,#5715,.T.);
#5715 = EDGE_CURVE('',#5707,#5687,#5716,.T.);
#5716 = CIRCLE('',#5717,0.5);
#5717 = AXIS2_PLACEMENT_3D('',#5718,#5719,#5720);
#5718 = CARTESIAN_POINT('',(3.6475,-6.1875,0.));
#5719 = DIRECTION('',(0.,0.,1.));
#5720 = DIRECTION('',(1.,0.,0.));
#5721 = FACE_BOUND('',#5722,.T.);
#5722 = EDGE_LOOP('',(#5723,#5734,#5743,#5752));
#5723 = ORIENTED_EDGE('',*,*,#5724,.T.);
#5724 = EDGE_CURVE('',#5725,#5727,#5729,.T.);
#5725 = VERTEX_POINT('',#5726);
#5726 = CARTESIAN_POINT('',(0.611548641498,-6.251,0.));
#5727 = VERTEX_POINT('',#5728);
#5728 = CARTESIAN_POINT('',(1.6075,-6.3145,0.));
#5729 = CIRCLE('',#5730,0.5);
#5730 = AXIS2_PLACEMENT_3D('',#5731,#5732,#5733);
#5731 = CARTESIAN_POINT('',(1.1075,-6.3145,0.));
#5732 = DIRECTION('',(0.,0.,1.));
#5733 = DIRECTION('',(1.,0.,0.));
#5734 = ORIENTED_EDGE('',*,*,#5735,.T.);
#5735 = EDGE_CURVE('',#5727,#5736,#5738,.T.);
#5736 = VERTEX_POINT('',#5737);
#5737 = CARTESIAN_POINT('',(1.603451358502,-6.251,0.));
#5738 = CIRCLE('',#5739,0.5);
#5739 = AXIS2_PLACEMENT_3D('',#5740,#5741,#5742);
#5740 = CARTESIAN_POINT('',(1.1075,-6.3145,0.));
#5741 = DIRECTION('',(0.,0.,1.));
#5742 = DIRECTION('',(1.,0.,0.));
#5743 = ORIENTED_EDGE('',*,*,#5744,.T.);
#5744 = EDGE_CURVE('',#5736,#5745,#5747,.T.);
#5745 = VERTEX_POINT('',#5746);
#5746 = CARTESIAN_POINT('',(1.6075,-6.1875,0.));
#5747 = CIRCLE('',#5748,0.5);
#5748 = AXIS2_PLACEMENT_3D('',#5749,#5750,#5751);
#5749 = CARTESIAN_POINT('',(1.1075,-6.1875,0.));
#5750 = DIRECTION('',(0.,0.,1.));
#5751 = DIRECTION('',(1.,0.,0.));
#5752 = ORIENTED_EDGE('',*,*,#5753,.T.);
#5753 = EDGE_CURVE('',#5745,#5725,#5754,.T.);
#5754 = CIRCLE('',#5755,0.5);
#5755 = AXIS2_PLACEMENT_3D('',#5756,#5757,#5758);
#5756 = CARTESIAN_POINT('',(1.1075,-6.1875,0.));
#5757 = DIRECTION('',(0.,0.,1.));
#5758 = DIRECTION('',(1.,0.,0.));
#5759 = FACE_BOUND('',#5760,.T.);
#5760 = EDGE_LOOP('',(#5761,#5772,#5781,#5790));
#5761 = ORIENTED_EDGE('',*,*,#5762,.T.);
#5762 = EDGE_CURVE('',#5763,#5765,#5767,.T.);
#5763 = VERTEX_POINT('',#5764);
#5764 = CARTESIAN_POINT('',(-1.928451358502,-6.251,0.));
#5765 = VERTEX_POINT('',#5766);
#5766 = CARTESIAN_POINT('',(-0.9325,-6.3145,0.));
#5767 = CIRCLE('',#5768,0.5);
#5768 = AXIS2_PLACEMENT_3D('',#5769,#5770,#5771);
#5769 = CARTESIAN_POINT('',(-1.4325,-6.3145,0.));
#5770 = DIRECTION('',(0.,0.,1.));
#5771 = DIRECTION('',(1.,0.,0.));
#5772 = ORIENTED_EDGE('',*,*,#5773,.T.);
#5773 = EDGE_CURVE('',#5765,#5774,#5776,.T.);
#5774 = VERTEX_POINT('',#5775);
#5775 = CARTESIAN_POINT('',(-0.936548641498,-6.251,0.));
#5776 = CIRCLE('',#5777,0.5);
#5777 = AXIS2_PLACEMENT_3D('',#5778,#5779,#5780);
#5778 = CARTESIAN_POINT('',(-1.4325,-6.3145,0.));
#5779 = DIRECTION('',(0.,0.,1.));
#5780 = DIRECTION('',(1.,0.,0.));
#5781 = ORIENTED_EDGE('',*,*,#5782,.T.);
#5782 = EDGE_CURVE('',#5774,#5783,#5785,.T.);
#5783 = VERTEX_POINT('',#5784);
#5784 = CARTESIAN_POINT('',(-0.9325,-6.1875,0.));
#5785 = CIRCLE('',#5786,0.5);
#5786 = AXIS2_PLACEMENT_3D('',#5787,#5788,#5789);
#5787 = CARTESIAN_POINT('',(-1.4325,-6.1875,0.));
#5788 = DIRECTION('',(0.,0.,1.));
#5789 = DIRECTION('',(1.,0.,0.));
#5790 = ORIENTED_EDGE('',*,*,#5791,.T.);
#5791 = EDGE_CURVE('',#5783,#5763,#5792,.T.);
#5792 = CIRCLE('',#5793,0.5);
#5793 = AXIS2_PLACEMENT_3D('',#5794,#5795,#5796);
#5794 = CARTESIAN_POINT('',(-1.4325,-6.1875,0.));
#5795 = DIRECTION('',(0.,0.,1.));
#5796 = DIRECTION('',(1.,0.,0.));
#5797 = FACE_BOUND('',#5798,.T.);
#5798 = EDGE_LOOP('',(#5799,#5810,#5819,#5828));
#5799 = ORIENTED_EDGE('',*,*,#5800,.T.);
#5800 = EDGE_CURVE('',#5801,#5803,#5805,.T.);
#5801 = VERTEX_POINT('',#5802);
#5802 = CARTESIAN_POINT('',(-4.468451358502,-6.251,0.));
#5803 = VERTEX_POINT('',#5804);
#5804 = CARTESIAN_POINT('',(-3.4725,-6.3145,0.));
#5805 = CIRCLE('',#5806,0.5);
#5806 = AXIS2_PLACEMENT_3D('',#5807,#5808,#5809);
#5807 = CARTESIAN_POINT('',(-3.9725,-6.3145,0.));
#5808 = DIRECTION('',(0.,0.,1.));
#5809 = DIRECTION('',(1.,0.,0.));
#5810 = ORIENTED_EDGE('',*,*,#5811,.T.);
#5811 = EDGE_CURVE('',#5803,#5812,#5814,.T.);
#5812 = VERTEX_POINT('',#5813);
#5813 = CARTESIAN_POINT('',(-3.476548641498,-6.251,0.));
#5814 = CIRCLE('',#5815,0.5);
#5815 = AXIS2_PLACEMENT_3D('',#5816,#5817,#5818);
#5816 = CARTESIAN_POINT('',(-3.9725,-6.3145,0.));
#5817 = DIRECTION('',(0.,0.,1.));
#5818 = DIRECTION('',(1.,0.,0.));
#5819 = ORIENTED_EDGE('',*,*,#5820,.T.);
#5820 = EDGE_CURVE('',#5812,#5821,#5823,.T.);
#5821 = VERTEX_POINT('',#5822);
#5822 = CARTESIAN_POINT('',(-3.4725,-6.1875,0.));
#5823 = CIRCLE('',#5824,0.5);
#5824 = AXIS2_PLACEMENT_3D('',#5825,#5826,#5827);
#5825 = CARTESIAN_POINT('',(-3.9725,-6.1875,0.));
#5826 = DIRECTION('',(0.,0.,1.));
#5827 = DIRECTION('',(1.,0.,0.));
#5828 = ORIENTED_EDGE('',*,*,#5829,.T.);
#5829 = EDGE_CURVE('',#5821,#5801,#5830,.T.);
#5830 = CIRCLE('',#5831,0.5);
#5831 = AXIS2_PLACEMENT_3D('',#5832,#5833,#5834);
#5832 = CARTESIAN_POINT('',(-3.9725,-6.1875,0.));
#5833 = DIRECTION('',(0.,0.,1.));
#5834 = DIRECTION('',(1.,0.,0.));
#5835 = FACE_BOUND('',#5836,.T.);
#5836 = EDGE_LOOP('',(#5837,#5848,#5857,#5866));
#5837 = ORIENTED_EDGE('',*,*,#5838,.T.);
#5838 = EDGE_CURVE('',#5839,#5841,#5843,.T.);
#5839 = VERTEX_POINT('',#5840);
#5840 = CARTESIAN_POINT('',(-7.008451358502,-6.251,0.));
#5841 = VERTEX_POINT('',#5842);
#5842 = CARTESIAN_POINT('',(-6.0125,-6.3145,0.));
#5843 = CIRCLE('',#5844,0.5);
#5844 = AXIS2_PLACEMENT_3D('',#5845,#5846,#5847);
#5845 = CARTESIAN_POINT('',(-6.5125,-6.3145,0.));
#5846 = DIRECTION('',(0.,0.,1.));
#5847 = DIRECTION('',(1.,0.,0.));
#5848 = ORIENTED_EDGE('',*,*,#5849,.T.);
#5849 = EDGE_CURVE('',#5841,#5850,#5852,.T.);
#5850 = VERTEX_POINT('',#5851);
#5851 = CARTESIAN_POINT('',(-6.016548641498,-6.251,0.));
#5852 = CIRCLE('',#5853,0.5);
#5853 = AXIS2_PLACEMENT_3D('',#5854,#5855,#5856);
#5854 = CARTESIAN_POINT('',(-6.5125,-6.3145,0.));
#5855 = DIRECTION('',(0.,0.,1.));
#5856 = DIRECTION('',(1.,0.,0.));
#5857 = ORIENTED_EDGE('',*,*,#5858,.T.);
#5858 = EDGE_CURVE('',#5850,#5859,#5861,.T.);
#5859 = VERTEX_POINT('',#5860);
#5860 = CARTESIAN_POINT('',(-6.0125,-6.1875,0.));
#5861 = CIRCLE('',#5862,0.5);
#5862 = AXIS2_PLACEMENT_3D('',#5863,#5864,#5865);
#5863 = CARTESIAN_POINT('',(-6.5125,-6.1875,0.));
#5864 = DIRECTION('',(0.,0.,1.));
#5865 = DIRECTION('',(1.,0.,0.));
#5866 = ORIENTED_EDGE('',*,*,#5867,.T.);
#5867 = EDGE_CURVE('',#5859,#5839,#5868,.T.);
#5868 = CIRCLE('',#5869,0.5);
#5869 = AXIS2_PLACEMENT_3D('',#5870,#5871,#5872);
#5870 = CARTESIAN_POINT('',(-6.5125,-6.1875,0.));
#5871 = DIRECTION('',(0.,0.,1.));
#5872 = DIRECTION('',(1.,0.,0.));
#5873 = FACE_BOUND('',#5874,.T.);
#5874 = EDGE_LOOP('',(#5875,#5886,#5895,#5904));
#5875 = ORIENTED_EDGE('',*,*,#5876,.T.);
#5876 = EDGE_CURVE('',#5877,#5879,#5881,.T.);
#5877 = VERTEX_POINT('',#5878);
#5878 = CARTESIAN_POINT('',(-9.548451358502,-6.251,0.));
#5879 = VERTEX_POINT('',#5880);
#5880 = CARTESIAN_POINT('',(-8.5525,-6.3145,0.));
#5881 = CIRCLE('',#5882,0.5);
#5882 = AXIS2_PLACEMENT_3D('',#5883,#5884,#5885);
#5883 = CARTESIAN_POINT('',(-9.0525,-6.3145,0.));
#5884 = DIRECTION('',(0.,0.,1.));
#5885 = DIRECTION('',(1.,0.,0.));
#5886 = ORIENTED_EDGE('',*,*,#5887,.T.);
#5887 = EDGE_CURVE('',#5879,#5888,#5890,.T.);
#5888 = VERTEX_POINT('',#5889);
#5889 = CARTESIAN_POINT('',(-8.556548641498,-6.251,0.));
#5890 = CIRCLE('',#5891,0.5);
#5891 = AXIS2_PLACEMENT_3D('',#5892,#5893,#5894);
#5892 = CARTESIAN_POINT('',(-9.0525,-6.3145,0.));
#5893 = DIRECTION('',(0.,0.,1.));
#5894 = DIRECTION('',(1.,0.,0.));
#5895 = ORIENTED_EDGE('',*,*,#5896,.T.);
#5896 = EDGE_CURVE('',#5888,#5897,#5899,.T.);
#5897 = VERTEX_POINT('',#5898);
#5898 = CARTESIAN_POINT('',(-8.5525,-6.1875,0.));
#5899 = CIRCLE('',#5900,0.5);
#5900 = AXIS2_PLACEMENT_3D('',#5901,#5902,#5903);
#5901 = CARTESIAN_POINT('',(-9.0525,-6.1875,0.));
#5902 = DIRECTION('',(0.,0.,1.));
#5903 = DIRECTION('',(1.,0.,0.));
#5904 = ORIENTED_EDGE('',*,*,#5905,.T.);
#5905 = EDGE_CURVE('',#5897,#5877,#5906,.T.);
#5906 = CIRCLE('',#5907,0.5);
#5907 = AXIS2_PLACEMENT_3D('',#5908,#5909,#5910);
#5908 = CARTESIAN_POINT('',(-9.0525,-6.1875,0.));
#5909 = DIRECTION('',(0.,0.,1.));
#5910 = DIRECTION('',(1.,0.,0.));
#5911 = FACE_BOUND('',#5912,.T.);
#5912 = EDGE_LOOP('',(#5913));
#5913 = ORIENTED_EDGE('',*,*,#5914,.T.);
#5914 = EDGE_CURVE('',#5915,#5915,#5917,.T.);
#5915 = VERTEX_POINT('',#5916);
#5916 = CARTESIAN_POINT('',(8.743340549132,5.499669,0.));
#5917 = CIRCLE('',#5918,1.548016549132);
#5918 = AXIS2_PLACEMENT_3D('',#5919,#5920,#5921);
#5919 = CARTESIAN_POINT('',(7.195324,5.499669,0.));
#5920 = DIRECTION('',(0.,0.,1.));
#5921 = DIRECTION('',(1.,0.,0.));
#5922 = FACE_BOUND('',#5923,.T.);
#5923 = EDGE_LOOP('',(#5924));
#5924 = ORIENTED_EDGE('',*,*,#5925,.T.);
#5925 = EDGE_CURVE('',#5926,#5926,#5928,.T.);
#5926 = VERTEX_POINT('',#5927);
#5927 = CARTESIAN_POINT('',(-6.231997053509,5.499669,0.));
#5928 = CIRCLE('',#5929,1.559069946491);
#5929 = AXIS2_PLACEMENT_3D('',#5930,#5931,#5932);
#5930 = CARTESIAN_POINT('',(-7.791067,5.499669,0.));
#5931 = DIRECTION('',(0.,0.,1.));
#5932 = DIRECTION('',(1.,0.,0.));
#5933 = PLANE('',#5934);
#5934 = AXIS2_PLACEMENT_3D('',#5935,#5936,#5937);
#5935 = CARTESIAN_POINT('',(3.7E-16,7.09E-15,0.));
#5936 = DIRECTION('',(-0.,-0.,-1.));
#5937 = DIRECTION('',(-1.,0.,0.));
#5938 = ADVANCED_FACE('',(#5939,#5950,#5988,#6026,#6064,#6102,#6140,
    #6178,#6216,#6254,#6265),#6276,.F.);
#5939 = FACE_BOUND('',#5940,.F.);
#5940 = EDGE_LOOP('',(#5941,#5942,#5943,#5949));
#5941 = ORIENTED_EDGE('',*,*,#5507,.T.);
#5942 = ORIENTED_EDGE('',*,*,#5569,.T.);
#5943 = ORIENTED_EDGE('',*,*,#5944,.T.);
#5944 = EDGE_CURVE('',#5570,#5540,#5945,.T.);
#5945 = LINE('',#5946,#5947);
#5946 = CARTESIAN_POINT('',(10.4775,8.5725,1.65));
#5947 = VECTOR('',#5948,1.);
#5948 = DIRECTION('',(0.,-1.,0.));
#5949 = ORIENTED_EDGE('',*,*,#5547,.T.);
#5950 = FACE_BOUND('',#5951,.F.);
#5951 = EDGE_LOOP('',(#5952,#5963,#5972,#5981));
#5952 = ORIENTED_EDGE('',*,*,#5953,.T.);
#5953 = EDGE_CURVE('',#5954,#5956,#5958,.T.);
#5954 = VERTEX_POINT('',#5955);
#5955 = CARTESIAN_POINT('',(8.231548641498,-6.251,1.65));
#5956 = VERTEX_POINT('',#5957);
#5957 = CARTESIAN_POINT('',(9.2275,-6.3145,1.65));
#5958 = CIRCLE('',#5959,0.5);
#5959 = AXIS2_PLACEMENT_3D('',#5960,#5961,#5962);
#5960 = CARTESIAN_POINT('',(8.7275,-6.3145,1.65));
#5961 = DIRECTION('',(0.,0.,1.));
#5962 = DIRECTION('',(1.,0.,0.));
#5963 = ORIENTED_EDGE('',*,*,#5964,.T.);
#5964 = EDGE_CURVE('',#5956,#5965,#5967,.T.);
#5965 = VERTEX_POINT('',#5966);
#5966 = CARTESIAN_POINT('',(9.223451358502,-6.251,1.65));
#5967 = CIRCLE('',#5968,0.5);
#5968 = AXIS2_PLACEMENT_3D('',#5969,#5970,#5971);
#5969 = CARTESIAN_POINT('',(8.7275,-6.3145,1.65));
#5970 = DIRECTION('',(0.,0.,1.));
#5971 = DIRECTION('',(1.,0.,0.));
#5972 = ORIENTED_EDGE('',*,*,#5973,.T.);
#5973 = EDGE_CURVE('',#5965,#5974,#5976,.T.);
#5974 = VERTEX_POINT('',#5975);
#5975 = CARTESIAN_POINT('',(9.2275,-6.1875,1.65));
#5976 = CIRCLE('',#5977,0.5);
#5977 = AXIS2_PLACEMENT_3D('',#5978,#5979,#5980);
#5978 = CARTESIAN_POINT('',(8.7275,-6.1875,1.65));
#5979 = DIRECTION('',(0.,0.,1.));
#5980 = DIRECTION('',(1.,0.,0.));
#5981 = ORIENTED_EDGE('',*,*,#5982,.T.);
#5982 = EDGE_CURVE('',#5974,#5954,#5983,.T.);
#5983 = CIRCLE('',#5984,0.5);
#5984 = AXIS2_PLACEMENT_3D('',#5985,#5986,#5987);
#5985 = CARTESIAN_POINT('',(8.7275,-6.1875,1.65));
#5986 = DIRECTION('',(0.,0.,1.));
#5987 = DIRECTION('',(1.,0.,0.));
#5988 = FACE_BOUND('',#5989,.F.);
#5989 = EDGE_LOOP('',(#5990,#6001,#6010,#6019));
#5990 = ORIENTED_EDGE('',*,*,#5991,.T.);
#5991 = EDGE_CURVE('',#5992,#5994,#5996,.T.);
#5992 = VERTEX_POINT('',#5993);
#5993 = CARTESIAN_POINT('',(5.691548641498,-6.251,1.65));
#5994 = VERTEX_POINT('',#5995);
#5995 = CARTESIAN_POINT('',(6.6875,-6.3145,1.65));
#5996 = CIRCLE('',#5997,0.5);
#5997 = AXIS2_PLACEMENT_3D('',#5998,#5999,#6000);
#5998 = CARTESIAN_POINT('',(6.1875,-6.3145,1.65));
#5999 = DIRECTION('',(0.,0.,1.));
#6000 = DIRECTION('',(1.,0.,0.));
#6001 = ORIENTED_EDGE('',*,*,#6002,.T.);
#6002 = EDGE_CURVE('',#5994,#6003,#6005,.T.);
#6003 = VERTEX_POINT('',#6004);
#6004 = CARTESIAN_POINT('',(6.683451358502,-6.251,1.65));
#6005 = CIRCLE('',#6006,0.5);
#6006 = AXIS2_PLACEMENT_3D('',#6007,#6008,#6009);
#6007 = CARTESIAN_POINT('',(6.1875,-6.3145,1.65));
#6008 = DIRECTION('',(0.,0.,1.));
#6009 = DIRECTION('',(1.,0.,0.));
#6010 = ORIENTED_EDGE('',*,*,#6011,.T.);
#6011 = EDGE_CURVE('',#6003,#6012,#6014,.T.);
#6012 = VERTEX_POINT('',#6013);
#6013 = CARTESIAN_POINT('',(6.6875,-6.1875,1.65));
#6014 = CIRCLE('',#6015,0.5);
#6015 = AXIS2_PLACEMENT_3D('',#6016,#6017,#6018);
#6016 = CARTESIAN_POINT('',(6.1875,-6.1875,1.65));
#6017 = DIRECTION('',(0.,0.,1.));
#6018 = DIRECTION('',(1.,0.,0.));
#6019 = ORIENTED_EDGE('',*,*,#6020,.T.);
#6020 = EDGE_CURVE('',#6012,#5992,#6021,.T.);
#6021 = CIRCLE('',#6022,0.5);
#6022 = AXIS2_PLACEMENT_3D('',#6023,#6024,#6025);
#6023 = CARTESIAN_POINT('',(6.1875,-6.1875,1.65));
#6024 = DIRECTION('',(0.,0.,1.));
#6025 = DIRECTION('',(1.,0.,0.));
#6026 = FACE_BOUND('',#6027,.F.);
#6027 = EDGE_LOOP('',(#6028,#6039,#6048,#6057));
#6028 = ORIENTED_EDGE('',*,*,#6029,.T.);
#6029 = EDGE_CURVE('',#6030,#6032,#6034,.T.);
#6030 = VERTEX_POINT('',#6031);
#6031 = CARTESIAN_POINT('',(3.151548641498,-6.251,1.65));
#6032 = VERTEX_POINT('',#6033);
#6033 = CARTESIAN_POINT('',(4.1475,-6.3145,1.65));
#6034 = CIRCLE('',#6035,0.5);
#6035 = AXIS2_PLACEMENT_3D('',#6036,#6037,#6038);
#6036 = CARTESIAN_POINT('',(3.6475,-6.3145,1.65));
#6037 = DIRECTION('',(0.,0.,1.));
#6038 = DIRECTION('',(1.,0.,0.));
#6039 = ORIENTED_EDGE('',*,*,#6040,.T.);
#6040 = EDGE_CURVE('',#6032,#6041,#6043,.T.);
#6041 = VERTEX_POINT('',#6042);
#6042 = CARTESIAN_POINT('',(4.143451358502,-6.251,1.65));
#6043 = CIRCLE('',#6044,0.5);
#6044 = AXIS2_PLACEMENT_3D('',#6045,#6046,#6047);
#6045 = CARTESIAN_POINT('',(3.6475,-6.3145,1.65));
#6046 = DIRECTION('',(0.,0.,1.));
#6047 = DIRECTION('',(1.,0.,0.));
#6048 = ORIENTED_EDGE('',*,*,#6049,.T.);
#6049 = EDGE_CURVE('',#6041,#6050,#6052,.T.);
#6050 = VERTEX_POINT('',#6051);
#6051 = CARTESIAN_POINT('',(4.1475,-6.1875,1.65));
#6052 = CIRCLE('',#6053,0.5);
#6053 = AXIS2_PLACEMENT_3D('',#6054,#6055,#6056);
#6054 = CARTESIAN_POINT('',(3.6475,-6.1875,1.65));
#6055 = DIRECTION('',(0.,0.,1.));
#6056 = DIRECTION('',(1.,0.,0.));
#6057 = ORIENTED_EDGE('',*,*,#6058,.T.);
#6058 = EDGE_CURVE('',#6050,#6030,#6059,.T.);
#6059 = CIRCLE('',#6060,0.5);
#6060 = AXIS2_PLACEMENT_3D('',#6061,#6062,#6063);
#6061 = CARTESIAN_POINT('',(3.6475,-6.1875,1.65));
#6062 = DIRECTION('',(0.,0.,1.));
#6063 = DIRECTION('',(1.,0.,0.));
#6064 = FACE_BOUND('',#6065,.F.);
#6065 = EDGE_LOOP('',(#6066,#6077,#6086,#6095));
#6066 = ORIENTED_EDGE('',*,*,#6067,.T.);
#6067 = EDGE_CURVE('',#6068,#6070,#6072,.T.);
#6068 = VERTEX_POINT('',#6069);
#6069 = CARTESIAN_POINT('',(0.611548641498,-6.251,1.65));
#6070 = VERTEX_POINT('',#6071);
#6071 = CARTESIAN_POINT('',(1.6075,-6.3145,1.65));
#6072 = CIRCLE('',#6073,0.5);
#6073 = AXIS2_PLACEMENT_3D('',#6074,#6075,#6076);
#6074 = CARTESIAN_POINT('',(1.1075,-6.3145,1.65));
#6075 = DIRECTION('',(0.,0.,1.));
#6076 = DIRECTION('',(1.,0.,0.));
#6077 = ORIENTED_EDGE('',*,*,#6078,.T.);
#6078 = EDGE_CURVE('',#6070,#6079,#6081,.T.);
#6079 = VERTEX_POINT('',#6080);
#6080 = CARTESIAN_POINT('',(1.603451358502,-6.251,1.65));
#6081 = CIRCLE('',#6082,0.5);
#6082 = AXIS2_PLACEMENT_3D('',#6083,#6084,#6085);
#6083 = CARTESIAN_POINT('',(1.1075,-6.3145,1.65));
#6084 = DIRECTION('',(0.,0.,1.));
#6085 = DIRECTION('',(1.,0.,0.));
#6086 = ORIENTED_EDGE('',*,*,#6087,.T.);
#6087 = EDGE_CURVE('',#6079,#6088,#6090,.T.);
#6088 = VERTEX_POINT('',#6089);
#6089 = CARTESIAN_POINT('',(1.6075,-6.1875,1.65));
#6090 = CIRCLE('',#6091,0.5);
#6091 = AXIS2_PLACEMENT_3D('',#6092,#6093,#6094);
#6092 = CARTESIAN_POINT('',(1.1075,-6.1875,1.65));
#6093 = DIRECTION('',(0.,0.,1.));
#6094 = DIRECTION('',(1.,0.,0.));
#6095 = ORIENTED_EDGE('',*,*,#6096,.T.);
#6096 = EDGE_CURVE('',#6088,#6068,#6097,.T.);
#6097 = CIRCLE('',#6098,0.5);
#6098 = AXIS2_PLACEMENT_3D('',#6099,#6100,#6101);
#6099 = CARTESIAN_POINT('',(1.1075,-6.1875,1.65));
#6100 = DIRECTION('',(0.,0.,1.));
#6101 = DIRECTION('',(1.,0.,0.));
#6102 = FACE_BOUND('',#6103,.F.);
#6103 = EDGE_LOOP('',(#6104,#6115,#6124,#6133));
#6104 = ORIENTED_EDGE('',*,*,#6105,.T.);
#6105 = EDGE_CURVE('',#6106,#6108,#6110,.T.);
#6106 = VERTEX_POINT('',#6107);
#6107 = CARTESIAN_POINT('',(-1.928451358502,-6.251,1.65));
#6108 = VERTEX_POINT('',#6109);
#6109 = CARTESIAN_POINT('',(-0.9325,-6.3145,1.65));
#6110 = CIRCLE('',#6111,0.5);
#6111 = AXIS2_PLACEMENT_3D('',#6112,#6113,#6114);
#6112 = CARTESIAN_POINT('',(-1.4325,-6.3145,1.65));
#6113 = DIRECTION('',(0.,0.,1.));
#6114 = DIRECTION('',(1.,0.,0.));
#6115 = ORIENTED_EDGE('',*,*,#6116,.T.);
#6116 = EDGE_CURVE('',#6108,#6117,#6119,.T.);
#6117 = VERTEX_POINT('',#6118);
#6118 = CARTESIAN_POINT('',(-0.936548641498,-6.251,1.65));
#6119 = CIRCLE('',#6120,0.5);
#6120 = AXIS2_PLACEMENT_3D('',#6121,#6122,#6123);
#6121 = CARTESIAN_POINT('',(-1.4325,-6.3145,1.65));
#6122 = DIRECTION('',(0.,0.,1.));
#6123 = DIRECTION('',(1.,0.,0.));
#6124 = ORIENTED_EDGE('',*,*,#6125,.T.);
#6125 = EDGE_CURVE('',#6117,#6126,#6128,.T.);
#6126 = VERTEX_POINT('',#6127);
#6127 = CARTESIAN_POINT('',(-0.9325,-6.1875,1.65));
#6128 = CIRCLE('',#6129,0.5);
#6129 = AXIS2_PLACEMENT_3D('',#6130,#6131,#6132);
#6130 = CARTESIAN_POINT('',(-1.4325,-6.1875,1.65));
#6131 = DIRECTION('',(0.,0.,1.));
#6132 = DIRECTION('',(1.,0.,0.));
#6133 = ORIENTED_EDGE('',*,*,#6134,.T.);
#6134 = EDGE_CURVE('',#6126,#6106,#6135,.T.);
#6135 = CIRCLE('',#6136,0.5);
#6136 = AXIS2_PLACEMENT_3D('',#6137,#6138,#6139);
#6137 = CARTESIAN_POINT('',(-1.4325,-6.1875,1.65));
#6138 = DIRECTION('',(0.,0.,1.));
#6139 = DIRECTION('',(1.,0.,0.));
#6140 = FACE_BOUND('',#6141,.F.);
#6141 = EDGE_LOOP('',(#6142,#6153,#6162,#6171));
#6142 = ORIENTED_EDGE('',*,*,#6143,.T.);
#6143 = EDGE_CURVE('',#6144,#6146,#6148,.T.);
#6144 = VERTEX_POINT('',#6145);
#6145 = CARTESIAN_POINT('',(-4.468451358502,-6.251,1.65));
#6146 = VERTEX_POINT('',#6147);
#6147 = CARTESIAN_POINT('',(-3.4725,-6.3145,1.65));
#6148 = CIRCLE('',#6149,0.5);
#6149 = AXIS2_PLACEMENT_3D('',#6150,#6151,#6152);
#6150 = CARTESIAN_POINT('',(-3.9725,-6.3145,1.65));
#6151 = DIRECTION('',(0.,0.,1.));
#6152 = DIRECTION('',(1.,0.,0.));
#6153 = ORIENTED_EDGE('',*,*,#6154,.T.);
#6154 = EDGE_CURVE('',#6146,#6155,#6157,.T.);
#6155 = VERTEX_POINT('',#6156);
#6156 = CARTESIAN_POINT('',(-3.476548641498,-6.251,1.65));
#6157 = CIRCLE('',#6158,0.5);
#6158 = AXIS2_PLACEMENT_3D('',#6159,#6160,#6161);
#6159 = CARTESIAN_POINT('',(-3.9725,-6.3145,1.65));
#6160 = DIRECTION('',(0.,0.,1.));
#6161 = DIRECTION('',(1.,0.,0.));
#6162 = ORIENTED_EDGE('',*,*,#6163,.T.);
#6163 = EDGE_CURVE('',#6155,#6164,#6166,.T.);
#6164 = VERTEX_POINT('',#6165);
#6165 = CARTESIAN_POINT('',(-3.4725,-6.1875,1.65));
#6166 = CIRCLE('',#6167,0.5);
#6167 = AXIS2_PLACEMENT_3D('',#6168,#6169,#6170);
#6168 = CARTESIAN_POINT('',(-3.9725,-6.1875,1.65));
#6169 = DIRECTION('',(0.,0.,1.));
#6170 = DIRECTION('',(1.,0.,0.));
#6171 = ORIENTED_EDGE('',*,*,#6172,.T.);
#6172 = EDGE_CURVE('',#6164,#6144,#6173,.T.);
#6173 = CIRCLE('',#6174,0.5);
#6174 = AXIS2_PLACEMENT_3D('',#6175,#6176,#6177);
#6175 = CARTESIAN_POINT('',(-3.9725,-6.1875,1.65));
#6176 = DIRECTION('',(0.,0.,1.));
#6177 = DIRECTION('',(1.,0.,0.));
#6178 = FACE_BOUND('',#6179,.F.);
#6179 = EDGE_LOOP('',(#6180,#6191,#6200,#6209));
#6180 = ORIENTED_EDGE('',*,*,#6181,.T.);
#6181 = EDGE_CURVE('',#6182,#6184,#6186,.T.);
#6182 = VERTEX_POINT('',#6183);
#6183 = CARTESIAN_POINT('',(-7.008451358502,-6.251,1.65));
#6184 = VERTEX_POINT('',#6185);
#6185 = CARTESIAN_POINT('',(-6.0125,-6.3145,1.65));
#6186 = CIRCLE('',#6187,0.5);
#6187 = AXIS2_PLACEMENT_3D('',#6188,#6189,#6190);
#6188 = CARTESIAN_POINT('',(-6.5125,-6.3145,1.65));
#6189 = DIRECTION('',(0.,0.,1.));
#6190 = DIRECTION('',(1.,0.,0.));
#6191 = ORIENTED_EDGE('',*,*,#6192,.T.);
#6192 = EDGE_CURVE('',#6184,#6193,#6195,.T.);
#6193 = VERTEX_POINT('',#6194);
#6194 = CARTESIAN_POINT('',(-6.016548641498,-6.251,1.65));
#6195 = CIRCLE('',#6196,0.5);
#6196 = AXIS2_PLACEMENT_3D('',#6197,#6198,#6199);
#6197 = CARTESIAN_POINT('',(-6.5125,-6.3145,1.65));
#6198 = DIRECTION('',(0.,0.,1.));
#6199 = DIRECTION('',(1.,0.,0.));
#6200 = ORIENTED_EDGE('',*,*,#6201,.T.);
#6201 = EDGE_CURVE('',#6193,#6202,#6204,.T.);
#6202 = VERTEX_POINT('',#6203);
#6203 = CARTESIAN_POINT('',(-6.0125,-6.1875,1.65));
#6204 = CIRCLE('',#6205,0.5);
#6205 = AXIS2_PLACEMENT_3D('',#6206,#6207,#6208);
#6206 = CARTESIAN_POINT('',(-6.5125,-6.1875,1.65));
#6207 = DIRECTION('',(0.,0.,1.));
#6208 = DIRECTION('',(1.,0.,0.));
#6209 = ORIENTED_EDGE('',*,*,#6210,.T.);
#6210 = EDGE_CURVE('',#6202,#6182,#6211,.T.);
#6211 = CIRCLE('',#6212,0.5);
#6212 = AXIS2_PLACEMENT_3D('',#6213,#6214,#6215);
#6213 = CARTESIAN_POINT('',(-6.5125,-6.1875,1.65));
#6214 = DIRECTION('',(0.,0.,1.));
#6215 = DIRECTION('',(1.,0.,0.));
#6216 = FACE_BOUND('',#6217,.F.);
#6217 = EDGE_LOOP('',(#6218,#6229,#6238,#6247));
#6218 = ORIENTED_EDGE('',*,*,#6219,.T.);
#6219 = EDGE_CURVE('',#6220,#6222,#6224,.T.);
#6220 = VERTEX_POINT('',#6221);
#6221 = CARTESIAN_POINT('',(-9.548451358502,-6.251,1.65));
#6222 = VERTEX_POINT('',#6223);
#6223 = CARTESIAN_POINT('',(-8.5525,-6.3145,1.65));
#6224 = CIRCLE('',#6225,0.5);
#6225 = AXIS2_PLACEMENT_3D('',#6226,#6227,#6228);
#6226 = CARTESIAN_POINT('',(-9.0525,-6.3145,1.65));
#6227 = DIRECTION('',(0.,0.,1.));
#6228 = DIRECTION('',(1.,0.,0.));
#6229 = ORIENTED_EDGE('',*,*,#6230,.T.);
#6230 = EDGE_CURVE('',#6222,#6231,#6233,.T.);
#6231 = VERTEX_POINT('',#6232);
#6232 = CARTESIAN_POINT('',(-8.556548641498,-6.251,1.65));
#6233 = CIRCLE('',#6234,0.5);
#6234 = AXIS2_PLACEMENT_3D('',#6235,#6236,#6237);
#6235 = CARTESIAN_POINT('',(-9.0525,-6.3145,1.65));
#6236 = DIRECTION('',(0.,0.,1.));
#6237 = DIRECTION('',(1.,0.,0.));
#6238 = ORIENTED_EDGE('',*,*,#6239,.T.);
#6239 = EDGE_CURVE('',#6231,#6240,#6242,.T.);
#6240 = VERTEX_POINT('',#6241);
#6241 = CARTESIAN_POINT('',(-8.5525,-6.1875,1.65));
#6242 = CIRCLE('',#6243,0.5);
#6243 = AXIS2_PLACEMENT_3D('',#6244,#6245,#6246);
#6244 = CARTESIAN_POINT('',(-9.0525,-6.1875,1.65));
#6245 = DIRECTION('',(0.,0.,1.));
#6246 = DIRECTION('',(1.,0.,0.));
#6247 = ORIENTED_EDGE('',*,*,#6248,.T.);
#6248 = EDGE_CURVE('',#6240,#6220,#6249,.T.);
#6249 = CIRCLE('',#6250,0.5);
#6250 = AXIS2_PLACEMENT_3D('',#6251,#6252,#6253);
#6251 = CARTESIAN_POINT('',(-9.0525,-6.1875,1.65));
#6252 = DIRECTION('',(0.,0.,1.));
#6253 = DIRECTION('',(1.,0.,0.));
#6254 = FACE_BOUND('',#6255,.F.);
#6255 = EDGE_LOOP('',(#6256));
#6256 = ORIENTED_EDGE('',*,*,#6257,.T.);
#6257 = EDGE_CURVE('',#6258,#6258,#6260,.T.);
#6258 = VERTEX_POINT('',#6259);
#6259 = CARTESIAN_POINT('',(8.743340549132,5.499669,1.65));
#6260 = CIRCLE('',#6261,1.548016549132);
#6261 = AXIS2_PLACEMENT_3D('',#6262,#6263,#6264);
#6262 = CARTESIAN_POINT('',(7.195324,5.499669,1.65));
#6263 = DIRECTION('',(0.,0.,1.));
#6264 = DIRECTION('',(1.,0.,0.));
#6265 = FACE_BOUND('',#6266,.F.);
#6266 = EDGE_LOOP('',(#6267));
#6267 = ORIENTED_EDGE('',*,*,#6268,.T.);
#6268 = EDGE_CURVE('',#6269,#6269,#6271,.T.);
#6269 = VERTEX_POINT('',#6270);
#6270 = CARTESIAN_POINT('',(-6.231997053509,5.499669,1.65));
#6271 = CIRCLE('',#6272,1.559069946491);
#6272 = AXIS2_PLACEMENT_3D('',#6273,#6274,#6275);
#6273 = CARTESIAN_POINT('',(-7.791067,5.499669,1.65));
#6274 = DIRECTION('',(0.,0.,1.));
#6275 = DIRECTION('',(1.,0.,0.));
#6276 = PLANE('',#6277);
#6277 = AXIS2_PLACEMENT_3D('',#6278,#6279,#6280);
#6278 = CARTESIAN_POINT('',(3.7E-16,7.09E-15,1.65));
#6279 = DIRECTION('',(-0.,-0.,-1.));
#6280 = DIRECTION('',(-1.,0.,0.));
#6281 = ADVANCED_FACE('',(#6282),#6288,.T.);
#6282 = FACE_BOUND('',#6283,.T.);
#6283 = EDGE_LOOP('',(#6284,#6285,#6286,#6287));
#6284 = ORIENTED_EDGE('',*,*,#5577,.T.);
#6285 = ORIENTED_EDGE('',*,*,#5944,.T.);
#6286 = ORIENTED_EDGE('',*,*,#5537,.F.);
#6287 = ORIENTED_EDGE('',*,*,#5601,.F.);
#6288 = PLANE('',#6289);
#6289 = AXIS2_PLACEMENT_3D('',#6290,#6291,#6292);
#6290 = CARTESIAN_POINT('',(10.4775,8.5725,0.));
#6291 = DIRECTION('',(1.,0.,0.));
#6292 = DIRECTION('',(0.,-1.,0.));
#6293 = ADVANCED_FACE('',(#6294),#6310,.F.);
#6294 = FACE_BOUND('',#6295,.F.);
#6295 = EDGE_LOOP('',(#6296,#6302,#6303,#6309));
#6296 = ORIENTED_EDGE('',*,*,#6297,.T.);
#6297 = EDGE_CURVE('',#5613,#5956,#6298,.T.);
#6298 = LINE('',#6299,#6300);
#6299 = CARTESIAN_POINT('',(9.2275,-6.3145,-0.825));
#6300 = VECTOR('',#6301,1.);
#6301 = DIRECTION('',(0.,0.,1.));
#6302 = ORIENTED_EDGE('',*,*,#5953,.F.);
#6303 = ORIENTED_EDGE('',*,*,#6304,.F.);
#6304 = EDGE_CURVE('',#5611,#5954,#6305,.T.);
#6305 = LINE('',#6306,#6307);
#6306 = CARTESIAN_POINT('',(8.231548641498,-6.251,-0.825));
#6307 = VECTOR('',#6308,1.);
#6308 = DIRECTION('',(0.,0.,1.));
#6309 = ORIENTED_EDGE('',*,*,#5610,.T.);
#6310 = CYLINDRICAL_SURFACE('',#6311,0.5);
#6311 = AXIS2_PLACEMENT_3D('',#6312,#6313,#6314);
#6312 = CARTESIAN_POINT('',(8.7275,-6.3145,-0.825));
#6313 = DIRECTION('',(0.,0.,1.));
#6314 = DIRECTION('',(1.,0.,0.));
#6315 = ADVANCED_FACE('',(#6316),#6327,.F.);
#6316 = FACE_BOUND('',#6317,.F.);
#6317 = EDGE_LOOP('',(#6318,#6319,#6325,#6326));
#6318 = ORIENTED_EDGE('',*,*,#5982,.F.);
#6319 = ORIENTED_EDGE('',*,*,#6320,.F.);
#6320 = EDGE_CURVE('',#5631,#5974,#6321,.T.);
#6321 = LINE('',#6322,#6323);
#6322 = CARTESIAN_POINT('',(9.2275,-6.1875,-0.825));
#6323 = VECTOR('',#6324,1.);
#6324 = DIRECTION('',(0.,0.,1.));
#6325 = ORIENTED_EDGE('',*,*,#5639,.T.);
#6326 = ORIENTED_EDGE('',*,*,#6304,.T.);
#6327 = CYLINDRICAL_SURFACE('',#6328,0.5);
#6328 = AXIS2_PLACEMENT_3D('',#6329,#6330,#6331);
#6329 = CARTESIAN_POINT('',(8.7275,-6.1875,-0.825));
#6330 = DIRECTION('',(0.,0.,1.));
#6331 = DIRECTION('',(1.,0.,0.));
#6332 = ADVANCED_FACE('',(#6333),#6344,.F.);
#6333 = FACE_BOUND('',#6334,.F.);
#6334 = EDGE_LOOP('',(#6335,#6336,#6337,#6338));
#6335 = ORIENTED_EDGE('',*,*,#5964,.F.);
#6336 = ORIENTED_EDGE('',*,*,#6297,.F.);
#6337 = ORIENTED_EDGE('',*,*,#5621,.T.);
#6338 = ORIENTED_EDGE('',*,*,#6339,.T.);
#6339 = EDGE_CURVE('',#5622,#5965,#6340,.T.);
#6340 = LINE('',#6341,#6342);
#6341 = CARTESIAN_POINT('',(9.223451358502,-6.251,-0.825));
#6342 = VECTOR('',#6343,1.);
#6343 = DIRECTION('',(0.,0.,1.));
#6344 = CYLINDRICAL_SURFACE('',#6345,0.5);
#6345 = AXIS2_PLACEMENT_3D('',#6346,#6347,#6348);
#6346 = CARTESIAN_POINT('',(8.7275,-6.3145,-0.825));
#6347 = DIRECTION('',(0.,0.,1.));
#6348 = DIRECTION('',(1.,0.,0.));
#6349 = ADVANCED_FACE('',(#6350),#6356,.F.);
#6350 = FACE_BOUND('',#6351,.F.);
#6351 = EDGE_LOOP('',(#6352,#6353,#6354,#6355));
#6352 = ORIENTED_EDGE('',*,*,#6320,.T.);
#6353 = ORIENTED_EDGE('',*,*,#5973,.F.);
#6354 = ORIENTED_EDGE('',*,*,#6339,.F.);
#6355 = ORIENTED_EDGE('',*,*,#5630,.T.);
#6356 = CYLINDRICAL_SURFACE('',#6357,0.5);
#6357 = AXIS2_PLACEMENT_3D('',#6358,#6359,#6360);
#6358 = CARTESIAN_POINT('',(8.7275,-6.1875,-0.825));
#6359 = DIRECTION('',(0.,0.,1.));
#6360 = DIRECTION('',(1.,0.,0.));
#6361 = ADVANCED_FACE('',(#6362),#6378,.F.);
#6362 = FACE_BOUND('',#6363,.F.);
#6363 = EDGE_LOOP('',(#6364,#6370,#6371,#6377));
#6364 = ORIENTED_EDGE('',*,*,#6365,.T.);
#6365 = EDGE_CURVE('',#5651,#5994,#6366,.T.);
#6366 = LINE('',#6367,#6368);
#6367 = CARTESIAN_POINT('',(6.6875,-6.3145,-0.825));
#6368 = VECTOR('',#6369,1.);
#6369 = DIRECTION('',(0.,0.,1.));
#6370 = ORIENTED_EDGE('',*,*,#5991,.F.);
#6371 = ORIENTED_EDGE('',*,*,#6372,.F.);
#6372 = EDGE_CURVE('',#5649,#5992,#6373,.T.);
#6373 = LINE('',#6374,#6375);
#6374 = CARTESIAN_POINT('',(5.691548641498,-6.251,-0.825));
#6375 = VECTOR('',#6376,1.);
#6376 = DIRECTION('',(0.,0.,1.));
#6377 = ORIENTED_EDGE('',*,*,#5648,.T.);
#6378 = CYLINDRICAL_SURFACE('',#6379,0.5);
#6379 = AXIS2_PLACEMENT_3D('',#6380,#6381,#6382);
#6380 = CARTESIAN_POINT('',(6.1875,-6.3145,-0.825));
#6381 = DIRECTION('',(0.,0.,1.));
#6382 = DIRECTION('',(1.,0.,0.));
#6383 = ADVANCED_FACE('',(#6384),#6395,.F.);
#6384 = FACE_BOUND('',#6385,.F.);
#6385 = EDGE_LOOP('',(#6386,#6387,#6393,#6394));
#6386 = ORIENTED_EDGE('',*,*,#6020,.F.);
#6387 = ORIENTED_EDGE('',*,*,#6388,.F.);
#6388 = EDGE_CURVE('',#5669,#6012,#6389,.T.);
#6389 = LINE('',#6390,#6391);
#6390 = CARTESIAN_POINT('',(6.6875,-6.1875,-0.825));
#6391 = VECTOR('',#6392,1.);
#6392 = DIRECTION('',(0.,0.,1.));
#6393 = ORIENTED_EDGE('',*,*,#5677,.T.);
#6394 = ORIENTED_EDGE('',*,*,#6372,.T.);
#6395 = CYLINDRICAL_SURFACE('',#6396,0.5);
#6396 = AXIS2_PLACEMENT_3D('',#6397,#6398,#6399);
#6397 = CARTESIAN_POINT('',(6.1875,-6.1875,-0.825));
#6398 = DIRECTION('',(0.,0.,1.));
#6399 = DIRECTION('',(1.,0.,0.));
#6400 = ADVANCED_FACE('',(#6401),#6412,.F.);
#6401 = FACE_BOUND('',#6402,.F.);
#6402 = EDGE_LOOP('',(#6403,#6404,#6405,#6406));
#6403 = ORIENTED_EDGE('',*,*,#6002,.F.);
#6404 = ORIENTED_EDGE('',*,*,#6365,.F.);
#6405 = ORIENTED_EDGE('',*,*,#5659,.T.);
#6406 = ORIENTED_EDGE('',*,*,#6407,.T.);
#6407 = EDGE_CURVE('',#5660,#6003,#6408,.T.);
#6408 = LINE('',#6409,#6410);
#6409 = CARTESIAN_POINT('',(6.683451358502,-6.251,-0.825));
#6410 = VECTOR('',#6411,1.);
#6411 = DIRECTION('',(0.,0.,1.));
#6412 = CYLINDRICAL_SURFACE('',#6413,0.5);
#6413 = AXIS2_PLACEMENT_3D('',#6414,#6415,#6416);
#6414 = CARTESIAN_POINT('',(6.1875,-6.3145,-0.825));
#6415 = DIRECTION('',(0.,0.,1.));
#6416 = DIRECTION('',(1.,0.,0.));
#6417 = ADVANCED_FACE('',(#6418),#6424,.F.);
#6418 = FACE_BOUND('',#6419,.F.);
#6419 = EDGE_LOOP('',(#6420,#6421,#6422,#6423));
#6420 = ORIENTED_EDGE('',*,*,#6388,.T.);
#6421 = ORIENTED_EDGE('',*,*,#6011,.F.);
#6422 = ORIENTED_EDGE('',*,*,#6407,.F.);
#6423 = ORIENTED_EDGE('',*,*,#5668,.T.);
#6424 = CYLINDRICAL_SURFACE('',#6425,0.5);
#6425 = AXIS2_PLACEMENT_3D('',#6426,#6427,#6428);
#6426 = CARTESIAN_POINT('',(6.1875,-6.1875,-0.825));
#6427 = DIRECTION('',(0.,0.,1.));
#6428 = DIRECTION('',(1.,0.,0.));
#6429 = ADVANCED_FACE('',(#6430),#6446,.F.);
#6430 = FACE_BOUND('',#6431,.F.);
#6431 = EDGE_LOOP('',(#6432,#6438,#6439,#6445));
#6432 = ORIENTED_EDGE('',*,*,#6433,.T.);
#6433 = EDGE_CURVE('',#5689,#6032,#6434,.T.);
#6434 = LINE('',#6435,#6436);
#6435 = CARTESIAN_POINT('',(4.1475,-6.3145,-0.825));
#6436 = VECTOR('',#6437,1.);
#6437 = DIRECTION('',(0.,0.,1.));
#6438 = ORIENTED_EDGE('',*,*,#6029,.F.);
#6439 = ORIENTED_EDGE('',*,*,#6440,.F.);
#6440 = EDGE_CURVE('',#5687,#6030,#6441,.T.);
#6441 = LINE('',#6442,#6443);
#6442 = CARTESIAN_POINT('',(3.151548641498,-6.251,-0.825));
#6443 = VECTOR('',#6444,1.);
#6444 = DIRECTION('',(0.,0.,1.));
#6445 = ORIENTED_EDGE('',*,*,#5686,.T.);
#6446 = CYLINDRICAL_SURFACE('',#6447,0.5);
#6447 = AXIS2_PLACEMENT_3D('',#6448,#6449,#6450);
#6448 = CARTESIAN_POINT('',(3.6475,-6.3145,-0.825));
#6449 = DIRECTION('',(0.,0.,1.));
#6450 = DIRECTION('',(1.,0.,0.));
#6451 = ADVANCED_FACE('',(#6452),#6463,.F.);
#6452 = FACE_BOUND('',#6453,.F.);
#6453 = EDGE_LOOP('',(#6454,#6455,#6461,#6462));
#6454 = ORIENTED_EDGE('',*,*,#6058,.F.);
#6455 = ORIENTED_EDGE('',*,*,#6456,.F.);
#6456 = EDGE_CURVE('',#5707,#6050,#6457,.T.);
#6457 = LINE('',#6458,#6459);
#6458 = CARTESIAN_POINT('',(4.1475,-6.1875,-0.825));
#6459 = VECTOR('',#6460,1.);
#6460 = DIRECTION('',(0.,0.,1.));
#6461 = ORIENTED_EDGE('',*,*,#5715,.T.);
#6462 = ORIENTED_EDGE('',*,*,#6440,.T.);
#6463 = CYLINDRICAL_SURFACE('',#6464,0.5);
#6464 = AXIS2_PLACEMENT_3D('',#6465,#6466,#6467);
#6465 = CARTESIAN_POINT('',(3.6475,-6.1875,-0.825));
#6466 = DIRECTION('',(0.,0.,1.));
#6467 = DIRECTION('',(1.,0.,0.));
#6468 = ADVANCED_FACE('',(#6469),#6480,.F.);
#6469 = FACE_BOUND('',#6470,.F.);
#6470 = EDGE_LOOP('',(#6471,#6472,#6473,#6474));
#6471 = ORIENTED_EDGE('',*,*,#6040,.F.);
#6472 = ORIENTED_EDGE('',*,*,#6433,.F.);
#6473 = ORIENTED_EDGE('',*,*,#5697,.T.);
#6474 = ORIENTED_EDGE('',*,*,#6475,.T.);
#6475 = EDGE_CURVE('',#5698,#6041,#6476,.T.);
#6476 = LINE('',#6477,#6478);
#6477 = CARTESIAN_POINT('',(4.143451358502,-6.251,-0.825));
#6478 = VECTOR('',#6479,1.);
#6479 = DIRECTION('',(0.,0.,1.));
#6480 = CYLINDRICAL_SURFACE('',#6481,0.5);
#6481 = AXIS2_PLACEMENT_3D('',#6482,#6483,#6484);
#6482 = CARTESIAN_POINT('',(3.6475,-6.3145,-0.825));
#6483 = DIRECTION('',(0.,0.,1.));
#6484 = DIRECTION('',(1.,0.,0.));
#6485 = ADVANCED_FACE('',(#6486),#6492,.F.);
#6486 = FACE_BOUND('',#6487,.F.);
#6487 = EDGE_LOOP('',(#6488,#6489,#6490,#6491));
#6488 = ORIENTED_EDGE('',*,*,#6456,.T.);
#6489 = ORIENTED_EDGE('',*,*,#6049,.F.);
#6490 = ORIENTED_EDGE('',*,*,#6475,.F.);
#6491 = ORIENTED_EDGE('',*,*,#5706,.T.);
#6492 = CYLINDRICAL_SURFACE('',#6493,0.5);
#6493 = AXIS2_PLACEMENT_3D('',#6494,#6495,#6496);
#6494 = CARTESIAN_POINT('',(3.6475,-6.1875,-0.825));
#6495 = DIRECTION('',(0.,0.,1.));
#6496 = DIRECTION('',(1.,0.,0.));
#6497 = ADVANCED_FACE('',(#6498),#6514,.F.);
#6498 = FACE_BOUND('',#6499,.F.);
#6499 = EDGE_LOOP('',(#6500,#6506,#6507,#6513));
#6500 = ORIENTED_EDGE('',*,*,#6501,.T.);
#6501 = EDGE_CURVE('',#5727,#6070,#6502,.T.);
#6502 = LINE('',#6503,#6504);
#6503 = CARTESIAN_POINT('',(1.6075,-6.3145,-0.825));
#6504 = VECTOR('',#6505,1.);
#6505 = DIRECTION('',(0.,0.,1.));
#6506 = ORIENTED_EDGE('',*,*,#6067,.F.);
#6507 = ORIENTED_EDGE('',*,*,#6508,.F.);
#6508 = EDGE_CURVE('',#5725,#6068,#6509,.T.);
#6509 = LINE('',#6510,#6511);
#6510 = CARTESIAN_POINT('',(0.611548641498,-6.251,-0.825));
#6511 = VECTOR('',#6512,1.);
#6512 = DIRECTION('',(0.,0.,1.));
#6513 = ORIENTED_EDGE('',*,*,#5724,.T.);
#6514 = CYLINDRICAL_SURFACE('',#6515,0.5);
#6515 = AXIS2_PLACEMENT_3D('',#6516,#6517,#6518);
#6516 = CARTESIAN_POINT('',(1.1075,-6.3145,-0.825));
#6517 = DIRECTION('',(0.,0.,1.));
#6518 = DIRECTION('',(1.,0.,0.));
#6519 = ADVANCED_FACE('',(#6520),#6531,.F.);
#6520 = FACE_BOUND('',#6521,.F.);
#6521 = EDGE_LOOP('',(#6522,#6523,#6529,#6530));
#6522 = ORIENTED_EDGE('',*,*,#6096,.F.);
#6523 = ORIENTED_EDGE('',*,*,#6524,.F.);
#6524 = EDGE_CURVE('',#5745,#6088,#6525,.T.);
#6525 = LINE('',#6526,#6527);
#6526 = CARTESIAN_POINT('',(1.6075,-6.1875,-0.825));
#6527 = VECTOR('',#6528,1.);
#6528 = DIRECTION('',(0.,0.,1.));
#6529 = ORIENTED_EDGE('',*,*,#5753,.T.);
#6530 = ORIENTED_EDGE('',*,*,#6508,.T.);
#6531 = CYLINDRICAL_SURFACE('',#6532,0.5);
#6532 = AXIS2_PLACEMENT_3D('',#6533,#6534,#6535);
#6533 = CARTESIAN_POINT('',(1.1075,-6.1875,-0.825));
#6534 = DIRECTION('',(0.,0.,1.));
#6535 = DIRECTION('',(1.,0.,0.));
#6536 = ADVANCED_FACE('',(#6537),#6548,.F.);
#6537 = FACE_BOUND('',#6538,.F.);
#6538 = EDGE_LOOP('',(#6539,#6540,#6541,#6542));
#6539 = ORIENTED_EDGE('',*,*,#6078,.F.);
#6540 = ORIENTED_EDGE('',*,*,#6501,.F.);
#6541 = ORIENTED_EDGE('',*,*,#5735,.T.);
#6542 = ORIENTED_EDGE('',*,*,#6543,.T.);
#6543 = EDGE_CURVE('',#5736,#6079,#6544,.T.);
#6544 = LINE('',#6545,#6546);
#6545 = CARTESIAN_POINT('',(1.603451358502,-6.251,-0.825));
#6546 = VECTOR('',#6547,1.);
#6547 = DIRECTION('',(0.,0.,1.));
#6548 = CYLINDRICAL_SURFACE('',#6549,0.5);
#6549 = AXIS2_PLACEMENT_3D('',#6550,#6551,#6552);
#6550 = CARTESIAN_POINT('',(1.1075,-6.3145,-0.825));
#6551 = DIRECTION('',(0.,0.,1.));
#6552 = DIRECTION('',(1.,0.,0.));
#6553 = ADVANCED_FACE('',(#6554),#6560,.F.);
#6554 = FACE_BOUND('',#6555,.F.);
#6555 = EDGE_LOOP('',(#6556,#6557,#6558,#6559));
#6556 = ORIENTED_EDGE('',*,*,#6524,.T.);
#6557 = ORIENTED_EDGE('',*,*,#6087,.F.);
#6558 = ORIENTED_EDGE('',*,*,#6543,.F.);
#6559 = ORIENTED_EDGE('',*,*,#5744,.T.);
#6560 = CYLINDRICAL_SURFACE('',#6561,0.5);
#6561 = AXIS2_PLACEMENT_3D('',#6562,#6563,#6564);
#6562 = CARTESIAN_POINT('',(1.1075,-6.1875,-0.825));
#6563 = DIRECTION('',(0.,0.,1.));
#6564 = DIRECTION('',(1.,0.,0.));
#6565 = ADVANCED_FACE('',(#6566),#6582,.F.);
#6566 = FACE_BOUND('',#6567,.F.);
#6567 = EDGE_LOOP('',(#6568,#6574,#6575,#6581));
#6568 = ORIENTED_EDGE('',*,*,#6569,.T.);
#6569 = EDGE_CURVE('',#5765,#6108,#6570,.T.);
#6570 = LINE('',#6571,#6572);
#6571 = CARTESIAN_POINT('',(-0.9325,-6.3145,-0.825));
#6572 = VECTOR('',#6573,1.);
#6573 = DIRECTION('',(0.,0.,1.));
#6574 = ORIENTED_EDGE('',*,*,#6105,.F.);
#6575 = ORIENTED_EDGE('',*,*,#6576,.F.);
#6576 = EDGE_CURVE('',#5763,#6106,#6577,.T.);
#6577 = LINE('',#6578,#6579);
#6578 = CARTESIAN_POINT('',(-1.928451358502,-6.251,-0.825));
#6579 = VECTOR('',#6580,1.);
#6580 = DIRECTION('',(0.,0.,1.));
#6581 = ORIENTED_EDGE('',*,*,#5762,.T.);
#6582 = CYLINDRICAL_SURFACE('',#6583,0.5);
#6583 = AXIS2_PLACEMENT_3D('',#6584,#6585,#6586);
#6584 = CARTESIAN_POINT('',(-1.4325,-6.3145,-0.825));
#6585 = DIRECTION('',(0.,0.,1.));
#6586 = DIRECTION('',(1.,0.,0.));
#6587 = ADVANCED_FACE('',(#6588),#6599,.F.);
#6588 = FACE_BOUND('',#6589,.F.);
#6589 = EDGE_LOOP('',(#6590,#6591,#6597,#6598));
#6590 = ORIENTED_EDGE('',*,*,#6134,.F.);
#6591 = ORIENTED_EDGE('',*,*,#6592,.F.);
#6592 = EDGE_CURVE('',#5783,#6126,#6593,.T.);
#6593 = LINE('',#6594,#6595);
#6594 = CARTESIAN_POINT('',(-0.9325,-6.1875,-0.825));
#6595 = VECTOR('',#6596,1.);
#6596 = DIRECTION('',(0.,0.,1.));
#6597 = ORIENTED_EDGE('',*,*,#5791,.T.);
#6598 = ORIENTED_EDGE('',*,*,#6576,.T.);
#6599 = CYLINDRICAL_SURFACE('',#6600,0.5);
#6600 = AXIS2_PLACEMENT_3D('',#6601,#6602,#6603);
#6601 = CARTESIAN_POINT('',(-1.4325,-6.1875,-0.825));
#6602 = DIRECTION('',(0.,0.,1.));
#6603 = DIRECTION('',(1.,0.,0.));
#6604 = ADVANCED_FACE('',(#6605),#6616,.F.);
#6605 = FACE_BOUND('',#6606,.F.);
#6606 = EDGE_LOOP('',(#6607,#6608,#6609,#6610));
#6607 = ORIENTED_EDGE('',*,*,#6116,.F.);
#6608 = ORIENTED_EDGE('',*,*,#6569,.F.);
#6609 = ORIENTED_EDGE('',*,*,#5773,.T.);
#6610 = ORIENTED_EDGE('',*,*,#6611,.T.);
#6611 = EDGE_CURVE('',#5774,#6117,#6612,.T.);
#6612 = LINE('',#6613,#6614);
#6613 = CARTESIAN_POINT('',(-0.936548641498,-6.251,-0.825));
#6614 = VECTOR('',#6615,1.);
#6615 = DIRECTION('',(0.,0.,1.));
#6616 = CYLINDRICAL_SURFACE('',#6617,0.5);
#6617 = AXIS2_PLACEMENT_3D('',#6618,#6619,#6620);
#6618 = CARTESIAN_POINT('',(-1.4325,-6.3145,-0.825));
#6619 = DIRECTION('',(0.,0.,1.));
#6620 = DIRECTION('',(1.,0.,0.));
#6621 = ADVANCED_FACE('',(#6622),#6628,.F.);
#6622 = FACE_BOUND('',#6623,.F.);
#6623 = EDGE_LOOP('',(#6624,#6625,#6626,#6627));
#6624 = ORIENTED_EDGE('',*,*,#6592,.T.);
#6625 = ORIENTED_EDGE('',*,*,#6125,.F.);
#6626 = ORIENTED_EDGE('',*,*,#6611,.F.);
#6627 = ORIENTED_EDGE('',*,*,#5782,.T.);
#6628 = CYLINDRICAL_SURFACE('',#6629,0.5);
#6629 = AXIS2_PLACEMENT_3D('',#6630,#6631,#6632);
#6630 = CARTESIAN_POINT('',(-1.4325,-6.1875,-0.825));
#6631 = DIRECTION('',(0.,0.,1.));
#6632 = DIRECTION('',(1.,0.,0.));
#6633 = ADVANCED_FACE('',(#6634),#6650,.F.);
#6634 = FACE_BOUND('',#6635,.F.);
#6635 = EDGE_LOOP('',(#6636,#6642,#6643,#6649));
#6636 = ORIENTED_EDGE('',*,*,#6637,.T.);
#6637 = EDGE_CURVE('',#5803,#6146,#6638,.T.);
#6638 = LINE('',#6639,#6640);
#6639 = CARTESIAN_POINT('',(-3.4725,-6.3145,-0.825));
#6640 = VECTOR('',#6641,1.);
#6641 = DIRECTION('',(0.,0.,1.));
#6642 = ORIENTED_EDGE('',*,*,#6143,.F.);
#6643 = ORIENTED_EDGE('',*,*,#6644,.F.);
#6644 = EDGE_CURVE('',#5801,#6144,#6645,.T.);
#6645 = LINE('',#6646,#6647);
#6646 = CARTESIAN_POINT('',(-4.468451358502,-6.251,-0.825));
#6647 = VECTOR('',#6648,1.);
#6648 = DIRECTION('',(0.,0.,1.));
#6649 = ORIENTED_EDGE('',*,*,#5800,.T.);
#6650 = CYLINDRICAL_SURFACE('',#6651,0.5);
#6651 = AXIS2_PLACEMENT_3D('',#6652,#6653,#6654);
#6652 = CARTESIAN_POINT('',(-3.9725,-6.3145,-0.825));
#6653 = DIRECTION('',(0.,0.,1.));
#6654 = DIRECTION('',(1.,0.,0.));
#6655 = ADVANCED_FACE('',(#6656),#6667,.F.);
#6656 = FACE_BOUND('',#6657,.F.);
#6657 = EDGE_LOOP('',(#6658,#6659,#6665,#6666));
#6658 = ORIENTED_EDGE('',*,*,#6172,.F.);
#6659 = ORIENTED_EDGE('',*,*,#6660,.F.);
#6660 = EDGE_CURVE('',#5821,#6164,#6661,.T.);
#6661 = LINE('',#6662,#6663);
#6662 = CARTESIAN_POINT('',(-3.4725,-6.1875,-0.825));
#6663 = VECTOR('',#6664,1.);
#6664 = DIRECTION('',(0.,0.,1.));
#6665 = ORIENTED_EDGE('',*,*,#5829,.T.);
#6666 = ORIENTED_EDGE('',*,*,#6644,.T.);
#6667 = CYLINDRICAL_SURFACE('',#6668,0.5);
#6668 = AXIS2_PLACEMENT_3D('',#6669,#6670,#6671);
#6669 = CARTESIAN_POINT('',(-3.9725,-6.1875,-0.825));
#6670 = DIRECTION('',(0.,0.,1.));
#6671 = DIRECTION('',(1.,0.,0.));
#6672 = ADVANCED_FACE('',(#6673),#6684,.F.);
#6673 = FACE_BOUND('',#6674,.F.);
#6674 = EDGE_LOOP('',(#6675,#6676,#6677,#6678));
#6675 = ORIENTED_EDGE('',*,*,#6154,.F.);
#6676 = ORIENTED_EDGE('',*,*,#6637,.F.);
#6677 = ORIENTED_EDGE('',*,*,#5811,.T.);
#6678 = ORIENTED_EDGE('',*,*,#6679,.T.);
#6679 = EDGE_CURVE('',#5812,#6155,#6680,.T.);
#6680 = LINE('',#6681,#6682);
#6681 = CARTESIAN_POINT('',(-3.476548641498,-6.251,-0.825));
#6682 = VECTOR('',#6683,1.);
#6683 = DIRECTION('',(0.,0.,1.));
#6684 = CYLINDRICAL_SURFACE('',#6685,0.5);
#6685 = AXIS2_PLACEMENT_3D('',#6686,#6687,#6688);
#6686 = CARTESIAN_POINT('',(-3.9725,-6.3145,-0.825));
#6687 = DIRECTION('',(0.,0.,1.));
#6688 = DIRECTION('',(1.,0.,0.));
#6689 = ADVANCED_FACE('',(#6690),#6696,.F.);
#6690 = FACE_BOUND('',#6691,.F.);
#6691 = EDGE_LOOP('',(#6692,#6693,#6694,#6695));
#6692 = ORIENTED_EDGE('',*,*,#6660,.T.);
#6693 = ORIENTED_EDGE('',*,*,#6163,.F.);
#6694 = ORIENTED_EDGE('',*,*,#6679,.F.);
#6695 = ORIENTED_EDGE('',*,*,#5820,.T.);
#6696 = CYLINDRICAL_SURFACE('',#6697,0.5);
#6697 = AXIS2_PLACEMENT_3D('',#6698,#6699,#6700);
#6698 = CARTESIAN_POINT('',(-3.9725,-6.1875,-0.825));
#6699 = DIRECTION('',(0.,0.,1.));
#6700 = DIRECTION('',(1.,0.,0.));
#6701 = ADVANCED_FACE('',(#6702),#6718,.F.);
#6702 = FACE_BOUND('',#6703,.F.);
#6703 = EDGE_LOOP('',(#6704,#6710,#6711,#6717));
#6704 = ORIENTED_EDGE('',*,*,#6705,.T.);
#6705 = EDGE_CURVE('',#5841,#6184,#6706,.T.);
#6706 = LINE('',#6707,#6708);
#6707 = CARTESIAN_POINT('',(-6.0125,-6.3145,-0.825));
#6708 = VECTOR('',#6709,1.);
#6709 = DIRECTION('',(0.,0.,1.));
#6710 = ORIENTED_EDGE('',*,*,#6181,.F.);
#6711 = ORIENTED_EDGE('',*,*,#6712,.F.);
#6712 = EDGE_CURVE('',#5839,#6182,#6713,.T.);
#6713 = LINE('',#6714,#6715);
#6714 = CARTESIAN_POINT('',(-7.008451358502,-6.251,-0.825));
#6715 = VECTOR('',#6716,1.);
#6716 = DIRECTION('',(0.,0.,1.));
#6717 = ORIENTED_EDGE('',*,*,#5838,.T.);
#6718 = CYLINDRICAL_SURFACE('',#6719,0.5);
#6719 = AXIS2_PLACEMENT_3D('',#6720,#6721,#6722);
#6720 = CARTESIAN_POINT('',(-6.5125,-6.3145,-0.825));
#6721 = DIRECTION('',(0.,0.,1.));
#6722 = DIRECTION('',(1.,0.,0.));
#6723 = ADVANCED_FACE('',(#6724),#6735,.F.);
#6724 = FACE_BOUND('',#6725,.F.);
#6725 = EDGE_LOOP('',(#6726,#6727,#6733,#6734));
#6726 = ORIENTED_EDGE('',*,*,#6210,.F.);
#6727 = ORIENTED_EDGE('',*,*,#6728,.F.);
#6728 = EDGE_CURVE('',#5859,#6202,#6729,.T.);
#6729 = LINE('',#6730,#6731);
#6730 = CARTESIAN_POINT('',(-6.0125,-6.1875,-0.825));
#6731 = VECTOR('',#6732,1.);
#6732 = DIRECTION('',(0.,0.,1.));
#6733 = ORIENTED_EDGE('',*,*,#5867,.T.);
#6734 = ORIENTED_EDGE('',*,*,#6712,.T.);
#6735 = CYLINDRICAL_SURFACE('',#6736,0.5);
#6736 = AXIS2_PLACEMENT_3D('',#6737,#6738,#6739);
#6737 = CARTESIAN_POINT('',(-6.5125,-6.1875,-0.825));
#6738 = DIRECTION('',(0.,0.,1.));
#6739 = DIRECTION('',(1.,0.,0.));
#6740 = ADVANCED_FACE('',(#6741),#6752,.F.);
#6741 = FACE_BOUND('',#6742,.F.);
#6742 = EDGE_LOOP('',(#6743,#6744,#6745,#6746));
#6743 = ORIENTED_EDGE('',*,*,#6192,.F.);
#6744 = ORIENTED_EDGE('',*,*,#6705,.F.);
#6745 = ORIENTED_EDGE('',*,*,#5849,.T.);
#6746 = ORIENTED_EDGE('',*,*,#6747,.T.);
#6747 = EDGE_CURVE('',#5850,#6193,#6748,.T.);
#6748 = LINE('',#6749,#6750);
#6749 = CARTESIAN_POINT('',(-6.016548641498,-6.251,-0.825));
#6750 = VECTOR('',#6751,1.);
#6751 = DIRECTION('',(0.,0.,1.));
#6752 = CYLINDRICAL_SURFACE('',#6753,0.5);
#6753 = AXIS2_PLACEMENT_3D('',#6754,#6755,#6756);
#6754 = CARTESIAN_POINT('',(-6.5125,-6.3145,-0.825));
#6755 = DIRECTION('',(0.,0.,1.));
#6756 = DIRECTION('',(1.,0.,0.));
#6757 = ADVANCED_FACE('',(#6758),#6764,.F.);
#6758 = FACE_BOUND('',#6759,.F.);
#6759 = EDGE_LOOP('',(#6760,#6761,#6762,#6763));
#6760 = ORIENTED_EDGE('',*,*,#6728,.T.);
#6761 = ORIENTED_EDGE('',*,*,#6201,.F.);
#6762 = ORIENTED_EDGE('',*,*,#6747,.F.);
#6763 = ORIENTED_EDGE('',*,*,#5858,.T.);
#6764 = CYLINDRICAL_SURFACE('',#6765,0.5);
#6765 = AXIS2_PLACEMENT_3D('',#6766,#6767,#6768);
#6766 = CARTESIAN_POINT('',(-6.5125,-6.1875,-0.825));
#6767 = DIRECTION('',(0.,0.,1.));
#6768 = DIRECTION('',(1.,0.,0.));
#6769 = ADVANCED_FACE('',(#6770),#6786,.F.);
#6770 = FACE_BOUND('',#6771,.F.);
#6771 = EDGE_LOOP('',(#6772,#6778,#6779,#6785));
#6772 = ORIENTED_EDGE('',*,*,#6773,.T.);
#6773 = EDGE_CURVE('',#5879,#6222,#6774,.T.);
#6774 = LINE('',#6775,#6776);
#6775 = CARTESIAN_POINT('',(-8.5525,-6.3145,-0.825));
#6776 = VECTOR('',#6777,1.);
#6777 = DIRECTION('',(0.,0.,1.));
#6778 = ORIENTED_EDGE('',*,*,#6219,.F.);
#6779 = ORIENTED_EDGE('',*,*,#6780,.F.);
#6780 = EDGE_CURVE('',#5877,#6220,#6781,.T.);
#6781 = LINE('',#6782,#6783);
#6782 = CARTESIAN_POINT('',(-9.548451358502,-6.251,-0.825));
#6783 = VECTOR('',#6784,1.);
#6784 = DIRECTION('',(0.,0.,1.));
#6785 = ORIENTED_EDGE('',*,*,#5876,.T.);
#6786 = CYLINDRICAL_SURFACE('',#6787,0.5);
#6787 = AXIS2_PLACEMENT_3D('',#6788,#6789,#6790);
#6788 = CARTESIAN_POINT('',(-9.0525,-6.3145,-0.825));
#6789 = DIRECTION('',(0.,0.,1.));
#6790 = DIRECTION('',(1.,0.,0.));
#6791 = ADVANCED_FACE('',(#6792),#6803,.F.);
#6792 = FACE_BOUND('',#6793,.F.);
#6793 = EDGE_LOOP('',(#6794,#6795,#6801,#6802));
#6794 = ORIENTED_EDGE('',*,*,#6248,.F.);
#6795 = ORIENTED_EDGE('',*,*,#6796,.F.);
#6796 = EDGE_CURVE('',#5897,#6240,#6797,.T.);
#6797 = LINE('',#6798,#6799);
#6798 = CARTESIAN_POINT('',(-8.5525,-6.1875,-0.825));
#6799 = VECTOR('',#6800,1.);
#6800 = DIRECTION('',(0.,0.,1.));
#6801 = ORIENTED_EDGE('',*,*,#5905,.T.);
#6802 = ORIENTED_EDGE('',*,*,#6780,.T.);
#6803 = CYLINDRICAL_SURFACE('',#6804,0.5);
#6804 = AXIS2_PLACEMENT_3D('',#6805,#6806,#6807);
#6805 = CARTESIAN_POINT('',(-9.0525,-6.1875,-0.825));
#6806 = DIRECTION('',(0.,0.,1.));
#6807 = DIRECTION('',(1.,0.,0.));
#6808 = ADVANCED_FACE('',(#6809),#6820,.F.);
#6809 = FACE_BOUND('',#6810,.F.);
#6810 = EDGE_LOOP('',(#6811,#6812,#6813,#6814));
#6811 = ORIENTED_EDGE('',*,*,#6230,.F.);
#6812 = ORIENTED_EDGE('',*,*,#6773,.F.);
#6813 = ORIENTED_EDGE('',*,*,#5887,.T.);
#6814 = ORIENTED_EDGE('',*,*,#6815,.T.);
#6815 = EDGE_CURVE('',#5888,#6231,#6816,.T.);
#6816 = LINE('',#6817,#6818);
#6817 = CARTESIAN_POINT('',(-8.556548641498,-6.251,-0.825));
#6818 = VECTOR('',#6819,1.);
#6819 = DIRECTION('',(0.,0.,1.));
#6820 = CYLINDRICAL_SURFACE('',#6821,0.5);
#6821 = AXIS2_PLACEMENT_3D('',#6822,#6823,#6824);
#6822 = CARTESIAN_POINT('',(-9.0525,-6.3145,-0.825));
#6823 = DIRECTION('',(0.,0.,1.));
#6824 = DIRECTION('',(1.,0.,0.));
#6825 = ADVANCED_FACE('',(#6826),#6832,.F.);
#6826 = FACE_BOUND('',#6827,.F.);
#6827 = EDGE_LOOP('',(#6828,#6829,#6830,#6831));
#6828 = ORIENTED_EDGE('',*,*,#6796,.T.);
#6829 = ORIENTED_EDGE('',*,*,#6239,.F.);
#6830 = ORIENTED_EDGE('',*,*,#6815,.F.);
#6831 = ORIENTED_EDGE('',*,*,#5896,.T.);
#6832 = CYLINDRICAL_SURFACE('',#6833,0.5);
#6833 = AXIS2_PLACEMENT_3D('',#6834,#6835,#6836);
#6834 = CARTESIAN_POINT('',(-9.0525,-6.1875,-0.825));
#6835 = DIRECTION('',(0.,0.,1.));
#6836 = DIRECTION('',(1.,0.,0.));
#6837 = ADVANCED_FACE('',(#6838),#6849,.F.);
#6838 = FACE_BOUND('',#6839,.F.);
#6839 = EDGE_LOOP('',(#6840,#6841,#6847,#6848));
#6840 = ORIENTED_EDGE('',*,*,#5914,.T.);
#6841 = ORIENTED_EDGE('',*,*,#6842,.T.);
#6842 = EDGE_CURVE('',#5915,#6258,#6843,.T.);
#6843 = LINE('',#6844,#6845);
#6844 = CARTESIAN_POINT('',(8.743340549132,5.499669,0.));
#6845 = VECTOR('',#6846,1.);
#6846 = DIRECTION('',(0.,0.,1.));
#6847 = ORIENTED_EDGE('',*,*,#6257,.F.);
#6848 = ORIENTED_EDGE('',*,*,#6842,.F.);
#6849 = CYLINDRICAL_SURFACE('',#6850,1.548016549132);
#6850 = AXIS2_PLACEMENT_3D('',#6851,#6852,#6853);
#6851 = CARTESIAN_POINT('',(7.195324,5.499669,0.));
#6852 = DIRECTION('',(-0.,-0.,-1.));
#6853 = DIRECTION('',(1.,0.,0.));
#6854 = ADVANCED_FACE('',(#6855),#6866,.F.);
#6855 = FACE_BOUND('',#6856,.F.);
#6856 = EDGE_LOOP('',(#6857,#6858,#6864,#6865));
#6857 = ORIENTED_EDGE('',*,*,#5925,.T.);
#6858 = ORIENTED_EDGE('',*,*,#6859,.T.);
#6859 = EDGE_CURVE('',#5926,#6269,#6860,.T.);
#6860 = LINE('',#6861,#6862);
#6861 = CARTESIAN_POINT('',(-6.231997053509,5.499669,0.));
#6862 = VECTOR('',#6863,1.);
#6863 = DIRECTION('',(0.,0.,1.));
#6864 = ORIENTED_EDGE('',*,*,#6268,.F.);
#6865 = ORIENTED_EDGE('',*,*,#6859,.F.);
#6866 = CYLINDRICAL_SURFACE('',#6867,1.559069946491);
#6867 = AXIS2_PLACEMENT_3D('',#6868,#6869,#6870);
#6868 = CARTESIAN_POINT('',(-7.791067,5.499669,0.));
#6869 = DIRECTION('',(-0.,-0.,-1.));
#6870 = DIRECTION('',(1.,0.,0.));
#6871 = ( GEOMETRIC_REPRESENTATION_CONTEXT(3) 
GLOBAL_UNCERTAINTY_ASSIGNED_CONTEXT((#6875)) 
GLOBAL_UNIT_ASSIGNED_CONTEXT((#6872,#6873,#6874)) REPRESENTATION_CONTEXT
('Context #1','3D Context with UNIT and UNCERTAINTY') );
#6872 = ( LENGTH_UNIT() NAMED_UNIT(*) SI_UNIT(.MILLI.,.METRE.) );
#6873 = ( NAMED_UNIT(*) PLANE_ANGLE_UNIT() SI_UNIT($,.RADIAN.) );
#6874 = ( NAMED_UNIT(*) SI_UNIT($,.STERADIAN.) SOLID_ANGLE_UNIT() );
#6875 = UNCERTAINTY_MEASURE_WITH_UNIT(LENGTH_MEASURE(1.E-07),#6872,
  'distance_accuracy_value','confusion accuracy');
#6876 = PRODUCT_TYPE('part',$,(#7));
#6877 = MECHANICAL_DESIGN_GEOMETRIC_PRESENTATION_REPRESENTATION('',(
    #6878,#6886,#6893,#6900,#6907,#6914,#6921,#6928,#6935,#6942,#6949,
    #6956,#6963,#6970,#6977,#6984,#6991,#6998,#7005,#7012,#7019,#7026,
    #7033,#7040,#7047,#7054,#7061,#7068,#7075,#7082,#7089,#7096,#7103,
    #7110,#7117,#7124,#7131,#7138,#7145,#7152,#7159,#7166,#7173,#7180,
    #7187,#7194,#7201,#7208,#7215,#7222,#7229,#7236,#7243,#7251,#7258,
    #7265,#7272,#7279,#7286,#7293,#7300,#7307,#7314,#7321,#7328,#7335,
    #7342,#7349,#7356,#7363,#7370,#7377,#7384,#7391,#7398,#7405,#7412,
    #7419,#7426,#7433,#7440,#7447,#7454,#7461,#7468,#7475,#7482,#7489,
    #7496,#7503,#7510,#7517,#7524,#7531,#7538,#7545,#7552,#7559,#7566,
    #7573,#7580,#7587,#7594,#7601,#7608,#7615,#7622,#7629,#7636,#7643,
    #7650,#7657,#7664,#7671,#7678,#7685,#7692,#7699,#7706,#7713,#7720,
    #7727,#7734,#7741,#7748,#7755,#7762,#7769,#7776,#7783,#7790,#7797,
    #7804,#7811,#7818,#7825,#7832,#7839,#7846,#7853,#7860,#7867,#7874,
    #7881,#7888,#7895,#7902,#7909,#7916,#7923,#7930,#7937,#7944,#7951,
    #7958,#7965,#7972,#7979,#7986,#7993,#8000,#8007,#8014,#8021,#8028,
    #8035,#8042,#8049,#8056,#8063,#8070,#8077,#8084,#8091,#8098,#8105,
    #8112,#8119,#8126,#8133,#8140,#8147,#8154,#8161,#8168,#8175,#8182,
    #8189,#8196,#8203,#8210,#8217,#8224,#8231,#8238,#8245,#8252,#8260,
    #8267,#8274,#8281,#8288,#8295,#8302,#8309,#8316,#8323,#8330,#8337,
    #8344,#8351,#8358,#8365,#8372,#8379,#8386,#8393,#8400,#8407,#8414,
    #8421,#8428,#8435,#8442,#8449,#8456,#8463,#8470,#8477,#8484,#8491,
    #8498,#8505,#8512,#8519,#8526),#6871);
#6878 = STYLED_ITEM('color',(#6879),#17);
#6879 = PRESENTATION_STYLE_ASSIGNMENT((#6880));
#6880 = SURFACE_STYLE_USAGE(.BOTH.,#6881);
#6881 = SURFACE_SIDE_STYLE('',(#6882));
#6882 = SURFACE_STYLE_FILL_AREA(#6883);
#6883 = FILL_AREA_STYLE('',(#6884));
#6884 = FILL_AREA_STYLE_COLOUR('',#6885);
#6885 = COLOUR_RGB('',0.149019617616,0.145098047169,0.145098047169);
#6886 = STYLED_ITEM('color',(#6887),#57);
#6887 = PRESENTATION_STYLE_ASSIGNMENT((#6888));
#6888 = SURFACE_STYLE_USAGE(.BOTH.,#6889);
#6889 = SURFACE_SIDE_STYLE('',(#6890));
#6890 = SURFACE_STYLE_FILL_AREA(#6891);
#6891 = FILL_AREA_STYLE('',(#6892));
#6892 = FILL_AREA_STYLE_COLOUR('',#6885);
#6893 = STYLED_ITEM('color',(#6894),#88);
#6894 = PRESENTATION_STYLE_ASSIGNMENT((#6895));
#6895 = SURFACE_STYLE_USAGE(.BOTH.,#6896);
#6896 = SURFACE_SIDE_STYLE('',(#6897));
#6897 = SURFACE_STYLE_FILL_AREA(#6898);
#6898 = FILL_AREA_STYLE('',(#6899));
#6899 = FILL_AREA_STYLE_COLOUR('',#6885);
#6900 = STYLED_ITEM('color',(#6901),#119);
#6901 = PRESENTATION_STYLE_ASSIGNMENT((#6902));
#6902 = SURFACE_STYLE_USAGE(.BOTH.,#6903);
#6903 = SURFACE_SIDE_STYLE('',(#6904));
#6904 = SURFACE_STYLE_FILL_AREA(#6905);
#6905 = FILL_AREA_STYLE('',(#6906));
#6906 = FILL_AREA_STYLE_COLOUR('',#6885);
#6907 = STYLED_ITEM('color',(#6908),#776);
#6908 = PRESENTATION_STYLE_ASSIGNMENT((#6909));
#6909 = SURFACE_STYLE_USAGE(.BOTH.,#6910);
#6910 = SURFACE_SIDE_STYLE('',(#6911));
#6911 = SURFACE_STYLE_FILL_AREA(#6912);
#6912 = FILL_AREA_STYLE('',(#6913));
#6913 = FILL_AREA_STYLE_COLOUR('',#6885);
#6914 = STYLED_ITEM('color',(#6915),#1433);
#6915 = PRESENTATION_STYLE_ASSIGNMENT((#6916));
#6916 = SURFACE_STYLE_USAGE(.BOTH.,#6917);
#6917 = SURFACE_SIDE_STYLE('',(#6918));
#6918 = SURFACE_STYLE_FILL_AREA(#6919);
#6919 = FILL_AREA_STYLE('',(#6920));
#6920 = FILL_AREA_STYLE_COLOUR('',#6885);
#6921 = STYLED_ITEM('color',(#6922),#1450);
#6922 = PRESENTATION_STYLE_ASSIGNMENT((#6923));
#6923 = SURFACE_STYLE_USAGE(.BOTH.,#6924);
#6924 = SURFACE_SIDE_STYLE('',(#6925));
#6925 = SURFACE_STYLE_FILL_AREA(#6926);
#6926 = FILL_AREA_STYLE('',(#6927));
#6927 = FILL_AREA_STYLE_COLOUR('',#6885);
#6928 = STYLED_ITEM('color',(#6929),#1467);
#6929 = PRESENTATION_STYLE_ASSIGNMENT((#6930));
#6930 = SURFACE_STYLE_USAGE(.BOTH.,#6931);
#6931 = SURFACE_SIDE_STYLE('',(#6932));
#6932 = SURFACE_STYLE_FILL_AREA(#6933);
#6933 = FILL_AREA_STYLE('',(#6934));
#6934 = FILL_AREA_STYLE_COLOUR('',#6885);
#6935 = STYLED_ITEM('color',(#6936),#1484);
#6936 = PRESENTATION_STYLE_ASSIGNMENT((#6937));
#6937 = SURFACE_STYLE_USAGE(.BOTH.,#6938);
#6938 = SURFACE_SIDE_STYLE('',(#6939));
#6939 = SURFACE_STYLE_FILL_AREA(#6940);
#6940 = FILL_AREA_STYLE('',(#6941));
#6941 = FILL_AREA_STYLE_COLOUR('',#6885);
#6942 = STYLED_ITEM('color',(#6943),#1501);
#6943 = PRESENTATION_STYLE_ASSIGNMENT((#6944));
#6944 = SURFACE_STYLE_USAGE(.BOTH.,#6945);
#6945 = SURFACE_SIDE_STYLE('',(#6946));
#6946 = SURFACE_STYLE_FILL_AREA(#6947);
#6947 = FILL_AREA_STYLE('',(#6948));
#6948 = FILL_AREA_STYLE_COLOUR('',#6885);
#6949 = STYLED_ITEM('color',(#6950),#1518);
#6950 = PRESENTATION_STYLE_ASSIGNMENT((#6951));
#6951 = SURFACE_STYLE_USAGE(.BOTH.,#6952);
#6952 = SURFACE_SIDE_STYLE('',(#6953));
#6953 = SURFACE_STYLE_FILL_AREA(#6954);
#6954 = FILL_AREA_STYLE('',(#6955));
#6955 = FILL_AREA_STYLE_COLOUR('',#6885);
#6956 = STYLED_ITEM('color',(#6957),#1535);
#6957 = PRESENTATION_STYLE_ASSIGNMENT((#6958));
#6958 = SURFACE_STYLE_USAGE(.BOTH.,#6959);
#6959 = SURFACE_SIDE_STYLE('',(#6960));
#6960 = SURFACE_STYLE_FILL_AREA(#6961);
#6961 = FILL_AREA_STYLE('',(#6962));
#6962 = FILL_AREA_STYLE_COLOUR('',#6885);
#6963 = STYLED_ITEM('color',(#6964),#1552);
#6964 = PRESENTATION_STYLE_ASSIGNMENT((#6965));
#6965 = SURFACE_STYLE_USAGE(.BOTH.,#6966);
#6966 = SURFACE_SIDE_STYLE('',(#6967));
#6967 = SURFACE_STYLE_FILL_AREA(#6968);
#6968 = FILL_AREA_STYLE('',(#6969));
#6969 = FILL_AREA_STYLE_COLOUR('',#6885);
#6970 = STYLED_ITEM('color',(#6971),#1569);
#6971 = PRESENTATION_STYLE_ASSIGNMENT((#6972));
#6972 = SURFACE_STYLE_USAGE(.BOTH.,#6973);
#6973 = SURFACE_SIDE_STYLE('',(#6974));
#6974 = SURFACE_STYLE_FILL_AREA(#6975);
#6975 = FILL_AREA_STYLE('',(#6976));
#6976 = FILL_AREA_STYLE_COLOUR('',#6885);
#6977 = STYLED_ITEM('color',(#6978),#1586);
#6978 = PRESENTATION_STYLE_ASSIGNMENT((#6979));
#6979 = SURFACE_STYLE_USAGE(.BOTH.,#6980);
#6980 = SURFACE_SIDE_STYLE('',(#6981));
#6981 = SURFACE_STYLE_FILL_AREA(#6982);
#6982 = FILL_AREA_STYLE('',(#6983));
#6983 = FILL_AREA_STYLE_COLOUR('',#6885);
#6984 = STYLED_ITEM('color',(#6985),#1603);
#6985 = PRESENTATION_STYLE_ASSIGNMENT((#6986));
#6986 = SURFACE_STYLE_USAGE(.BOTH.,#6987);
#6987 = SURFACE_SIDE_STYLE('',(#6988));
#6988 = SURFACE_STYLE_FILL_AREA(#6989);
#6989 = FILL_AREA_STYLE('',(#6990));
#6990 = FILL_AREA_STYLE_COLOUR('',#6885);
#6991 = STYLED_ITEM('color',(#6992),#1620);
#6992 = PRESENTATION_STYLE_ASSIGNMENT((#6993));
#6993 = SURFACE_STYLE_USAGE(.BOTH.,#6994);
#6994 = SURFACE_SIDE_STYLE('',(#6995));
#6995 = SURFACE_STYLE_FILL_AREA(#6996);
#6996 = FILL_AREA_STYLE('',(#6997));
#6997 = FILL_AREA_STYLE_COLOUR('',#6885);
#6998 = STYLED_ITEM('color',(#6999),#1637);
#6999 = PRESENTATION_STYLE_ASSIGNMENT((#7000));
#7000 = SURFACE_STYLE_USAGE(.BOTH.,#7001);
#7001 = SURFACE_SIDE_STYLE('',(#7002));
#7002 = SURFACE_STYLE_FILL_AREA(#7003);
#7003 = FILL_AREA_STYLE('',(#7004));
#7004 = FILL_AREA_STYLE_COLOUR('',#6885);
#7005 = STYLED_ITEM('color',(#7006),#1654);
#7006 = PRESENTATION_STYLE_ASSIGNMENT((#7007));
#7007 = SURFACE_STYLE_USAGE(.BOTH.,#7008);
#7008 = SURFACE_SIDE_STYLE('',(#7009));
#7009 = SURFACE_STYLE_FILL_AREA(#7010);
#7010 = FILL_AREA_STYLE('',(#7011));
#7011 = FILL_AREA_STYLE_COLOUR('',#6885);
#7012 = STYLED_ITEM('color',(#7013),#1671);
#7013 = PRESENTATION_STYLE_ASSIGNMENT((#7014));
#7014 = SURFACE_STYLE_USAGE(.BOTH.,#7015);
#7015 = SURFACE_SIDE_STYLE('',(#7016));
#7016 = SURFACE_STYLE_FILL_AREA(#7017);
#7017 = FILL_AREA_STYLE('',(#7018));
#7018 = FILL_AREA_STYLE_COLOUR('',#6885);
#7019 = STYLED_ITEM('color',(#7020),#1688);
#7020 = PRESENTATION_STYLE_ASSIGNMENT((#7021));
#7021 = SURFACE_STYLE_USAGE(.BOTH.,#7022);
#7022 = SURFACE_SIDE_STYLE('',(#7023));
#7023 = SURFACE_STYLE_FILL_AREA(#7024);
#7024 = FILL_AREA_STYLE('',(#7025));
#7025 = FILL_AREA_STYLE_COLOUR('',#6885);
#7026 = STYLED_ITEM('color',(#7027),#1705);
#7027 = PRESENTATION_STYLE_ASSIGNMENT((#7028));
#7028 = SURFACE_STYLE_USAGE(.BOTH.,#7029);
#7029 = SURFACE_SIDE_STYLE('',(#7030));
#7030 = SURFACE_STYLE_FILL_AREA(#7031);
#7031 = FILL_AREA_STYLE('',(#7032));
#7032 = FILL_AREA_STYLE_COLOUR('',#6885);
#7033 = STYLED_ITEM('color',(#7034),#1722);
#7034 = PRESENTATION_STYLE_ASSIGNMENT((#7035));
#7035 = SURFACE_STYLE_USAGE(.BOTH.,#7036);
#7036 = SURFACE_SIDE_STYLE('',(#7037));
#7037 = SURFACE_STYLE_FILL_AREA(#7038);
#7038 = FILL_AREA_STYLE('',(#7039));
#7039 = FILL_AREA_STYLE_COLOUR('',#6885);
#7040 = STYLED_ITEM('color',(#7041),#1739);
#7041 = PRESENTATION_STYLE_ASSIGNMENT((#7042));
#7042 = SURFACE_STYLE_USAGE(.BOTH.,#7043);
#7043 = SURFACE_SIDE_STYLE('',(#7044));
#7044 = SURFACE_STYLE_FILL_AREA(#7045);
#7045 = FILL_AREA_STYLE('',(#7046));
#7046 = FILL_AREA_STYLE_COLOUR('',#6885);
#7047 = STYLED_ITEM('color',(#7048),#1756);
#7048 = PRESENTATION_STYLE_ASSIGNMENT((#7049));
#7049 = SURFACE_STYLE_USAGE(.BOTH.,#7050);
#7050 = SURFACE_SIDE_STYLE('',(#7051));
#7051 = SURFACE_STYLE_FILL_AREA(#7052);
#7052 = FILL_AREA_STYLE('',(#7053));
#7053 = FILL_AREA_STYLE_COLOUR('',#6885);
#7054 = STYLED_ITEM('color',(#7055),#1773);
#7055 = PRESENTATION_STYLE_ASSIGNMENT((#7056));
#7056 = SURFACE_STYLE_USAGE(.BOTH.,#7057);
#7057 = SURFACE_SIDE_STYLE('',(#7058));
#7058 = SURFACE_STYLE_FILL_AREA(#7059);
#7059 = FILL_AREA_STYLE('',(#7060));
#7060 = FILL_AREA_STYLE_COLOUR('',#6885);
#7061 = STYLED_ITEM('color',(#7062),#1790);
#7062 = PRESENTATION_STYLE_ASSIGNMENT((#7063));
#7063 = SURFACE_STYLE_USAGE(.BOTH.,#7064);
#7064 = SURFACE_SIDE_STYLE('',(#7065));
#7065 = SURFACE_STYLE_FILL_AREA(#7066);
#7066 = FILL_AREA_STYLE('',(#7067));
#7067 = FILL_AREA_STYLE_COLOUR('',#6885);
#7068 = STYLED_ITEM('color',(#7069),#1807);
#7069 = PRESENTATION_STYLE_ASSIGNMENT((#7070));
#7070 = SURFACE_STYLE_USAGE(.BOTH.,#7071);
#7071 = SURFACE_SIDE_STYLE('',(#7072));
#7072 = SURFACE_STYLE_FILL_AREA(#7073);
#7073 = FILL_AREA_STYLE('',(#7074));
#7074 = FILL_AREA_STYLE_COLOUR('',#6885);
#7075 = STYLED_ITEM('color',(#7076),#1824);
#7076 = PRESENTATION_STYLE_ASSIGNMENT((#7077));
#7077 = SURFACE_STYLE_USAGE(.BOTH.,#7078);
#7078 = SURFACE_SIDE_STYLE('',(#7079));
#7079 = SURFACE_STYLE_FILL_AREA(#7080);
#7080 = FILL_AREA_STYLE('',(#7081));
#7081 = FILL_AREA_STYLE_COLOUR('',#6885);
#7082 = STYLED_ITEM('color',(#7083),#1841);
#7083 = PRESENTATION_STYLE_ASSIGNMENT((#7084));
#7084 = SURFACE_STYLE_USAGE(.BOTH.,#7085);
#7085 = SURFACE_SIDE_STYLE('',(#7086));
#7086 = SURFACE_STYLE_FILL_AREA(#7087);
#7087 = FILL_AREA_STYLE('',(#7088));
#7088 = FILL_AREA_STYLE_COLOUR('',#6885);
#7089 = STYLED_ITEM('color',(#7090),#1858);
#7090 = PRESENTATION_STYLE_ASSIGNMENT((#7091));
#7091 = SURFACE_STYLE_USAGE(.BOTH.,#7092);
#7092 = SURFACE_SIDE_STYLE('',(#7093));
#7093 = SURFACE_STYLE_FILL_AREA(#7094);
#7094 = FILL_AREA_STYLE('',(#7095));
#7095 = FILL_AREA_STYLE_COLOUR('',#6885);
#7096 = STYLED_ITEM('color',(#7097),#1875);
#7097 = PRESENTATION_STYLE_ASSIGNMENT((#7098));
#7098 = SURFACE_STYLE_USAGE(.BOTH.,#7099);
#7099 = SURFACE_SIDE_STYLE('',(#7100));
#7100 = SURFACE_STYLE_FILL_AREA(#7101);
#7101 = FILL_AREA_STYLE('',(#7102));
#7102 = FILL_AREA_STYLE_COLOUR('',#6885);
#7103 = STYLED_ITEM('color',(#7104),#1892);
#7104 = PRESENTATION_STYLE_ASSIGNMENT((#7105));
#7105 = SURFACE_STYLE_USAGE(.BOTH.,#7106);
#7106 = SURFACE_SIDE_STYLE('',(#7107));
#7107 = SURFACE_STYLE_FILL_AREA(#7108);
#7108 = FILL_AREA_STYLE('',(#7109));
#7109 = FILL_AREA_STYLE_COLOUR('',#6885);
#7110 = STYLED_ITEM('color',(#7111),#1909);
#7111 = PRESENTATION_STYLE_ASSIGNMENT((#7112));
#7112 = SURFACE_STYLE_USAGE(.BOTH.,#7113);
#7113 = SURFACE_SIDE_STYLE('',(#7114));
#7114 = SURFACE_STYLE_FILL_AREA(#7115);
#7115 = FILL_AREA_STYLE('',(#7116));
#7116 = FILL_AREA_STYLE_COLOUR('',#6885);
#7117 = STYLED_ITEM('color',(#7118),#1926);
#7118 = PRESENTATION_STYLE_ASSIGNMENT((#7119));
#7119 = SURFACE_STYLE_USAGE(.BOTH.,#7120);
#7120 = SURFACE_SIDE_STYLE('',(#7121));
#7121 = SURFACE_STYLE_FILL_AREA(#7122);
#7122 = FILL_AREA_STYLE('',(#7123));
#7123 = FILL_AREA_STYLE_COLOUR('',#6885);
#7124 = STYLED_ITEM('color',(#7125),#1943);
#7125 = PRESENTATION_STYLE_ASSIGNMENT((#7126));
#7126 = SURFACE_STYLE_USAGE(.BOTH.,#7127);
#7127 = SURFACE_SIDE_STYLE('',(#7128));
#7128 = SURFACE_STYLE_FILL_AREA(#7129);
#7129 = FILL_AREA_STYLE('',(#7130));
#7130 = FILL_AREA_STYLE_COLOUR('',#6885);
#7131 = STYLED_ITEM('color',(#7132),#1960);
#7132 = PRESENTATION_STYLE_ASSIGNMENT((#7133));
#7133 = SURFACE_STYLE_USAGE(.BOTH.,#7134);
#7134 = SURFACE_SIDE_STYLE('',(#7135));
#7135 = SURFACE_STYLE_FILL_AREA(#7136);
#7136 = FILL_AREA_STYLE('',(#7137));
#7137 = FILL_AREA_STYLE_COLOUR('',#6885);
#7138 = STYLED_ITEM('color',(#7139),#1977);
#7139 = PRESENTATION_STYLE_ASSIGNMENT((#7140));
#7140 = SURFACE_STYLE_USAGE(.BOTH.,#7141);
#7141 = SURFACE_SIDE_STYLE('',(#7142));
#7142 = SURFACE_STYLE_FILL_AREA(#7143);
#7143 = FILL_AREA_STYLE('',(#7144));
#7144 = FILL_AREA_STYLE_COLOUR('',#6885);
#7145 = STYLED_ITEM('color',(#7146),#1994);
#7146 = PRESENTATION_STYLE_ASSIGNMENT((#7147));
#7147 = SURFACE_STYLE_USAGE(.BOTH.,#7148);
#7148 = SURFACE_SIDE_STYLE('',(#7149));
#7149 = SURFACE_STYLE_FILL_AREA(#7150);
#7150 = FILL_AREA_STYLE('',(#7151));
#7151 = FILL_AREA_STYLE_COLOUR('',#6885);
#7152 = STYLED_ITEM('color',(#7153),#2011);
#7153 = PRESENTATION_STYLE_ASSIGNMENT((#7154));
#7154 = SURFACE_STYLE_USAGE(.BOTH.,#7155);
#7155 = SURFACE_SIDE_STYLE('',(#7156));
#7156 = SURFACE_STYLE_FILL_AREA(#7157);
#7157 = FILL_AREA_STYLE('',(#7158));
#7158 = FILL_AREA_STYLE_COLOUR('',#6885);
#7159 = STYLED_ITEM('color',(#7160),#2028);
#7160 = PRESENTATION_STYLE_ASSIGNMENT((#7161));
#7161 = SURFACE_STYLE_USAGE(.BOTH.,#7162);
#7162 = SURFACE_SIDE_STYLE('',(#7163));
#7163 = SURFACE_STYLE_FILL_AREA(#7164);
#7164 = FILL_AREA_STYLE('',(#7165));
#7165 = FILL_AREA_STYLE_COLOUR('',#6885);
#7166 = STYLED_ITEM('color',(#7167),#2045);
#7167 = PRESENTATION_STYLE_ASSIGNMENT((#7168));
#7168 = SURFACE_STYLE_USAGE(.BOTH.,#7169);
#7169 = SURFACE_SIDE_STYLE('',(#7170));
#7170 = SURFACE_STYLE_FILL_AREA(#7171);
#7171 = FILL_AREA_STYLE('',(#7172));
#7172 = FILL_AREA_STYLE_COLOUR('',#6885);
#7173 = STYLED_ITEM('color',(#7174),#2062);
#7174 = PRESENTATION_STYLE_ASSIGNMENT((#7175));
#7175 = SURFACE_STYLE_USAGE(.BOTH.,#7176);
#7176 = SURFACE_SIDE_STYLE('',(#7177));
#7177 = SURFACE_STYLE_FILL_AREA(#7178);
#7178 = FILL_AREA_STYLE('',(#7179));
#7179 = FILL_AREA_STYLE_COLOUR('',#6885);
#7180 = STYLED_ITEM('color',(#7181),#2079);
#7181 = PRESENTATION_STYLE_ASSIGNMENT((#7182));
#7182 = SURFACE_STYLE_USAGE(.BOTH.,#7183);
#7183 = SURFACE_SIDE_STYLE('',(#7184));
#7184 = SURFACE_STYLE_FILL_AREA(#7185);
#7185 = FILL_AREA_STYLE('',(#7186));
#7186 = FILL_AREA_STYLE_COLOUR('',#6885);
#7187 = STYLED_ITEM('color',(#7188),#2096);
#7188 = PRESENTATION_STYLE_ASSIGNMENT((#7189));
#7189 = SURFACE_STYLE_USAGE(.BOTH.,#7190);
#7190 = SURFACE_SIDE_STYLE('',(#7191));
#7191 = SURFACE_STYLE_FILL_AREA(#7192);
#7192 = FILL_AREA_STYLE('',(#7193));
#7193 = FILL_AREA_STYLE_COLOUR('',#6885);
#7194 = STYLED_ITEM('color',(#7195),#2113);
#7195 = PRESENTATION_STYLE_ASSIGNMENT((#7196));
#7196 = SURFACE_STYLE_USAGE(.BOTH.,#7197);
#7197 = SURFACE_SIDE_STYLE('',(#7198));
#7198 = SURFACE_STYLE_FILL_AREA(#7199);
#7199 = FILL_AREA_STYLE('',(#7200));
#7200 = FILL_AREA_STYLE_COLOUR('',#6885);
#7201 = STYLED_ITEM('color',(#7202),#2130);
#7202 = PRESENTATION_STYLE_ASSIGNMENT((#7203));
#7203 = SURFACE_STYLE_USAGE(.BOTH.,#7204);
#7204 = SURFACE_SIDE_STYLE('',(#7205));
#7205 = SURFACE_STYLE_FILL_AREA(#7206);
#7206 = FILL_AREA_STYLE('',(#7207));
#7207 = FILL_AREA_STYLE_COLOUR('',#6885);
#7208 = STYLED_ITEM('color',(#7209),#2147);
#7209 = PRESENTATION_STYLE_ASSIGNMENT((#7210));
#7210 = SURFACE_STYLE_USAGE(.BOTH.,#7211);
#7211 = SURFACE_SIDE_STYLE('',(#7212));
#7212 = SURFACE_STYLE_FILL_AREA(#7213);
#7213 = FILL_AREA_STYLE('',(#7214));
#7214 = FILL_AREA_STYLE_COLOUR('',#6885);
#7215 = STYLED_ITEM('color',(#7216),#2164);
#7216 = PRESENTATION_STYLE_ASSIGNMENT((#7217));
#7217 = SURFACE_STYLE_USAGE(.BOTH.,#7218);
#7218 = SURFACE_SIDE_STYLE('',(#7219));
#7219 = SURFACE_STYLE_FILL_AREA(#7220);
#7220 = FILL_AREA_STYLE('',(#7221));
#7221 = FILL_AREA_STYLE_COLOUR('',#6885);
#7222 = STYLED_ITEM('color',(#7223),#2181);
#7223 = PRESENTATION_STYLE_ASSIGNMENT((#7224));
#7224 = SURFACE_STYLE_USAGE(.BOTH.,#7225);
#7225 = SURFACE_SIDE_STYLE('',(#7226));
#7226 = SURFACE_STYLE_FILL_AREA(#7227);
#7227 = FILL_AREA_STYLE('',(#7228));
#7228 = FILL_AREA_STYLE_COLOUR('',#6885);
#7229 = STYLED_ITEM('color',(#7230),#2198);
#7230 = PRESENTATION_STYLE_ASSIGNMENT((#7231));
#7231 = SURFACE_STYLE_USAGE(.BOTH.,#7232);
#7232 = SURFACE_SIDE_STYLE('',(#7233));
#7233 = SURFACE_STYLE_FILL_AREA(#7234);
#7234 = FILL_AREA_STYLE('',(#7235));
#7235 = FILL_AREA_STYLE_COLOUR('',#6885);
#7236 = STYLED_ITEM('color',(#7237),#2215);
#7237 = PRESENTATION_STYLE_ASSIGNMENT((#7238));
#7238 = SURFACE_STYLE_USAGE(.BOTH.,#7239);
#7239 = SURFACE_SIDE_STYLE('',(#7240));
#7240 = SURFACE_STYLE_FILL_AREA(#7241);
#7241 = FILL_AREA_STYLE('',(#7242));
#7242 = FILL_AREA_STYLE_COLOUR('',#6885);
#7243 = STYLED_ITEM('color',(#7244),#2227);
#7244 = PRESENTATION_STYLE_ASSIGNMENT((#7245));
#7245 = SURFACE_STYLE_USAGE(.BOTH.,#7246);
#7246 = SURFACE_SIDE_STYLE('',(#7247));
#7247 = SURFACE_STYLE_FILL_AREA(#7248);
#7248 = FILL_AREA_STYLE('',(#7249));
#7249 = FILL_AREA_STYLE_COLOUR('',#7250);
#7250 = COLOUR_RGB('',0.858823546443,0.737254912529,0.494117641438);
#7251 = STYLED_ITEM('color',(#7252),#2258);
#7252 = PRESENTATION_STYLE_ASSIGNMENT((#7253));
#7253 = SURFACE_STYLE_USAGE(.BOTH.,#7254);
#7254 = SURFACE_SIDE_STYLE('',(#7255));
#7255 = SURFACE_STYLE_FILL_AREA(#7256);
#7256 = FILL_AREA_STYLE('',(#7257));
#7257 = FILL_AREA_STYLE_COLOUR('',#7250);
#7258 = STYLED_ITEM('color',(#7259),#2282);
#7259 = PRESENTATION_STYLE_ASSIGNMENT((#7260));
#7260 = SURFACE_STYLE_USAGE(.BOTH.,#7261);
#7261 = SURFACE_SIDE_STYLE('',(#7262));
#7262 = SURFACE_STYLE_FILL_AREA(#7263);
#7263 = FILL_AREA_STYLE('',(#7264));
#7264 = FILL_AREA_STYLE_COLOUR('',#7250);
#7265 = STYLED_ITEM('color',(#7266),#2306);
#7266 = PRESENTATION_STYLE_ASSIGNMENT((#7267));
#7267 = SURFACE_STYLE_USAGE(.BOTH.,#7268);
#7268 = SURFACE_SIDE_STYLE('',(#7269));
#7269 = SURFACE_STYLE_FILL_AREA(#7270);
#7270 = FILL_AREA_STYLE('',(#7271));
#7271 = FILL_AREA_STYLE_COLOUR('',#7250);
#7272 = STYLED_ITEM('color',(#7273),#2323);
#7273 = PRESENTATION_STYLE_ASSIGNMENT((#7274));
#7274 = SURFACE_STYLE_USAGE(.BOTH.,#7275);
#7275 = SURFACE_SIDE_STYLE('',(#7276));
#7276 = SURFACE_STYLE_FILL_AREA(#7277);
#7277 = FILL_AREA_STYLE('',(#7278));
#7278 = FILL_AREA_STYLE_COLOUR('',#7250);
#7279 = STYLED_ITEM('color',(#7280),#2354);
#7280 = PRESENTATION_STYLE_ASSIGNMENT((#7281));
#7281 = SURFACE_STYLE_USAGE(.BOTH.,#7282);
#7282 = SURFACE_SIDE_STYLE('',(#7283));
#7283 = SURFACE_STYLE_FILL_AREA(#7284);
#7284 = FILL_AREA_STYLE('',(#7285));
#7285 = FILL_AREA_STYLE_COLOUR('',#7250);
#7286 = STYLED_ITEM('color',(#7287),#2378);
#7287 = PRESENTATION_STYLE_ASSIGNMENT((#7288));
#7288 = SURFACE_STYLE_USAGE(.BOTH.,#7289);
#7289 = SURFACE_SIDE_STYLE('',(#7290));
#7290 = SURFACE_STYLE_FILL_AREA(#7291);
#7291 = FILL_AREA_STYLE('',(#7292));
#7292 = FILL_AREA_STYLE_COLOUR('',#7250);
#7293 = STYLED_ITEM('color',(#7294),#2402);
#7294 = PRESENTATION_STYLE_ASSIGNMENT((#7295));
#7295 = SURFACE_STYLE_USAGE(.BOTH.,#7296);
#7296 = SURFACE_SIDE_STYLE('',(#7297));
#7297 = SURFACE_STYLE_FILL_AREA(#7298);
#7298 = FILL_AREA_STYLE('',(#7299));
#7299 = FILL_AREA_STYLE_COLOUR('',#7250);
#7300 = STYLED_ITEM('color',(#7301),#2419);
#7301 = PRESENTATION_STYLE_ASSIGNMENT((#7302));
#7302 = SURFACE_STYLE_USAGE(.BOTH.,#7303);
#7303 = SURFACE_SIDE_STYLE('',(#7304));
#7304 = SURFACE_STYLE_FILL_AREA(#7305);
#7305 = FILL_AREA_STYLE('',(#7306));
#7306 = FILL_AREA_STYLE_COLOUR('',#7250);
#7307 = STYLED_ITEM('color',(#7308),#2450);
#7308 = PRESENTATION_STYLE_ASSIGNMENT((#7309));
#7309 = SURFACE_STYLE_USAGE(.BOTH.,#7310);
#7310 = SURFACE_SIDE_STYLE('',(#7311));
#7311 = SURFACE_STYLE_FILL_AREA(#7312);
#7312 = FILL_AREA_STYLE('',(#7313));
#7313 = FILL_AREA_STYLE_COLOUR('',#7250);
#7314 = STYLED_ITEM('color',(#7315),#2474);
#7315 = PRESENTATION_STYLE_ASSIGNMENT((#7316));
#7316 = SURFACE_STYLE_USAGE(.BOTH.,#7317);
#7317 = SURFACE_SIDE_STYLE('',(#7318));
#7318 = SURFACE_STYLE_FILL_AREA(#7319);
#7319 = FILL_AREA_STYLE('',(#7320));
#7320 = FILL_AREA_STYLE_COLOUR('',#7250);
#7321 = STYLED_ITEM('color',(#7322),#2498);
#7322 = PRESENTATION_STYLE_ASSIGNMENT((#7323));
#7323 = SURFACE_STYLE_USAGE(.BOTH.,#7324);
#7324 = SURFACE_SIDE_STYLE('',(#7325));
#7325 = SURFACE_STYLE_FILL_AREA(#7326);
#7326 = FILL_AREA_STYLE('',(#7327));
#7327 = FILL_AREA_STYLE_COLOUR('',#7250);
#7328 = STYLED_ITEM('color',(#7329),#2515);
#7329 = PRESENTATION_STYLE_ASSIGNMENT((#7330));
#7330 = SURFACE_STYLE_USAGE(.BOTH.,#7331);
#7331 = SURFACE_SIDE_STYLE('',(#7332));
#7332 = SURFACE_STYLE_FILL_AREA(#7333);
#7333 = FILL_AREA_STYLE('',(#7334));
#7334 = FILL_AREA_STYLE_COLOUR('',#7250);
#7335 = STYLED_ITEM('color',(#7336),#2546);
#7336 = PRESENTATION_STYLE_ASSIGNMENT((#7337));
#7337 = SURFACE_STYLE_USAGE(.BOTH.,#7338);
#7338 = SURFACE_SIDE_STYLE('',(#7339));
#7339 = SURFACE_STYLE_FILL_AREA(#7340);
#7340 = FILL_AREA_STYLE('',(#7341));
#7341 = FILL_AREA_STYLE_COLOUR('',#7250);
#7342 = STYLED_ITEM('color',(#7343),#2570);
#7343 = PRESENTATION_STYLE_ASSIGNMENT((#7344));
#7344 = SURFACE_STYLE_USAGE(.BOTH.,#7345);
#7345 = SURFACE_SIDE_STYLE('',(#7346));
#7346 = SURFACE_STYLE_FILL_AREA(#7347);
#7347 = FILL_AREA_STYLE('',(#7348));
#7348 = FILL_AREA_STYLE_COLOUR('',#7250);
#7349 = STYLED_ITEM('color',(#7350),#2594);
#7350 = PRESENTATION_STYLE_ASSIGNMENT((#7351));
#7351 = SURFACE_STYLE_USAGE(.BOTH.,#7352);
#7352 = SURFACE_SIDE_STYLE('',(#7353));
#7353 = SURFACE_STYLE_FILL_AREA(#7354);
#7354 = FILL_AREA_STYLE('',(#7355));
#7355 = FILL_AREA_STYLE_COLOUR('',#7250);
#7356 = STYLED_ITEM('color',(#7357),#2611);
#7357 = PRESENTATION_STYLE_ASSIGNMENT((#7358));
#7358 = SURFACE_STYLE_USAGE(.BOTH.,#7359);
#7359 = SURFACE_SIDE_STYLE('',(#7360));
#7360 = SURFACE_STYLE_FILL_AREA(#7361);
#7361 = FILL_AREA_STYLE('',(#7362));
#7362 = FILL_AREA_STYLE_COLOUR('',#7250);
#7363 = STYLED_ITEM('color',(#7364),#2642);
#7364 = PRESENTATION_STYLE_ASSIGNMENT((#7365));
#7365 = SURFACE_STYLE_USAGE(.BOTH.,#7366);
#7366 = SURFACE_SIDE_STYLE('',(#7367));
#7367 = SURFACE_STYLE_FILL_AREA(#7368);
#7368 = FILL_AREA_STYLE('',(#7369));
#7369 = FILL_AREA_STYLE_COLOUR('',#7250);
#7370 = STYLED_ITEM('color',(#7371),#2666);
#7371 = PRESENTATION_STYLE_ASSIGNMENT((#7372));
#7372 = SURFACE_STYLE_USAGE(.BOTH.,#7373);
#7373 = SURFACE_SIDE_STYLE('',(#7374));
#7374 = SURFACE_STYLE_FILL_AREA(#7375);
#7375 = FILL_AREA_STYLE('',(#7376));
#7376 = FILL_AREA_STYLE_COLOUR('',#7250);
#7377 = STYLED_ITEM('color',(#7378),#2690);
#7378 = PRESENTATION_STYLE_ASSIGNMENT((#7379));
#7379 = SURFACE_STYLE_USAGE(.BOTH.,#7380);
#7380 = SURFACE_SIDE_STYLE('',(#7381));
#7381 = SURFACE_STYLE_FILL_AREA(#7382);
#7382 = FILL_AREA_STYLE('',(#7383));
#7383 = FILL_AREA_STYLE_COLOUR('',#7250);
#7384 = STYLED_ITEM('color',(#7385),#2707);
#7385 = PRESENTATION_STYLE_ASSIGNMENT((#7386));
#7386 = SURFACE_STYLE_USAGE(.BOTH.,#7387);
#7387 = SURFACE_SIDE_STYLE('',(#7388));
#7388 = SURFACE_STYLE_FILL_AREA(#7389);
#7389 = FILL_AREA_STYLE('',(#7390));
#7390 = FILL_AREA_STYLE_COLOUR('',#7250);
#7391 = STYLED_ITEM('color',(#7392),#2738);
#7392 = PRESENTATION_STYLE_ASSIGNMENT((#7393));
#7393 = SURFACE_STYLE_USAGE(.BOTH.,#7394);
#7394 = SURFACE_SIDE_STYLE('',(#7395));
#7395 = SURFACE_STYLE_FILL_AREA(#7396);
#7396 = FILL_AREA_STYLE('',(#7397));
#7397 = FILL_AREA_STYLE_COLOUR('',#7250);
#7398 = STYLED_ITEM('color',(#7399),#2762);
#7399 = PRESENTATION_STYLE_ASSIGNMENT((#7400));
#7400 = SURFACE_STYLE_USAGE(.BOTH.,#7401);
#7401 = SURFACE_SIDE_STYLE('',(#7402));
#7402 = SURFACE_STYLE_FILL_AREA(#7403);
#7403 = FILL_AREA_STYLE('',(#7404));
#7404 = FILL_AREA_STYLE_COLOUR('',#7250);
#7405 = STYLED_ITEM('color',(#7406),#2786);
#7406 = PRESENTATION_STYLE_ASSIGNMENT((#7407));
#7407 = SURFACE_STYLE_USAGE(.BOTH.,#7408);
#7408 = SURFACE_SIDE_STYLE('',(#7409));
#7409 = SURFACE_STYLE_FILL_AREA(#7410);
#7410 = FILL_AREA_STYLE('',(#7411));
#7411 = FILL_AREA_STYLE_COLOUR('',#7250);
#7412 = STYLED_ITEM('color',(#7413),#2803);
#7413 = PRESENTATION_STYLE_ASSIGNMENT((#7414));
#7414 = SURFACE_STYLE_USAGE(.BOTH.,#7415);
#7415 = SURFACE_SIDE_STYLE('',(#7416));
#7416 = SURFACE_STYLE_FILL_AREA(#7417);
#7417 = FILL_AREA_STYLE('',(#7418));
#7418 = FILL_AREA_STYLE_COLOUR('',#7250);
#7419 = STYLED_ITEM('color',(#7420),#2834);
#7420 = PRESENTATION_STYLE_ASSIGNMENT((#7421));
#7421 = SURFACE_STYLE_USAGE(.BOTH.,#7422);
#7422 = SURFACE_SIDE_STYLE('',(#7423));
#7423 = SURFACE_STYLE_FILL_AREA(#7424);
#7424 = FILL_AREA_STYLE('',(#7425));
#7425 = FILL_AREA_STYLE_COLOUR('',#7250);
#7426 = STYLED_ITEM('color',(#7427),#2858);
#7427 = PRESENTATION_STYLE_ASSIGNMENT((#7428));
#7428 = SURFACE_STYLE_USAGE(.BOTH.,#7429);
#7429 = SURFACE_SIDE_STYLE('',(#7430));
#7430 = SURFACE_STYLE_FILL_AREA(#7431);
#7431 = FILL_AREA_STYLE('',(#7432));
#7432 = FILL_AREA_STYLE_COLOUR('',#7250);
#7433 = STYLED_ITEM('color',(#7434),#2882);
#7434 = PRESENTATION_STYLE_ASSIGNMENT((#7435));
#7435 = SURFACE_STYLE_USAGE(.BOTH.,#7436);
#7436 = SURFACE_SIDE_STYLE('',(#7437));
#7437 = SURFACE_STYLE_FILL_AREA(#7438);
#7438 = FILL_AREA_STYLE('',(#7439));
#7439 = FILL_AREA_STYLE_COLOUR('',#7250);
#7440 = STYLED_ITEM('color',(#7441),#2899);
#7441 = PRESENTATION_STYLE_ASSIGNMENT((#7442));
#7442 = SURFACE_STYLE_USAGE(.BOTH.,#7443);
#7443 = SURFACE_SIDE_STYLE('',(#7444));
#7444 = SURFACE_STYLE_FILL_AREA(#7445);
#7445 = FILL_AREA_STYLE('',(#7446));
#7446 = FILL_AREA_STYLE_COLOUR('',#7250);
#7447 = STYLED_ITEM('color',(#7448),#2930);
#7448 = PRESENTATION_STYLE_ASSIGNMENT((#7449));
#7449 = SURFACE_STYLE_USAGE(.BOTH.,#7450);
#7450 = SURFACE_SIDE_STYLE('',(#7451));
#7451 = SURFACE_STYLE_FILL_AREA(#7452);
#7452 = FILL_AREA_STYLE('',(#7453));
#7453 = FILL_AREA_STYLE_COLOUR('',#7250);
#7454 = STYLED_ITEM('color',(#7455),#2954);
#7455 = PRESENTATION_STYLE_ASSIGNMENT((#7456));
#7456 = SURFACE_STYLE_USAGE(.BOTH.,#7457);
#7457 = SURFACE_SIDE_STYLE('',(#7458));
#7458 = SURFACE_STYLE_FILL_AREA(#7459);
#7459 = FILL_AREA_STYLE('',(#7460));
#7460 = FILL_AREA_STYLE_COLOUR('',#7250);
#7461 = STYLED_ITEM('color',(#7462),#2978);
#7462 = PRESENTATION_STYLE_ASSIGNMENT((#7463));
#7463 = SURFACE_STYLE_USAGE(.BOTH.,#7464);
#7464 = SURFACE_SIDE_STYLE('',(#7465));
#7465 = SURFACE_STYLE_FILL_AREA(#7466);
#7466 = FILL_AREA_STYLE('',(#7467));
#7467 = FILL_AREA_STYLE_COLOUR('',#7250);
#7468 = STYLED_ITEM('color',(#7469),#2995);
#7469 = PRESENTATION_STYLE_ASSIGNMENT((#7470));
#7470 = SURFACE_STYLE_USAGE(.BOTH.,#7471);
#7471 = SURFACE_SIDE_STYLE('',(#7472));
#7472 = SURFACE_STYLE_FILL_AREA(#7473);
#7473 = FILL_AREA_STYLE('',(#7474));
#7474 = FILL_AREA_STYLE_COLOUR('',#7250);
#7475 = STYLED_ITEM('color',(#7476),#3026);
#7476 = PRESENTATION_STYLE_ASSIGNMENT((#7477));
#7477 = SURFACE_STYLE_USAGE(.BOTH.,#7478);
#7478 = SURFACE_SIDE_STYLE('',(#7479));
#7479 = SURFACE_STYLE_FILL_AREA(#7480);
#7480 = FILL_AREA_STYLE('',(#7481));
#7481 = FILL_AREA_STYLE_COLOUR('',#7250);
#7482 = STYLED_ITEM('color',(#7483),#3050);
#7483 = PRESENTATION_STYLE_ASSIGNMENT((#7484));
#7484 = SURFACE_STYLE_USAGE(.BOTH.,#7485);
#7485 = SURFACE_SIDE_STYLE('',(#7486));
#7486 = SURFACE_STYLE_FILL_AREA(#7487);
#7487 = FILL_AREA_STYLE('',(#7488));
#7488 = FILL_AREA_STYLE_COLOUR('',#7250);
#7489 = STYLED_ITEM('color',(#7490),#3074);
#7490 = PRESENTATION_STYLE_ASSIGNMENT((#7491));
#7491 = SURFACE_STYLE_USAGE(.BOTH.,#7492);
#7492 = SURFACE_SIDE_STYLE('',(#7493));
#7493 = SURFACE_STYLE_FILL_AREA(#7494);
#7494 = FILL_AREA_STYLE('',(#7495));
#7495 = FILL_AREA_STYLE_COLOUR('',#7250);
#7496 = STYLED_ITEM('color',(#7497),#3091);
#7497 = PRESENTATION_STYLE_ASSIGNMENT((#7498));
#7498 = SURFACE_STYLE_USAGE(.BOTH.,#7499);
#7499 = SURFACE_SIDE_STYLE('',(#7500));
#7500 = SURFACE_STYLE_FILL_AREA(#7501);
#7501 = FILL_AREA_STYLE('',(#7502));
#7502 = FILL_AREA_STYLE_COLOUR('',#7250);
#7503 = STYLED_ITEM('color',(#7504),#3122);
#7504 = PRESENTATION_STYLE_ASSIGNMENT((#7505));
#7505 = SURFACE_STYLE_USAGE(.BOTH.,#7506);
#7506 = SURFACE_SIDE_STYLE('',(#7507));
#7507 = SURFACE_STYLE_FILL_AREA(#7508);
#7508 = FILL_AREA_STYLE('',(#7509));
#7509 = FILL_AREA_STYLE_COLOUR('',#7250);
#7510 = STYLED_ITEM('color',(#7511),#3146);
#7511 = PRESENTATION_STYLE_ASSIGNMENT((#7512));
#7512 = SURFACE_STYLE_USAGE(.BOTH.,#7513);
#7513 = SURFACE_SIDE_STYLE('',(#7514));
#7514 = SURFACE_STYLE_FILL_AREA(#7515);
#7515 = FILL_AREA_STYLE('',(#7516));
#7516 = FILL_AREA_STYLE_COLOUR('',#7250);
#7517 = STYLED_ITEM('color',(#7518),#3170);
#7518 = PRESENTATION_STYLE_ASSIGNMENT((#7519));
#7519 = SURFACE_STYLE_USAGE(.BOTH.,#7520);
#7520 = SURFACE_SIDE_STYLE('',(#7521));
#7521 = SURFACE_STYLE_FILL_AREA(#7522);
#7522 = FILL_AREA_STYLE('',(#7523));
#7523 = FILL_AREA_STYLE_COLOUR('',#7250);
#7524 = STYLED_ITEM('color',(#7525),#3187);
#7525 = PRESENTATION_STYLE_ASSIGNMENT((#7526));
#7526 = SURFACE_STYLE_USAGE(.BOTH.,#7527);
#7527 = SURFACE_SIDE_STYLE('',(#7528));
#7528 = SURFACE_STYLE_FILL_AREA(#7529);
#7529 = FILL_AREA_STYLE('',(#7530));
#7530 = FILL_AREA_STYLE_COLOUR('',#7250);
#7531 = STYLED_ITEM('color',(#7532),#3218);
#7532 = PRESENTATION_STYLE_ASSIGNMENT((#7533));
#7533 = SURFACE_STYLE_USAGE(.BOTH.,#7534);
#7534 = SURFACE_SIDE_STYLE('',(#7535));
#7535 = SURFACE_STYLE_FILL_AREA(#7536);
#7536 = FILL_AREA_STYLE('',(#7537));
#7537 = FILL_AREA_STYLE_COLOUR('',#7250);
#7538 = STYLED_ITEM('color',(#7539),#3242);
#7539 = PRESENTATION_STYLE_ASSIGNMENT((#7540));
#7540 = SURFACE_STYLE_USAGE(.BOTH.,#7541);
#7541 = SURFACE_SIDE_STYLE('',(#7542));
#7542 = SURFACE_STYLE_FILL_AREA(#7543);
#7543 = FILL_AREA_STYLE('',(#7544));
#7544 = FILL_AREA_STYLE_COLOUR('',#7250);
#7545 = STYLED_ITEM('color',(#7546),#3266);
#7546 = PRESENTATION_STYLE_ASSIGNMENT((#7547));
#7547 = SURFACE_STYLE_USAGE(.BOTH.,#7548);
#7548 = SURFACE_SIDE_STYLE('',(#7549));
#7549 = SURFACE_STYLE_FILL_AREA(#7550);
#7550 = FILL_AREA_STYLE('',(#7551));
#7551 = FILL_AREA_STYLE_COLOUR('',#7250);
#7552 = STYLED_ITEM('color',(#7553),#3283);
#7553 = PRESENTATION_STYLE_ASSIGNMENT((#7554));
#7554 = SURFACE_STYLE_USAGE(.BOTH.,#7555);
#7555 = SURFACE_SIDE_STYLE('',(#7556));
#7556 = SURFACE_STYLE_FILL_AREA(#7557);
#7557 = FILL_AREA_STYLE('',(#7558));
#7558 = FILL_AREA_STYLE_COLOUR('',#7250);
#7559 = STYLED_ITEM('color',(#7560),#3314);
#7560 = PRESENTATION_STYLE_ASSIGNMENT((#7561));
#7561 = SURFACE_STYLE_USAGE(.BOTH.,#7562);
#7562 = SURFACE_SIDE_STYLE('',(#7563));
#7563 = SURFACE_STYLE_FILL_AREA(#7564);
#7564 = FILL_AREA_STYLE('',(#7565));
#7565 = FILL_AREA_STYLE_COLOUR('',#7250);
#7566 = STYLED_ITEM('color',(#7567),#3338);
#7567 = PRESENTATION_STYLE_ASSIGNMENT((#7568));
#7568 = SURFACE_STYLE_USAGE(.BOTH.,#7569);
#7569 = SURFACE_SIDE_STYLE('',(#7570));
#7570 = SURFACE_STYLE_FILL_AREA(#7571);
#7571 = FILL_AREA_STYLE('',(#7572));
#7572 = FILL_AREA_STYLE_COLOUR('',#7250);
#7573 = STYLED_ITEM('color',(#7574),#3362);
#7574 = PRESENTATION_STYLE_ASSIGNMENT((#7575));
#7575 = SURFACE_STYLE_USAGE(.BOTH.,#7576);
#7576 = SURFACE_SIDE_STYLE('',(#7577));
#7577 = SURFACE_STYLE_FILL_AREA(#7578);
#7578 = FILL_AREA_STYLE('',(#7579));
#7579 = FILL_AREA_STYLE_COLOUR('',#7250);
#7580 = STYLED_ITEM('color',(#7581),#3379);
#7581 = PRESENTATION_STYLE_ASSIGNMENT((#7582));
#7582 = SURFACE_STYLE_USAGE(.BOTH.,#7583);
#7583 = SURFACE_SIDE_STYLE('',(#7584));
#7584 = SURFACE_STYLE_FILL_AREA(#7585);
#7585 = FILL_AREA_STYLE('',(#7586));
#7586 = FILL_AREA_STYLE_COLOUR('',#7250);
#7587 = STYLED_ITEM('color',(#7588),#3410);
#7588 = PRESENTATION_STYLE_ASSIGNMENT((#7589));
#7589 = SURFACE_STYLE_USAGE(.BOTH.,#7590);
#7590 = SURFACE_SIDE_STYLE('',(#7591));
#7591 = SURFACE_STYLE_FILL_AREA(#7592);
#7592 = FILL_AREA_STYLE('',(#7593));
#7593 = FILL_AREA_STYLE_COLOUR('',#7250);
#7594 = STYLED_ITEM('color',(#7595),#3434);
#7595 = PRESENTATION_STYLE_ASSIGNMENT((#7596));
#7596 = SURFACE_STYLE_USAGE(.BOTH.,#7597);
#7597 = SURFACE_SIDE_STYLE('',(#7598));
#7598 = SURFACE_STYLE_FILL_AREA(#7599);
#7599 = FILL_AREA_STYLE('',(#7600));
#7600 = FILL_AREA_STYLE_COLOUR('',#7250);
#7601 = STYLED_ITEM('color',(#7602),#3458);
#7602 = PRESENTATION_STYLE_ASSIGNMENT((#7603));
#7603 = SURFACE_STYLE_USAGE(.BOTH.,#7604);
#7604 = SURFACE_SIDE_STYLE('',(#7605));
#7605 = SURFACE_STYLE_FILL_AREA(#7606);
#7606 = FILL_AREA_STYLE('',(#7607));
#7607 = FILL_AREA_STYLE_COLOUR('',#7250);
#7608 = STYLED_ITEM('color',(#7609),#3475);
#7609 = PRESENTATION_STYLE_ASSIGNMENT((#7610));
#7610 = SURFACE_STYLE_USAGE(.BOTH.,#7611);
#7611 = SURFACE_SIDE_STYLE('',(#7612));
#7612 = SURFACE_STYLE_FILL_AREA(#7613);
#7613 = FILL_AREA_STYLE('',(#7614));
#7614 = FILL_AREA_STYLE_COLOUR('',#7250);
#7615 = STYLED_ITEM('color',(#7616),#3506);
#7616 = PRESENTATION_STYLE_ASSIGNMENT((#7617));
#7617 = SURFACE_STYLE_USAGE(.BOTH.,#7618);
#7618 = SURFACE_SIDE_STYLE('',(#7619));
#7619 = SURFACE_STYLE_FILL_AREA(#7620);
#7620 = FILL_AREA_STYLE('',(#7621));
#7621 = FILL_AREA_STYLE_COLOUR('',#7250);
#7622 = STYLED_ITEM('color',(#7623),#3530);
#7623 = PRESENTATION_STYLE_ASSIGNMENT((#7624));
#7624 = SURFACE_STYLE_USAGE(.BOTH.,#7625);
#7625 = SURFACE_SIDE_STYLE('',(#7626));
#7626 = SURFACE_STYLE_FILL_AREA(#7627);
#7627 = FILL_AREA_STYLE('',(#7628));
#7628 = FILL_AREA_STYLE_COLOUR('',#7250);
#7629 = STYLED_ITEM('color',(#7630),#3554);
#7630 = PRESENTATION_STYLE_ASSIGNMENT((#7631));
#7631 = SURFACE_STYLE_USAGE(.BOTH.,#7632);
#7632 = SURFACE_SIDE_STYLE('',(#7633));
#7633 = SURFACE_STYLE_FILL_AREA(#7634);
#7634 = FILL_AREA_STYLE('',(#7635));
#7635 = FILL_AREA_STYLE_COLOUR('',#7250);
#7636 = STYLED_ITEM('color',(#7637),#3571);
#7637 = PRESENTATION_STYLE_ASSIGNMENT((#7638));
#7638 = SURFACE_STYLE_USAGE(.BOTH.,#7639);
#7639 = SURFACE_SIDE_STYLE('',(#7640));
#7640 = SURFACE_STYLE_FILL_AREA(#7641);
#7641 = FILL_AREA_STYLE('',(#7642));
#7642 = FILL_AREA_STYLE_COLOUR('',#7250);
#7643 = STYLED_ITEM('color',(#7644),#3602);
#7644 = PRESENTATION_STYLE_ASSIGNMENT((#7645));
#7645 = SURFACE_STYLE_USAGE(.BOTH.,#7646);
#7646 = SURFACE_SIDE_STYLE('',(#7647));
#7647 = SURFACE_STYLE_FILL_AREA(#7648);
#7648 = FILL_AREA_STYLE('',(#7649));
#7649 = FILL_AREA_STYLE_COLOUR('',#7250);
#7650 = STYLED_ITEM('color',(#7651),#3626);
#7651 = PRESENTATION_STYLE_ASSIGNMENT((#7652));
#7652 = SURFACE_STYLE_USAGE(.BOTH.,#7653);
#7653 = SURFACE_SIDE_STYLE('',(#7654));
#7654 = SURFACE_STYLE_FILL_AREA(#7655);
#7655 = FILL_AREA_STYLE('',(#7656));
#7656 = FILL_AREA_STYLE_COLOUR('',#7250);
#7657 = STYLED_ITEM('color',(#7658),#3650);
#7658 = PRESENTATION_STYLE_ASSIGNMENT((#7659));
#7659 = SURFACE_STYLE_USAGE(.BOTH.,#7660);
#7660 = SURFACE_SIDE_STYLE('',(#7661));
#7661 = SURFACE_STYLE_FILL_AREA(#7662);
#7662 = FILL_AREA_STYLE('',(#7663));
#7663 = FILL_AREA_STYLE_COLOUR('',#7250);
#7664 = STYLED_ITEM('color',(#7665),#3667);
#7665 = PRESENTATION_STYLE_ASSIGNMENT((#7666));
#7666 = SURFACE_STYLE_USAGE(.BOTH.,#7667);
#7667 = SURFACE_SIDE_STYLE('',(#7668));
#7668 = SURFACE_STYLE_FILL_AREA(#7669);
#7669 = FILL_AREA_STYLE('',(#7670));
#7670 = FILL_AREA_STYLE_COLOUR('',#7250);
#7671 = STYLED_ITEM('color',(#7672),#3698);
#7672 = PRESENTATION_STYLE_ASSIGNMENT((#7673));
#7673 = SURFACE_STYLE_USAGE(.BOTH.,#7674);
#7674 = SURFACE_SIDE_STYLE('',(#7675));
#7675 = SURFACE_STYLE_FILL_AREA(#7676);
#7676 = FILL_AREA_STYLE('',(#7677));
#7677 = FILL_AREA_STYLE_COLOUR('',#7250);
#7678 = STYLED_ITEM('color',(#7679),#3722);
#7679 = PRESENTATION_STYLE_ASSIGNMENT((#7680));
#7680 = SURFACE_STYLE_USAGE(.BOTH.,#7681);
#7681 = SURFACE_SIDE_STYLE('',(#7682));
#7682 = SURFACE_STYLE_FILL_AREA(#7683);
#7683 = FILL_AREA_STYLE('',(#7684));
#7684 = FILL_AREA_STYLE_COLOUR('',#7250);
#7685 = STYLED_ITEM('color',(#7686),#3746);
#7686 = PRESENTATION_STYLE_ASSIGNMENT((#7687));
#7687 = SURFACE_STYLE_USAGE(.BOTH.,#7688);
#7688 = SURFACE_SIDE_STYLE('',(#7689));
#7689 = SURFACE_STYLE_FILL_AREA(#7690);
#7690 = FILL_AREA_STYLE('',(#7691));
#7691 = FILL_AREA_STYLE_COLOUR('',#7250);
#7692 = STYLED_ITEM('color',(#7693),#3763);
#7693 = PRESENTATION_STYLE_ASSIGNMENT((#7694));
#7694 = SURFACE_STYLE_USAGE(.BOTH.,#7695);
#7695 = SURFACE_SIDE_STYLE('',(#7696));
#7696 = SURFACE_STYLE_FILL_AREA(#7697);
#7697 = FILL_AREA_STYLE('',(#7698));
#7698 = FILL_AREA_STYLE_COLOUR('',#7250);
#7699 = STYLED_ITEM('color',(#7700),#3794);
#7700 = PRESENTATION_STYLE_ASSIGNMENT((#7701));
#7701 = SURFACE_STYLE_USAGE(.BOTH.,#7702);
#7702 = SURFACE_SIDE_STYLE('',(#7703));
#7703 = SURFACE_STYLE_FILL_AREA(#7704);
#7704 = FILL_AREA_STYLE('',(#7705));
#7705 = FILL_AREA_STYLE_COLOUR('',#7250);
#7706 = STYLED_ITEM('color',(#7707),#3818);
#7707 = PRESENTATION_STYLE_ASSIGNMENT((#7708));
#7708 = SURFACE_STYLE_USAGE(.BOTH.,#7709);
#7709 = SURFACE_SIDE_STYLE('',(#7710));
#7710 = SURFACE_STYLE_FILL_AREA(#7711);
#7711 = FILL_AREA_STYLE('',(#7712));
#7712 = FILL_AREA_STYLE_COLOUR('',#7250);
#7713 = STYLED_ITEM('color',(#7714),#3842);
#7714 = PRESENTATION_STYLE_ASSIGNMENT((#7715));
#7715 = SURFACE_STYLE_USAGE(.BOTH.,#7716);
#7716 = SURFACE_SIDE_STYLE('',(#7717));
#7717 = SURFACE_STYLE_FILL_AREA(#7718);
#7718 = FILL_AREA_STYLE('',(#7719));
#7719 = FILL_AREA_STYLE_COLOUR('',#7250);
#7720 = STYLED_ITEM('color',(#7721),#3859);
#7721 = PRESENTATION_STYLE_ASSIGNMENT((#7722));
#7722 = SURFACE_STYLE_USAGE(.BOTH.,#7723);
#7723 = SURFACE_SIDE_STYLE('',(#7724));
#7724 = SURFACE_STYLE_FILL_AREA(#7725);
#7725 = FILL_AREA_STYLE('',(#7726));
#7726 = FILL_AREA_STYLE_COLOUR('',#7250);
#7727 = STYLED_ITEM('color',(#7728),#3890);
#7728 = PRESENTATION_STYLE_ASSIGNMENT((#7729));
#7729 = SURFACE_STYLE_USAGE(.BOTH.,#7730);
#7730 = SURFACE_SIDE_STYLE('',(#7731));
#7731 = SURFACE_STYLE_FILL_AREA(#7732);
#7732 = FILL_AREA_STYLE('',(#7733));
#7733 = FILL_AREA_STYLE_COLOUR('',#7250);
#7734 = STYLED_ITEM('color',(#7735),#3914);
#7735 = PRESENTATION_STYLE_ASSIGNMENT((#7736));
#7736 = SURFACE_STYLE_USAGE(.BOTH.,#7737);
#7737 = SURFACE_SIDE_STYLE('',(#7738));
#7738 = SURFACE_STYLE_FILL_AREA(#7739);
#7739 = FILL_AREA_STYLE('',(#7740));
#7740 = FILL_AREA_STYLE_COLOUR('',#7250);
#7741 = STYLED_ITEM('color',(#7742),#3938);
#7742 = PRESENTATION_STYLE_ASSIGNMENT((#7743));
#7743 = SURFACE_STYLE_USAGE(.BOTH.,#7744);
#7744 = SURFACE_SIDE_STYLE('',(#7745));
#7745 = SURFACE_STYLE_FILL_AREA(#7746);
#7746 = FILL_AREA_STYLE('',(#7747));
#7747 = FILL_AREA_STYLE_COLOUR('',#7250);
#7748 = STYLED_ITEM('color',(#7749),#3955);
#7749 = PRESENTATION_STYLE_ASSIGNMENT((#7750));
#7750 = SURFACE_STYLE_USAGE(.BOTH.,#7751);
#7751 = SURFACE_SIDE_STYLE('',(#7752));
#7752 = SURFACE_STYLE_FILL_AREA(#7753);
#7753 = FILL_AREA_STYLE('',(#7754));
#7754 = FILL_AREA_STYLE_COLOUR('',#7250);
#7755 = STYLED_ITEM('color',(#7756),#3986);
#7756 = PRESENTATION_STYLE_ASSIGNMENT((#7757));
#7757 = SURFACE_STYLE_USAGE(.BOTH.,#7758);
#7758 = SURFACE_SIDE_STYLE('',(#7759));
#7759 = SURFACE_STYLE_FILL_AREA(#7760);
#7760 = FILL_AREA_STYLE('',(#7761));
#7761 = FILL_AREA_STYLE_COLOUR('',#7250);
#7762 = STYLED_ITEM('color',(#7763),#4010);
#7763 = PRESENTATION_STYLE_ASSIGNMENT((#7764));
#7764 = SURFACE_STYLE_USAGE(.BOTH.,#7765);
#7765 = SURFACE_SIDE_STYLE('',(#7766));
#7766 = SURFACE_STYLE_FILL_AREA(#7767);
#7767 = FILL_AREA_STYLE('',(#7768));
#7768 = FILL_AREA_STYLE_COLOUR('',#7250);
#7769 = STYLED_ITEM('color',(#7770),#4034);
#7770 = PRESENTATION_STYLE_ASSIGNMENT((#7771));
#7771 = SURFACE_STYLE_USAGE(.BOTH.,#7772);
#7772 = SURFACE_SIDE_STYLE('',(#7773));
#7773 = SURFACE_STYLE_FILL_AREA(#7774);
#7774 = FILL_AREA_STYLE('',(#7775));
#7775 = FILL_AREA_STYLE_COLOUR('',#7250);
#7776 = STYLED_ITEM('color',(#7777),#4051);
#7777 = PRESENTATION_STYLE_ASSIGNMENT((#7778));
#7778 = SURFACE_STYLE_USAGE(.BOTH.,#7779);
#7779 = SURFACE_SIDE_STYLE('',(#7780));
#7780 = SURFACE_STYLE_FILL_AREA(#7781);
#7781 = FILL_AREA_STYLE('',(#7782));
#7782 = FILL_AREA_STYLE_COLOUR('',#7250);
#7783 = STYLED_ITEM('color',(#7784),#4082);
#7784 = PRESENTATION_STYLE_ASSIGNMENT((#7785));
#7785 = SURFACE_STYLE_USAGE(.BOTH.,#7786);
#7786 = SURFACE_SIDE_STYLE('',(#7787));
#7787 = SURFACE_STYLE_FILL_AREA(#7788);
#7788 = FILL_AREA_STYLE('',(#7789));
#7789 = FILL_AREA_STYLE_COLOUR('',#7250);
#7790 = STYLED_ITEM('color',(#7791),#4106);
#7791 = PRESENTATION_STYLE_ASSIGNMENT((#7792));
#7792 = SURFACE_STYLE_USAGE(.BOTH.,#7793);
#7793 = SURFACE_SIDE_STYLE('',(#7794));
#7794 = SURFACE_STYLE_FILL_AREA(#7795);
#7795 = FILL_AREA_STYLE('',(#7796));
#7796 = FILL_AREA_STYLE_COLOUR('',#7250);
#7797 = STYLED_ITEM('color',(#7798),#4130);
#7798 = PRESENTATION_STYLE_ASSIGNMENT((#7799));
#7799 = SURFACE_STYLE_USAGE(.BOTH.,#7800);
#7800 = SURFACE_SIDE_STYLE('',(#7801));
#7801 = SURFACE_STYLE_FILL_AREA(#7802);
#7802 = FILL_AREA_STYLE('',(#7803));
#7803 = FILL_AREA_STYLE_COLOUR('',#7250);
#7804 = STYLED_ITEM('color',(#7805),#4147);
#7805 = PRESENTATION_STYLE_ASSIGNMENT((#7806));
#7806 = SURFACE_STYLE_USAGE(.BOTH.,#7807);
#7807 = SURFACE_SIDE_STYLE('',(#7808));
#7808 = SURFACE_STYLE_FILL_AREA(#7809);
#7809 = FILL_AREA_STYLE('',(#7810));
#7810 = FILL_AREA_STYLE_COLOUR('',#7250);
#7811 = STYLED_ITEM('color',(#7812),#4178);
#7812 = PRESENTATION_STYLE_ASSIGNMENT((#7813));
#7813 = SURFACE_STYLE_USAGE(.BOTH.,#7814);
#7814 = SURFACE_SIDE_STYLE('',(#7815));
#7815 = SURFACE_STYLE_FILL_AREA(#7816);
#7816 = FILL_AREA_STYLE('',(#7817));
#7817 = FILL_AREA_STYLE_COLOUR('',#7250);
#7818 = STYLED_ITEM('color',(#7819),#4202);
#7819 = PRESENTATION_STYLE_ASSIGNMENT((#7820));
#7820 = SURFACE_STYLE_USAGE(.BOTH.,#7821);
#7821 = SURFACE_SIDE_STYLE('',(#7822));
#7822 = SURFACE_STYLE_FILL_AREA(#7823);
#7823 = FILL_AREA_STYLE('',(#7824));
#7824 = FILL_AREA_STYLE_COLOUR('',#7250);
#7825 = STYLED_ITEM('color',(#7826),#4226);
#7826 = PRESENTATION_STYLE_ASSIGNMENT((#7827));
#7827 = SURFACE_STYLE_USAGE(.BOTH.,#7828);
#7828 = SURFACE_SIDE_STYLE('',(#7829));
#7829 = SURFACE_STYLE_FILL_AREA(#7830);
#7830 = FILL_AREA_STYLE('',(#7831));
#7831 = FILL_AREA_STYLE_COLOUR('',#7250);
#7832 = STYLED_ITEM('color',(#7833),#4243);
#7833 = PRESENTATION_STYLE_ASSIGNMENT((#7834));
#7834 = SURFACE_STYLE_USAGE(.BOTH.,#7835);
#7835 = SURFACE_SIDE_STYLE('',(#7836));
#7836 = SURFACE_STYLE_FILL_AREA(#7837);
#7837 = FILL_AREA_STYLE('',(#7838));
#7838 = FILL_AREA_STYLE_COLOUR('',#7250);
#7839 = STYLED_ITEM('color',(#7840),#4274);
#7840 = PRESENTATION_STYLE_ASSIGNMENT((#7841));
#7841 = SURFACE_STYLE_USAGE(.BOTH.,#7842);
#7842 = SURFACE_SIDE_STYLE('',(#7843));
#7843 = SURFACE_STYLE_FILL_AREA(#7844);
#7844 = FILL_AREA_STYLE('',(#7845));
#7845 = FILL_AREA_STYLE_COLOUR('',#7250);
#7846 = STYLED_ITEM('color',(#7847),#4298);
#7847 = PRESENTATION_STYLE_ASSIGNMENT((#7848));
#7848 = SURFACE_STYLE_USAGE(.BOTH.,#7849);
#7849 = SURFACE_SIDE_STYLE('',(#7850));
#7850 = SURFACE_STYLE_FILL_AREA(#7851);
#7851 = FILL_AREA_STYLE('',(#7852));
#7852 = FILL_AREA_STYLE_COLOUR('',#7250);
#7853 = STYLED_ITEM('color',(#7854),#4322);
#7854 = PRESENTATION_STYLE_ASSIGNMENT((#7855));
#7855 = SURFACE_STYLE_USAGE(.BOTH.,#7856);
#7856 = SURFACE_SIDE_STYLE('',(#7857));
#7857 = SURFACE_STYLE_FILL_AREA(#7858);
#7858 = FILL_AREA_STYLE('',(#7859));
#7859 = FILL_AREA_STYLE_COLOUR('',#7250);
#7860 = STYLED_ITEM('color',(#7861),#4339);
#7861 = PRESENTATION_STYLE_ASSIGNMENT((#7862));
#7862 = SURFACE_STYLE_USAGE(.BOTH.,#7863);
#7863 = SURFACE_SIDE_STYLE('',(#7864));
#7864 = SURFACE_STYLE_FILL_AREA(#7865);
#7865 = FILL_AREA_STYLE('',(#7866));
#7866 = FILL_AREA_STYLE_COLOUR('',#7250);
#7867 = STYLED_ITEM('color',(#7868),#4370);
#7868 = PRESENTATION_STYLE_ASSIGNMENT((#7869));
#7869 = SURFACE_STYLE_USAGE(.BOTH.,#7870);
#7870 = SURFACE_SIDE_STYLE('',(#7871));
#7871 = SURFACE_STYLE_FILL_AREA(#7872);
#7872 = FILL_AREA_STYLE('',(#7873));
#7873 = FILL_AREA_STYLE_COLOUR('',#7250);
#7874 = STYLED_ITEM('color',(#7875),#4394);
#7875 = PRESENTATION_STYLE_ASSIGNMENT((#7876));
#7876 = SURFACE_STYLE_USAGE(.BOTH.,#7877);
#7877 = SURFACE_SIDE_STYLE('',(#7878));
#7878 = SURFACE_STYLE_FILL_AREA(#7879);
#7879 = FILL_AREA_STYLE('',(#7880));
#7880 = FILL_AREA_STYLE_COLOUR('',#7250);
#7881 = STYLED_ITEM('color',(#7882),#4418);
#7882 = PRESENTATION_STYLE_ASSIGNMENT((#7883));
#7883 = SURFACE_STYLE_USAGE(.BOTH.,#7884);
#7884 = SURFACE_SIDE_STYLE('',(#7885));
#7885 = SURFACE_STYLE_FILL_AREA(#7886);
#7886 = FILL_AREA_STYLE('',(#7887));
#7887 = FILL_AREA_STYLE_COLOUR('',#7250);
#7888 = STYLED_ITEM('color',(#7889),#4435);
#7889 = PRESENTATION_STYLE_ASSIGNMENT((#7890));
#7890 = SURFACE_STYLE_USAGE(.BOTH.,#7891);
#7891 = SURFACE_SIDE_STYLE('',(#7892));
#7892 = SURFACE_STYLE_FILL_AREA(#7893);
#7893 = FILL_AREA_STYLE('',(#7894));
#7894 = FILL_AREA_STYLE_COLOUR('',#7250);
#7895 = STYLED_ITEM('color',(#7896),#4466);
#7896 = PRESENTATION_STYLE_ASSIGNMENT((#7897));
#7897 = SURFACE_STYLE_USAGE(.BOTH.,#7898);
#7898 = SURFACE_SIDE_STYLE('',(#7899));
#7899 = SURFACE_STYLE_FILL_AREA(#7900);
#7900 = FILL_AREA_STYLE('',(#7901));
#7901 = FILL_AREA_STYLE_COLOUR('',#7250);
#7902 = STYLED_ITEM('color',(#7903),#4490);
#7903 = PRESENTATION_STYLE_ASSIGNMENT((#7904));
#7904 = SURFACE_STYLE_USAGE(.BOTH.,#7905);
#7905 = SURFACE_SIDE_STYLE('',(#7906));
#7906 = SURFACE_STYLE_FILL_AREA(#7907);
#7907 = FILL_AREA_STYLE('',(#7908));
#7908 = FILL_AREA_STYLE_COLOUR('',#7250);
#7909 = STYLED_ITEM('color',(#7910),#4514);
#7910 = PRESENTATION_STYLE_ASSIGNMENT((#7911));
#7911 = SURFACE_STYLE_USAGE(.BOTH.,#7912);
#7912 = SURFACE_SIDE_STYLE('',(#7913));
#7913 = SURFACE_STYLE_FILL_AREA(#7914);
#7914 = FILL_AREA_STYLE('',(#7915));
#7915 = FILL_AREA_STYLE_COLOUR('',#7250);
#7916 = STYLED_ITEM('color',(#7917),#4531);
#7917 = PRESENTATION_STYLE_ASSIGNMENT((#7918));
#7918 = SURFACE_STYLE_USAGE(.BOTH.,#7919);
#7919 = SURFACE_SIDE_STYLE('',(#7920));
#7920 = SURFACE_STYLE_FILL_AREA(#7921);
#7921 = FILL_AREA_STYLE('',(#7922));
#7922 = FILL_AREA_STYLE_COLOUR('',#7250);
#7923 = STYLED_ITEM('color',(#7924),#4562);
#7924 = PRESENTATION_STYLE_ASSIGNMENT((#7925));
#7925 = SURFACE_STYLE_USAGE(.BOTH.,#7926);
#7926 = SURFACE_SIDE_STYLE('',(#7927));
#7927 = SURFACE_STYLE_FILL_AREA(#7928);
#7928 = FILL_AREA_STYLE('',(#7929));
#7929 = FILL_AREA_STYLE_COLOUR('',#7250);
#7930 = STYLED_ITEM('color',(#7931),#4586);
#7931 = PRESENTATION_STYLE_ASSIGNMENT((#7932));
#7932 = SURFACE_STYLE_USAGE(.BOTH.,#7933);
#7933 = SURFACE_SIDE_STYLE('',(#7934));
#7934 = SURFACE_STYLE_FILL_AREA(#7935);
#7935 = FILL_AREA_STYLE('',(#7936));
#7936 = FILL_AREA_STYLE_COLOUR('',#7250);
#7937 = STYLED_ITEM('color',(#7938),#4610);
#7938 = PRESENTATION_STYLE_ASSIGNMENT((#7939));
#7939 = SURFACE_STYLE_USAGE(.BOTH.,#7940);
#7940 = SURFACE_SIDE_STYLE('',(#7941));
#7941 = SURFACE_STYLE_FILL_AREA(#7942);
#7942 = FILL_AREA_STYLE('',(#7943));
#7943 = FILL_AREA_STYLE_COLOUR('',#7250);
#7944 = STYLED_ITEM('color',(#7945),#4627);
#7945 = PRESENTATION_STYLE_ASSIGNMENT((#7946));
#7946 = SURFACE_STYLE_USAGE(.BOTH.,#7947);
#7947 = SURFACE_SIDE_STYLE('',(#7948));
#7948 = SURFACE_STYLE_FILL_AREA(#7949);
#7949 = FILL_AREA_STYLE('',(#7950));
#7950 = FILL_AREA_STYLE_COLOUR('',#7250);
#7951 = STYLED_ITEM('color',(#7952),#4658);
#7952 = PRESENTATION_STYLE_ASSIGNMENT((#7953));
#7953 = SURFACE_STYLE_USAGE(.BOTH.,#7954);
#7954 = SURFACE_SIDE_STYLE('',(#7955));
#7955 = SURFACE_STYLE_FILL_AREA(#7956);
#7956 = FILL_AREA_STYLE('',(#7957));
#7957 = FILL_AREA_STYLE_COLOUR('',#7250);
#7958 = STYLED_ITEM('color',(#7959),#4682);
#7959 = PRESENTATION_STYLE_ASSIGNMENT((#7960));
#7960 = SURFACE_STYLE_USAGE(.BOTH.,#7961);
#7961 = SURFACE_SIDE_STYLE('',(#7962));
#7962 = SURFACE_STYLE_FILL_AREA(#7963);
#7963 = FILL_AREA_STYLE('',(#7964));
#7964 = FILL_AREA_STYLE_COLOUR('',#7250);
#7965 = STYLED_ITEM('color',(#7966),#4706);
#7966 = PRESENTATION_STYLE_ASSIGNMENT((#7967));
#7967 = SURFACE_STYLE_USAGE(.BOTH.,#7968);
#7968 = SURFACE_SIDE_STYLE('',(#7969));
#7969 = SURFACE_STYLE_FILL_AREA(#7970);
#7970 = FILL_AREA_STYLE('',(#7971));
#7971 = FILL_AREA_STYLE_COLOUR('',#7250);
#7972 = STYLED_ITEM('color',(#7973),#4723);
#7973 = PRESENTATION_STYLE_ASSIGNMENT((#7974));
#7974 = SURFACE_STYLE_USAGE(.BOTH.,#7975);
#7975 = SURFACE_SIDE_STYLE('',(#7976));
#7976 = SURFACE_STYLE_FILL_AREA(#7977);
#7977 = FILL_AREA_STYLE('',(#7978));
#7978 = FILL_AREA_STYLE_COLOUR('',#7250);
#7979 = STYLED_ITEM('color',(#7980),#4754);
#7980 = PRESENTATION_STYLE_ASSIGNMENT((#7981));
#7981 = SURFACE_STYLE_USAGE(.BOTH.,#7982);
#7982 = SURFACE_SIDE_STYLE('',(#7983));
#7983 = SURFACE_STYLE_FILL_AREA(#7984);
#7984 = FILL_AREA_STYLE('',(#7985));
#7985 = FILL_AREA_STYLE_COLOUR('',#7250);
#7986 = STYLED_ITEM('color',(#7987),#4778);
#7987 = PRESENTATION_STYLE_ASSIGNMENT((#7988));
#7988 = SURFACE_STYLE_USAGE(.BOTH.,#7989);
#7989 = SURFACE_SIDE_STYLE('',(#7990));
#7990 = SURFACE_STYLE_FILL_AREA(#7991);
#7991 = FILL_AREA_STYLE('',(#7992));
#7992 = FILL_AREA_STYLE_COLOUR('',#7250);
#7993 = STYLED_ITEM('color',(#7994),#4802);
#7994 = PRESENTATION_STYLE_ASSIGNMENT((#7995));
#7995 = SURFACE_STYLE_USAGE(.BOTH.,#7996);
#7996 = SURFACE_SIDE_STYLE('',(#7997));
#7997 = SURFACE_STYLE_FILL_AREA(#7998);
#7998 = FILL_AREA_STYLE('',(#7999));
#7999 = FILL_AREA_STYLE_COLOUR('',#7250);
#8000 = STYLED_ITEM('color',(#8001),#4819);
#8001 = PRESENTATION_STYLE_ASSIGNMENT((#8002));
#8002 = SURFACE_STYLE_USAGE(.BOTH.,#8003);
#8003 = SURFACE_SIDE_STYLE('',(#8004));
#8004 = SURFACE_STYLE_FILL_AREA(#8005);
#8005 = FILL_AREA_STYLE('',(#8006));
#8006 = FILL_AREA_STYLE_COLOUR('',#7250);
#8007 = STYLED_ITEM('color',(#8008),#4850);
#8008 = PRESENTATION_STYLE_ASSIGNMENT((#8009));
#8009 = SURFACE_STYLE_USAGE(.BOTH.,#8010);
#8010 = SURFACE_SIDE_STYLE('',(#8011));
#8011 = SURFACE_STYLE_FILL_AREA(#8012);
#8012 = FILL_AREA_STYLE('',(#8013));
#8013 = FILL_AREA_STYLE_COLOUR('',#7250);
#8014 = STYLED_ITEM('color',(#8015),#4874);
#8015 = PRESENTATION_STYLE_ASSIGNMENT((#8016));
#8016 = SURFACE_STYLE_USAGE(.BOTH.,#8017);
#8017 = SURFACE_SIDE_STYLE('',(#8018));
#8018 = SURFACE_STYLE_FILL_AREA(#8019);
#8019 = FILL_AREA_STYLE('',(#8020));
#8020 = FILL_AREA_STYLE_COLOUR('',#7250);
#8021 = STYLED_ITEM('color',(#8022),#4898);
#8022 = PRESENTATION_STYLE_ASSIGNMENT((#8023));
#8023 = SURFACE_STYLE_USAGE(.BOTH.,#8024);
#8024 = SURFACE_SIDE_STYLE('',(#8025));
#8025 = SURFACE_STYLE_FILL_AREA(#8026);
#8026 = FILL_AREA_STYLE('',(#8027));
#8027 = FILL_AREA_STYLE_COLOUR('',#7250);
#8028 = STYLED_ITEM('color',(#8029),#4915);
#8029 = PRESENTATION_STYLE_ASSIGNMENT((#8030));
#8030 = SURFACE_STYLE_USAGE(.BOTH.,#8031);
#8031 = SURFACE_SIDE_STYLE('',(#8032));
#8032 = SURFACE_STYLE_FILL_AREA(#8033);
#8033 = FILL_AREA_STYLE('',(#8034));
#8034 = FILL_AREA_STYLE_COLOUR('',#7250);
#8035 = STYLED_ITEM('color',(#8036),#4946);
#8036 = PRESENTATION_STYLE_ASSIGNMENT((#8037));
#8037 = SURFACE_STYLE_USAGE(.BOTH.,#8038);
#8038 = SURFACE_SIDE_STYLE('',(#8039));
#8039 = SURFACE_STYLE_FILL_AREA(#8040);
#8040 = FILL_AREA_STYLE('',(#8041));
#8041 = FILL_AREA_STYLE_COLOUR('',#7250);
#8042 = STYLED_ITEM('color',(#8043),#4970);
#8043 = PRESENTATION_STYLE_ASSIGNMENT((#8044));
#8044 = SURFACE_STYLE_USAGE(.BOTH.,#8045);
#8045 = SURFACE_SIDE_STYLE('',(#8046));
#8046 = SURFACE_STYLE_FILL_AREA(#8047);
#8047 = FILL_AREA_STYLE('',(#8048));
#8048 = FILL_AREA_STYLE_COLOUR('',#7250);
#8049 = STYLED_ITEM('color',(#8050),#4994);
#8050 = PRESENTATION_STYLE_ASSIGNMENT((#8051));
#8051 = SURFACE_STYLE_USAGE(.BOTH.,#8052);
#8052 = SURFACE_SIDE_STYLE('',(#8053));
#8053 = SURFACE_STYLE_FILL_AREA(#8054);
#8054 = FILL_AREA_STYLE('',(#8055));
#8055 = FILL_AREA_STYLE_COLOUR('',#7250);
#8056 = STYLED_ITEM('color',(#8057),#5011);
#8057 = PRESENTATION_STYLE_ASSIGNMENT((#8058));
#8058 = SURFACE_STYLE_USAGE(.BOTH.,#8059);
#8059 = SURFACE_SIDE_STYLE('',(#8060));
#8060 = SURFACE_STYLE_FILL_AREA(#8061);
#8061 = FILL_AREA_STYLE('',(#8062));
#8062 = FILL_AREA_STYLE_COLOUR('',#7250);
#8063 = STYLED_ITEM('color',(#8064),#5042);
#8064 = PRESENTATION_STYLE_ASSIGNMENT((#8065));
#8065 = SURFACE_STYLE_USAGE(.BOTH.,#8066);
#8066 = SURFACE_SIDE_STYLE('',(#8067));
#8067 = SURFACE_STYLE_FILL_AREA(#8068);
#8068 = FILL_AREA_STYLE('',(#8069));
#8069 = FILL_AREA_STYLE_COLOUR('',#7250);
#8070 = STYLED_ITEM('color',(#8071),#5066);
#8071 = PRESENTATION_STYLE_ASSIGNMENT((#8072));
#8072 = SURFACE_STYLE_USAGE(.BOTH.,#8073);
#8073 = SURFACE_SIDE_STYLE('',(#8074));
#8074 = SURFACE_STYLE_FILL_AREA(#8075);
#8075 = FILL_AREA_STYLE('',(#8076));
#8076 = FILL_AREA_STYLE_COLOUR('',#7250);
#8077 = STYLED_ITEM('color',(#8078),#5090);
#8078 = PRESENTATION_STYLE_ASSIGNMENT((#8079));
#8079 = SURFACE_STYLE_USAGE(.BOTH.,#8080);
#8080 = SURFACE_SIDE_STYLE('',(#8081));
#8081 = SURFACE_STYLE_FILL_AREA(#8082);
#8082 = FILL_AREA_STYLE('',(#8083));
#8083 = FILL_AREA_STYLE_COLOUR('',#7250);
#8084 = STYLED_ITEM('color',(#8085),#5107);
#8085 = PRESENTATION_STYLE_ASSIGNMENT((#8086));
#8086 = SURFACE_STYLE_USAGE(.BOTH.,#8087);
#8087 = SURFACE_SIDE_STYLE('',(#8088));
#8088 = SURFACE_STYLE_FILL_AREA(#8089);
#8089 = FILL_AREA_STYLE('',(#8090));
#8090 = FILL_AREA_STYLE_COLOUR('',#7250);
#8091 = STYLED_ITEM('color',(#8092),#5138);
#8092 = PRESENTATION_STYLE_ASSIGNMENT((#8093));
#8093 = SURFACE_STYLE_USAGE(.BOTH.,#8094);
#8094 = SURFACE_SIDE_STYLE('',(#8095));
#8095 = SURFACE_STYLE_FILL_AREA(#8096);
#8096 = FILL_AREA_STYLE('',(#8097));
#8097 = FILL_AREA_STYLE_COLOUR('',#7250);
#8098 = STYLED_ITEM('color',(#8099),#5162);
#8099 = PRESENTATION_STYLE_ASSIGNMENT((#8100));
#8100 = SURFACE_STYLE_USAGE(.BOTH.,#8101);
#8101 = SURFACE_SIDE_STYLE('',(#8102));
#8102 = SURFACE_STYLE_FILL_AREA(#8103);
#8103 = FILL_AREA_STYLE('',(#8104));
#8104 = FILL_AREA_STYLE_COLOUR('',#7250);
#8105 = STYLED_ITEM('color',(#8106),#5186);
#8106 = PRESENTATION_STYLE_ASSIGNMENT((#8107));
#8107 = SURFACE_STYLE_USAGE(.BOTH.,#8108);
#8108 = SURFACE_SIDE_STYLE('',(#8109));
#8109 = SURFACE_STYLE_FILL_AREA(#8110);
#8110 = FILL_AREA_STYLE('',(#8111));
#8111 = FILL_AREA_STYLE_COLOUR('',#7250);
#8112 = STYLED_ITEM('color',(#8113),#5203);
#8113 = PRESENTATION_STYLE_ASSIGNMENT((#8114));
#8114 = SURFACE_STYLE_USAGE(.BOTH.,#8115);
#8115 = SURFACE_SIDE_STYLE('',(#8116));
#8116 = SURFACE_STYLE_FILL_AREA(#8117);
#8117 = FILL_AREA_STYLE('',(#8118));
#8118 = FILL_AREA_STYLE_COLOUR('',#7250);
#8119 = STYLED_ITEM('color',(#8120),#5234);
#8120 = PRESENTATION_STYLE_ASSIGNMENT((#8121));
#8121 = SURFACE_STYLE_USAGE(.BOTH.,#8122);
#8122 = SURFACE_SIDE_STYLE('',(#8123));
#8123 = SURFACE_STYLE_FILL_AREA(#8124);
#8124 = FILL_AREA_STYLE('',(#8125));
#8125 = FILL_AREA_STYLE_COLOUR('',#7250);
#8126 = STYLED_ITEM('color',(#8127),#5258);
#8127 = PRESENTATION_STYLE_ASSIGNMENT((#8128));
#8128 = SURFACE_STYLE_USAGE(.BOTH.,#8129);
#8129 = SURFACE_SIDE_STYLE('',(#8130));
#8130 = SURFACE_STYLE_FILL_AREA(#8131);
#8131 = FILL_AREA_STYLE('',(#8132));
#8132 = FILL_AREA_STYLE_COLOUR('',#7250);
#8133 = STYLED_ITEM('color',(#8134),#5282);
#8134 = PRESENTATION_STYLE_ASSIGNMENT((#8135));
#8135 = SURFACE_STYLE_USAGE(.BOTH.,#8136);
#8136 = SURFACE_SIDE_STYLE('',(#8137));
#8137 = SURFACE_STYLE_FILL_AREA(#8138);
#8138 = FILL_AREA_STYLE('',(#8139));
#8139 = FILL_AREA_STYLE_COLOUR('',#7250);
#8140 = STYLED_ITEM('color',(#8141),#5299);
#8141 = PRESENTATION_STYLE_ASSIGNMENT((#8142));
#8142 = SURFACE_STYLE_USAGE(.BOTH.,#8143);
#8143 = SURFACE_SIDE_STYLE('',(#8144));
#8144 = SURFACE_STYLE_FILL_AREA(#8145);
#8145 = FILL_AREA_STYLE('',(#8146));
#8146 = FILL_AREA_STYLE_COLOUR('',#7250);
#8147 = STYLED_ITEM('color',(#8148),#5311);
#8148 = PRESENTATION_STYLE_ASSIGNMENT((#8149));
#8149 = SURFACE_STYLE_USAGE(.BOTH.,#8150);
#8150 = SURFACE_SIDE_STYLE('',(#8151));
#8151 = SURFACE_STYLE_FILL_AREA(#8152);
#8152 = FILL_AREA_STYLE('',(#8153));
#8153 = FILL_AREA_STYLE_COLOUR('',#7250);
#8154 = STYLED_ITEM('color',(#8155),#5323);
#8155 = PRESENTATION_STYLE_ASSIGNMENT((#8156));
#8156 = SURFACE_STYLE_USAGE(.BOTH.,#8157);
#8157 = SURFACE_SIDE_STYLE('',(#8158));
#8158 = SURFACE_STYLE_FILL_AREA(#8159);
#8159 = FILL_AREA_STYLE('',(#8160));
#8160 = FILL_AREA_STYLE_COLOUR('',#7250);
#8161 = STYLED_ITEM('color',(#8162),#5335);
#8162 = PRESENTATION_STYLE_ASSIGNMENT((#8163));
#8163 = SURFACE_STYLE_USAGE(.BOTH.,#8164);
#8164 = SURFACE_SIDE_STYLE('',(#8165));
#8165 = SURFACE_STYLE_FILL_AREA(#8166);
#8166 = FILL_AREA_STYLE('',(#8167));
#8167 = FILL_AREA_STYLE_COLOUR('',#7250);
#8168 = STYLED_ITEM('color',(#8169),#5347);
#8169 = PRESENTATION_STYLE_ASSIGNMENT((#8170));
#8170 = SURFACE_STYLE_USAGE(.BOTH.,#8171);
#8171 = SURFACE_SIDE_STYLE('',(#8172));
#8172 = SURFACE_STYLE_FILL_AREA(#8173);
#8173 = FILL_AREA_STYLE('',(#8174));
#8174 = FILL_AREA_STYLE_COLOUR('',#7250);
#8175 = STYLED_ITEM('color',(#8176),#5359);
#8176 = PRESENTATION_STYLE_ASSIGNMENT((#8177));
#8177 = SURFACE_STYLE_USAGE(.BOTH.,#8178);
#8178 = SURFACE_SIDE_STYLE('',(#8179));
#8179 = SURFACE_STYLE_FILL_AREA(#8180);
#8180 = FILL_AREA_STYLE('',(#8181));
#8181 = FILL_AREA_STYLE_COLOUR('',#7250);
#8182 = STYLED_ITEM('color',(#8183),#5371);
#8183 = PRESENTATION_STYLE_ASSIGNMENT((#8184));
#8184 = SURFACE_STYLE_USAGE(.BOTH.,#8185);
#8185 = SURFACE_SIDE_STYLE('',(#8186));
#8186 = SURFACE_STYLE_FILL_AREA(#8187);
#8187 = FILL_AREA_STYLE('',(#8188));
#8188 = FILL_AREA_STYLE_COLOUR('',#7250);
#8189 = STYLED_ITEM('color',(#8190),#5383);
#8190 = PRESENTATION_STYLE_ASSIGNMENT((#8191));
#8191 = SURFACE_STYLE_USAGE(.BOTH.,#8192);
#8192 = SURFACE_SIDE_STYLE('',(#8193));
#8193 = SURFACE_STYLE_FILL_AREA(#8194);
#8194 = FILL_AREA_STYLE('',(#8195));
#8195 = FILL_AREA_STYLE_COLOUR('',#7250);
#8196 = STYLED_ITEM('color',(#8197),#5395);
#8197 = PRESENTATION_STYLE_ASSIGNMENT((#8198));
#8198 = SURFACE_STYLE_USAGE(.BOTH.,#8199);
#8199 = SURFACE_SIDE_STYLE('',(#8200));
#8200 = SURFACE_STYLE_FILL_AREA(#8201);
#8201 = FILL_AREA_STYLE('',(#8202));
#8202 = FILL_AREA_STYLE_COLOUR('',#7250);
#8203 = STYLED_ITEM('color',(#8204),#5407);
#8204 = PRESENTATION_STYLE_ASSIGNMENT((#8205));
#8205 = SURFACE_STYLE_USAGE(.BOTH.,#8206);
#8206 = SURFACE_SIDE_STYLE('',(#8207));
#8207 = SURFACE_STYLE_FILL_AREA(#8208);
#8208 = FILL_AREA_STYLE('',(#8209));
#8209 = FILL_AREA_STYLE_COLOUR('',#7250);
#8210 = STYLED_ITEM('color',(#8211),#5419);
#8211 = PRESENTATION_STYLE_ASSIGNMENT((#8212));
#8212 = SURFACE_STYLE_USAGE(.BOTH.,#8213);
#8213 = SURFACE_SIDE_STYLE('',(#8214));
#8214 = SURFACE_STYLE_FILL_AREA(#8215);
#8215 = FILL_AREA_STYLE('',(#8216));
#8216 = FILL_AREA_STYLE_COLOUR('',#7250);
#8217 = STYLED_ITEM('color',(#8218),#5431);
#8218 = PRESENTATION_STYLE_ASSIGNMENT((#8219));
#8219 = SURFACE_STYLE_USAGE(.BOTH.,#8220);
#8220 = SURFACE_SIDE_STYLE('',(#8221));
#8221 = SURFACE_STYLE_FILL_AREA(#8222);
#8222 = FILL_AREA_STYLE('',(#8223));
#8223 = FILL_AREA_STYLE_COLOUR('',#7250);
#8224 = STYLED_ITEM('color',(#8225),#5443);
#8225 = PRESENTATION_STYLE_ASSIGNMENT((#8226));
#8226 = SURFACE_STYLE_USAGE(.BOTH.,#8227);
#8227 = SURFACE_SIDE_STYLE('',(#8228));
#8228 = SURFACE_STYLE_FILL_AREA(#8229);
#8229 = FILL_AREA_STYLE('',(#8230));
#8230 = FILL_AREA_STYLE_COLOUR('',#7250);
#8231 = STYLED_ITEM('color',(#8232),#5455);
#8232 = PRESENTATION_STYLE_ASSIGNMENT((#8233));
#8233 = SURFACE_STYLE_USAGE(.BOTH.,#8234);
#8234 = SURFACE_SIDE_STYLE('',(#8235));
#8235 = SURFACE_STYLE_FILL_AREA(#8236);
#8236 = FILL_AREA_STYLE('',(#8237));
#8237 = FILL_AREA_STYLE_COLOUR('',#7250);
#8238 = STYLED_ITEM('color',(#8239),#5467);
#8239 = PRESENTATION_STYLE_ASSIGNMENT((#8240));
#8240 = SURFACE_STYLE_USAGE(.BOTH.,#8241);
#8241 = SURFACE_SIDE_STYLE('',(#8242));
#8242 = SURFACE_STYLE_FILL_AREA(#8243);
#8243 = FILL_AREA_STYLE('',(#8244));
#8244 = FILL_AREA_STYLE_COLOUR('',#7250);
#8245 = STYLED_ITEM('color',(#8246),#5479);
#8246 = PRESENTATION_STYLE_ASSIGNMENT((#8247));
#8247 = SURFACE_STYLE_USAGE(.BOTH.,#8248);
#8248 = SURFACE_SIDE_STYLE('',(#8249));
#8249 = SURFACE_STYLE_FILL_AREA(#8250);
#8250 = FILL_AREA_STYLE('',(#8251));
#8251 = FILL_AREA_STYLE_COLOUR('',#7250);
#8252 = STYLED_ITEM('color',(#8253),#5493);
#8253 = PRESENTATION_STYLE_ASSIGNMENT((#8254));
#8254 = SURFACE_STYLE_USAGE(.BOTH.,#8255);
#8255 = SURFACE_SIDE_STYLE('',(#8256));
#8256 = SURFACE_STYLE_FILL_AREA(#8257);
#8257 = FILL_AREA_STYLE('',(#8258));
#8258 = FILL_AREA_STYLE_COLOUR('',#8259);
#8259 = COLOUR_RGB('',0.270588249277,0.666666687201,0.270588249277);
#8260 = STYLED_ITEM('color',(#8261),#5533);
#8261 = PRESENTATION_STYLE_ASSIGNMENT((#8262));
#8262 = SURFACE_STYLE_USAGE(.BOTH.,#8263);
#8263 = SURFACE_SIDE_STYLE('',(#8264));
#8264 = SURFACE_STYLE_FILL_AREA(#8265);
#8265 = FILL_AREA_STYLE('',(#8266));
#8266 = FILL_AREA_STYLE_COLOUR('',#8259);
#8267 = STYLED_ITEM('color',(#8268),#5564);
#8268 = PRESENTATION_STYLE_ASSIGNMENT((#8269));
#8269 = SURFACE_STYLE_USAGE(.BOTH.,#8270);
#8270 = SURFACE_SIDE_STYLE('',(#8271));
#8271 = SURFACE_STYLE_FILL_AREA(#8272);
#8272 = FILL_AREA_STYLE('',(#8273));
#8273 = FILL_AREA_STYLE_COLOUR('',#8259);
#8274 = STYLED_ITEM('color',(#8275),#5595);
#8275 = PRESENTATION_STYLE_ASSIGNMENT((#8276));
#8276 = SURFACE_STYLE_USAGE(.BOTH.,#8277);
#8277 = SURFACE_SIDE_STYLE('',(#8278));
#8278 = SURFACE_STYLE_FILL_AREA(#8279);
#8279 = FILL_AREA_STYLE('',(#8280));
#8280 = FILL_AREA_STYLE_COLOUR('',#8259);
#8281 = STYLED_ITEM('color',(#8282),#5938);
#8282 = PRESENTATION_STYLE_ASSIGNMENT((#8283));
#8283 = SURFACE_STYLE_USAGE(.BOTH.,#8284);
#8284 = SURFACE_SIDE_STYLE('',(#8285));
#8285 = SURFACE_STYLE_FILL_AREA(#8286);
#8286 = FILL_AREA_STYLE('',(#8287));
#8287 = FILL_AREA_STYLE_COLOUR('',#8259);
#8288 = STYLED_ITEM('color',(#8289),#6281);
#8289 = PRESENTATION_STYLE_ASSIGNMENT((#8290));
#8290 = SURFACE_STYLE_USAGE(.BOTH.,#8291);
#8291 = SURFACE_SIDE_STYLE('',(#8292));
#8292 = SURFACE_STYLE_FILL_AREA(#8293);
#8293 = FILL_AREA_STYLE('',(#8294));
#8294 = FILL_AREA_STYLE_COLOUR('',#8259);
#8295 = STYLED_ITEM('color',(#8296),#6293);
#8296 = PRESENTATION_STYLE_ASSIGNMENT((#8297));
#8297 = SURFACE_STYLE_USAGE(.BOTH.,#8298);
#8298 = SURFACE_SIDE_STYLE('',(#8299));
#8299 = SURFACE_STYLE_FILL_AREA(#8300);
#8300 = FILL_AREA_STYLE('',(#8301));
#8301 = FILL_AREA_STYLE_COLOUR('',#8259);
#8302 = STYLED_ITEM('color',(#8303),#6315);
#8303 = PRESENTATION_STYLE_ASSIGNMENT((#8304));
#8304 = SURFACE_STYLE_USAGE(.BOTH.,#8305);
#8305 = SURFACE_SIDE_STYLE('',(#8306));
#8306 = SURFACE_STYLE_FILL_AREA(#8307);
#8307 = FILL_AREA_STYLE('',(#8308));
#8308 = FILL_AREA_STYLE_COLOUR('',#8259);
#8309 = STYLED_ITEM('color',(#8310),#6332);
#8310 = PRESENTATION_STYLE_ASSIGNMENT((#8311));
#8311 = SURFACE_STYLE_USAGE(.BOTH.,#8312);
#8312 = SURFACE_SIDE_STYLE('',(#8313));
#8313 = SURFACE_STYLE_FILL_AREA(#8314);
#8314 = FILL_AREA_STYLE('',(#8315));
#8315 = FILL_AREA_STYLE_COLOUR('',#8259);
#8316 = STYLED_ITEM('color',(#8317),#6349);
#8317 = PRESENTATION_STYLE_ASSIGNMENT((#8318));
#8318 = SURFACE_STYLE_USAGE(.BOTH.,#8319);
#8319 = SURFACE_SIDE_STYLE('',(#8320));
#8320 = SURFACE_STYLE_FILL_AREA(#8321);
#8321 = FILL_AREA_STYLE('',(#8322));
#8322 = FILL_AREA_STYLE_COLOUR('',#8259);
#8323 = STYLED_ITEM('color',(#8324),#6361);
#8324 = PRESENTATION_STYLE_ASSIGNMENT((#8325));
#8325 = SURFACE_STYLE_USAGE(.BOTH.,#8326);
#8326 = SURFACE_SIDE_STYLE('',(#8327));
#8327 = SURFACE_STYLE_FILL_AREA(#8328);
#8328 = FILL_AREA_STYLE('',(#8329));
#8329 = FILL_AREA_STYLE_COLOUR('',#8259);
#8330 = STYLED_ITEM('color',(#8331),#6383);
#8331 = PRESENTATION_STYLE_ASSIGNMENT((#8332));
#8332 = SURFACE_STYLE_USAGE(.BOTH.,#8333);
#8333 = SURFACE_SIDE_STYLE('',(#8334));
#8334 = SURFACE_STYLE_FILL_AREA(#8335);
#8335 = FILL_AREA_STYLE('',(#8336));
#8336 = FILL_AREA_STYLE_COLOUR('',#8259);
#8337 = STYLED_ITEM('color',(#8338),#6400);
#8338 = PRESENTATION_STYLE_ASSIGNMENT((#8339));
#8339 = SURFACE_STYLE_USAGE(.BOTH.,#8340);
#8340 = SURFACE_SIDE_STYLE('',(#8341));
#8341 = SURFACE_STYLE_FILL_AREA(#8342);
#8342 = FILL_AREA_STYLE('',(#8343));
#8343 = FILL_AREA_STYLE_COLOUR('',#8259);
#8344 = STYLED_ITEM('color',(#8345),#6417);
#8345 = PRESENTATION_STYLE_ASSIGNMENT((#8346));
#8346 = SURFACE_STYLE_USAGE(.BOTH.,#8347);
#8347 = SURFACE_SIDE_STYLE('',(#8348));
#8348 = SURFACE_STYLE_FILL_AREA(#8349);
#8349 = FILL_AREA_STYLE('',(#8350));
#8350 = FILL_AREA_STYLE_COLOUR('',#8259);
#8351 = STYLED_ITEM('color',(#8352),#6429);
#8352 = PRESENTATION_STYLE_ASSIGNMENT((#8353));
#8353 = SURFACE_STYLE_USAGE(.BOTH.,#8354);
#8354 = SURFACE_SIDE_STYLE('',(#8355));
#8355 = SURFACE_STYLE_FILL_AREA(#8356);
#8356 = FILL_AREA_STYLE('',(#8357));
#8357 = FILL_AREA_STYLE_COLOUR('',#8259);
#8358 = STYLED_ITEM('color',(#8359),#6451);
#8359 = PRESENTATION_STYLE_ASSIGNMENT((#8360));
#8360 = SURFACE_STYLE_USAGE(.BOTH.,#8361);
#8361 = SURFACE_SIDE_STYLE('',(#8362));
#8362 = SURFACE_STYLE_FILL_AREA(#8363);
#8363 = FILL_AREA_STYLE('',(#8364));
#8364 = FILL_AREA_STYLE_COLOUR('',#8259);
#8365 = STYLED_ITEM('color',(#8366),#6468);
#8366 = PRESENTATION_STYLE_ASSIGNMENT((#8367));
#8367 = SURFACE_STYLE_USAGE(.BOTH.,#8368);
#8368 = SURFACE_SIDE_STYLE('',(#8369));
#8369 = SURFACE_STYLE_FILL_AREA(#8370);
#8370 = FILL_AREA_STYLE('',(#8371));
#8371 = FILL_AREA_STYLE_COLOUR('',#8259);
#8372 = STYLED_ITEM('color',(#8373),#6485);
#8373 = PRESENTATION_STYLE_ASSIGNMENT((#8374));
#8374 = SURFACE_STYLE_USAGE(.BOTH.,#8375);
#8375 = SURFACE_SIDE_STYLE('',(#8376));
#8376 = SURFACE_STYLE_FILL_AREA(#8377);
#8377 = FILL_AREA_STYLE('',(#8378));
#8378 = FILL_AREA_STYLE_COLOUR('',#8259);
#8379 = STYLED_ITEM('color',(#8380),#6497);
#8380 = PRESENTATION_STYLE_ASSIGNMENT((#8381));
#8381 = SURFACE_STYLE_USAGE(.BOTH.,#8382);
#8382 = SURFACE_SIDE_STYLE('',(#8383));
#8383 = SURFACE_STYLE_FILL_AREA(#8384);
#8384 = FILL_AREA_STYLE('',(#8385));
#8385 = FILL_AREA_STYLE_COLOUR('',#8259);
#8386 = STYLED_ITEM('color',(#8387),#6519);
#8387 = PRESENTATION_STYLE_ASSIGNMENT((#8388));
#8388 = SURFACE_STYLE_USAGE(.BOTH.,#8389);
#8389 = SURFACE_SIDE_STYLE('',(#8390));
#8390 = SURFACE_STYLE_FILL_AREA(#8391);
#8391 = FILL_AREA_STYLE('',(#8392));
#8392 = FILL_AREA_STYLE_COLOUR('',#8259);
#8393 = STYLED_ITEM('color',(#8394),#6536);
#8394 = PRESENTATION_STYLE_ASSIGNMENT((#8395));
#8395 = SURFACE_STYLE_USAGE(.BOTH.,#8396);
#8396 = SURFACE_SIDE_STYLE('',(#8397));
#8397 = SURFACE_STYLE_FILL_AREA(#8398);
#8398 = FILL_AREA_STYLE('',(#8399));
#8399 = FILL_AREA_STYLE_COLOUR('',#8259);
#8400 = STYLED_ITEM('color',(#8401),#6553);
#8401 = PRESENTATION_STYLE_ASSIGNMENT((#8402));
#8402 = SURFACE_STYLE_USAGE(.BOTH.,#8403);
#8403 = SURFACE_SIDE_STYLE('',(#8404));
#8404 = SURFACE_STYLE_FILL_AREA(#8405);
#8405 = FILL_AREA_STYLE('',(#8406));
#8406 = FILL_AREA_STYLE_COLOUR('',#8259);
#8407 = STYLED_ITEM('color',(#8408),#6565);
#8408 = PRESENTATION_STYLE_ASSIGNMENT((#8409));
#8409 = SURFACE_STYLE_USAGE(.BOTH.,#8410);
#8410 = SURFACE_SIDE_STYLE('',(#8411));
#8411 = SURFACE_STYLE_FILL_AREA(#8412);
#8412 = FILL_AREA_STYLE('',(#8413));
#8413 = FILL_AREA_STYLE_COLOUR('',#8259);
#8414 = STYLED_ITEM('color',(#8415),#6587);
#8415 = PRESENTATION_STYLE_ASSIGNMENT((#8416));
#8416 = SURFACE_STYLE_USAGE(.BOTH.,#8417);
#8417 = SURFACE_SIDE_STYLE('',(#8418));
#8418 = SURFACE_STYLE_FILL_AREA(#8419);
#8419 = FILL_AREA_STYLE('',(#8420));
#8420 = FILL_AREA_STYLE_COLOUR('',#8259);
#8421 = STYLED_ITEM('color',(#8422),#6604);
#8422 = PRESENTATION_STYLE_ASSIGNMENT((#8423));
#8423 = SURFACE_STYLE_USAGE(.BOTH.,#8424);
#8424 = SURFACE_SIDE_STYLE('',(#8425));
#8425 = SURFACE_STYLE_FILL_AREA(#8426);
#8426 = FILL_AREA_STYLE('',(#8427));
#8427 = FILL_AREA_STYLE_COLOUR('',#8259);
#8428 = STYLED_ITEM('color',(#8429),#6621);
#8429 = PRESENTATION_STYLE_ASSIGNMENT((#8430));
#8430 = SURFACE_STYLE_USAGE(.BOTH.,#8431);
#8431 = SURFACE_SIDE_STYLE('',(#8432));
#8432 = SURFACE_STYLE_FILL_AREA(#8433);
#8433 = FILL_AREA_STYLE('',(#8434));
#8434 = FILL_AREA_STYLE_COLOUR('',#8259);
#8435 = STYLED_ITEM('color',(#8436),#6633);
#8436 = PRESENTATION_STYLE_ASSIGNMENT((#8437));
#8437 = SURFACE_STYLE_USAGE(.BOTH.,#8438);
#8438 = SURFACE_SIDE_STYLE('',(#8439));
#8439 = SURFACE_STYLE_FILL_AREA(#8440);
#8440 = FILL_AREA_STYLE('',(#8441));
#8441 = FILL_AREA_STYLE_COLOUR('',#8259);
#8442 = STYLED_ITEM('color',(#8443),#6655);
#8443 = PRESENTATION_STYLE_ASSIGNMENT((#8444));
#8444 = SURFACE_STYLE_USAGE(.BOTH.,#8445);
#8445 = SURFACE_SIDE_STYLE('',(#8446));
#8446 = SURFACE_STYLE_FILL_AREA(#8447);
#8447 = FILL_AREA_STYLE('',(#8448));
#8448 = FILL_AREA_STYLE_COLOUR('',#8259);
#8449 = STYLED_ITEM('color',(#8450),#6672);
#8450 = PRESENTATION_STYLE_ASSIGNMENT((#8451));
#8451 = SURFACE_STYLE_USAGE(.BOTH.,#8452);
#8452 = SURFACE_SIDE_STYLE('',(#8453));
#8453 = SURFACE_STYLE_FILL_AREA(#8454);
#8454 = FILL_AREA_STYLE('',(#8455));
#8455 = FILL_AREA_STYLE_COLOUR('',#8259);
#8456 = STYLED_ITEM('color',(#8457),#6689);
#8457 = PRESENTATION_STYLE_ASSIGNMENT((#8458));
#8458 = SURFACE_STYLE_USAGE(.BOTH.,#8459);
#8459 = SURFACE_SIDE_STYLE('',(#8460));
#8460 = SURFACE_STYLE_FILL_AREA(#8461);
#8461 = FILL_AREA_STYLE('',(#8462));
#8462 = FILL_AREA_STYLE_COLOUR('',#8259);
#8463 = STYLED_ITEM('color',(#8464),#6701);
#8464 = PRESENTATION_STYLE_ASSIGNMENT((#8465));
#8465 = SURFACE_STYLE_USAGE(.BOTH.,#8466);
#8466 = SURFACE_SIDE_STYLE('',(#8467));
#8467 = SURFACE_STYLE_FILL_AREA(#8468);
#8468 = FILL_AREA_STYLE('',(#8469));
#8469 = FILL_AREA_STYLE_COLOUR('',#8259);
#8470 = STYLED_ITEM('color',(#8471),#6723);
#8471 = PRESENTATION_STYLE_ASSIGNMENT((#8472));
#8472 = SURFACE_STYLE_USAGE(.BOTH.,#8473);
#8473 = SURFACE_SIDE_STYLE('',(#8474));
#8474 = SURFACE_STYLE_FILL_AREA(#8475);
#8475 = FILL_AREA_STYLE('',(#8476));
#8476 = FILL_AREA_STYLE_COLOUR('',#8259);
#8477 = STYLED_ITEM('color',(#8478),#6740);
#8478 = PRESENTATION_STYLE_ASSIGNMENT((#8479));
#8479 = SURFACE_STYLE_USAGE(.BOTH.,#8480);
#8480 = SURFACE_SIDE_STYLE('',(#8481));
#8481 = SURFACE_STYLE_FILL_AREA(#8482);
#8482 = FILL_AREA_STYLE('',(#8483));
#8483 = FILL_AREA_STYLE_COLOUR('',#8259);
#8484 = STYLED_ITEM('color',(#8485),#6757);
#8485 = PRESENTATION_STYLE_ASSIGNMENT((#8486));
#8486 = SURFACE_STYLE_USAGE(.BOTH.,#8487);
#8487 = SURFACE_SIDE_STYLE('',(#8488));
#8488 = SURFACE_STYLE_FILL_AREA(#8489);
#8489 = FILL_AREA_STYLE('',(#8490));
#8490 = FILL_AREA_STYLE_COLOUR('',#8259);
#8491 = STYLED_ITEM('color',(#8492),#6769);
#8492 = PRESENTATION_STYLE_ASSIGNMENT((#8493));
#8493 = SURFACE_STYLE_USAGE(.BOTH.,#8494);
#8494 = SURFACE_SIDE_STYLE('',(#8495));
#8495 = SURFACE_STYLE_FILL_AREA(#8496);
#8496 = FILL_AREA_STYLE('',(#8497));
#8497 = FILL_AREA_STYLE_COLOUR('',#8259);
#8498 = STYLED_ITEM('color',(#8499),#6791);
#8499 = PRESENTATION_STYLE_ASSIGNMENT((#8500));
#8500 = SURFACE_STYLE_USAGE(.BOTH.,#8501);
#8501 = SURFACE_SIDE_STYLE('',(#8502));
#8502 = SURFACE_STYLE_FILL_AREA(#8503);
#8503 = FILL_AREA_STYLE('',(#8504));
#8504 = FILL_AREA_STYLE_COLOUR('',#8259);
#8505 = STYLED_ITEM('color',(#8506),#6808);
#8506 = PRESENTATION_STYLE_ASSIGNMENT((#8507));
#8507 = SURFACE_STYLE_USAGE(.BOTH.,#8508);
#8508 = SURFACE_SIDE_STYLE('',(#8509));
#8509 = SURFACE_STYLE_FILL_AREA(#8510);
#8510 = FILL_AREA_STYLE('',(#8511));
#8511 = FILL_AREA_STYLE_COLOUR('',#8259);
#8512 = STYLED_ITEM('color',(#8513),#6825);
#8513 = PRESENTATION_STYLE_ASSIGNMENT((#8514));
#8514 = SURFACE_STYLE_USAGE(.BOTH.,#8515);
#8515 = SURFACE_SIDE_STYLE('',(#8516));
#8516 = SURFACE_STYLE_FILL_AREA(#8517);
#8517 = FILL_AREA_STYLE('',(#8518));
#8518 = FILL_AREA_STYLE_COLOUR('',#8259);
#8519 = STYLED_ITEM('color',(#8520),#6837);
#8520 = PRESENTATION_STYLE_ASSIGNMENT((#8521));
#8521 = SURFACE_STYLE_USAGE(.BOTH.,#8522);
#8522 = SURFACE_SIDE_STYLE('',(#8523));
#8523 = SURFACE_STYLE_FILL_AREA(#8524);
#8524 = FILL_AREA_STYLE('',(#8525));
#8525 = FILL_AREA_STYLE_COLOUR('',#8259);
#8526 = STYLED_ITEM('color',(#8527),#6854);
#8527 = PRESENTATION_STYLE_ASSIGNMENT((#8528));
#8528 = SURFACE_STYLE_USAGE(.BOTH.,#8529);
#8529 = SURFACE_SIDE_STYLE('',(#8530));
#8530 = SURFACE_STYLE_FILL_AREA(#8531);
#8531 = FILL_AREA_STYLE('',(#8532));
#8532 = FILL_AREA_STYLE_COLOUR('',#8259);
ENDSEC;
END-ISO-10303-21;
