:020000040800F2
:1000000000500020692200086D20000875200008BB
:100010007D200008852000088D20000800000000D9
:100020000000000000000000000000009520000813
:10003000A120000800000000AD200008B920000841
:10004000B1220008B1220008B1220008B122000844
:10005000B1220008B1220008B1220008B122000834
:10006000B1220008B1220008B1220008B122000824
:10007000B1220008B1220008B1220008B122000814
:10008000B1220008B1220008B1220008B122000804
:10009000B1220008B1220008B1220008B1220008F4
:1000A000B1220008B1220008B1220008B1220008E4
:1000B000B1220008B1220008B1220008B1220008D4
:1000C000B1220008B1220008B1220008B1220008C4
:1000D000C5200008B1220008B1220008B1220008A2
:1000E000B1220008B1220008B1220008000000007F
:1000F0000000000000000000000000000000000000
:0C01000000000000000000005FF808F1A3
:1001100010B5054C237833B9044B13B10448AFF341
:1001200000800123237010BDDC01002000000000CE
:100130009889000808B5034B1BB103490348AFF386
:10014000008008BD00000000E00100209889000840
:10015000034613F8012B002AFBD1181A0138704707
:1001600081F0004102E000BF83F0004330B54FEA68
:1001700041044FEA430594EA050F08BF90EA020FD5
:100180001FBF54EA000C55EA020C7FEA645C7FEA68
:10019000655C00F0E2804FEA5454D4EB5555B8BF8B
:1001A0006D420CDD2C4480EA020281EA030382EAFC
:1001B000000083EA010180EA020281EA0303362D8E
:1001C00088BF30BD11F0004F4FEA01314FF4801C61
:1001D0004CEA113102D0404261EB410113F0004F73
:1001E0004FEA03334CEA133302D0524263EB43032A
:1001F00094EA050F00F0A780A4F10104D5F1200EC8
:100200000DDB02FA0EFC22FA05F2801841F1000122
:1002100003FA0EF2801843FA05F359410EE0A5F1F6
:1002200020050EF1200E012A03FA0EFC28BF4CF027
:10023000020C43FA05F3C01851EBE37101F00045DD
:1002400007D54FF0000EDCF1000C7EEB00006EEBEA
:100250000101B1F5801F1BD3B1F5001F0CD3490874
:100260005FEA30004FEA3C0C04F101044FEA4452CB
:1002700012F5800F80F09A80BCF1004F08BF5FEA52
:10028000500C50F1000041EB045141EA050130BD32
:100290005FEA4C0C404141EB0101013C28BFB1F544
:1002A000801FE9D291F0000F04BF01460020B1FA8F
:1002B00081F308BF2033A3F10B03B3F120020CDA62
:1002C0000C3208DD02F1140CC2F10C0201FA0CF040
:1002D00021FA02F10CE002F11402D8BFC2F1200CA5
:1002E00001FA02F120FA0CFCDCBF41EA0C0190405B
:1002F000E41AA2BF01EB0451294330BD6FEA0404A4
:100300001F3C1CDA0C340EDC04F11404C4F120028E
:1003100020FA04F001FA02F340EA030021FA04F3A0
:1003200045EA030130BDC4F10C04C4F1200220FAF7
:1003300002F001FA04F340EA0300294630BD21FA35
:1003400004F0294630BD94F0000F83F4801306BFFB
:1003500081F480110134013D4EE77FEA645C18BFEF
:100360007FEA655C29D094EA050F08BF90EA020F86
:1003700005D054EA000C04BF1946104630BD91EA7E
:10038000030F1EBF0021002030BD5FEA545C05D181
:100390004000494128BF41F0004130BD14F58004C0
:1003A0003CBF01F5801130BD01F0004545F0FE4134
:1003B00041F470014FF0000030BD7FEA645C1ABF69
:1003C000194610467FEA655C1CBF0B46024650EAA0
:1003D000013406BF52EA033591EA030F41F40021CC
:1003E00030BD00BF90F0000F04BF0021704730B552
:1003F0004FF4806404F132044FF000054FF0000127
:1004000050E700BF90F0000F04BF0021704730B5E7
:100410004FF4806404F1320410F0004548BF4042BC
:100420004FF000013EE700BF42004FEAE2014FEA11
:1004300031014FEA02701FBF12F07F4393F07F4FEC
:1004400081F06051704732F07F4208BF704793F0EF
:100450007F4F04BF41F40021704730B54FF4607402
:1004600001F0004521F000411CE700BF50EA010205
:1004700008BF704730B54FF000050AE050EA0102AE
:1004800008BF704730B511F0004502D5404261EB1E
:1004900041014FF4806404F132045FEA915C3FF45F
:1004A000D8AE4FF003025FEADC0C18BF03325FEAFC
:1004B000DC0C18BF033202EBDC02C2F1200300FAAD
:1004C00003FC20FA02F001FA03FE40EA0E0021FAD2
:1004D00002F11444BDE600BF70B54FF0FF0C4CF4C0
:1004E000E06C1CEA11541DBF1CEA135594EA0C0F72
:1004F00095EA0C0F00F0DEF82C4481EA030621EAAD
:100500004C5123EA4C5350EA013518BF52EA0335E7
:1005100041F4801143F4801338D0A0FB02CE4FF099
:100520000005E1FB02E506F00042E0FB03E54FF0C9
:100530000006E1FB03569CF0000F18BF4EF0010EC1
:10054000A4F1FF04B6F5007F64F5407404D25FEABD
:100550004E0E6D4146EB060642EAC62141EA555170
:100560004FEAC52040EA5E504FEACE2EB4F1FD0CB2
:1005700088BFBCF5E06F1ED8BEF1004F08BF5FEA30
:10058000500E50F1000041EB045170BD06F00046E2
:1005900046EA010140EA020081EA0301B4EB5C048F
:1005A000C2BFD4EB0C0541EA045170BD41F4801187
:1005B0004FF0000E013C00F3AB8014F1360FDEBFAC
:1005C000002001F0004170BDC4F10004203C35DA88
:1005D0000C341BDC04F11404C4F1200500FA05F30B
:1005E00020FA04F001FA05F240EA020001F00042AC
:1005F00021F0004110EBD37021FA04F642EB060122
:100600005EEA430E08BF20EAD37070BDC4F10C044B
:10061000C4F1200500FA04F320FA05F001FA04F20F
:1006200040EA020001F0004110EBD37041F10001FB
:100630005EEA430E08BF20EAD37070BDC4F1200506
:1006400000FA05F24EEA020E20FA04F301FA05F26E
:1006500043EA020321FA04F001F0004121FA04F216
:1006600020EA020000EBD3705EEA430E08BF20EAE6
:10067000D37070BD94F0000F0FD101F00046400020
:1006800041EB010111F4801F08BF013CF7D041EAA2
:10069000060195F0000F18BF704703F000465200A6
:1006A00043EB030313F4801F08BF013DF7D043EA77
:1006B0000603704794EA0C0F0CEA135518BF95EA2D
:1006C0000C0F0CD050EA410618BF52EA4306D1D1B4
:1006D00081EA030101F000414FF0000070BD50EAD3
:1006E000410606BF1046194652EA430619D094EA5D
:1006F0000C0F02D150EA013613D195EA0C0F05D147
:1007000052EA03361CBF104619460AD181EA03019A
:1007100001F0004141F0FE4141F470014FF0000052
:1007200070BD41F0FE4141F4780170BD70B54FF0ED
:10073000FF0C4CF4E06C1CEA11541DBF1CEA13556D
:1007400094EA0C0F95EA0C0F00F0A7F8A4EB05044F
:1007500081EA030E52EA03354FEA013100F0888046
:100760004FEA03334FF0805545EA131343EA12630F
:100770004FEA022245EA111545EA10654FEA0026C4
:100780000EF000419D4208BF964244F1FD0404F57D
:10079000407402D25B084FEA3202B61A65EB0305D9
:1007A0005B084FEA32024FF480104FF4002CB6EB96
:1007B000020E75EB030E22BFB61A754640EA0C0016
:1007C0005B084FEA3202B6EB020E75EB030E22BF56
:1007D000B61A754640EA5C005B084FEA3202B6EB97
:1007E000020E75EB030E22BFB61A754640EA9C0056
:1007F0005B084FEA3202B6EB020E75EB030E22BF26
:10080000B61A754640EADC0055EA060E18D04FEAE3
:10081000051545EA16754FEA06164FEAC30343EA83
:1008200052734FEAC2025FEA1C1CC0D111F4801F50
:100830000BD141EA00014FF000004FF0004CB6E749
:1008400011F4801F04BF01430020B4F1FD0C88BFE8
:10085000BCF5E06F3FF6AFAEB5EB030C04BFB6EBF3
:10086000020C5FEA500C50F1000041EB045170BDE6
:100870000EF0004E4EEA113114EB5C04C2BFD4EB13
:100880000C0541EA045170BD41F480114FF0000E97
:10089000013C90E645EA060E8DE60CEA135594EA13
:1008A0000C0F08BF95EA0C0F3FF43BAF94EA0C0F16
:1008B0000AD150EA01347FF434AF95EA0C0F7FF48B
:1008C00025AF104619462CE795EA0C0F06D152EADF
:1008D00003353FF4FDAE1046194622E750EA4106C3
:1008E00018BF52EA43067FF4C5AE50EA41047FF4D4
:1008F0000DAF52EA43057FF4EBAE12E74FF0FF3C39
:1009000006E000BF4FF0010C02E000BF4FF0010C09
:100910004DF804CD4FEA410C7FEA6C5C4FEA430C82
:1009200018BF7FEA6C5C1BD001B050EA410C0CBFD1
:1009300052EA430C91EA030F02BF90EA020F002033
:10094000704710F1000F91EA030F58BF994208BF9A
:1009500090422CBFD8176FEAE37040F00100704757
:100960004FEA410C7FEA6C5C02D150EA013C07D1AE
:100970004FEA430C7FEA6C5CD6D152EA033CD3D0F9
:100980005DF8040B704700BF8446104662468C46F3
:100990001946634600E000BF01B5FFF7B7FF002826
:1009A00048BF10F1000F01BD4DF808EDFFF7F4FF4F
:1009B0000CBF012000205DF808FB00BF4DF808EDDA
:1009C000FFF7EAFF34BF012000205DF808FB00BFFD
:1009D0004DF808EDFFF7E0FF94BF012000205DF81F
:1009E00008FB00BF4DF808EDFFF7CEFF94BF0120D4
:1009F00000205DF808FB00BF4DF808EDFFF7C4FFCD
:100A000034BF012000205DF808FB00BF4FEA410C15
:100A10007FEA6C5C02D150EA013C0AD14FEA430CF8
:100A20007FEA6C5C02D152EA033C02D14FF0000035
:100A300070474FF0010070474FEA410212F5001273
:100A400015D211D56FF47873B3EB625212D94FEA15
:100A5000C12343F0004343EA505311F0004F23FAFF
:100A600002F018BF404270474FF00000704750EA54
:100A7000013005D111F0004008BF6FF00040704711
:100A80004FF00000704700BF4FEA4102B2F1E0436F
:100A900024BFB3F5001CDCF1FE5C0DD901F0004C65
:100AA0004FEAC0024CEA5070B2F1004F40EB8300B5
:100AB00008BF20F00100704711F0804F21D113F1E1
:100AC0003872BCBF01F00040704741F480114FEA1A
:100AD0005252C2F11802C2F1200C10FA0CF320FAA3
:100AE00002F018BF40F001004FEAC1234FEAD323C0
:100AF00003FA0CFC40EA0C0023FA02F34FEA43032A
:100B0000CCE77FEA625307D150EA01331EBF4FF0B2
:100B1000FE4040F44000704701F0004040F0FE40CD
:100B200040F40000704700BF80F0004002E000BFCA
:100B300081F0004142001FBF5FEA410392EA030FC8
:100B40007FEA226C7FEA236C6AD04FEA1262D2EB12
:100B50001363C1BFD218414048404140B8BF5B4217
:100B6000192B88BF704710F0004F40F4000020F0B0
:100B70007F4018BF404211F0004F41F4000121F0C6
:100B80007F4118BF494292EA030F3FD0A2F1010210
:100B900041FA03FC10EB0C00C3F1200301FA03F14E
:100BA00000F0004302D5494260EB4000B0F5000F71
:100BB00013D3B0F1807F06D340084FEA310102F130
:100BC0000102FE2A51D2B1F1004F40EBC25008BFE2
:100BD00020F0010040EA03007047490040EB0000AC
:100BE000013A28BFB0F5000FEDD2B0FA80FCACF1AD
:100BF000080CB2EB0C0200FA0CF0AABF00EBC250DA
:100C000052421843BCBFD0401843704792F0000FC7
:100C100081F4000106BF80F400000132013BB5E71A
:100C20004FEA41037FEA226C18BF7FEA236C21D090
:100C300092EA030F04D092F0000F08BF08467047F5
:100C400090EA010F1CBF0020704712F07F4F04D1C3
:100C5000400028BF40F00040704712F100723CBFD6
:100C600000F50000704700F0004343F0FE4040F400
:100C7000000070477FEA226216BF08467FEA2363BE
:100C80000146420206BF5FEA412390EA010F40F4A9
:100C9000800070474FF0000304E000BF10F00043F5
:100CA00048BF40425FEA000C08BF704743F09643DC
:100CB00001464FF000001CE050EA010208BF7047F7
:100CC0004FF000030AE000BF50EA010208BF70477E
:100CD00011F0004302D5404261EB41015FEA010C93
:100CE00002BF84460146002043F0B64308BFA3F18B
:100CF0008053A3F50003BCFA8CF2083AA3EBC2536D
:100D000010DB01FA02FC634400FA02FCC2F120028B
:100D1000BCF1004F20FA02F243EB020008BF20F0C2
:100D20000100704702F1200201FA02FCC2F1200228
:100D300050EA4C0021FA02F243EB020008BF20EA1D
:100D4000DC7070474FF0FF0C1CEAD0521EBF1CEA4B
:100D5000D15392EA0C0F93EA0C0F6FD01A4480EA39
:100D6000010C400218BF5FEA41211ED04FF0006322
:100D700043EA501043EA5111A0FB01310CF000404E
:100D8000B1F5000F3EBF490041EAD3715B0040EA74
:100D9000010062F17F02FD2A1DD8B3F1004F40EB44
:100DA000C25008BF20F00100704790F0000F0CF017
:100DB000004C08BF49024CEA502040EA51207F3ADB
:100DC000C2BFD2F1FF0340EAC250704740F40000B6
:100DD0004FF00003013A5DDC12F1190FDCBF00F0A7
:100DE00000407047C2F10002410021FA02F1C2F155
:100DF000200200FA02FC5FEA310040F1000053EAF1
:100E00004C0308BF20EADC70704792F0000F00F03E
:100E1000004C02BF400010F4000F013AF9D040EA44
:100E20000C0093F0000F01F0004C02BF490011F4D8
:100E3000000F013BF9D041EA0C018FE70CEAD153D6
:100E400092EA0C0F18BF93EA0C0F0AD030F0004C56
:100E500018BF31F0004CD8D180EA010000F000400A
:100E6000704790F0000F17BF90F0004F084691F0C8
:100E7000000F91F0004F14D092EA0C0F01D1420202
:100E80000FD193EA0C0F03D14B0218BF084608D1CB
:100E900080EA010000F0004040F0FE4040F4000015
:100EA000704740F0FE4040F4400070474FF0FF0CA8
:100EB0001CEAD0521EBF1CEAD15392EA0C0F93EAEF
:100EC0000C0F69D0A2EB030280EA010C49024FEA41
:100ED000402037D04FF0805343EA111143EA1013FA
:100EE0000CF000408B4238BF5B0042F17D024FF4B2
:100EF000000C8B4224BF5B1A40EA0C00B3EB510F8D
:100F000024BFA3EB510340EA5C00B3EB910F24BF75
:100F1000A3EB910340EA9C00B3EBD10F24BFA3EBFA
:100F2000D10340EADC001B0118BF5FEA1C1CE0D1C2
:100F3000FD2A3FF650AF8B4240EBC25008BF20F075
:100F4000010070470CF0004C4CEA50207F32C2BFC9
:100F5000D2F1FF0340EAC250704740F400004FF066
:100F60000003013A37E792F0000F00F0004C02BF97
:100F7000400010F4000F013AF9D040EA0C0093F061
:100F8000000F01F0004C02BF490011F4000F013BBB
:100F9000F9D041EA0C0195E70CEAD15392EA0C0F23
:100FA00008D142027FF47DAF93EA0C0F7FF470AF5B
:100FB000084676E793EA0C0F04D14B023FF44CAF9E
:100FC00008466EE730F0004C18BF31F0004CCAD133
:100FD00030F000427FF45CAF31F000437FF43CAF6F
:100FE0005FE700BF80B500AF01224FF48071024877
:100FF00002F093F800BF80BD0008014080B500AF4B
:1010000000224FF48071024802F087F800BF80BDD3
:101010000008014080B500AF01224FF48061024812
:1010200002F07BF800BF80BD0008014080B500AF32
:1010300000224FF48061024802F06FF800BF80BDCB
:101040000008014080B584B000AF03463960FB71F1
:101050001346BB71FB7943F02003DBB2FB73FFF750
:10106000CDFF07F10F014FF47A730122084803F016
:10107000EBFDBB799AB24FF47A733968044803F0F8
:10108000E3FDFFF7AFFF00BF1037BD4680BD00BFD7
:10109000AC02002080B584B000AF03460A46FB7165
:1010A0001346BB71FB79FB730023BB73FFF7A6FFED
:1010B00007F10F014FF47A730122094803F0C4FDD0
:1010C000BB799AB207F10E014FF47A73044803F02A
:1010D000FFFEFFF787FFBB7B18461037BD4680BD7C
:1010E000AC02002080B582B000AF0346FB71F91D51
:1010F0004FF47A730122034803F0A6FD00BF0837BE
:10110000BD4680BDAC02002080B582B000AF002398
:10111000FB7101210020FFF7BDFF0346FB71FB7946
:1011200043F00203DBB2FB71FB1D012219460020D4
:10113000FFF788FF00BF0837BD4680BD80B584B08B
:1011400000AF0346FB710023FB7301210620FFF76C
:10115000A1FF0346FB73FB7B23F04703DBB2FB736A
:1011600097F907305B005AB2FB7B5BB213435BB26B
:10117000DBB2FB7307F10F03012219460620FFF7CC
:1011800061FF00BF1037BD4680BD80B584B000AFA1
:101190000346FB710023FB7301210620FFF77AFF52
:1011A0000346FB73FB7B23F02803DBB2FB73FB7965
:1011B000012B05D1FB7B43F00803DBB2FB7307E097
:1011C000FB79022B04D1FB7B43F02003DBB2FB73E2
:1011D00007F10F03012219460620FFF733FF00BF76
:1011E0001037BD4680BD80B582B000AF0346FB71AD
:1011F000FB1D012219460520FFF724FF00BF083719
:10120000BD4680BD80B582B000AF786005227968A8
:101210001020FFF717FF00BF0837BD4680BD000054
:1012200080B582B000AF03460A46FB711346BB711E
:10123000BB79202B01D92023BB71FB79052B39D831
:1012400001A252F823F000BF611200086F120008DB
:101250007D1200088B12000899120008A7120008DE
:10126000BB1D012219461120FFF7ECFE22E0BB1D39
:10127000012219461220FFF7E5FE1BE0BB1D0122EB
:1012800019461320FFF7DEFE14E0BB1D01221946AC
:101290001420FFF7D7FE0DE0BB1D012219461520D3
:1012A000FFF7D0FE06E0BB1D012219461620FFF70E
:1012B000C9FE00BF00BF0837BD4680BD80B584B001
:1012C00000AF03460A46FB711346BB7101210020A3
:1012D000FFF7E0FE0346FB73FB7B23F00C03DBB25E
:1012E000FB7397F90730DB005AB297F906309B0081
:1012F0005BB213435AB2FB7B5BB213435BB2DBB20C
:10130000FB7307F10F03012219460020FFF79AFE35
:1013100000BF1037BD4680BD80B500AFFFF76EFE41
:10132000E120FFF7DFFEFFF75DFE00BF80BD80B567
:1013300000AFFFF763FEE220FFF7D4FEFFF752FE97
:1013400000BF80BD80B584B002AF0023FB71FF23D6
:10135000BB71FFF753FEFA1DB91D4FF47A7300936A
:101360000123054803F0CDFEFFF73CFEFB7918464C
:101370000837BD4680BD00BFAC02002080B582B0FA
:1013800000AF0023FB71FFF7DDFF0346FB71FB7924
:1013900043F04003DBB2FB71FB1D0122194607201D
:1013A000FFF750FE00BF0837BD4680BD80B582B054
:1013B00000AF0023FB71FFF7C5FF0346FB71FB790C
:1013C00043F02003DBB2FB71FB1D0122194607200D
:1013D000FFF738FE00BF0837BD4680BD80B582B03C
:1013E00000AF0023FB71FFF7ADFF0346FB71FB79F4
:1013F00043F01003DBB2FB71FB1D012219460720ED
:10140000FFF720FE00BF0837BD4680BD80B582B023
:1014100000AF0023FB7101210020FFF73BFE0346D4
:10142000FB71FB7923F00103DBB2FB71FB1D012291
:1014300019460020FFF706FE00BF0837BD4680BDF5
:1014400080B584B000AF78600B46FB70FFF7EEFD0F
:10145000A023FB73FFF7D2FD07F10F014FF47A735E
:101460000122134803F0F0FBFB789AB24FF47A7331
:1014700079680F4803F0E8FBFFF7B4FDFFF7CAFDFA
:10148000012000F079FFFFF7D1FDFFF75BFF034676
:1014900003F01003002B05D0FFF7A0FFFFF73CFF80
:1014A000012300E0002318461037BD4680BD00BF71
:1014B000AC02002080B500AFFFF726FEFFF72CFF3F
:1014C000FFF735FFFFF75AFFFFF770FFFFF786FFC3
:1014D00000BF80BD00000000F0B59FB004AF00F079
:1014E000E9FE00F0B7F900F025FB00F0C3FA00F0C8
:1014F00007FA00F091FA00F051FA00F0F1FA00F06A
:101500009FFBFFF76FFDFFF7D5FF0320FFF716FEE8
:101510000120FFF73AFE00210120FFF7CFFE6420F3
:10152000FFF761FE08210020FFF77AFE9648FFF7DB
:1015300069FEFFF76BFF954801F01AF8944801F037
:1015400017F800F0A3FB0346002B00F0B18000F079
:10155000C9FB03468F4A136000F0DEFB03468E4A48
:10156000136000F0F3FB03468C4A13608A4B1B6840
:101570001846FEF759FF7CA3D3E90023FFF71EFAB4
:101580000346002B10D0844B1B681846FEF74CFF17
:1015900077A3D3E90023FFF72FFA0346002B03D0EC
:1015A0007D4B4FF000021A607B4B1B684FF07E5161
:1015B0001846FFF7BFFA03461A46794B1A60784B74
:1015C0001B681846FEF730FF4FF00002754BFEF720
:1015D00083FF02460B464FF000007349FEF7C4FD3F
:1015E00002460B4610461946FFF74EFA03466F4A6D
:1015F00013604FF480716E4801F078FD0346012BB3
:101600000CD16C4B1B785BB203F00F035BB243F061
:1016100010035BB2DAB2674B1A7006E0654B1B78B9
:1016200003F00F03DAB2634B1A705A4B1B6818466B
:10163000FEF7FAFE50A3D3E90023FFF7C9F90346EA
:10164000002B0CD05B4B1B785BB223F00F035BB21B
:1016500043F001035BB2DAB2564B1A7025E04D4BF2
:101660001B681846FEF7E0FE45A3D3E90023FFF709
:10167000B9F90346002B0CD04E4B1B785BB223F01C
:101680000F035BB243F004035BB2DAB2494B1A704A
:101690000BE0484B1B785BB223F00F035BB243F0C7
:1016A00002035BB2DAB2434B1A70C82000F064FE4A
:1016B000374801F09FF903463F4A13603E4B1B68D1
:1016C0009AB23E4B1A803C4B1B681B0C9AB23C4BA7
:1016D0001A803A4B1B881A46652302FB03F31B133F
:1016E000DAB2384B1A70334B1A78374B1A702F4BCB
:1016F0001B68354A5360334B1A78334B5A700821B4
:101700003148FFF79DFE2E4B1B881A46642302FBCF
:1017100003F31B139AB22D4B1A802C4B1B88212BE1
:101720000CD801224FF40051294801F0F6FC0022A8
:101730004FF40041264801F0F0FC57E0234B1B8892
:10174000212B47D9214B1B88422B43D801224FF430
:1017500080411F4801F0E1FC00224FF400511C4879
:1017600001F0DBFC42E000BF9A9999999999C93F31
:101770009A9999999999C9BF9A9999999999E9BF0B
:101780009A9999999999E93F000000202802002030
:10179000F80100206003002064030020680300209B
:1017A0006C03002000004E40004075407003002094
:1017B000000C0140060000205C03002054030020C0
:1017C00058030020050000204C0300205603002091
:1017D0000010014001224FF40041194801F09DFC26
:1017E00000224FF48041164801F097FC154B1B88EE
:1017F0001E46154B1B781C46134B5B781D46124B3F
:101800005B681846FEF710FE02460B463846CDE9E7
:1018100002230195009433460C4A642104F06AFFC8
:1018200078667B6E9AB239464FF0FF33084804F071
:1018300070F8642000F0A0FD0F2000F09DFD7AE616
:1018400000100140560300204C030020B08900081E
:101850000403002080B594B000AF07F128032822CC
:101860000021184604F0BFFF07F1140300221A609C
:101870005A609A60DA601A613B1D00221A605A6051
:101880009A60DA600223BB620123BB631023FB630F
:1018900002237B640023BB644FF40023FB6407F145
:1018A0002803184602F086FC0346002B01D000F006
:1018B000C1F90F237B610223BB610023FB6100237D
:1018C0003B6200237B6207F114030021184602F0FB
:1018D000F3FE0346002B01D000F0ACF902237B603D
:1018E0000023FB603B1D184603F074F80346002BF1
:1018F00001D000F09FF900BF5037BD4680BD000009
:1019000080B584B000AF0023FB603B4600221A6024
:101910005A609A601F4B204A1A601E4B00229A6040
:101920001C4B01221A731B4B00221A75194B4FF4E2
:101930006022DA61174B00225A60164B01221A61AD
:10194000144800F03DFD0346002B01D000F072F971
:101950004FF4C023FB6007F10C0319460D4801F05A
:1019600069F80346002B01D000F064F900233B60C6
:1019700001237B600023BB603B461946054800F00D
:10198000A5FE0346002B01D000F054F900BF10372C
:10199000BD4680BDF80100200024014080B584B020
:1019A00000AF3B1D00221A605A609A60184B194A1A
:1019B0001A60174B00229A60154B01221A73144BC0
:1019C00000221A75124B4FF46022DA61104B00228C
:1019D0005A600F4B01221A610D4800F0F1FC0346DA
:1019E000002B01D000F026F904237B600123BB60AB
:1019F0000023FB603B1D1946054800F067FE0346C7
:101A0000002B01D000F016F900BF1037BD4680BD95
:101A1000280200200028014080B500AF124B134A75
:101A20001A60114B124A5A600F4B00229A600E4BFB
:101A30000022DA600C4B4FF480421A610A4B0022FC
:101A40005A61094B00229A61074B0022DA61064B6A
:101A500000221A62044801F079FB0346002B01D0F2
:101A600000F0E8F800BF80BD58020020005400409C
:101A7000A086010080B500AF174B184A1A60164BBC
:101A80004FF482725A60144B00229A60124B00226B
:101A9000DA60114B00221A610F4B00225A610E4B83
:101AA0004FF400729A610C4B0022DA610A4B00225B
:101AB0001A62094B00225A62074B00229A62064BB7
:101AC0000A22DA62044803F03BF80346002B01D0F7
:101AD00000F0B0F800BF80BDAC020020003800402C
:101AE00080B500AF114B124A1A60104B4FF41652DA
:101AF0005A600E4B00229A600C4B0022DA600B4BAE
:101B000000221A61094B0C225A61084B00229A618B
:101B1000064B0022DA61054803F0ABFE0346002BBA
:101B200001D000F087F800BF80BD00BF0403002093
:101B30000048004080B588B000AF07F110030022D4
:101B40001A605A609A60DA60354B9B69344A43F0F8
:101B500010039361324B9B6903F01003FB60FB6839
:101B60002F4B9B692E4A43F0040393612C4B9B69D6
:101B700003F00403BB60BB68294B9B69284A43F010
:101B800008039361264B9B6903F008037B607B6825
:101B900000224FF46041234801F0BFFA00224FF4C5
:101BA000A061214801F0B9FA4FF460433B61012381
:101BB0007B610023BB610223FB6107F1100319461F
:101BC000184801F00FF94FF4A0633B6101237B61DA
:101BD0000023BB610323FB6107F110031946124880
:101BE00001F000F94FF400733B61104B7B6100235F
:101BF000BB6107F1100319460B4801F0F3F84FF4ED
:101C000080733B6100237B610223BB6107F11003FA
:101C10001946074801F0E6F800BF2037BD4680BDF1
:101C20000010024000100140000801400000211097
:101C3000000C014080B400AF72B600BF00BFFDE7EA
:101C400080B582B002AF0F4B6B221A700D4B002291
:101C50005A706423009302230A4AD0210A4801F0F3
:101C6000B9FB084B19221A70064B07225A706423DD
:101C700000930223034AD021034801F0ABFB00BFCD
:101C8000BD4680BD740300205802002080B584B09A
:101C900002AF114B3B221A700F4B00225A70642383
:101CA000009301230C4AD0210C4801F093FB6423DC
:101CB00000930E230A4AD021084801F089FC03460C
:101CC000FB71FB79002B0CBF01230023DBB218460C
:101CD0000837BD4680BD00BF7403002058020020B5
:101CE0007803002080B500AF0A4B1B781BB21B02A3
:101CF0001AB2084B5B781BB213431BB21846FEF7AF
:101D0000CDFF03464FF08D411846FFF7CFF803464D
:101D1000184680BD7803002080B500AF0A4B9B7841
:101D20001BB21B021AB2084BDB781BB213431BB267
:101D30001846FEF7B3FF03464FF08D411846FFF7F4
:101D4000B5F80346184680BD7803002080B500AF83
:101D50000A4B1B791BB21B021AB2084B5B791BB2F0
:101D600013431BB21846FEF799FF03464FF08D410F
:101D70001846FFF79BF80346184680BD78030020FD
:101D800080B485B000AF154B9B69144A43F0010342
:101D90009361124B9B6903F00103BB60BB680F4B5F
:101DA000DB690E4A43F08053D3610C4BDB6903F0CF
:101DB00080537B607B680A4B5B68FB60FB6823F0A9
:101DC000E063FB60FB6843F00073FB60044AFB6860
:101DD000536000BF1437BD4680BC704700100240FE
:101DE0000000014080B58AB000AF786007F11803A9
:101DF00000221A605A609A60DA607B681B68284A81
:101E0000934222D1274B9B69264A43F40073936186
:101E1000244B9B6903F400737B617B69214B9B69B5
:101E2000204A43F0040393611E4B9B6903F00403B3
:101E30003B613B690123BB610323FB6107F118038D
:101E40001946194800F0CEFF26E07B681B68174A48
:101E5000934221D1134B9B69124A43F480639361EF
:101E6000104B9B6903F48063FB60FB680D4B9B691F
:101E70000C4A43F0040393610A4B9B6903F004038B
:101E8000BB60BB681023BB610323FB6107F1180330
:101E90001946054800F0A6FF00BF2837BD4680BDA3
:101EA00000240140001002400008014000280140C9
:101EB00080B588B000AF786007F1100300221A6087
:101EC0005A609A60DA607B681B68154A934223D196
:101ED000144B9B69134A43F008039361114B9B69B0
:101EE00003F00803FB60FB68C0233B6112237B61A6
:101EF0000323FB6107F1100319460B4800F072FF42
:101F0000084BDB69074A43F40013D361054BDB69D7
:101F100003F40013BB60BB6800BF2037BD4680BD23
:101F20000054004000100240000C014080B588B011
:101F300000AF786007F1100300221A605A609A60BF
:101F4000DA607B681B68204A934239D11F4BDB69FA
:101F50001E4A43F48043D3611C4BDB6903F4804386
:101F6000FB60FB68194B9B69184A43F008039361B7
:101F7000164B9B6903F00803BB60BB684FF420431A
:101F80003B6102237B610323FB6107F110031946C8
:101F90000F4800F027FF4FF480433B6100237B6133
:101FA0000023BB6107F110031946094800F01AFF2E
:101FB00000220021242000F066FE242000F07FFE95
:101FC00000BF2037BD4680BD0038004000100240F1
:101FD000000C014080B588B000AF786007F11003B5
:101FE00000221A605A609A60DA607B681B681C4A9B
:101FF000934231D11B4BDB691A4A43F48023D361EE
:10200000184BDB6903F48023FB60FB68154B9B696D
:10201000144A43F008039361124B9B6903F00803D1
:10202000BB60BB684FF480633B6102237B61032389
:10203000FB6107F1100319460B4800F0D3FE4FF483
:1020400000633B6100237B610023BB6107F1100348
:102050001946054800F0C6FE00BF2037BD4680BDCA
:102060000048004000100240000C014080B400AF66
:1020700000BFFDE780B400AF00BFFDE780B400AF54
:1020800000BFFDE780B400AF00BFFDE780B400AF44
:1020900000BFFDE780B400AF00BFBD4680BC704705
:1020A00080B400AF00BFBD4680BC704780B400AFB5
:1020B00000BFBD4680BC704780B500AF00F040F95E
:1020C00000BF80BD80B500AF024803F0C3F900BF78
:1020D00080BD00BFAC02002080B400AF01231846D1
:1020E000BD4680BC704780B582B000AF7860396073
:1020F00004F0CCFB034616221A604FF0FF3318465B
:102100000837BD4680BD80B582B000AF78604FF023
:10211000FF317868FFF7E7FF00BFFDE780B586B0C5
:1021200000AFF860B9607A6000237B610AE0AFF32A
:1021300000800146BB685A1CBA60CAB21A707B693B
:1021400001337B617A697B689A42F0DB7B681846D1
:102150001837BD4680BD80B586B000AFF860B96065
:102160007A6000237B6109E0BB685A1CBA601B7867
:102170001846AFF300807B6901337B617A697B6825
:102180009A42F1DB7B6818461837BD4680BD80B4A3
:1021900083B000AF78604FF0FF3318460C37BD4670
:1021A00080BC704780B483B000AF786039603B6812
:1021B0004FF400525A60002318460C37BD4680BCCD
:1021C000704780B483B000AF7860012318460C37A5
:1021D000BD4680BC704780B485B000AFF860B96080
:1021E0007A60002318461437BD4680BC7047000053
:1021F00080B586B000AF7860144A154BD31A7B6166
:102200007B693B61134B1B68002B02D1114B124AB7
:102210001A60104B1A687B6813443A699A4207D2D5
:1022200004F034FB03460C221A604FF0FF3309E040
:10223000084B1B68FB60074B1A687B681344054A10
:102240001360FB6818461837BD4680BD005000205B
:102250000004000088030020E004002080B400AFE8
:1022600000BFBD4680BC7047FFF7F8FF0B480C4924
:102270000C4A002302E0D458C4500433C4188C42E2
:10228000F9D3094A094C002301E013600432A24249
:10229000FBD304F001FBFFF71FF97047000000209B
:1022A000DC010020848D0008DC010020DC0400201B
:1022B000FEE7000080B500AF084B1B68074A43F0FB
:1022C00010031360032000F0D3FC0F2000F008F887
:1022D000FFF756FD0023184680BD00BF00200240D6
:1022E00080B582B000AF7860124B1A68124B1B7831
:1022F00019464FF47A73B3FBF1F3B2FBF3F31846CC
:1023000000F0EBFC0346002B01D001230EE07B68BC
:102310000F2B0AD8002279684FF0FF3000F0B3FC91
:10232000064A7B681360002300E001231846083743
:10233000BD4680BD08000020100000200C000020D9
:1023400080B400AF054B1B781A46054B1B6813443D
:10235000034A136000BFBD4680BC704710000020D8
:102360008C03002080B400AF024B1B681846BD46AA
:1023700080BC70478C03002080B584B000AF7860CB
:10238000FFF7F0FFB8607B68FB60FB68B3F1FF3FCD
:1023900005D00A4B1B781A46FB681344FB6000BF4C
:1023A000FFF7E0FF0246BB68D31AFA689A42F7D8F3
:1023B00000BF00BF1037BD4680BD00BF1000002029
:1023C00080B586B000AF78600023FB7500233B61C9
:1023D0000023BB600023FB607B68002B01D101233D
:1023E000BEE07B689B68002B7B689B6A002B09D151
:1023F0007B680022DA627B68002283F824207868F8
:10240000FFF7F0FC786800F0B3FA0346FB757B68D1
:102410009B6A03F01003002B40F09980FB7D002B9A
:1024200040F095807B689B6A23F4885323F0020375
:1024300043F002027B689A627B685A687B68DB69BA
:102440001A437B681B7B5B001343BA681343BB6072
:102450007B689B68B3F5807F03D07B689B68012B0A
:1024600002D14FF4807300E000233A6913433B61CB
:102470007B681B7D012B19D17B681B7B002B09D14D
:102480007B689B69013B5A033B69134343F4006338
:102490003B610BE07B689B6A43F020027B689A6299
:1024A0007B68DB6A43F001027B68DA627B681B6849
:1024B0005B6823F469417B681B683A690A435A6088
:1024C0007B681B689A68284B13407A681268B96861
:1024D0000B4393607B689B68B3F5807F03D07B6878
:1024E0009B68012B04D17B681B69013B1B05FB60CA
:1024F0007B681B68DB6A23F470017B681B68FA68E1
:102500000A43DA627B681B689A68184B1340BA6802
:102510009A420BD17B680022DA627B689B6A23F0C7
:10252000030343F001027B689A6218E07B689B6AB0
:1025300023F0120343F010027B689A627B68DB6A27
:1025400043F001027B68DA620123FB7507E07B68D8
:102550009B6A43F010027B689A620123FB75FB7D46
:1025600018461837BD4680BDFDF7E1FFFE0E1FFF80
:1025700080B584B000AF78600023FB737B6893F86C
:102580002430012B01D1022398E07B68012283F8DB
:102590002420786800F092F90346FB73FB7B002B44
:1025A00040F087807B689B6A23F4407323F001032B
:1025B00043F480727B689A627B681B68414A93424D
:1025C00005D1414B5B6803F47023002B15D17B6868
:1025D0009B6A23F480127B689A627B681B685B6845
:1025E00003F48063002B26D07B689B6A23F440535E
:1025F00043F480527B689A621DE07B689B6A43F4D7
:1026000080127B689A627B681B682F4A934204D0D1
:102610007B681B682B4A93420DD12B4B5B6803F4FC
:102620008063002B07D07B689B6A23F4405343F4FC
:1026300080527B689A627B689B6A03F48053002B0C
:1026400006D07B68DB6A23F006027B68DA6202E070
:102650007B680022DA627B68002283F824207B6892
:102660001B686FF002021A607B681B689B6803F4AA
:102670006023B3F5602F13D17B681B68114A934226
:1026800005D1114B5B6803F47023002B08D17B68E4
:102690001B689A687B681B6842F4A0029A600CE091
:1026A0007B681B689A687B681B6842F480129A609A
:1026B00003E07B68002283F82420FB7B1846103758
:1026C000BD4680BD002801400024014080B485B093
:1026D00000AF786039600023FB730023BB607B6828
:1026E00093F82430012B01D10223DCE07B68012226
:1026F00083F824203B685B68062B1CD87B681B682A
:10270000596B3B685A6813469B001344053B1F22D4
:1027100002FA03F3DB4319403B6818683B685A68C8
:1027200013469B001344053B00FA03F27B681B68C9
:102730000A435A633CE03B685B680C2B1CD87B68FF
:102740001B68196B3B685A6813469B001344233B74
:102750001F2202FA03F3DB4319403B6818683B6809
:102760005A6813469B001344233B00FA03F27B682C
:102770001B680A431A631BE07B681B68D96A3B68C5
:102780005A6813469B001344413B1F2202FA03F38D
:10279000DB4319403B6818683B685A6813469B0046
:1027A0001344413B00FA03F27B681B680A43DA6278
:1027B0003B681B68092B1CD97B681B68D9683B6880
:1027C0001A6813465B0013441E3B072202FA03F308
:1027D000DB4319403B6898683B681A6813465B0006
:1027E00013441E3B00FA03F27B681B680A43DA605D
:1027F00019E07B681B6819693B681A6813465B001F
:102800001344072202FA03F3DB4319403B6898683C
:102810003B681A6813465B00134400FA03F27B68B6
:102820001B680A431A613B681B68102B03D03B6886
:102830001B68112B32D17B681B681D4A934225D13E
:102840007B681B689B6803F40003002B26D17B6820
:102850001B689A687B681B6842F400029A603B68B8
:102860001B68102B1AD1134B1B68134AA2FB0323BE
:102870009A0C13469B0013445B00BB6002E0BB68EC
:10288000013BBB60BB68002BF9D107E07B689B6A0A
:1028900043F020027B689A620123FB737B6800226D
:1028A00083F82420FB7B18461437BD4680BC704754
:1028B000002401400800002083DE1B4380B584B063
:1028C00000AF78600023FB600023BB607B681B685F
:1028D0009B6803F00103012B40D07B681B689A685A
:1028E0007B681B6842F001029A601F4B1B681F4AFD
:1028F000A2FB03239B0CBB6002E0BB68013BBB60F7
:10290000BB68002BF9D1FFF72DFDF8601FE0FFF742
:1029100029FD0246FB68D31A022B18D97B681B6875
:102920009B6803F00103012B11D07B689B6A43F085
:1029300010027B689A627B68DB6A43F001027B6865
:10294000DA627B68002283F82420012307E07B6899
:102950001B689B6803F00103012BD8D100231846A4
:102960001037BD4680BD00BF0800002083DE1B433A
:1029700080B584B000AF78600023FB607B681B6883
:102980009B6803F00103012B2ED17B681B689A68BA
:102990007B681B6822F001029A60FFF7E3FCF86095
:1029A0001BE0FFF7DFFC0246FB68D31A022B14D9A9
:1029B0007B681B689B6803F00103012B0DD17B68CA
:1029C0009B6A43F010027B689A627B68DB6A43F083
:1029D00001027B68DA62012307E07B681B689B6861
:1029E00003F00103012BDCD0002318461037BD464D
:1029F00080BD000080B485B000AF78600023FB602C
:102A00007B681B68DB6CFB60084B9B6803F480737E
:102A1000002B05D1064BDB6C1B04FA681343FB60EB
:102A2000FB6818461437BD4680BC7047002401403F
:102A30000028014080B590B000AF78603960002375
:102A400087F83F3007F10C0330220021184603F0CD
:102A5000CAFE7B6893F82430012B01D1022332E0B7
:102A60007B68012283F82420194BFB607B681B687C
:102A70009B6803F00103012B16D0FB689B6803F0F1
:102A80000103012B10D07B681B68124A93420BD1C3
:102A90007B681B685B6823F470213B681A687B685D
:102AA0001B680A435A6008E07B689B6A43F0200277
:102AB0007B689A62012387F83F307B68002283F8A5
:102AC000242097F83F3018464037BD4680BD00BFF0
:102AD000002801400024014080B485B000AF786038
:102AE0007B6803F00703FB600C4BDB68BB60BA68D4
:102AF0004FF6FF031340BB60FB681A02BB68134329
:102B000043F0BF6343F40033BB60044ABB68D36047
:102B100000BF1437BD4680BC704700BF00ED00E029
:102B200080B400AF044BDB681B0A03F007031846B0
:102B3000BD4680BC704700BF00ED00E080B483B0AC
:102B400000AF0346FB7197F90730002B0BDBFB79D5
:102B500003F01F02064997F907305B09012000FACC
:102B600002F241F8232000BF0C37BD4680BC7047FD
:102B700000E100E080B483B000AF03463960FB7130
:102B800097F90730002B0ADB3B68DAB20C4997F95A
:102B900007301201D2B20B4483F800230AE03B68ED
:102BA000DAB20849FB7903F00F03043B1201D2B2F9
:102BB0000B441A7600BF0C37BD4680BC704700BF7F
:102BC00000E100E000ED00E080B489B000AFF86003
:102BD000B9607A60FB6803F00703FB61FB69C3F12E
:102BE0000703042B28BF0423BB61FB690433062BB6
:102BF00002D9FB69033B00E000237B614FF0FF3209
:102C0000BB6902FA03F3DA43BB681A407B699A4056
:102C10004FF0FF317B6901FA03F3D9437B680B4026
:102C2000134318462437BD4680BC704780B582B038
:102C300000AF78607B68013BB3F1807F01D3012353
:102C40000FE00A4A7B68013B53600F214FF0FF30D1
:102C5000FFF790FF054B00229A60044B07221A6091
:102C6000002318460837BD4680BD00BF10E000E0D5
:102C700080B582B000AF78607868FFF72DFF00BFA5
:102C80000837BD4680BD80B586B000AF0346B96049
:102C90007A60FB7300237B61FFF742FF78617A68FB
:102CA000B9687869FFF790FF024697F90F3011462F
:102CB0001846FFF75FFF00BF1837BD4680BD80B5DF
:102CC00082B000AF0346FB7197F907301846FFF753
:102CD00035FF00BF0837BD4680BD80B582B000AF6C
:102CE00078607868FFF7A2FF034618460837BD46AC
:102CF00080BD000080B584B000AF78600023FB7316
:102D00007B6893F82130DBB2022B05D07B6804226C
:102D10009A630123FB7351E07B681B681A687B6828
:102D20001B6822F00E021A607B681B681A687B68B9
:102D30001B6822F001021A607B681B68224A9342DA
:102D400029D07B681B68214A934222D07B681B688C
:102D50001F4A93421AD07B681B681E4A934212D0C6
:102D60007B681B681C4A93420AD07B681B681B4A1D
:102D7000934202D14FF480130EE04FF080730BE0CA
:102D80004FF4803308E04FF4805305E04FF4807334
:102D900002E0102300E00123114A53607B68012206
:102DA00083F821207B68002283F820207B685B6BFE
:102DB000002B03D07B685B6B78689847FB7B1846D9
:102DC0001037BD4680BD00BF080002401C00024015
:102DD0003000024044000240580002406C000240B3
:102DE0000000024080B48BB000AF786039600023EF
:102DF0007B6200233B6269E101227B6A02FA03F3F2
:102E0000FB613B681B68FA691340BB61BA69FB69E7
:102E10009A4240F058813B685B689A4A93425ED080
:102E2000984A934275D8984A934258D0964A93420A
:102E30006FD8964A934252D0944A934269D8944AA2
:102E400093424CD0924A934263D8924A934246D0DE
:102E5000904A93425DD8122B2AD8122B59D801A23E
:102E600052F823F0DF2E0008B92E0008CB2E000800
:102E70000D2F0008132F0008132F0008132F000830
:102E8000132F0008132F0008132F0008132F00081A
:102E9000132F0008132F0008132F0008132F00080A
:102EA000132F0008132F0008C12E0008D52E00088C
:102EB000794A934213D02CE03B68DB683B6229E0FF
:102EC0003B68DB6804333B6224E03B68DB68083323
:102ED0003B621FE03B68DB680C333B621AE03B68F7
:102EE0009B68002B02D104233B6213E03B689B6884
:102EF000012B05D108233B627B68FA691A6109E05E
:102F000008233B627B68FA695A6103E000233B6255
:102F100000E000BFBB69FF2B01D87B6801E07B6844
:102F200004337B61BB69FF2B02D87B6A9B0002E004
:102F30007B6A083B9B003B617B691A680F213B69F8
:102F400001FA03F3DB431A40396A3B6901FA03F3E0
:102F50001A437B691A603B685B6803F08053002B5F
:102F600000F0B1804D4B9B694C4A43F001039361E3
:102F70004A4B9B6903F00103BB60BB68484A7B6A0C
:102F80009B08023352F82330FB607B6A03F0030393
:102F90009B000F2202FA03F3DB43FA681340FB6045
:102FA0007B68404A934213D07B683F4A93420DD0DE
:102FB0007B683E4A934207D07B683D4A934201D1E9
:102FC000032306E0042304E0022302E0012300E0DF
:102FD00000237A6A02F0030292009340FA681343D6
:102FE000FB602F497B6A9B080233FA6841F8232073
:102FF0003B685B6803F48013002B06D02D4B9A6866
:103000002C49BB6913438B6006E02A4B9A68BB6965
:10301000DB43284913408B603B685B6803F4001373
:10302000002B06D0234BDA682249BB691343CB60DF
:1030300006E0204BDA68BB69DB431E491340CB60D6
:103040003B685B6803F40033002B06D0194B5A68C9
:103050001849BB6913434B6006E0164B5A68BB69BD
:10306000DB43144913404B603B685B6803F48033D7
:10307000002B21D00F4B1A680E49BB6913430B601C
:1030800021E000BF000032100000311000002210CB
:10309000000021100000121000001110001002406A
:1030A0000000014000080140000C014000100140F8
:1030B00000140140000401400B4B1A68BB69DB435C
:1030C000094913400B607B6A01337B623B681A68D5
:1030D0007B6A22FA03F3002B7FF48EAE00BF00BFA1
:1030E0002C37BD4680BC70470004014080B485B0D9
:1030F00000AF78600B467B807B689A687B881340C2
:10310000002B02D00123FB7301E00023FB73FB7B48
:1031100018461437BD4680BC704780B483B000AFFA
:1031200078600B467B8013467B707B78002B03D046
:103130007A887B681A6103E07B881A047B681A61CD
:1031400000BF0C37BD4680BC7047000080B584B01E
:1031500000AF78607B68002B01D101232BE17B68F5
:1031600093F83D30DBB2002B06D17B68002283F858
:103170003C207868FEF79CFE7B68242283F83D2083
:103180007B681B681A687B681B6822F001021A6062
:103190007B681B681A687B681B6842F400421A60EF
:1031A0007B681B681A687B681B6822F400421A60FF
:1031B00001F0CAFBF8607B685B68814A934207D8DC
:1031C000FB68804A934294BF01230023DBB206E0F0
:1031D000FB687D4A934294BF01230023DBB2002B9E
:1031E00001D00123E7E0FB68784AA2FB03239B0C94
:1031F000BB607B681B685B6823F03F017B681B68D2
:10320000BA680A435A607B681B681B6A23F03F0157
:103210007B685B686A4A934202D8BB68013309E065
:10322000BB684FF4967202FB03F3694AA2FB0323C7
:103230009B0901337A6812680B4313627B681B6831
:10324000DB6923F44F4222F0FF027B685B685C4934
:103250008B4219D8FB68591E7B685B685B00B1FB29
:10326000F3F3591C40F6FC730B40002B0AD0FB68AB
:10327000591E7B685B685B00B1FBF3F30133C3F35A
:103280000B0351E004234FE07B689B68002B11D1B6
:10329000FB68581E7B6859680B465B000B44B0FB0B
:1032A000F3F30133C3F30B03002B0CBF0123002303
:1032B000DBB212E0FB68581E7B6859680B469B0026
:1032C0000B4499000B44B0FBF3F30133C3F30B033E
:1032D000002B0CBF01230023DBB2002B01D0012304
:1032E00022E07B689B68002B0ED1FB68581E7B6830
:1032F00059680B465B000B44B0FBF3F30133C3F397
:103300000B0343F400430FE0FB68581E7B685968C9
:103310000B469B000B4499000B44B0FBF3F30133C5
:10332000C3F30B0343F44043796809681343CB614B
:103330007B681B681B6823F0C0017B68DA697B68C7
:103340001B6A1A437B681B680A431A607B681B6808
:103350009B6823F4034323F0FF037A6811697A68BA
:10336000D26811437A6812680B4393607B681B68CC
:10337000DB6823F0FF017B685A697B689B691A430D
:103380007B681B680A43DA607B681B681A687B6885
:103390001B6842F001021A607B6800221A647B6895
:1033A000202283F83D207B6800221A637B6800227C
:1033B00083F83E20002318461037BD4680BD00BF6D
:1033C000A08601007F841E00FF083D0083DE1B43B2
:1033D000D34D621080B588B002AFF8607A601A46AB
:1033E0000B467B8113463B81FEF7BCFF7861FB688F
:1033F00093F83D30DBB2202B40F0E0807B690093F6
:10340000192301227049F86800F09EFC0346002B46
:1034100001D00223D3E0FB6893F83C30012B01D1AB
:103420000223CCE0FB68012283F83C20FB681B6888
:103430001B6803F00103012B07D0FB681B681A68A7
:10344000FB681B6842F001021A60FB681B681A687F
:10345000FB681B6822F400621A60FB68212283F873
:103460003D20FB68102283F83E20FB6800221A648E
:10347000FB687A685A62FB683A895A85FB685B8DFB
:103480009AB2FB681A85FB68504ADA6279897B69CF
:103490003A6AF86800F008FB0346002B01D00123CC
:1034A0008DE000233B61FB681B685B693B61FB6847
:1034B0001B689B693B613B6966E07A69396AF86819
:1034C00000F05CFD0346002B0DD0FB681B6C042B49
:1034D00007D1FB681B681A68FB681B6842F400721E
:1034E0001A6001236BE0FB685B6A1A78FB681B6853
:1034F0001A61FB685B6A5A1CFB685A62FB685B8D49
:103500009BB2013B9AB2FB685A85FB681B8D013B5D
:103510009AB2FB681A85FB681B685B6903F00403B9
:10352000042B1BD1FB681B8D002B17D0FB685B6A3B
:103530001A78FB681B681A61FB685B6A5A1CFB6897
:103540005A62FB685B8D9BB2013B9AB2FB685A855D
:10355000FB681B8D013B9AB2FB681A857A69396A50
:10356000F86800F053FD0346002B0DD0FB681B6C80
:10357000042B07D1FB681B681A68FB681B6842F4C0
:1035800000721A6001231AE0FB681B8D002B94D196
:10359000FB681B681A68FB681B6842F400721A60BB
:1035A000FB68202283F83D20FB68002283F83E2040
:1035B000FB68002283F83C20002300E00223184629
:1035C0001837BD4680BD00BF020010000000FFFF9D
:1035D00080B58CB002AFF8607A601A460B467B81EA
:1035E00013463B8100233B62FEF7BCFE7862FB681A
:1035F00093F83D30DBB2202B40F04B827B6A009386
:10360000192301227F49F86800F09EFB0346002B36
:1036100001D002233EE2FB6893F83C30012B01D13C
:10362000022337E2FB68012283F83C20FB681B6819
:103630001B6803F00103012B07D0FB681B681A68A5
:10364000FB681B6842F001021A60FB681B681A687D
:10365000FB681B6822F400621A60FB68222283F870
:103660003D20FB68102283F83E20FB6800221A648C
:10367000FB687A685A62FB683A895A85FB685B8DF9
:103680009AB2FB681A85FB685F4ADA6279897B6ABD
:103690003A6BF86800F08AFA0346002B01D0012348
:1036A000F8E1FB681B8D002B13D10023FB61FB6845
:1036B0001B685B69FB61FB681B689B69FB61FB69BD
:1036C000FB681B681A68FB681B6842F400721A608A
:1036D000CCE1FB681B8D012B1ED1FB681B681A68AF
:1036E000FB681B6822F480621A6072B600BF002378
:1036F000BB61FB681B685B69BB61FB681B689B69FE
:10370000BB61BB69FB681B681A68FB681B6842F4F5
:1037100000721A6062B635E0FB681B8D022B1ED169
:10372000FB681B681A68FB681B6842F400621A6039
:1037300072B600BF00237B61FB681B685B697B611D
:10374000FB681B689B697B617B69FB681B681A6867
:10375000FB681B6822F480621A6062B612E0FB68A4
:103760001B681A68FB681B6842F480621A600023B9
:103770003B61FB681B685B693B61FB681B689B697D
:103780003B613B6972E1FB681B8D032B00F21F81DB
:10379000FB681B8D012B23D17A6A396BF86800F026
:1037A0007DFC0346002B01D0012373E1FB681B68FD
:1037B0001A69FB685B6AD2B21A70FB685B6A5A1CB2
:1037C000FB685A62FB681B8D013B9AB2FB681A8545
:1037D000FB685B8D9BB2013B9AB2FB685A8545E161
:1037E000FB681B8D022B52D17B6A00933B6B00223E
:1037F0000649F86800F0A8FA0346002B08D0012318
:1038000048E100BF020010000000FFFF04000100BB
:1038100072B600BFFB681B681A68FB681B6842F43D
:1038200000721A60FB681B681A69FB685B6AD2B297
:103830001A70FB685B6A5A1CFB685A62FB681B8D36
:10384000013B9AB2FB681A85FB685B8D9BB2013B1A
:103850009AB2FB685A8562B600BFFB681B681A699A
:10386000FB685B6AD2B21A70FB685B6A5A1CFB6821
:103870005A62FB681B8D013B9AB2FB681A85FB6894
:103880005B8D9BB2013B9AB2FB685A85EEE07B6A86
:1038900000933B6B00228149F86800F055FA03461B
:1038A000002B01D00123F5E0FB681B681A68FB6858
:1038B0001B6822F480621A6072B600BFFB681B6846
:1038C0001A69FB685B6AD2B21A70FB685B6A5A1CA1
:1038D000FB685A62FB681B8D013B9AB2FB681A8534
:1038E000FB685B8D9BB2013B9AB2FB685A856C4BBF
:1038F0001B68DB086B4AA2FB03231A0A13469B00D2
:103900001344DA00D31A3B623B6A013B3B623B6AD9
:10391000002B18D1FB6800221A63FB68202283F871
:103920003D20FB68002283F83E20FB681B6C43F0BF
:103930002002FB681A6462B600BFFB68002283F8AD
:103940003C200123A6E0FB681B685B6903F00403CD
:10395000042BD9D1FB681B681A68FB681B6842F40A
:1039600000721A60FB681B681A69FB685B6AD2B256
:103970001A70FB685B6A5A1CFB685A62FB681B8DF5
:10398000013B9AB2FB681A85FB685B8D9BB2013BD9
:103990009AB2FB685A8562B600BFFB681B681A6959
:1039A000FB685B6AD2B21A70FB685B6A5A1CFB68E0
:1039B0005A62FB681B8D013B9AB2FB681A85FB6853
:1039C0005B8D9BB2013B9AB2FB685A854EE07A6AE6
:1039D000396BF86800F062FB0346002B01D001232D
:1039E00058E0FB681B681A69FB685B6AD2B21A7000
:1039F000FB685B6A5A1CFB685A62FB681B8D013BC3
:103A00009AB2FB681A85FB685B8D9BB2013B9AB248
:103A1000FB685A85FB681B685B6903F00403042B91
:103A200024D1FB681B8D032B07D1FB681B681A6828
:103A3000FB681B6822F480621A60FB681B681A69C5
:103A4000FB685B6AD2B21A70FB685B6A5A1CFB683F
:103A50005A62FB681B8D013B9AB2FB681A85FB68B2
:103A60005B8D9BB2013B9AB2FB685A85FB681B8D4C
:103A7000002B7FF488AEFB68202283F83D20FB6892
:103A8000002283F83E20FB68002283F83C200023BC
:103A900000E0022318462837BD4680BD040001001F
:103AA0000800002089B5F81480B588B002AFF8602E
:103AB0007A603B600B467B81FB68DB6A7B617B69DC
:103AC000082B06D07B69012B03D07B6913F5803F5F
:103AD00008D1FB681B681A68FB681B6842F4807297
:103AE0001A600BE0FB681B6B122B07D1FB681B688D
:103AF0001A68FB681B6842F480721A603B68009386
:103B00007B6800224FF00111F86800F01DF90346B0
:103B1000002B0DD0FB681B681B6803F48073B3F5A2
:103B2000807F03D1FB684FF400721A64032335E0F1
:103B3000FB681B69B3F5804F08D17B89DBB21A465D
:103B4000FB681B6802F0FE021A611BE07B89DB1137
:103B5000DBB203F00603DBB263F00F03DAB2FB68FB
:103B60001B681A613B687A680E49F86800F066F9CC
:103B70000346002B01D0012310E07B89DAB2FB68F9
:103B80001B681A613B687A680749F86800F056F9C3
:103B90000346002B01D0012300E00023184618370C
:103BA000BD4680BD080001000200010080B588B05C
:103BB00002AFF8607A603B600B467B81FB68DB6A92
:103BC0007B61FB681B681A68FB681B6842F48062B3
:103BD0001A607B69082B06D07B69012B03D07B69B7
:103BE00013F5803F08D1FB681B681A68FB681B68E7
:103BF00042F480721A600BE0FB681B6B112B07D13B
:103C0000FB681B681A68FB681B6842F480721A60C4
:103C10003B6800937B6800224FF00111F86800F0C8
:103C200093F80346002B0DD0FB681B681B6803F458
:103C30008073B3F5807F03D1FB684FF400721A6480
:103C4000032379E0FB681B69B3F5804F08D17B89BA
:103C5000DBB243F00103DAB2FB681B681A615FE074
:103C60007B89DB11DBB203F00603DBB263F00F03E9
:103C7000DAB2FB681B681A613B687A683049F868F9
:103C800000F0DCF80346002B01D0012354E07B89CF
:103C9000DAB2FB681B681A613B687A682949F868E0
:103CA00000F0CCF80346002B01D0012344E00023B0
:103CB0003B61FB681B685B693B61FB681B689B6938
:103CC0003B613B69FB681B681A68FB681B6842F430
:103CD00080721A603B6800937B6800224FF00111EC
:103CE000F86800F031F80346002B0DD0FB681B6824
:103CF0001B6803F48073B3F5807F03D1FB684FF436
:103D000000721A64032317E07B89DB11DBB203F036
:103D10000603DBB263F00E03DAB2FB681B681A61BC
:103D20003B687A680749F86800F088F80346002B7A
:103D300001D0012300E0002318461837BD4680BD9E
:103D4000080001000200010080B584B000AFF860F7
:103D5000B9603B601346FB7148E03B68B3F1FF3F3D
:103D600044D0FEF7FFFA0246BB69D31A3A689A427A
:103D700002D33B68002B39D1BB681B0CDBB2012B93
:103D80000DD1FB681B685B69DA43BB6813409BB2CB
:103D9000002B0CBF01230023DBB21A460CE0FB68AA
:103DA0001B689B69DA43BB6813409BB2002B0CBFB6
:103DB00001230023DBB21A46FB799A4216D1FB6835
:103DC00000221A63FB68202283F83D20FB68002252
:103DD00083F83E20FB681B6C43F02002FB681A64EA
:103DE000FB68002283F83C20012323E0BB681B0C06
:103DF000DBB2012B0DD1FB681B685B69DA43BB6842
:103E000013409BB2002B0CBF01230023DBB21A46E8
:103E10000CE0FB681B689B69DA43BB6813409BB2EC
:103E2000002B0CBF01230023DBB21A46FB799A4218
:103E300093D0002318461037BD4680BD80B584B0AE
:103E400000AFF860B9607A603B6071E0FB681B68A6
:103E50005B6903F48063B3F5806F23D1FB681B6853
:103E60001A68FB681B6842F400721A60FB681B68E2
:103E70006FF480625A61FB6800221A63FB6820229B
:103E800083F83D20FB68002283F83E20FB681B6C12
:103E900043F00402FB681A64FB68002283F83C20AC
:103EA000012367E07B68B3F1FF3F41D0FEF75AFA88
:103EB00002463B68D31A7A689A4202D37B68002B89
:103EC00036D1BB681B0CDBB2012B0CD1FB681B6825
:103ED0005B69DA43BB6813409BB2002B14BF01231C
:103EE0000023DBB20BE0FB681B689B69DA43BB680D
:103EF00013409BB2002B14BF01230023DBB2002B25
:103F000016D0FB6800221A63FB68202283F83D204C
:103F1000FB68002283F83E20FB681B6C43F0200204
:103F2000FB681A64FB68002283F83C20012321E02F
:103F3000BB681B0CDBB2012B0CD1FB681B685B69F7
:103F4000DA43BB6813409BB2002B14BF012300234C
:103F5000DBB20BE0FB681B689B69DA43BB6813406C
:103F60009BB2002B14BF01230023DBB2002B7FF494
:103F70006DAF002318461037BD4680BD80B584B0B4
:103F800000AFF860B9607A6034E0F86800F0E3F8F8
:103F90000346002B01D0012334E0BB68B3F1FF3F9F
:103FA00028D0FEF7DFF902467B68D31ABA689A4236
:103FB00002D3BB68002B1DD1FB681B685B6903F053
:103FC0008003802B16D0FB6800221A63FB68202236
:103FD00083F83D20FB68002283F83E20FB681B6CC1
:103FE00043F02002FB681A64FB68002283F83C203F
:103FF000012307E0FB681B685B6903F08003802BEB
:10400000C3D1002318461037BD4680BD80B584B0AB
:1040100000AFF860B9607A6034E0F86800F09BF8AF
:104020000346002B01D0012334E0BB68B3F1FF3F0E
:1040300028D0FEF797F902467B68D31ABA689A42ED
:1040400002D3BB68002B1DD1FB681B685B6903F0C2
:104050000403042B16D0FB6800221A63FB6820229D
:1040600083F83D20FB68002283F83E20FB681B6C30
:1040700043F02002FB681A64FB68002283F83C20AE
:10408000012307E0FB681B685B6903F00403042B52
:10409000C3D1002318461037BD4680BD80B584B01B
:1040A00000AFF860B9607A6049E0FB681B685B6943
:1040B00003F01003102B19D1FB681B686FF010027E
:1040C0005A61FB6800221A63FB68202283F83D20B6
:1040D000FB68002283F83E20FB681A6CFB681A64B8
:1040E000FB68002283F83C20012330E0FEF73AF918
:1040F00002467B68D31ABA689A4202D3BB68002B87
:104100001DD1FB681B685B6903F04003402B16D090
:10411000FB6800221A63FB68202283F83D20FB68BD
:10412000002283F83E20FB681B6C43F02002FB68F2
:104130001A64FB68002283F83C20012307E0FB6837
:104140001B685B6903F04003402BAED10023184687
:104150001037BD4680BD80B483B000AF78607B6807
:104160001B685B6903F48063B3F5806F1BD17B68C8
:104170001B686FF480625A617B6800221A637B6857
:10418000202283F83D207B68002283F83E207B6854
:104190001B6C43F004027B681A647B68002283F87E
:1041A0003C20012300E0002318460C37BD4680BCAC
:1041B0007047000080B586B000AF78607B68002B48
:1041C00001D1012372E27B681B6803F00103002B1D
:1041D00000F08780924B5B6803F00C03042B0CD03B
:1041E0008F4B5B6803F00C03082B12D18C4B5B6880
:1041F00003F48033B3F5803F0BD1894B1B6803F484
:104200000033002B6CD07B685B68002B68D10123E6
:104210004CE27B685B68B3F5803F06D1804B1B683E
:104220007F4A43F4803313602EE07B685B68002B89
:104230000CD17B4B1B687A4A23F480331360784B94
:104240001B68774A23F4802313601DE07B685B685A
:10425000B3F5A02F0CD1724B1B68714A43F4802335
:1042600013606F4B1B686E4A43F4803313600BE09E
:104270006B4B1B686A4A23F480331360684B1B68DE
:10428000674A23F4802313607B685B68002B13D09C
:10429000FEF768F8386108E0FEF764F802463B690B
:1042A000D31A642B01D9032300E25D4B1B6803F48E
:1042B0000033002BF0D014E0FEF754F8386108E02A
:1042C000FEF750F802463B69D31A642B01D9032349
:1042D000ECE1534B1B6803F40033002BF0D100E0FA
:1042E00000BF7B681B6803F00203002B63D04C4BBC
:1042F0005B6803F00C03002B0BD0494B5B6803F0A9
:104300000C03082B1CD1464B5B6803F48033002B55
:1043100016D1434B1B6803F00203002B05D07B68CA
:104320001B69012B01D00123C0E13D4B1B6823F029
:10433000F8027B685B69DB00394913430B603AE0A4
:104340007B681B69002B20D0364B01221A60FEF7D8
:1043500009F8386108E0FEF705F802463B69D31A10
:10436000022B01D90323A1E12D4B1B6803F00203AB
:10437000002BF0D02A4B1B6823F0F8027B685B69A6
:10438000DB00274913430B6015E0264B00221A601F
:10439000FDF7E8FF386108E0FDF7E4FF02463B69FE
:1043A000D31A022B01D9032380E11D4B1B6803F0B4
:1043B0000203002BF0D17B681B6803F00803002B7D
:1043C0003AD07B689B69002B19D0174B01221A60E9
:1043D000FDF7C8FF386108E0FDF7C4FF02463B69FE
:1043E000D31A022B01D9032360E10D4B5B6A03F062
:1043F0000203002BF0D0012000F0CEFA1CE00A4BA3
:1044000000221A60FDF7AEFF38610FE0FDF7AAFF4A
:1044100002463B69D31A022B08D9032346E100BFA9
:10442000001002400000424280044242924B5B6A0C
:1044300003F00203002BE9D17B681B6803F004033F
:10444000002B00F0A6800023FB758B4BDB6903F08B
:104450008053002B0DD1884BDB69874A43F0805392
:10446000D361854BDB6903F08053BB60BB680123DC
:10447000FB75824B1B6803F48073002B18D17F4BB4
:104480001B687E4A43F480731360FDF76BFF38614D
:1044900008E0FDF767FF02463B69D31A642B01D998
:1044A000032303E1754B1B6803F48073002BF0D0EA
:1044B0007B68DB68012B06D16F4B1B6A6E4A43F0A9
:1044C000010313622DE07B68DB68002B0CD16A4B83
:1044D0001B6A694A23F001031362674B1B6A664A31
:1044E00023F0040313621CE07B68DB68052B0CD10E
:1044F000614B1B6A604A43F0040313625E4B1B6A04
:104500005D4A43F0010313620BE05B4B1B6A5A4A9E
:1045100023F001031362584B1B6A574A23F004032C
:1045200013627B68DB68002B15D0FDF71BFF386139
:104530000AE0FDF717FF02463B69D31A41F28832C1
:10454000934201D90323B1E04B4B1B6A03F00203F2
:10455000002BEED014E0FDF705FF38610AE0FDF70F
:1045600001FF02463B69D31A41F28832934201D9D6
:1045700003239BE0404B1B6A03F00203002BEED1A8
:10458000FB7D012B05D13C4BDB693B4A23F080537B
:10459000D3617B68DB69002B00F08780364B5B685A
:1045A00003F00C03082B61D07B68DB69022B46D13A
:1045B000334B00221A60FDF7D5FE386108E0FDF7A5
:1045C000D1FE02463B69D31A022B01D903236DE0C9
:1045D000294B1B6803F00073002BF0D17B681B6A2A
:1045E000B3F5803F08D1244B5B6823F400327B682D
:1045F0009B68214913434B601F4B5B6823F4741283
:104600007B68196A7B685B6A0B431B4913434B60E9
:104610001B4B01221A60FDF7A5FE386108E0FDF78B
:10462000A1FE02463B69D31A022B01D903233DE0C8
:10463000114B1B6803F00073002BF0D035E0104BDA
:1046400000221A60FDF78EFE386108E0FDF78AFE51
:1046500002463B69D31A022B01D9032326E0064BFD
:104660001B6803F00073002BF0D11EE07B68DB6950
:10467000012B07D1012319E0001002400070004017
:10468000600042420B4B5B68FB60FB6803F48032C6
:104690007B681B6A9A4206D1FB6803F470127B6840
:1046A0005B6A9A4201D0012300E0002318461837C4
:1046B000BD4680BD0010024080B584B000AF786078
:1046C00039607B68002B01D10123D0E06A4B1B6865
:1046D00003F007033A689A4210D9674B1B6823F02E
:1046E000070265493B6813430B60634B1B6803F08B
:1046F00007033A689A4201D00123B8E07B681B683F
:1047000003F00203002B20D07B681B6803F0040336
:10471000002B05D0594B5B68584A43F4E063536063
:104720007B681B6803F00803002B05D0534B5B68C4
:10473000524A43F460535360504B5B6823F0F002DD
:104740007B689B684D4913434B607B681B6803F093
:104750000103002B40D07B685B68012B07D1474BDE
:104760001B6803F40033002B15D101237FE07B6825
:104770005B68022B07D1414B1B6803F00073002BD1
:1047800009D1012373E03D4B1B6803F00203002BAA
:1047900001D101236BE0394B5B6823F003027B6896
:1047A0005B68364913434B60FDF7DCFDF8600AE0B7
:1047B000FDF7D8FD0246FB68D31A41F288329342D6
:1047C00001D9032353E02D4B5B6803F00C027B6897
:1047D0005B689B009A42EBD1274B1B6803F00703F1
:1047E0003A689A4210D2244B1B6823F007022249F0
:1047F0003B6813430B60204B1B6803F007033A68C8
:104800009A4201D0012332E07B681B6803F0040365
:10481000002B08D0194B5B6823F4E0627B68DB68EF
:10482000164913434B607B681B6803F00803002B99
:1048300009D0124B5B6823F460527B681B69DB0074
:104840000E4913434B6000F021F802460B4B5B68A6
:104850001B0903F00F030A49CB5C22FA03F3094A50
:104860001360094B1B681846FDF73AFD00231846F4
:104870001037BD4680BD00BF00200240001002403E
:10488000D4890008080000200C00002080B487B004
:1048900000AF0023FB600023BB6000237B6100238B
:1048A0007B6000233B611E4B5B68FB60FB6803F091
:1048B0000C03042B02D0082B03D027E0194B3B61DB
:1048C00027E0FB689B0C03F00F03174AD35C7B6067
:1048D000FB6803F48033002B10D0114B5B685B0C3A
:1048E00003F00103114AD35CBB607B680D4A03FBF4
:1048F00002F2BB68B2FBF3F37B6104E07B680C4A15
:1049000002FB03F37B617B693B6102E0054B3B618A
:1049100000BF3B6918461C37BD4680BC704700BFCE
:104920000010024000127A00EC890008FC8900089F
:1049300000093D0080B400AF024B1B681846BD461D
:1049400080BC70470800002080B500AFFFF7F2FF81
:104950000246054B5B681B0A03F007030349CB5C67
:1049600022FA03F3184680BD00100240E4890008D3
:1049700080B500AFFFF7DEFF0246054B5B68DB0A40
:1049800003F007030349CB5C22FA03F3184680BD0A
:1049900000100240E489000880B485B000AF786060
:1049A0000A4B1B680A4AA2FB03235B0A7A6802FBD4
:1049B00003F3FB6000BFFB685A1EFA60002BF9D1BD
:1049C00000BF00BF1437BD4680BC70470800002000
:1049D000D34D621080B586B000AF786000233B6194
:1049E0000023FB607B681B6803F00103002B7DD074
:1049F0000023FB754F4BDB6903F08053002B0DD177
:104A00004C4BDB694B4A43F08053D361494BDB6924
:104A100003F08053BB60BB680123FB75464B1B68EA
:104A200003F48073002B18D1434B1B68424A43F4B4
:104A300080731360FDF796FC386108E0FDF792FC87
:104A400002463B69D31A642B01D903236DE03A4B2C
:104A50001B6803F48073002BF0D0364B1B6A03F401
:104A60004073FB60FB68002B2ED07B685B6803F40F
:104A70004073FA689A4227D02E4B1B6A23F4407386
:104A8000FB602E4B01221A602C4B00221A60294A2F
:104A9000FB681362FB6803F00103002B14D0FDF7E1
:104AA00061FC38610AE0FDF75DFC02463B69D31A00
:104AB00041F28832934201D9032336E01D4B1B6A31
:104AC00003F00203002BEED01A4B1B6A23F4407252
:104AD0007B685B68174913430B62FB7D012B05D193
:104AE000144BDB69134A23F08053D3617B681B6846
:104AF00003F00203002B08D00E4B5B6823F4404206
:104B00007B689B680B4913434B607B681B6803F011
:104B10001003002B08D0074B5B6823F480027B68EE
:104B2000DB68044913434B60002318461837BD4621
:104B300080BD00BF001002400070004040044242AF
:104B400080B582B000AF78607B68002B01D1012373
:104B500076E07B685B6A002B08D17B685B68B3F505
:104B6000827F09D07B680022DA6105E07B68002241
:104B70001A617B6800225A617B6800229A627B6816
:104B800093F85130DBB2002B06D17B68002283F80A
:104B900050207868FDF7CAF97B68022283F851201B
:104BA0007B681B681A687B681B6822F040021A60E9
:104BB0007B685B6803F482727B689B6803F4044340
:104BC0001A437B68DB6803F400631A437B681B6944
:104BD00003F002031A437B685B6903F001031A4385
:104BE0007B689B6903F400731A437B68DB6903F0FD
:104BF00038031A437B681B6A03F0800342EA03010F
:104C00007B689B6A03F400527B681B680A431A6046
:104C10007B689B691A0C7B681B6802F004025A606F
:104C20007B681B68DA697B681B6822F40062DA61C2
:104C30007B6800225A657B68012283F8512000239B
:104C400018460837BD4680BD80B588B000AFF86013
:104C5000B9603B601346FB80FDF784FBF861FB887D
:104C60007B83FB6893F85130DBB2012B01D0022328
:104C70002AE1BB68002B02D0FB88002B01D1012365
:104C800022E1FB6893F85030012B01D102231BE194
:104C9000FB68012283F85020FB68032283F851202F
:104CA000FB6800225A65FB68BA681A63FB68FA88D9
:104CB0009A86FB68FA88DA86FB6800229A63FB68AA
:104CC00000229A87FB680022DA87FB6800225A6478
:104CD000FB6800221A64FB689B68B3F5004F0FD194
:104CE000FB681B681A68FB681B6822F040021A60A8
:104CF000FB681B681A68FB681B6842F480421A60F4
:104D0000FB681B681B6803F04003402B07D0FB685F
:104D10001B681A68FB681B6842F040021A60FB6857
:104D2000DB68B3F5006F52D1FB685B68002B02D0E3
:104D30007B8B012B45D1FB681B6B1A88FB681B68BA
:104D4000DA60FB681B6B9A1CFB681A63FB68DB8EDE
:104D50009BB2013B9AB2FB68DA8632E0FB681B68C3
:104D60009B6803F00203022B12D1FB681B6B1A88AD
:104D7000FB681B68DA60FB681B6B9A1CFB681A6394
:104D8000FB68DB8E9BB2013B9AB2FB68DA8618E0C7
:104D9000FDF7E8FA0246FB69D31A3A689A4203D84B
:104DA0003B68B3F1FF3F02D13B68002B09D1FB68A0
:104DB000012283F85120FB68002283F8502003234E
:104DC00082E0FB68DB8E9BB2002BC7D153E0FB680F
:104DD0005B68002B02D07B8B012B47D1FB681A6BE1
:104DE000FB681B680C3312781A70FB681B6B5A1C2B
:104DF000FB681A63FB68DB8E9BB2013B9AB2FB68CF
:104E0000DA8633E0FB681B689B6803F00203022B21
:104E100013D1FB681A6BFB681B680C3312781A708D
:104E2000FB681B6B5A1CFB681A63FB68DB8E9BB22A
:104E3000013B9AB2FB68DA8618E0FDF793FA024666
:104E4000FB69D31A3A689A4203D83B68B3F1FF3F33
:104E500002D13B68002B09D1FB68012283F8512065
:104E6000FB68002283F8502003232DE0FB68DB8ED3
:104E70009BB2002BC6D1FA693968F86800F0C8FC0B
:104E80000346002B02D0FB6820225A65FB689B6812
:104E9000002B0AD100237B61FB681B68DB687B6108
:104EA000FB681B689B687B617B69FB68012283F858
:104EB0005120FB68002283F85020FB685B6D002BBB
:104EC00001D0012300E0002318462037BD4680BDF5
:104ED00080B588B002AFF860B9603B601346FB80D4
:104EE000FB6893F85130DBB2012B01D0022304E1BF
:104EF000FB685B68B3F5827F12D1FB689B68002B6F
:104F00000ED1FB68042283F85120FA883B68009395
:104F10001346BA68B968F86800F0F3F80346ECE0A5
:104F2000FDF720FA7861BB68002B02D0FB88002BCC
:104F300001D10123E1E0FB6893F85030012B01D14E
:104F40000223DAE0FB68012283F85020FB68042288
:104F500083F85120FB6800225A65FB68BA689A639F
:104F6000FB68FA889A87FB68FA88DA87FB68002270
:104F70001A63FB6800229A86FB680022DA86FB68C7
:104F800000221A64FB6800225A64FB689B68B3F530
:104F9000004F0FD1FB681B681A68FB681B6822F082
:104FA00040021A60FB681B681A68FB681B6822F4E1
:104FB00080421A60FB681B681B6803F04003402BAB
:104FC00007D0FB681B681A68FB681B6842F0400248
:104FD0001A60FB68DB68002B70D135E0FB681B684A
:104FE0009B6803F00103012B15D1FB681B6803F1DB
:104FF0000C02FB689B6B1278D2B21A70FB689B6B39
:105000005A1CFB689A63FB68DB8F9BB2013B9AB228
:10501000FB68DA8718E0FDF7A5F902467B69D31A29
:105020003A689A4203D83B68B3F1FF3F02D13B682C
:10503000002B09D1FB68012283F85120FB68002274
:1050400083F85020032358E0FB68DB8F9BB2002BD2
:10505000C4D138E0FB681B689B6803F00103012B97
:1050600013D1FB681B68DA68FB689B6B92B21A80ED
:10507000FB689B6B9A1CFB689A63FB68DB8F9BB297
:10508000013B9AB2FB68DA8718E0FDF76BF902463C
:105090007B69D31A3A689A4203D83B68B3F1FF3F61
:1050A00002D13B68002B09D1FB68012283F8512013
:1050B000FB68002283F8502003231EE0FB68DB8F8F
:1050C0009BB2002BC6D17A693968F86800F04EFBB4
:1050D0000346002B02D0FB6820225A65FB680122A0
:1050E00083F85120FB68002283F85020FB685B6D39
:1050F000002B01D0012300E0002318461837BD46DD
:1051000080BD80B58AB000AFF860B9607A607B80FE
:1051100001237B62FDF726F93862FB6893F8513072
:10512000FB77FB685B68BB617B88FB82FB7F012BA5
:105130000CD0BB69B3F5827F06D1FB689B68002B5E
:1051400002D1FB7F042B01D002237FE1BB68002B3F
:1051500005D07B68002B02D07B88002B01D1012376
:1051600074E1FB6893F85030012B01D102236DE10B
:10517000FB68012283F85020FB6893F85130DBB2C2
:10518000042B03D0FB68052283F85120FB68002222
:105190005A65FB687A689A63FB687A88DA87FB68E5
:1051A0007A889A87FB68BA681A63FB687A88DA8615
:1051B000FB687A889A86FB6800221A64FB680022E2
:1051C0005A64FB681B681B6803F04003402B07D040
:1051D000FB681B681A68FB681B6842F040021A6093
:1051E000FB68DB68B3F5006F7ED1FB685B68002B62
:1051F00002D0FB8A012B6CD1FB681B6B1A88FB6801
:105200001B68DA60FB681B6B9A1CFB681A63FB68FF
:10521000DB8E9BB2013B9AB2FB68DA8659E0FB68F1
:105220001B689B6803F00203022B1BD1FB68DB8E1B
:105230009BB2002B16D07B6A012B13D1FB681B6B32
:105240001A88FB681B68DA60FB681B6B9A1CFB689A
:105250001A63FB68DB8E9BB2013B9AB2FB68DA866D
:1052600000237B62FB681B689B6803F00103012B32
:1052700019D1FB68DB8F9BB2002B14D0FB681B6835
:10528000DA68FB689B6B92B21A80FB689B6B9A1C76
:10529000FB689A63FB68DB8F9BB2013B9AB2FB68A9
:1052A000DA8701237B62FDF75DF802463B6AD31A79
:1052B0003A6B9A420DD83B6BB3F1FF3F09D0FB68C4
:1052C000012283F85120FB68002283F85020032339
:1052D000BCE0FB68DB8E9BB2002BA0D1FB68DB8FB0
:1052E0009BB2002B9BD182E0FB685B68002B02D055
:1052F000FB8A012B71D1FB681A6BFB681B680C33AE
:1053000012781A70FB681B6B5A1CFB681A63FB68E7
:10531000DB8E9BB2013B9AB2FB68DA865DE0FB68EC
:105320001B689B6803F00203022B1CD1FB68DB8E19
:105330009BB2002B17D07B6A012B14D1FB681A6B30
:10534000FB681B680C3312781A70FB681B6B5A1CC5
:10535000FB681A63FB68DB8E9BB2013B9AB2FB6869
:10536000DA8600237B62FB681B689B6803F00103FD
:10537000012B19D1FB68DB8F9BB2002B14D0FB688B
:105380001B68DA68FB689B6BD2B21A70FB689B6B78
:105390005A1CFB689A63FB68DB8F9BB2013B9AB295
:1053A000FB68DA8701237B62FCF7DCFF02463B6A7D
:1053B000D31A3A6B9A4203D83B6BB3F1FF3F02D149
:1053C0003B6B002B09D1FB68012283F85120FB685D
:1053D000002283F85020032338E0FB68DB8E9BB269
:1053E000002B9CD1FB68DB8F9BB2002B97D13A6AD4
:1053F000396BF86800F00CFA0346002B08D0FB6804
:1054000020225A65FB68002283F8502001231DE00A
:10541000FB689B68002B0AD100233B61FB681B687B
:10542000DB683B61FB681B689B683B613B69FB6811
:10543000012283F85120FB68002283F85020FB688A
:105440005B6D002B01D0012300E0002318462837B4
:10545000BD4680BD80B588B000AF78607B681B68B2
:105460005B68FB617B681B689B68BB61BB699B09D0
:1054700003F00103002B0FD1BB6903F00103002BE4
:105480000AD0FB699B0903F00103002B04D07B6861
:105490001B6C78689847BEE0BB695B0803F00103AA
:1054A000002B0AD0FB69DB0903F00103002B04D0B9
:1054B0007B685B6C78689847ADE0BB695B0903F07B
:1054C0000103002B06D1BB699B0903F00103002BEC
:1054D00000F0A180FB695B0903F00103002B00F0E1
:1054E0009A80BB699B0903F00103002B23D07B68E2
:1054F00093F85130DBB2032B11D07B685B6D43F026
:1055000004027B685A6500237B617B681B68DB684B
:105510007B617B681B689B687B617B690BE0002378
:105520003B617B681B68DB683B617B681B689B6831
:105530003B613B696FE0BB695B0903F00103002B32
:1055400014D07B685B6D43F001027B685A650023D1
:10555000FB607B681B689B68FB607B681B681A6844
:105560007B681B6822F040021A60FB687B685B6DF9
:10557000002B4FD07B681B685A687B681B6822F041
:10558000E0025A607B68012283F85120FB6903F036
:105590000203002B04D1FB6903F00103002B34D07C
:1055A0007B681B685A687B681B6822F003025A609C
:1055B0007B68DB6C002B11D07B68DB6C174A5A636D
:1055C0007B68DB6C1846FDF795FB0346002B05D086
:1055D0007B685B6D43F040027B685A657B689B6C1F
:1055E000002B16D07B689B6C0C4A5A637B689B6CC3
:1055F0001846FDF77FFB0346002B0AD07B685B6DE6
:1056000043F040027B685A6503E0786800F008F8D0
:1056100000E000BF00BF2037BD4680BD3356000804
:1056200080B483B000AF786000BF0C37BD4680BC4B
:10563000704780B584B000AF78607B685B6AFB60C0
:10564000FB680022DA87FB680022DA86F868FFF739
:10565000E7FF00BF1037BD4680BD000080B588B0B1
:1056600000AFF860B9603B601346FB71FCF77AFE4F
:105670000246BB6A9B1A3A681344FB61FCF772FE50
:10568000B861394B1B685B011B0DFA6902FB03F320
:105690007B6154E03B68B3F1FF3F50D0FCF762FE02
:1056A0000246BB69D31AFA699A4202D9FB69002BF8
:1056B0003DD1FB681B685A68FB681B6822F0E0025A
:1056C0005A60FB685B68B3F5827F11D1FB689B6809
:1056D000B3F5004F04D0FB689B68B3F5806F07D12A
:1056E000FB681B681A68FB681B6822F040021A609E
:1056F000FB689B6AB3F5005F0FD1FB681B681A68F3
:10570000FB681B6822F400521A60FB681B681A6869
:10571000FB681B6842F400521A60FB68012283F8A0
:105720005120FB68002283F85020032317E07B6997
:10573000002B01D10023FB617B69013B7B61FB688E
:105740001B689A68BB681340BA689A420CBF012371
:105750000023DBB21A46FB799A429BD100231846FC
:105760002037BD4680BD00BF0800002080B586B050
:1057700002AFF860B9607A60FB685B68B3F5827F5E
:1057800011D1FB689B68B3F5004F04D0FB689B68A0
:10579000B3F5806F07D1FB681B681A68FB681B684C
:1057A00022F040021A60FB685B68B3F5827F17D174
:1057B000FB689B68B3F5806F12D17B680093BB6870
:1057C00000220121F868FFF749FF0346002B1AD099
:1057D000FB685B6D43F02002FB685A65032313E00E
:1057E0007B680093BB6800228021F868FFF736FFD2
:1057F0000346002B07D0FB685B6D43F02002FB687B
:105800005A65032300E0002318461037BD4680BDCB
:1058100080B586B002AFF860B9607A607B680093AB
:10582000BB6801220221F868FFF718FF0346002B2E
:1058300007D0FB685B6D43F02002FB685A650323C9
:1058400013E07B680093BB6800228021F868FFF7B3
:1058500005FF0346002B07D0FB685B6D43F0200279
:10586000FB685A65032300E0002318461037BD4645
:1058700080BD80B582B000AF78607B68002B01D11D
:10588000012342E07B6893F84130DBB2002B06D164
:105890007B68002283F840207868FCF79BFB7B68DC
:1058A000242283F841207B681B68DA687B681B68C8
:1058B00022F40052DA60786800F072F97B681B68A5
:1058C0001A697B681B6822F490421A617B681B6826
:1058D0005A697B681B6822F02A025A617B681B6840
:1058E000DA687B681B6842F40052DA607B68002249
:1058F0005A647B68202283F841207B68202283F849
:1059000042207B6800225A63002318460837BD46B0
:1059100080BD80B58AB002AFF860B9603B601346C5
:10592000FB8000237B61FB6893F84130DBB2202BC6
:1059300075D1BB68002B02D0FB88002B01D101235D
:105940006EE0FB6800225A64FB68212283F8412044
:10595000FCF708FD7861FB68FA889A84FB68FA888E
:10596000DA84FB689B68B3F5805F08D1FB681B692C
:10597000002B04D10023FB61BB68BB6103E0BB6863
:10598000FB610023BB612EE03B6800937B69002232
:105990008021F86800F048F80346002B05D0FB682A
:1059A000202283F8412003233AE0FB69002B0BD12E
:1059B000BB691B881A46FB681B68C2F308025A6061
:1059C000BB690233BB6107E0FB691A78FB681B689F
:1059D0005A60FB690133FB61FB68DB8C9BB2013BC6
:1059E0009AB2FB68DA84FB68DB8C9BB2002BCBD1CC
:1059F0003B6800937B6900224021F86800F014F8AE
:105A00000346002B05D0FB68202283F841200323A6
:105A100006E0FB68202283F84120002300E00223F7
:105A200018462037BD4680BD80B586B000AFF8600F
:105A3000B9603B601346FB713BE03B6AB3F1FF3F4B
:105A400037D0FCF78FFC02463B68D31A3A6A9A4279
:105A500002D33B6A002B01D103233AE0FB681B68A9
:105A6000DB6803F00403002B23D0BB68802B20D01D
:105A7000BB68402B1DD0FB681B681B6803F0080344
:105A8000082B16D100237B61FB681B681B687B61B8
:105A9000FB681B685B687B617B69F86800F01DF838
:105AA000FB6808225A64FB68002283F84020012327
:105AB0000FE0FB681B681A68BB681340BA689A421B
:105AC0000CBF01230023DBB21A46FB799A42B4D003
:105AD000002318461837BD4680BD80B495B000AF8E
:105AE00078607B681B680C337B637B6B53E8003FFB
:105AF0003B633B6B23F49073FB647B681B680C3344
:105B0000FA6C3A64FB63F96B3A6C41E80023BB63BF
:105B1000BB6B002BE5D17B681B6814333B623B6A8F
:105B200053E8003FFB61FB6923F00103BB647B6822
:105B30001B681433BA6CFA62BB62B96AFA6A41E84C
:105B400000237B627B6A002BE5D17B681B6B012BFA
:105B500019D17B681B680C33FB60FB6853E8003F7E
:105B6000BB60BB6823F010037B647B681B680C334D
:105B70007A6CBA617B617969BA6941E800233B615B
:105B80003B69002BE5D17B68202283F842207B68AB
:105B900000221A6300BF5437BD4680BC7047000026
:105BA00080B584B000AF78607B681B681B6923F404
:105BB00040517B68DA687B681B680A431A617B681E
:105BC0009A687B681B691A437B685B691343BB60F7
:105BD0007B681B68DB6823F4B05323F00C037A68FE
:105BE0001268B9680B43D3607B681B685B6923F458
:105BF00040717B689A697B681B680A435A617B68BD
:105C00001B682C4A934203D1FEF7B2FEF86002E013
:105C1000FEF79AFEF860FA6813469B0013449A0058
:105C20001A447B685B689B00B2FBF3F3224AA2FB39
:105C300003235B091901FA6813469B0013449A0079
:105C40001A447B685B689B00B2FBF3F21A4BA3FB20
:105C500002035B09642000FB03F3D31A1B013233F8
:105C6000154AA2FB03235B0903F0F0031944FA6809
:105C700013469B0013449A001A447B685B689B00A0
:105C8000B2FBF3F20C4BA3FB02035B09642000FBA5
:105C900003F3D31A1B013233074AA2FB03235B0928
:105CA00003F00F027B681B680A449A6000BF10373C
:105CB000BD4680BD003801401F85EB51002B2DE90A
:105CC000F0471D46BBBF03F100431D4600232D23B3
:105CD00088B01446B8BF1446129A109E1370149BD5
:105CE000DDF84CA023F02008B8F1460F05D0B8F13C
:105CF000450F00D10136022300E0032307AA0492D6
:105D000006AACDE902A2CDE9003622462B4600F0D4
:105D100083FEB8F1470F074619D1119BDB070ED55B
:105D200000EB06090022002320462946FAF73CFE34
:105D300008B1CDF81C903022079B4B451ED3384646
:105D4000079B159ADB1B136008B0BDE8F087B8F11C
:105D5000460F00EB0609E5D10378302B0AD100226B
:105D6000002320462946FAF71FFE18B9C6F101069E
:105D7000CAF80060DAF800309944D3E7591C07915B
:105D80001A70D9E7F7B50029B6BF2D232B23494256
:105D900009290270437029DD0DF107031D460A270A
:105DA000B1FBF7F61A4607FB1614303402F8014C23
:105DB0000C46632C314603F1FF33F1DC3031941E85
:105DC00003F8011C2346411CAB420AD30DF1090321
:105DD0009B1AAC4288BF002302330344181A03B055
:105DE000F0BD13F8016B01F8016FEDE7302330319E
:105DF0008370C170031DF1E72DE9F04F91B00C469F
:105E0000DDF8688016461F46054600F0F5FC03687D
:105E100018460893FAF79CF900230E93D8F800303F
:105E20000990073323F0070303F1080294F818A040
:105E3000D4F800B0C8F80020D3E9008929F0004365
:105E40000B93CDF828804FF0FF32DDE90A01C4E959
:105E500012899C4BFAF7DAFD70BBDDE90A014FF0BD
:105E6000FF32984BFAF7B4FD30BB002200234046C6
:105E70004946FAF7A3FD10B12D2384F84330924A26
:105E8000924BBAF1470F8CBF9046984603234FF0D0
:105E9000000923612BF00403236033462146284682
:105EA00000970FAA00F0D4F9013040F090804FF035
:105EB000FF3011B0BDE8F08F42464B4640464946A0
:105EC000FAF7A4FD48B14B46002BB8BF2D23804AFA
:105ED000B8BF84F843307F4BD3E763680AF0DF0133
:105EE0005A1C3FD10623636000224BF48063236079
:105EF00006920EAACDE904A20DAA03920DF1330277
:105F0000CDE9013263684246009328464B460A9128
:105F1000FFF7D4FE0A99804647290D9928D1C81C5D
:105F200002DB6368994240DDAAF1020A5FFA8AFA4D
:105F30005246013904F150000D91FFF723FF0E9AEC
:105F400081461318012A236102DC2268D20701D599
:105F5000013323619DF83330002B9ED02D2384F82C
:105F600043309AE74729BFD1002BBDD10123BAE7BF
:105F7000BAF1650FDCD9BAF1660F18D10029636850
:105F80000BDD216113B92268D00702D501330B4420
:105F900023614FF00009A165DCE713B92268D2073D
:105FA00001D50233F4E70123F2E74FF0670A0E9BB5
:105FB000994205DB23682161D807EAD54B1CE7E746
:105FC0000029CCBF0122C1F102021344E0E723689B
:105FD0005A0507D42369424631462846B84701305E
:105FE0002BD164E7BAF1650F40F2DC80D4E91201ED
:105FF00000220023FAF7D8FC002833D001233146D1
:106000002846354AB84701303FF451AFDDE90D3835
:10601000434502DB2368D8070FD5DDE90823314665
:106020002846B84701303FF442AF4FF0000908F16D
:10603000FF3804F11A0AC84509DC23689B0700F100
:106040000281E0680F9B9842B8BF184631E70123F0
:10605000524631462846B84701303FF428AF09F18F
:106060000109E8E70D9B002B38DC01233146284667
:10607000194AB84701303FF41AAFDDE90D3959EA42
:10608000030302D12368D907D7D5DDE908233146B8
:106090002846B84701303FF40AAF4FF0000A04F138
:1060A0001A0B0D9B5B42534501DC4B4693E70123E2
:1060B0005A4631462846B84701303FF4F8AE0AF157
:1060C000010AEEE7FFFFEF7F028A0008FE89000861
:1060D0000A8A0008068A00080E8A0008A36DDDF807
:1060E00038A05345A8BF5346002B994636DC4FF0E5
:1060F000000B29EAE97904F11A02A36D0A93A3EBD4
:1061000009035B4531DC0D9B9A453ADC2368DA07CD
:1061100037D40D9BAAEB03090A9BAAEB030399450D
:10612000A8BF9946B9F1000F33DC4FF0000829EA07
:10613000E97904F11A0B0D9BAAEB0303A3EB090306
:1061400043457FF77AAF01235A4631462846B84780
:1061500001303FF4ACAE08F10108ECE742463146AD
:106160002846B8470130C2D1A1E60123314628466E
:106170000A92B84701303FF49AAE0A9A0BF1010B2C
:10618000BBE73146DDE908232846B8470130C0D1D6
:106190008DE60A9A4B46314628464244B8470130BC
:1061A000C3D184E6DDF838A0BAF1010F01DCDB07CA
:1061B00036D50123424631462846B84701303FF4E0
:1061C00076AEDDE9082331462846B84701303FF472
:1061D0006EAED4E91201002200230AF1FF3AFAF769
:1061E000E3FBC0B9534608F1010231462846B847DF
:1061F00001300CD15BE601235A4631462846B847A8
:1062000001303FF454AE08F10108D045F3DB4B46B2
:1062100004F15002E0E64FF0000804F11A0BF4E735
:1062200001234246E1E701234A4631462846B84762
:1062300001303FF43CAE08F10108E3680F995B1AA6
:106240004345F0DCFDE64FF0000804F11909F4E7DE
:106250002DE9F047164698468A680B69074693422F
:10626000B8BF1346336091F843200C46DDF8209008
:106270000AB1013333602368990642BF33680233A1
:106280003360256815F0060506D104F1190AE368A4
:1062900032689B1AAB422BDC94F843302268003BF7
:1062A00018BF0123920630D44146384604F1430218
:1062B000C847013023D02368226903F00603042B6A
:1062C00014BF002533684FF0000608BFE56804F1ED
:1062D0001A0408BFED1A54F8123C08BF25EAE57508
:1062E0009342C4BF9B1AED18B5421AD1002008E0B2
:1062F0000123524641463846C847013003D14FF08A
:10630000FF30BDE8F0870135C1E73020E11881F8A2
:1063100043005A1C94F845102244023382F843107B
:10632000C2E70123224641463846C8470130E6D03D
:106330000136D9E72DE9FF470F7E9146782F804639
:106340000C469A460C9E01F1430207D8622F0AD8E8
:10635000002F00F0D180582F00F0B88004F14206E1
:1063600084F842703AE0A7F16303152BF6D801A137
:1063700051F823F0CD630008E16300085D63000875
:106380005D6300085D6300085D630008E163000869
:106390005D6300085D6300085D6300085D630008DD
:1063A000DF6400080B640008996400085D6300085E
:1063B0005D630008016500085D6300080B64000868
:1063C0005D6300085D630008A164000833681A1D5E
:1063D0001B68326004F1420684F8423001239CE0DD
:1063E00033682068191D3160060601D51D6803E079
:1063F0004506FBD5B3F90050002D03DA2D236D427D
:1064000084F843300A23584811E0216833680806AD
:1064100053F8045B02D4490648BFADB26F2F336016
:1064200014BF0A2308235048002184F843106668EB
:10643000002EA66005DB21682E4321F004012160B7
:106440004BD01646B5FBF3F103FB1157C75D06F8B9
:10645000017D2F46BB420D46F4D9082B0BD1236892
:10646000DF0708D5236961689942DEBF302306F84B
:10647000013C06F1FF36921B22614B462146404605
:10648000CDF800A003AAFFF7E3FE01304AD14FF098
:10649000FF3004B0BDE8F087236843F02003236099
:1064A0007827324884F84570236831681F0651F810
:1064B000045B02D45F0648BFADB23160D90744BF68
:1064C00043F0200323601DB11023ADE72648E9E720
:1064D000236823F020032360F6E71646BDE7336800
:1064E0002568181D616930602E061B6801D519608A
:1064F00002E06806FBD51980002316462361BCE73D
:10650000336800211A1D32601E686268304600F050
:10651000EAF908B1801B606063682361002384F896
:106520004330AAE73246494640462369D047013006
:10653000ADD023689B0713D4E068039B9842B8BF93
:106540001846A6E70123324649464046D047013067
:106550009DD00135E36803995B1AAB42F2DCEBE7AF
:10656000002504F11906F5E7108A0008218A0008C1
:10657000002310B50446C0E90033C0E9043383604A
:1065800081814366C2818361194608225C3000F034
:106590002AF90D4B246263620C4BA3620C4BE3623D
:1065A0000C4B23630C4B9C4206D003F168029442CF
:1065B00002D0D0339C4205D104F15800BDE8104010
:1065C00000F08EB910BD00BF616700088367000846
:1065D000BB670008DF67000890030020024A0349F8
:1065E000034800F069B800BF140000206182000871
:1065F0002400002041680C4B10B59942044601D09C
:1066000001F02EFEA168094B994202D0204601F00C
:1066100027FEE168064B994204D02046BDE81040B1
:1066200001F01EBE10BD00BF90030020F803002043
:106630006004002010B50B4B0B4C0C4A20461A602E
:1066400004210022FFF794FF04F1680001220921D0
:10665000FFF78EFF04F1D0000222BDE810401221A6
:10666000FFF786BFC804002090030020DD65000806
:10667000014800F036B900BFD1040020014800F005
:1066800031B900BFD104002010B50446FFF7F0FF78
:10669000236A1BB1BDE81040FFF7F0BF044B236233
:1066A000044B1B68002BF5D1FFF7C4FFF2E700BFD6
:1066B000F5650008C80400202DE9F8430746884620
:1066C00014460026D4E90195B9F1010905D52468DD
:1066D000002CF7D13046BDE8F883AB89012B07D9F0
:1066E000B5F90E30013303D029463846C04706437A
:1066F0006835E9E70CB430B5184B0C1E1D689DB029
:1067000008DA8B234FF0FF302B601DB0BDE830401E
:1067100002B070474FF40273ADF814304FF000032D
:106720001B930CBF234604F1FF33049307934FF6EA
:10673000FF7302900690ADF81630284621AB209AE0
:1067400002A9019301F010FC431CBCBF8B232B60FA
:10675000002CDAD00022029B1A70D6E7200000201D
:1067600010B50C46B1F90E1000F06CF80028ABBF64
:10677000636DA3891B1823F48053ACBF6365A381A9
:1067800010BD2DE9F0411F468B890546DB050C46FF
:10679000164605D502230022B1F90E1000F040F88C
:1067A000A389324623F48053A38128463B46B4F99B
:1067B0000E10BDE8F04100F057B810B50C46B1F925
:1067C0000E1000F02DF8431CA38915BF606523F45B
:1067D000805343F48053A38118BFA38110BDB1F946
:1067E0000E1000F00DB803460244934200D17047EA
:1067F00003F8011BF9E70000004870476001002022
:1068000038B50023054D044608462B60FBF7BFFC56
:10681000431C02D12B6803B1236038BDCC04002097
:1068200038B50446084611460022054D2A601A462E
:10683000FBF7D1FC431C02D12B6803B1236038BDA8
:10684000CC04002038B50446084611460022054D08
:106850002A601A46FBF762FC431C02D12B6803B185
:10686000236038BDCC04002038B5044608461146E4
:106870000022054D2A601A46FBF76DFC431C02D12D
:106880002B6803B1236038BDCC040020014B18688D
:10689000704700BF2000002070B500260C4D0D4C45
:1068A000641BA410A64209D102F076F800260A4D16
:1068B0000A4C641BA410A64205D170BD55F8043BD8
:1068C00098470136EEE755F8043B98470136F2E762
:1068D0007C8D00087C8D00087C8D0008808D000870
:1068E000704770477047034610B5C9B202449342DF
:1068F000184601D1002003E0047801338C42F6D120
:1069000010BD2DE9F74F03690C690746A3427EDBF2
:10691000013CA30000F1140501F11408009305EBFC
:106920008403019358F8243055F8242001339A4207
:10693000B2FBF3F608EB84092ED34FF0000AC446ED
:10694000AE46D3465CF8043B98B206FB00A01B0C95
:10695000020C06FB0323DEF8002080B292B2121A6A
:106960005A44DEF800004FEA134A9BB2C3EB2243BD
:1069700003EB104392B242EA0342E1454FEA234B54
:106980004EF8042BDED2009BEB582BB9019B043B45
:106990009D421A462FD33C61384601F081F9002808
:1069A00025DB2946002058F8042BD1F800C01FFA37
:1069B00082FE1FFA8CF3A3EB0E030344120CC2EB0E
:1069C000234202EB1C429BB243EA0243C1454FEA19
:1069D000224041F8043BE6D255F8242005EB84031D
:1069E00022B9043B9D421A460BD33C610136304626
:1069F00003B0BDE8F08F1268043B002ACBD1013C04
:106A0000C6E71268043B002AEFD1013CEAE7002008
:106A1000EEE70000000000002DE9F04F14461D468F
:106A2000C76997B08146CDE90645239E7FB91020FE
:106A300000F00EFE0246C9F81C0020B9EF21AC4B55
:106A4000AC4801F06DFCC0E901770760C760D9F878
:106A50001C30196859B15A68012393404A608B6011
:106A6000484600F0EBFE0022D9F81C301A602B1EBD
:106A7000AFBF0023012223F000430793A8BF336078
:106A8000DDF81C809C4BB8BF326033EA080312D19A
:106A900042F20F73229A1360C8F31303234300F0EA
:106AA0005E85249BDFF854A2002B00F060850AF17C
:106AB000030300F05ABDDDE90623CDE90C23DDE92F
:106AC0000C0100220023F9F76FFF074658B101239C
:106AD000229A1360249B13B1894B249A1360DFF828
:106AE00024A200F044BD14AB019315AB00934846BB
:106AF000DDE90C2301F084F9C8F30A560390002E57
:106B000078D0DDE90C010D9BA6F2FF36C3F3130329
:106B100043F07F5343F440131297194600227A4BF7
:106B2000F9F722FB6CA3D3E90023F9F7D5FC6CA39A
:106B3000D3E90023F9F71AFB044630460D46F9F76E
:106B400061FC69A3D3E90023F9F7C6FC02460B46B2
:106B500020462946F9F70AFB04460D46F9F76CFF73
:106B600000220746002320462946F9F727FF40B1B7
:106B70003846F9F747FC22462B46F9F715FF00B9CE
:106B8000013F162F54D8DDE90C01604B03EBC7031E
:106B9000D3E90023F9F712FF00284BD00023013F6F
:106BA0000F93149B9B1B5A1E49BFC3F10103002383
:106BB00004930023099254BF04930993002F3BDBF5
:106BC000099B0E973B44099300230A93209B092BB2
:106BD00065D8052BC4BF043B2093209BC8BF00246D
:106BE000A3F10203D8BF0124032B64D8DFE803F02C
:106BF0005355382CDDE914631E4406F23243202B32
:106C0000C1BFC3F1400308FA03F806F2124324FAA5
:106C100003F3D6BFC3F1200348EA030004FA03F0EC
:106C2000F9F7E0FB0122A1F1F873013E129274E73B
:106C30000123B5E70F90B4E7049BDB1B04937B4271
:106C40000A9300230E93C1E701230B93219B07EBCB
:106C5000030B0BF10103012B0893B8BF012306E0DE
:106C600001230B93219B002B28DD9B4608930021D9
:106C70000422D9F81C0002F114059D4226D9416076
:106C8000484600F09BFD8246002843D1024640F270
:106C9000AF111F4BD4E60023E3E70023D5E701241F
:106CA00000230B9420934FF0FF3B00221223CDF8DA
:106CB00020B02192DBE701230B93F4E74FF0010BA7
:106CC0005B46CDF820B0CDF884B0D0E7013152005A
:106CD000D1E700BFAFF3008061436F63A787D23F66
:106CE000B3C8608B288AC63FFB799F501344D33FBB
:106CF0003F8A0008568A00080000F07F3B8A00089F
:106D00000F8A00080E8A00080000F83FA88B0008D0
:106D1000AE8A0008D9F81C301860089B0E2B00F2D0
:106D2000A180002C00F09E80002F33DD9C4B07F0EB
:106D30000F0203EBC203F805D3E90034CDE91034A8
:106D40004FEA271416D5DDE90C01964B0326D3E94B
:106D50000823F9F7EBFCCDE9060104F00F04914D8F
:106D600054B9DDE91023DDE90601F9F7DFFCCDE9CF
:106D7000060128E00226F2E7E10708D5DDE9100167
:106D8000D5E90023F9F7A8FBCDE91001013664101D
:106D90000835E5E700F0AF80DDE90C017C42804B6F
:106DA00004F00F0203EBC203D3E90023F9F794FBCD
:106DB00002260023CDE906017A4D2411002C40F073
:106DC0008F80002BD3D1DDE906450F9B002B00F00F
:106DD0009480002220462946734BF9F7EFFD0028E6
:106DE00000F08B80089B002B00F08780BBF1000F28
:106DF00034DD2046002229466C4BF9F76DFB5C46DA
:106E0000CDE9060107F1FF3801363046F9F7FAFA05
:106E1000DDE90623F9F760FB0022654BF9F7A6F9D7
:106E20000546A1F15076002C6AD1DDE90601002269
:106E3000604BF9F799F902460B46CDE906232A463D
:106E40003346F9F7D9FD002840F09882DDE90601C4
:106E50002A4606F10043F9F7B1FD38BBDDE90C34F1
:106E6000CDE90634159B002BC0F257810E2F00F39D
:106E700054814B4B03EBC703D3E90034CDE9043411
:106E8000219B002B80F2E580089B002B00F3E18022
:106E90000CD1DDE904010022464BF9F71DFBDDE9C9
:106EA0000623F9F79FFD002800F06682002425469E
:106EB000219B56466FEA030800272146484600F00A
:106EC000BDFC002D00F0BD802FB1AF4203D039468C
:106ED000484600F0B3FC2946484600F0AFFCB0E05D
:106EE000E20705D5D5E90023F9F7F6FA01230136C3
:106EF0006410083562E7022665E7B846089C84E717
:106F0000274B0B9903EBC40353E902235444002994
:106F100054D000202849F9F709FC33462A46F9F7EE
:106F200023F95646CDE91001DDE90601F9F784FDA4
:106F30000546F9F767FA02460B46DDE90601F9F75F
:106F400013F902460B463035CDE90623DDE910235F
:106F500006F8015BF9F732FD002872D1DDE906235E
:106F600000201149F9F700F9DDE91023F9F726FDB2
:106F7000002840F0B480A6423FF470AFDDE9100174
:106F800000220A4BF9F7A8FA0022CDE91001DDE949
:106F90000601064BF9F7A0FACDE90601C4E700BFE8
:106FA000A88B0008808B00080000F03F0000244000
:106FB00000001C40000014400000E03F314628461D
:106FC000F9F78AFA5646CDE910011394DDE9060176
:106FD000F9F732FD0546F9F715FA02460B46DDE9E9
:106FE0000601F9F7C1F802460B46303506F8015B99
:106FF000A642CDE906234FF0000224D1DDE91001BD
:10700000AE4BF9F7B3F802460B46DDE90601F9F796
:10701000F3FC002863D1DDE910230020A749F9F72C
:10702000A3F802460B46DDE90601F9F7C7FC002884
:107030003FF414AF139E731E139316F8013C302BCC
:10704000F8D047463BE09E4BF9F746FACDE90601FA
:10705000BCE75646DDE90645DDE90423204629461E
:10706000F9F764FBF9F7E8FC8046F9F7CBF9DDE9BD
:107070000423F9F731FA02460B4620462946F9F770
:1070800073F808F13004089D06F8014BA6EB0A04DA
:10709000A54202460B4633D1F9F768F8DDE904232F
:1070A00004460D46F9F7A8FCC0B9DDE904232046E3
:1070B0002946F9F779FC10B118F0010F0ED14846B6
:1070C000039900F0BBFB00233370229B01371F6044
:1070D000249B002B00F04B821E6048E2B8463346EA
:1070E0001E4613F8012D392A06D19A45F8D13022CF
:1070F00008F101088AF800201A7801321A70A0E716
:1071000000226F4BF9F7E8F90022002304460D46F0
:10711000F9F74AFC00289FD0D1E70B9A002A00F02B
:10712000EA80209A012A00F3CD80129A002A00F00A
:10713000C18003F233430A9C049E049A01211A443D
:107140000492099A48461A44099200F02BFC05461D
:1071500066B1099B002B09DDB342A8BF3346049AF0
:10716000F61AD21A0492099AD31A09930A9B0BB3FE
:107170000B9B002B00F0C680002C00F0C08029463D
:107180002246484600F0C6FC039A0146054648469A
:1071900000F01EFC03998046484600F04FFB0A9B16
:1071A0001B1B0A9300F0B18041460A9A484600F042
:1071B000B1FC03900121484600F0F4FB0E9B04460D
:1071C000002B00F0D8811A460146484600F0A2FC88
:1071D000209B0446012B00F39F80069B002B40F070
:1071E0009780079BC3F31303002B40F09380079B0A
:1071F00023F000431B0D1B0533B1049B01330493A3
:10720000099B0133099301230A930E9B002B00F085
:10721000B881236904EB8303186900F077FBC0F1A0
:107220002000099B184410F01F0000F08280C0F17C
:107230002003042B73DD049BC0F11C000344049362
:10724000099B064403440993049B002B05DD1A4661
:107250004846039900F0B8FC0390099B002B05DD1C
:1072600021461A46484600F0AFFC04460F9B002B0F
:1072700061D02146039800F013FD00285BDA00235B
:107280000A224846039900F0FBFA0B9B07F1FF38EE
:107290000390002B00F07781294600230A224846FC
:1072A00000F0EEFABBF1000F05466FDC209B022BCD
:1072B00049DC6BE0149BC3F136033CE70000E03F80
:1072C00000002440089B5C1E0A9BA34209DB1C1B98
:1072D000089B002BBFF630AF049B089A9E1A002330
:1072E0002BE70A9B0E9AE31A1A440A94049E002480
:1072F000089B0E9221E70A9C049E0B9D28E7DDF86F
:107300000C8051E70A9A039950E7CDF80C8051E7B9
:10731000002379E7069B77E700230A9379E793D068
:10732000049A1C331A440492099A1E441A4409927E
:107330008AE70346F4E7089BB846002B20DC9B460F
:10734000209B022B1EDDBBF1000F7FF4B1AD214667
:107350005B460522484600F093FA0146044603982E
:1073600000F09EFC00287FF7A3AD5646312308F1BC
:10737000010806F8013B9FE5B846089C2546F4E75E
:10738000DDF820B00B9B002B00F00181002E05DD05
:1073900029463246484600F017FC05460A9B002B5A
:1073A0005CD04846696800F009FA064628B90246EA
:1073B00040F2EF21804BFFF743BB2A6905F10C0136
:1073C000023292000C3000F09DFF01223146484607
:1073D00000F0FAFB2F4605460AF1010304930AEB7D
:1073E0000B030A93069B03F001030993049B2146B8
:1073F000039803F1FF3BFFF784FA03463946303325
:10740000069003980B9300F04BFC2A460890214607
:10741000484600F061FCC26806460B9B02BB014671
:10742000039800F03DFC02460B9B31464846CDE9EF
:107430000B3200F003FA209B0C9A049E42EA0301EF
:10744000099B19430B9B0DD1392B27D0089A002A91
:1074500001DD069B31338BF800302EE52846B9E775
:107460000122E2E70899002904DB209801430998EA
:10747000014320D1002AEEDD0122039948460493FE
:1074800000F0A2FB2146039000F00AFC0028049BB8
:1074900002DCE0D1DA07DED5392BDAD139238BF8DB
:1074A000003033461E4616F8012C013B392A4ED0D7
:1074B00001321A7001E5002A03DD392BEED00133C9
:1074C000C9E7049A0A9902F8013C8A4228D00023AD
:1074D0000A220399484600F0D3F9AF4203904FF0D7
:1074E00000034FF00A023946484607D100F0C8F9B8
:1074F00007460546049B0133049377E700F0C0F983
:107500002946074600230A22484600F0B9F90546F5
:10751000F0E7BBF1000FCCBF5E46012600275644C2
:10752000012203994846049300F04EFB2146039044
:1075300000F0B6FB0028B4DC02D1049BDB07B0D41A
:1075400033461E4613F8012D302AFAD0B5E49A4589
:10755000A8D1312308F101088AF80030ADE4249B5A
:10756000DFF858A01BB10AF10803249A13605046B3
:1075700017B0BDE8F08F209B012B7FF72EAE0E9B3E
:107580000A9301204DE6BBF1000F7FF7D9AE5646B6
:1075900021460398FFF7B5F900F1300306F8013BE7
:1075A000A6EB0A029345B4DD00230A22484603995C
:1075B00000F066F90390EBE7AE8A0008328A000813
:1075C00038B50546002940D051F8043C0C1F002B6B
:1075D000B8BFE41800F0E6F81C4A136833B96360DA
:1075E00014602846BDE8384000F0E2B8A34208D94C
:1075F000206821188B4201BF19685B680918216057
:10760000EDE71A465B680BB1A342FAD9116850182E
:10761000A0420BD120680144501883421160E0D190
:1076200018685B68084410605360DAE702D90C23DD
:107630002B60D6E7206821188B4201BF19685B6870
:107640000918216063605460CBE738BDD80400207E
:10765000024B0146186800F025B800BF200000204A
:1076600070B50F4E0C463168054611B900F03AFE70
:1076700030602146284600F035FE431C03D14FF010
:10768000FF34204670BDC41C24F00304A042F8D08F
:10769000211A284600F026FE0130F2D1EFE700BFA4
:1076A000D40400202DE9F843CD1C25F0030508354E
:1076B0000C2D38BF0C25002D064601DBA94204D94C
:1076C0000C2333600020BDE8F883DFF8D48000F09D
:1076D00069F8D8F800301C4644BB29463046FFF70D
:1076E000BFFF431C044658D1D8F800402746002F5E
:1076F00043D1002C4BD023683946304604EB0309B4
:1077000000F0F0FD814542D1216830466D1A2946CE
:10771000FFF7A6FF01303AD023682B442360D8F846
:1077200000305A6862BBC8F800700FE02268521B34
:1077300020D40B2A17D96119A342256018BF5960BC
:10774000636808BFC8F8001062514B60304600F013
:107750002FF804F10B00231D20F00700C21A1CBFF4
:107760001B1AA350AFE76268A3420CBFC8F8002001
:107770005A60EBE723466468AEE73C467F68B6E7AD
:107780001A465B68A342FBD100235360DEE70C235B
:107790003046336000F00CF894E70560D6E700BF90
:1077A000D80400200148FFF79CB800BFD004002097
:1077B0000148FFF797B800BFD004002070B5C66934
:1077C00004460D4676B91020FFF742FF0246E061FD
:1077D00020B96B21174B184800F0A2FDC0E90166E3
:1077E0000660C660E669F36883B1E369DB6853F855
:1077F0002500B8B9012101FA05F6721D2046920054
:1078000000F0ACFD60B1C0E901560EE02122042178
:10781000204600F0A3FDE369F060DB68002BE4D1B3
:10782000002070BD026843F825200023C0E903331F
:10783000F7E700BF3F8A0008BF8A000870B5C66935
:1078400005460C4676B91020FFF702FF0246E861B4
:1078500020B98F21084B094800F062FDC0E901669C
:107860000660C6603CB1EB696268DB6853F82210C1
:10787000216043F8224070BD3F8A0008BF8A00089B
:107880002DE9F04107460C461E4600200D6901F126
:10789000140CDCF80030013099B202FB01611E0CBF
:1078A0000B0C02FB063389B201EB034185424FEA20
:1078B00013464CF8041BECDC0EB3A368AB4219DC96
:1078C000616838460131FFF779FF804628B90246E2
:1078D000BA210C4B0C4800F023FD226904F10C0185
:1078E000023292000C3000F00DFD21463846FFF7C1
:1078F000A5FF444604EB850301355E612561204602
:10790000BDE8F081AE8A0008BF8A00080346B0F5E2
:10791000803F3ABF030410200020B3F1807F3CBFBA
:107920001B020830B3F1805F3CBF1B010430B3F190
:10793000804F3CBF9B000230002B05DB13F0804FD3
:1079400000F1010008BF202070470368024613F0D1
:1079500007000BD0D90721D4980749BF5B089B08C3
:10796000012013605CBF02201360704799B209B90F
:1079700010201B0CD9B209B908301B0A190704BF23
:107980001B090430990704BF9B080230D90703D4B0
:107990005B0800F1010003D01360704700207047BE
:1079A0002020704710B50C460121FFF707FF024663
:1079B00028B940F24511044B044800F0B1FC012302
:1079C0004461036110BD00BFAE8A0008BF8A000891
:1079D0002DE9F04F17460A693B6989469A42A2BFD2
:1079E0003B460F4699463D69D9F810A0BB687968B7
:1079F00005EB0A06B34285B0B8BF0131FFF7DEFEE2
:107A000030B902464FF4B171404B414800F088FC58
:107A100000F114042346002204EB860E734520D3A4
:107A200007F1140809F1140108EB850501EB8A033D
:107A30000293EB1B153B23F0030304331537BD42C0
:107A400038BF04230193029B03918B420CD8002E74
:107A500003DD5EF8043D002B55D0066105B0BDE89E
:107A6000F08F43F8042BD9E7B1F800A0BAF1000F6A
:107A70001FD0C446A14600275CF8042BD9F800307B
:107A80001FFA82FB9BB20AFB0B333B44D9F8007010
:107A9000120C3F0C0AFB027202EB13429BB243EA48
:107AA000024365454FEA124749F8043BE4D8019B7D
:107AB000E750039B0431B3F80290B9F1000F20D0D6
:107AC0004746A4464FF0000A2368B7F800B0BCF858
:107AD00002209BB209FB0B22524443EA02434CF8BA
:107AE000043B57F8043B4FEA134ABCF80030BD4250
:107AF00009FB0A3303EB12434FEA134AE5D8019A14
:107B0000A35004349FE7013EA1E700BFAE8A0008FE
:107B1000BF8A00082DE9F843154612F00302074614
:107B20000E4607D0254C013A002354F82220FFF7D7
:107B3000A7FE0646AD103DD0FC697CB91020FFF7CA
:107B400087FD0246F86128B940F2B3111C4B1D486D
:107B500000F0E6FBC0E901440460C460D7F81C8073
:107B6000D8F808404CB940F271213846FFF71AFFA7
:107B700000230446C8F8080003604FF00009EB0733
:107B80000AD5314622463846FFF722FF8046314665
:107B90003846FFF753FE46466D100BD0206838B9C3
:107BA000224621463846FFF713FF2060C0F80090B8
:107BB0000446E4E73046BDE8F88300BF708B000858
:107BC0003F8A0008BF8A00082DE9F0470C460746A7
:107BD00091462369496803EB6218A3684FEA621A69
:107BE00008F10106B3420BDB3846FFF7E7FD054617
:107BF00048B902464FF4EF71274B284800F090FB3C
:107C000001315B00EEE7002300F1140100F11002E6
:107C10001846534533DB20692AEAEA7A04F1140353
:107C200019F01F0901EB8A0103EB800C2BD08A4667
:107C30000022C9F1200E186800FA09F010434AF832
:107C4000040B53F8042B9C4522FA0EF2F3D8ACEB4C
:107C50000403153B23F00303043304F115006045CE
:107C600088BF0423CA500AB108F10206013E384613
:107C700021462E61FFF7E2FD2846BDE8F08742F875
:107C8000040F0133C5E7043953F8042B9C4541F830
:107C9000042FF9D8EAE700BFAE8A0008BF8A0008BF
:107CA00003460A69006930B5801A0ED114331431C5
:107CB00003EB820401EB820154F8045D51F8042DBA
:107CC000954203D005D24FF0FF3030BDA342F3D32D
:107CD000FBE70120F9E700002DE9F74F894606464A
:107CE000114648461446FFF7DBFF051E12D1294610
:107CF0003046FFF763FD024628B940F237213E4B7C
:107D00003E4800F00DFB0123C0E90435104603B0E6
:107D1000BDE8F08FBCBF4B46A1463046D9F80410F1
:107D2000BABF1C4601250025FFF748FD024618B9D9
:107D300040F24521304BE3E700F1140BD9F8107005
:107D400009F11003C5604FF0000C09F11405D94684
:107D5000266904F1140E05EB87080EEB86060193E5
:107D6000019B5EF8040B53F804AF81B201931FFA34
:107D70008AF35B1A000C6344C0EB1A4000EB23400B
:107D80009BB243EA004376454FEA204C49F8043B56
:107D9000E6D8331B153B23F0030315340433A64206
:107DA00038BF04231D445B441E462C4644450ED375
:107DB00008F10301491B21F00301033DA84538BF29
:107DC00000210B4453F8041D99B117619EE7E64664
:107DD00054F8041B1FFA81FCF444080C714400EBB6
:107DE0002C4089B241EA00414FEA204C46F8041B7E
:107DF000DCE7013FE6E700BFAE8A0008BF8A000863
:107E00002DE97343012190469946089EFFF7D6FC61
:107E1000044630B9024640F20F31234B234800F0AC
:107E20007FFAC9F30A55C9F313030DB143F4801364
:107E30000193B8F1000324D068460093FFF785FD55
:107E4000DDE90012D8B1C0F1200302FA03F30B43BD
:107E5000C24063610192019B002B0CBF01220222F0
:107E6000A3612261ADB1A5F2334505443560C0F18F
:107E70003500099B1860204602B0BDE8708361613F
:107E8000E9E701A8FFF761FD019B01226361203052
:107E9000E7E7A0F2324004EB820330601869FFF795
:107EA00035FDC0EB4210E4E7AE8A0008BF8A000847
:107EB0002DE9F0471F468E688246BE420C4690462A
:107EC0000B682DD8B1F90C2012F4906F26D065699B
:107ED000096905EB4505A3EB010905EBD5757B1C8D
:107EE0004B446D109D4238BF1D46530527D529468A
:107EF000FFF7D8FB064660B34A46216900F002FA54
:107F0000A38923F4906343F08003A38126614E4448
:107F100026603E466561A5EB0905A560BE4200D915
:107F20003E4632464146206800F0C2F90020A36870
:107F30009B1BA360236833442360BDE8F0872A4677
:107F400000F032FA06460028E0D150462169FFF7DA
:107F500037FB0C23CAF80030A3894FF0FF3043F001
:107F60004003A381E9E700002DE9F04F98468B8993
:107F700007461B060D4614469DB010D50B6973B914
:107F80004021FFF78FFB2860286130B90C233B604C
:107F90004FF0FF301DB0BDE8F08F40236B61002330
:107FA000099320238DF8293030234FF00109CDF8B3
:107FB0000C80DFF898818DF82A3023469A4613F812
:107FC000012B0AB1252AF9D1BAEB040B0BD05B4681
:107FD000224629463846FFF76BFF013000F0A780A4
:107FE000099A5A4409929AF80030002B00F09F80B9
:107FF00000234FF0FF32CDE905230AF1010A049373
:1080000007938DF853301A935446052214F8011B38
:108010004E48FEF768FC049AD8B9D00644BF202326
:108020008DF85330110744BF2B238DF853309AF845
:1080300000302A2B15D0544600204FF00A0C079A26
:10804000214611F8013B303B092B4BD9B0B10792C7
:1080500014E0A0EB080309FA03F31343A2460493C8
:10806000D2E7039B191D1B680391002BBBBF5B422A
:1080700042F0020207930793B8BF049223782E2B95
:108080000AD163782A2B32D1039B02341A1D1B6854
:10809000039243EAE3730593DFF8B4A0032250464A
:1080A0002178FEF720FC38B14022049BA0EB0A00A7
:1080B000824013430134049314F8011B062225481F
:1080C0008DF82810FEF70FFC002836D0224B1BBB82
:1080D000039B073323F0070308330393099B3344BF
:1080E00009936AE70C4601200CFB0232A8E7002343
:1080F0004FF00A0C194601340593204610F8012B65
:10810000303A092A03D9002BC6D00591C4E70446AA
:1081100001230CFB0121F0E703AB00932A4638460C
:108120000E4B04A9FDF768FE421C0646D6D1AB896A
:108130005B063FF52DAF09982CE703AB00932A4669
:108140003846064B04A9FEF7F5F8EDE7188B000852
:108150001E8B0008228B0008F95D0008B17E000824
:10816000B1F90C20F8B5160705460C4654D44B68F7
:10817000002B02DC0B6C002B48DDE66A002E45D09C
:10818000002312F480522F68216A2B6030D0626D78
:10819000A389590705D56368D21A636B0BB1236CA9
:1081A000D21A00232846E66A216AB047431CA389F5
:1081B00006D129681D292BD8284ACA40D60727D5B9
:1081C000002262602269D904226004D5421C01D1D8
:1081D0002B6803B96065616B2F60B9B104F144038A
:1081E000994202D02846FFF7EBF9002363630DE0C4
:1081F00001232846B0470246501CC9D12B68002BEA
:10820000C6D01D2B01D0162B1DD12F60002021E0E0
:1082100043F040031BB21AE00F69002FF6D093071A
:1082200018BF00230E6808BF4B69F61B0F608B60F8
:10823000002EEBDD33463A462846216AD4F828C0A2
:10824000E047002807DCB4F90C3043F040034FF05E
:10825000FF30A381F8BD0744361AE9E7010040204A
:1082600038B50B6905460C4613B90025284638BDBC
:1082700018B1036A0BB9FEF707FAB4F90C30002BFA
:10828000F3D0626ED00704D4990502D4A06DFEF736
:1082900028FB28462146FFF763FF636E0546DA0791
:1082A000E4D4A3899B05E1D4A06DFEF71BFBDDE7B9
:1082B000884210B501EB020402D98442234607D854
:1082C000431EA14208D011F8012B03F8012FF8E753
:1082D000014602448A4200D110BD13F8014D02F854
:1082E000014DF7E738B50023054D044608462B60DD
:1082F000F9F77EFF431C02D12B6803B1236038BD20
:10830000CC0400200A44914200F1FF3300D17047B1
:1083100010B511F8014B914203F8014FF9D110BD8E
:108320001FB514461A46094B05461B68D8684CB160
:10833000074BCDE9013400912B46064900F070F857
:1083400000F080F8044B1C46F3E700BF200000203B
:10835000338B0008408B00086E8B000870B5A1FBC2
:10836000025434B92946FFF79DF9064628B930462C
:1083700070BD0C2200260260F9E72A462146FEF76E
:1083800032FAF4E782B001B901A942B14BB11378D6
:108390000B601278101E18BF012002B07047104603
:1083A000FBE76FF00100F8E72DE9F04107461446BE
:1083B0000D4621B91146BDE8F041FFF773B92AB95E
:1083C000FFF7FEF825462846BDE8F08100F041F8A9
:1083D0008442064602D8B4EB500FF4D82146384602
:1083E000FFF760F9804608B94546ECE7B4422246FB
:1083F000294628BF3246FFF785FF29463846FFF752
:10840000DFF8F1E70346084641B1FF2A04D98A2282
:108410004FF0FF301A60704701200A70704700006B
:108420000EB403B5014603AB054853F8042B0068AE
:10843000019300F03DF802B05DF804EB03B0704723
:1084400020000020062008B500F006FA0120F9F708
:108450005AFE51F8043C181F002BBCBF0B58C01823
:108460007047936810B4013B002B936007DA94695E
:10847000A34201DB0A2902D110BC00F031B9136814
:10848000581C10601970084610BC7047F8B50646B5
:108490000F461446D518AC4201D1002007E03A46F9
:1084A000304614F8011BFFF7DCFF431CF3D1F8BD85
:1084B0002DE9F04F0D461446984606469DB018B17A
:1084C000036A0BB9FEF7E0F86B6ED90705D4AB89E8
:1084D0009A0502D4A86DFEF704FAAB891B0701D5F3
:1084E0002B699BB92946304600F038F970B16B6EA4
:1084F000DC0704D54FF0FF301DB0BDE8F08FAB892D
:108500009805F7D4A86DFEF7EDF9F3E7002309937A
:1085100020238DF8293030234FF00109CDF80C804D
:10852000DFF8A8818DF82A3023469A4613F8012BEC
:108530000AB1252AF9D1BAEB040B0BD05B462246CF
:1085400029463046FFF7A2FF013000F0A780099AC4
:108550005A4409929AF80030002B00F09F800023C3
:108560004FF0FF32CDE905230AF1010A0493079386
:108570008DF853301A935446052214F8011B5348C2
:10858000FEF7B1F9049AD8B9D10644BF20238DF87B
:108590005330130744BF2B238DF853309AF8003023
:1085A0002A2B15D0544600204FF00A0C079A21467A
:1085B00011F8013B303B092B4BD9B0B1079214E0C5
:1085C000A0EB080309FA03F31343A2460493D2E78E
:1085D000039B191D1B680391002BBBBF5B4242F03C
:1085E000020207930793B8BF049223782E2B0AD177
:1085F00063782A2B32D1039B02341A1D1B68039225
:1086000043EAE3730593DFF8C8A0032250462178BC
:10861000FEF769F938B14022049BA0EB0A008240C2
:1086200013430134049314F8011B062229488DF8E2
:108630002810FEF758F900283FD0274B1BBB039B9F
:10864000073323F0070308330393099B3B44099343
:108650006AE70C4601200CFB0232A8E700234FF02A
:108660000A0C194601340593204610F8012B303AC4
:10867000092A03D9002BC6D00591C4E7044601237B
:108680000CFB0121F0E703AB00932A463046134B65
:1086900004A9FDF7B1FB0746781CD6D16B6ED9074C
:1086A00005D4AB899A0502D4A86DFEF71BF9AB89F6
:1086B0005B063FF51FAF09981EE703AB00932A4600
:1086C0003046064B04A9FDF735FEE4E7188B000899
:1086D0001E8B0008228B0008F95D00088D840008BD
:1086E000F8B50E461446054618B1036A0BB9FDF7F6
:1086F000CBFFA369A360A3891A0701D5236943B9F6
:108700002146284600F02AF818B14FF0FF373846C6
:10871000F8BD23682269F6B2981A63693746834226
:1087200005DC21462846FFF79BFD0028EDD1A36814
:10873000013BA36023685A1C22601E706269431CBF
:108740009A4204D0A389DB07E1D50A2EDFD1214666
:108750002846FFF785FD0028D9D0D6E738B5294B44
:10876000054618680C4618B1036A0BB9FDF78CFF73
:10877000B4F90C30190722D4DA0607D409222A608A
:1087800043F040034FF0FF30A38133E0580712D588
:10879000616B41B104F14403994202D02846FEF7CF
:1087A0000FFF00236363A38923F02403A381002325
:1087B000636023692360A38943F00803A3812369CD
:1087C0004BB9A38903F42073B3F5007F03D021468E
:1087D000284600F082F8B4F90C3013F001020AD0F8
:1087E0000022A26062695242A261226942B913F07A
:1087F0008000C5D138BD990758BF6269A260F4E70F
:108800000020F7E7200000201F2938B505460C4658
:1088100004D9162303604FF0FF3038BDC26B12B18C
:1088200052F821304BB9284600F030F82246014674
:108830002846BDE8384000F017B8012B0AD0591C73
:1088400003D1162303600120E7E70021204642F808
:10885000241098470020E0E7024B01461868FFF714
:10886000D3BF00BF2000002038B50023064D0446CA
:10887000084611462B60F9F736FC431C02D12B68E1
:1088800003B1236038BD00BFCC040020F9F724BC3D
:1088900070B50C46B1F90E10154600291E4696B06B
:1088A0000CDAA389002113F0800F14BF40234FF48A
:1088B0008063002031602B6016B070BD6A4600F006
:1088C00049F80028EDDB019901F47041A1F500534E
:1088D000594259414FF48063EBE78B89F7B59D0707
:1088E00006460C4607D504F14703236023610123A4
:1088F000636103B0F0BD6A4601ABFFF7C9FF009F9B
:10890000054639463046FEF7CDFE48B9B4F90C307D
:108910009A05EED423F0030343F00203A381E2E7B8
:10892000A389C4E9040743F08003A381019B20606D
:108930005BB13046B4F90E1000F01EF828B1A389DF
:1089400023F0030343F00103A381A3891D43A58101
:10895000CFE7000038B50023064D0446084611460F
:108960002B60F9F71FFC431C02D12B6803B1236075
:1089700038BD00BFCC04002038B50023054D0446A7
:1089800008462B60F9F71DFC431C02D12B6803B18C
:10899000236038BDCC040020F8B500BFF8BC08BC8B
:1089A0009E467047F8B500BFF8BC08BC9E467047AD
:1089B0006261743D256420636D643D25642073709D
:1089C0006565643D256420616E676C653D252E32CA
:1089D000660D0A0000000000000000000102030410
:1089E0000607080900000000010203040203040551
:1089F000060708090A0B0C0D0E0F10100102494E54
:108A00004600696E66004E414E006E616E00300099
:108A100030313233343536373839414243444546B4
:108A2000003031323334353637383961626364654A
:108A30006600496E66696E697479004E614E005237
:108A400045454E54206D616C6C6F63207375636394
:108A50006565646564002F6275696C642F676E7567
:108A60002D746F6F6C732D666F722D73746D33324E
:108A70005F31332E332E72656C312E32303234300A
:108A80003932362D313731352F7372632F6E65775A
:108A90006C69622F6E65776C69622F6C6962632FF7
:108AA0007374646C69622F64746F612E6300426139
:108AB0006C6C6F6320737563636565646564002F18
:108AC0006275696C642F676E752D746F6F6C732D92
:108AD000666F722D73746D33325F31332E332E72A5
:108AE000656C312E32303234303932362D313731F7
:108AF000352F7372632F6E65776C69622F6E6577A1
:108B00006C69622F6C6962632F7374646C69622F85
:108B10006D707265632E6300232D302B2000686C0E
:108B20004C00656667454647004300504F5349581F
:108B3000002E002C2066756E6374696F6E3A2000FB
:108B4000617373657274696F6E20222573222066CB
:108B500061696C65643A2066696C65202225732220
:108B60002C206C696E65202564257325730A00002E
:108B700005000000190000007D000000000000005A
:108B80000080E03779C34143176E05B5B5B8934609
:108B9000F5F93FE9034F384D321D30F94877825AD5
:108BA0003CBF737FDD4F1575000000000000F03FF3
:108BB00000000000000024400000000000005940B8
:108BC0000000000000408F40000000000088C3400B
:108BD00000000000006AF8400000000080842E4180
:108BE00000000000D01263410000000084D79741CC
:108BF0000000000065CDCD41000000205FA00242D2
:108C0000000000E876483742000000A2941A6D4246
:108C1000000040E59C30A2420000901EC4BCD64239
:108C200000003426F56B0C430080E03779C34143E4
:108C300000A0D8855734764300C84E676DC1AB435A
:108C4000003D9160E458E143408CB5781DAF154478
:108C500050EFE2D6E41A4B4492D54D06CFF0804453
:108C6000F64AE1C7022DB544B49DD9794378EA4468
:108C700000202020202020202020282828282820EC
:108C800020202020202020202020202020202020E4
:108C9000208810101010101010101010101010104C
:108CA000100404040404040404040410101010103C
:108CB0001010414141414141010101010101010106
:108CC0000101010101010101010101011010101058
:108CD00010104242424242420202020202020202D8
:108CE000020202020202020202020202101010102C
:108CF0002000000000000000000000000000000054
:108D00000000000000000000000000000000000063
:108D10000000000000000000000000000000000053
:108D20000000000000000000000000000000000043
:108D30000000000000000000000000000000000033
:108D40000000000000000000000000000000000023
:108D50000000000000000000000000000000000013
:108D60000000000000000000000000000000000003
:048D700000000000FF
:088D7400DC73FF7F0100000029
:048D7C0035010008B5
:048D800011010008D5
:108D84006A75616E3132270000127A00100000000B
:108D94000100000000000000030000009003002018
:108DA400240000200000000090030020F8030020AD
:108DB400600400200000000000000000000000002B
:108DC400000000000000000000000000000000009F
:108DD400000000000000000000000000000000008F
:108DE400000000000000000000000000000000007F
:108DF400430000000000000000000000000000002C
:108E0400000000000000000000000000000000005E
:108E1400430000000000000000000000000000000B
:108E2400000000000000000000000000000000003E
:108E340043000000000000000000000000000000EB
:108E4400000000000000000000000000000000001E
:108E540043000000000000000000000000000000CB
:108E640000000000000000000000000000000000FE
:108E740043000000000000000000000000000000AB
:108E840000000000000000000000000000000000DE
:108E9400430000000000000000000000000000008B
:108EA40000000000000000000000000000000000BE
:108EB400430000000000000000000000000000006B
:108EC400000000000000000000000000000000009E
:108ED400058400088583000800000000708C0008E9
:108EE400318B00086E8B00086E8B00086E8B0008B7
:108EF4006E8B00086E8B00086E8B00086E8B00086A
:108F04006E8B00086E8B0008FFFFFFFFFFFFFFFF63
:108F1400FFFFFFFFFFFF00000100415343494900E9
:108F2400000000000000000000000000000000003D
:108F340000000000000000000000415343494900C4
:108F4400000000000000000000000000000000001D
:0C8F540000000000000000000000000011
:040000050800226964
:00000001FF
