Z:\home\kevin\STM32CubeIDE\CARRITOBLUEPILL\TXRF\Debug\TXRF.hex(2): Expected device instantiation or directive here.
:10000000005000209D210008A11F0008A91F000822
^^^^^^^^^^^^^^^^^^^^^^^^^^^^^^^^^^^^^^^^^^^
Z:\home\kevin\STM32CubeIDE\CARRITOBLUEPILL\TXRF\Debug\TXRF.hex(3): Expected device instantiation or directive here.
:10001000B11F0008B91F0008C11F00080000000040
^^^^^^^^^^^^^^^^^^^^^^^^^^^^^^^^^^^^^^^^^^^
Z:\home\kevin\STM32CubeIDE\CARRITOBLUEPILL\TXRF\Debug\TXRF.hex(4): Expected device instantiation or directive here.
:10002000000000000000000000000000C91F0008E0
^^^^^^^^^^^^^^^^^^^^^^^^^^^^^^^^^^^^^^^^^^^
Z:\home\kevin\STM32CubeIDE\CARRITOBLUEPILL\TXRF\Debug\TXRF.hex(5): Expected device instantiation or directive here.
:10003000D51F000800000000E11F0008ED1F0008A8
^^^^^^^^^^^^^^^^^^^^^^^^^^^^^^^^^^^^^^^^^^^
Z:\home\kevin\STM32CubeIDE\CARRITOBLUEPILL\TXRF\Debug\TXRF.hex(6): Expected device instantiation or directive here.
:10004000E5210008E5210008E5210008E521000878
^^^^^^^^^^^^^^^^^^^^^^^^^^^^^^^^^^^^^^^^^^^
Z:\home\kevin\STM32CubeIDE\CARRITOBLUEPILL\TXRF\Debug\TXRF.hex(7): Expected device instantiation or directive here.
:10005000E5210008E5210008E5210008E521000868
^^^^^^^^^^^^^^^^^^^^^^^^^^^^^^^^^^^^^^^^^^^
Z:\home\kevin\STM32CubeIDE\CARRITOBLUEPILL\TXRF\Debug\TXRF.hex(8): Expected device instantiation or directive here.
:10006000E5210008E5210008E5210008E521000858
^^^^^^^^^^^^^^^^^^^^^^^^^^^^^^^^^^^^^^^^^^^
Z:\home\kevin\STM32CubeIDE\CARRITOBLUEPILL\TXRF\Debug\TXRF.hex(9): Expected device instantiation or directive here.
:10007000E5210008E5210008E5210008E521000848
^^^^^^^^^^^^^^^^^^^^^^^^^^^^^^^^^^^^^^^^^^^
Z:\home\kevin\STM32CubeIDE\CARRITOBLUEPILL\TXRF\Debug\TXRF.hex(10): Expected device instantiation or directive here.
:10008000E5210008E5210008E5210008E521000838
^^^^^^^^^^^^^^^^^^^^^^^^^^^^^^^^^^^^^^^^^^^
Z:\home\kevin\STM32CubeIDE\CARRITOBLUEPILL\TXRF\Debug\TXRF.hex(11): Expected device instantiation or directive here.
:10009000E5210008E5210008E5210008E521000828
^^^^^^^^^^^^^^^^^^^^^^^^^^^^^^^^^^^^^^^^^^^
Z:\home\kevin\STM32CubeIDE\CARRITOBLUEPILL\TXRF\Debug\TXRF.hex(12): Expected device instantiation or directive here.
:1000A000E5210008E5210008E5210008E521000818
^^^^^^^^^^^^^^^^^^^^^^^^^^^^^^^^^^^^^^^^^^^
Z:\home\kevin\STM32CubeIDE\CARRITOBLUEPILL\TXRF\Debug\TXRF.hex(13): Expected device instantiation or directive here.
:1000B000E5210008E5210008E5210008E521000808
^^^^^^^^^^^^^^^^^^^^^^^^^^^^^^^^^^^^^^^^^^^
Z:\home\kevin\STM32CubeIDE\CARRITOBLUEPILL\TXRF\Debug\TXRF.hex(14): Expected device instantiation or directive here.
:1000C000E5210008E5210008E5210008E5210008F8
^^^^^^^^^^^^^^^^^^^^^^^^^^^^^^^^^^^^^^^^^^^
Z:\home\kevin\STM32CubeIDE\CARRITOBLUEPILL\TXRF\Debug\TXRF.hex(15): Expected device instantiation or directive here.
:1000D000F91F0008E5210008E5210008E5210008D6
^^^^^^^^^^^^^^^^^^^^^^^^^^^^^^^^^^^^^^^^^^^
Z:\home\kevin\STM32CubeIDE\CARRITOBLUEPILL\TXRF\Debug\TXRF.hex(16): Expected device instantiation or directive here.
:1000E000E5210008E5210008E521000800000000E6
^^^^^^^^^^^^^^^^^^^^^^^^^^^^^^^^^^^^^^^^^^^
Z:\home\kevin\STM32CubeIDE\CARRITOBLUEPILL\TXRF\Debug\TXRF.hex(17): Expected device instantiation or directive here.
:1000F0000000000000000000000000000000000000
^^^^^^^^^^^^^^^^^^^^^^^^^^^^^^^^^^^^^^^^^^^
Z:\home\kevin\STM32CubeIDE\CARRITOBLUEPILL\TXRF\Debug\TXRF.hex(18): Expected device instantiation or directive here.
:0C01000000000000000000005FF808F1A3
^^^^^^^^^^^^^^^^^^^^^^^^^^^^^^^^^^^
Z:\home\kevin\STM32CubeIDE\CARRITOBLUEPILL\TXRF\Debug\TXRF.hex(19): Expected device instantiation or directive here.
:1001100010B5054C237833B9044B13B10448AFF341
^^^^^^^^^^^^^^^^^^^^^^^^^^^^^^^^^^^^^^^^^^^
Z:\home\kevin\STM32CubeIDE\CARRITOBLUEPILL\TXRF\Debug\TXRF.hex(20): Expected device instantiation or directive here.
:1001200000800123237010BDDC01002000000000CE
^^^^^^^^^^^^^^^^^^^^^^^^^^^^^^^^^^^^^^^^^^^
Z:\home\kevin\STM32CubeIDE\CARRITOBLUEPILL\TXRF\Debug\TXRF.hex(21): Expected device instantiation or directive here.
:100130000088000808B5034B1BB103490348AFF31F
^^^^^^^^^^^^^^^^^^^^^^^^^^^^^^^^^^^^^^^^^^^
Z:\home\kevin\STM32CubeIDE\CARRITOBLUEPILL\TXRF\Debug\TXRF.hex(22): Expected device instantiation or directive here.
:10014000008008BD00000000E001002000880008D9
^^^^^^^^^^^^^^^^^^^^^^^^^^^^^^^^^^^^^^^^^^^
Z:\home\kevin\STM32CubeIDE\CARRITOBLUEPILL\TXRF\Debug\TXRF.hex(23): Expected device instantiation or directive here.
:10015000034613F8012B002AFBD1181A0138704707
^^^^^^^^^^^^^^^^^^^^^^^^^^^^^^^^^^^^^^^^^^^
Z:\home\kevin\STM32CubeIDE\CARRITOBLUEPILL\TXRF\Debug\TXRF.hex(24): Expected device instantiation or directive here.
:1001600081F0004102E000BF83F0004330B54FEA68
^^^^^^^^^^^^^^^^^^^^^^^^^^^^^^^^^^^^^^^^^^^
Z:\home\kevin\STM32CubeIDE\CARRITOBLUEPILL\TXRF\Debug\TXRF.hex(25): Expected device instantiation or directive here.
:1001700041044FEA430594EA050F08BF90EA020FD5
^^^^^^^^^^^^^^^^^^^^^^^^^^^^^^^^^^^^^^^^^^^
Z:\home\kevin\STM32CubeIDE\CARRITOBLUEPILL\TXRF\Debug\TXRF.hex(26): Expected device instantiation or directive here.
:100180001FBF54EA000C55EA020C7FEA645C7FEA68
^^^^^^^^^^^^^^^^^^^^^^^^^^^^^^^^^^^^^^^^^^^
Z:\home\kevin\STM32CubeIDE\CARRITOBLUEPILL\TXRF\Debug\TXRF.hex(27): Expected device instantiation or directive here.
:10019000655C00F0E2804FEA5454D4EB5555B8BF8B
^^^^^^^^^^^^^^^^^^^^^^^^^^^^^^^^^^^^^^^^^^^
Z:\home\kevin\STM32CubeIDE\CARRITOBLUEPILL\TXRF\Debug\TXRF.hex(28): Expected device instantiation or directive here.
:1001A0006D420CDD2C4480EA020281EA030382EAFC
^^^^^^^^^^^^^^^^^^^^^^^^^^^^^^^^^^^^^^^^^^^
Z:\home\kevin\STM32CubeIDE\CARRITOBLUEPILL\TXRF\Debug\TXRF.hex(29): Expected device instantiation or directive here.
:1001B000000083EA010180EA020281EA0303362D8E
^^^^^^^^^^^^^^^^^^^^^^^^^^^^^^^^^^^^^^^^^^^
Z:\home\kevin\STM32CubeIDE\CARRITOBLUEPILL\TXRF\Debug\TXRF.hex(30): Expected device instantiation or directive here.
:1001C00088BF30BD11F0004F4FEA01314FF4801C61
^^^^^^^^^^^^^^^^^^^^^^^^^^^^^^^^^^^^^^^^^^^
Z:\home\kevin\STM32CubeIDE\CARRITOBLUEPILL\TXRF\Debug\TXRF.hex(31): Expected device instantiation or directive here.
:1001D0004CEA113102D0404261EB410113F0004F73
^^^^^^^^^^^^^^^^^^^^^^^^^^^^^^^^^^^^^^^^^^^
Z:\home\kevin\STM32CubeIDE\CARRITOBLUEPILL\TXRF\Debug\TXRF.hex(32): Expected device instantiation or directive here.
:1001E0004FEA03334CEA133302D0524263EB43032A
^^^^^^^^^^^^^^^^^^^^^^^^^^^^^^^^^^^^^^^^^^^
Z:\home\kevin\STM32CubeIDE\CARRITOBLUEPILL\TXRF\Debug\TXRF.hex(33): Expected device instantiation or directive here.
:1001F00094EA050F00F0A780A4F10104D5F1200EC8
^^^^^^^^^^^^^^^^^^^^^^^^^^^^^^^^^^^^^^^^^^^
Z:\home\kevin\STM32CubeIDE\CARRITOBLUEPILL\TXRF\Debug\TXRF.hex(34): Expected device instantiation or directive here.
:100200000DDB02FA0EFC22FA05F2801841F1000122
^^^^^^^^^^^^^^^^^^^^^^^^^^^^^^^^^^^^^^^^^^^
Z:\home\kevin\STM32CubeIDE\CARRITOBLUEPILL\TXRF\Debug\TXRF.hex(35): Expected device instantiation or directive here.
:1002100003FA0EF2801843FA05F359410EE0A5F1F6
^^^^^^^^^^^^^^^^^^^^^^^^^^^^^^^^^^^^^^^^^^^
Z:\home\kevin\STM32CubeIDE\CARRITOBLUEPILL\TXRF\Debug\TXRF.hex(36): Expected device instantiation or directive here.
:1002200020050EF1200E012A03FA0EFC28BF4CF027
^^^^^^^^^^^^^^^^^^^^^^^^^^^^^^^^^^^^^^^^^^^
Z:\home\kevin\STM32CubeIDE\CARRITOBLUEPILL\TXRF\Debug\TXRF.hex(37): Expected device instantiation or directive here.
:10023000020C43FA05F3C01851EBE37101F00045DD
^^^^^^^^^^^^^^^^^^^^^^^^^^^^^^^^^^^^^^^^^^^
Z:\home\kevin\STM32CubeIDE\CARRITOBLUEPILL\TXRF\Debug\TXRF.hex(38): Expected device instantiation or directive here.
:1002400007D54FF0000EDCF1000C7EEB00006EEBEA
^^^^^^^^^^^^^^^^^^^^^^^^^^^^^^^^^^^^^^^^^^^
Z:\home\kevin\STM32CubeIDE\CARRITOBLUEPILL\TXRF\Debug\TXRF.hex(39): Expected device instantiation or directive here.
:100250000101B1F5801F1BD3B1F5001F0CD3490874
^^^^^^^^^^^^^^^^^^^^^^^^^^^^^^^^^^^^^^^^^^^
Z:\home\kevin\STM32CubeIDE\CARRITOBLUEPILL\TXRF\Debug\TXRF.hex(40): Expected device instantiation or directive here.
:100260005FEA30004FEA3C0C04F101044FEA4452CB
^^^^^^^^^^^^^^^^^^^^^^^^^^^^^^^^^^^^^^^^^^^
Z:\home\kevin\STM32CubeIDE\CARRITOBLUEPILL\TXRF\Debug\TXRF.hex(41): Expected device instantiation or directive here.
:1002700012F5800F80F09A80BCF1004F08BF5FEA52
^^^^^^^^^^^^^^^^^^^^^^^^^^^^^^^^^^^^^^^^^^^
Z:\home\kevin\STM32CubeIDE\CARRITOBLUEPILL\TXRF\Debug\TXRF.hex(42): Expected device instantiation or directive here.
:10028000500C50F1000041EB045141EA050130BD32
^^^^^^^^^^^^^^^^^^^^^^^^^^^^^^^^^^^^^^^^^^^
Z:\home\kevin\STM32CubeIDE\CARRITOBLUEPILL\TXRF\Debug\TXRF.hex(43): Expected device instantiation or directive here.
:100290005FEA4C0C404141EB0101013C28BFB1F544
^^^^^^^^^^^^^^^^^^^^^^^^^^^^^^^^^^^^^^^^^^^
Z:\home\kevin\STM32CubeIDE\CARRITOBLUEPILL\TXRF\Debug\TXRF.hex(44): Expected device instantiation or directive here.
:1002A000801FE9D291F0000F04BF01460020B1FA8F
^^^^^^^^^^^^^^^^^^^^^^^^^^^^^^^^^^^^^^^^^^^
Z:\home\kevin\STM32CubeIDE\CARRITOBLUEPILL\TXRF\Debug\TXRF.hex(45): Expected device instantiation or directive here.
:1002B00081F308BF2033A3F10B03B3F120020CDA62
^^^^^^^^^^^^^^^^^^^^^^^^^^^^^^^^^^^^^^^^^^^
Z:\home\kevin\STM32CubeIDE\CARRITOBLUEPILL\TXRF\Debug\TXRF.hex(46): Expected device instantiation or directive here.
:1002C0000C3208DD02F1140CC2F10C0201FA0CF040
^^^^^^^^^^^^^^^^^^^^^^^^^^^^^^^^^^^^^^^^^^^
Z:\home\kevin\STM32CubeIDE\CARRITOBLUEPILL\TXRF\Debug\TXRF.hex(47): Expected device instantiation or directive here.
:1002D00021FA02F10CE002F11402D8BFC2F1200CA5
^^^^^^^^^^^^^^^^^^^^^^^^^^^^^^^^^^^^^^^^^^^
Z:\home\kevin\STM32CubeIDE\CARRITOBLUEPILL\TXRF\Debug\TXRF.hex(48): Expected device instantiation or directive here.
:1002E00001FA02F120FA0CFCDCBF41EA0C0190405B
^^^^^^^^^^^^^^^^^^^^^^^^^^^^^^^^^^^^^^^^^^^
Z:\home\kevin\STM32CubeIDE\CARRITOBLUEPILL\TXRF\Debug\TXRF.hex(49): Expected device instantiation or directive here.
:1002F000E41AA2BF01EB0451294330BD6FEA0404A4
^^^^^^^^^^^^^^^^^^^^^^^^^^^^^^^^^^^^^^^^^^^
Z:\home\kevin\STM32CubeIDE\CARRITOBLUEPILL\TXRF\Debug\TXRF.hex(50): Expected device instantiation or directive here.
:100300001F3C1CDA0C340EDC04F11404C4F120028E
^^^^^^^^^^^^^^^^^^^^^^^^^^^^^^^^^^^^^^^^^^^
Z:\home\kevin\STM32CubeIDE\CARRITOBLUEPILL\TXRF\Debug\TXRF.hex(51): Expected device instantiation or directive here.
:1003100020FA04F001FA02F340EA030021FA04F3A0
^^^^^^^^^^^^^^^^^^^^^^^^^^^^^^^^^^^^^^^^^^^
Z:\home\kevin\STM32CubeIDE\CARRITOBLUEPILL\TXRF\Debug\TXRF.hex(52): Expected device instantiation or directive here.
:1003200045EA030130BDC4F10C04C4F1200220FAF7
^^^^^^^^^^^^^^^^^^^^^^^^^^^^^^^^^^^^^^^^^^^
Z:\home\kevin\STM32CubeIDE\CARRITOBLUEPILL\TXRF\Debug\TXRF.hex(53): Expected device instantiation or directive here.
:1003300002F001FA04F340EA0300294630BD21FA35
^^^^^^^^^^^^^^^^^^^^^^^^^^^^^^^^^^^^^^^^^^^
Z:\home\kevin\STM32CubeIDE\CARRITOBLUEPILL\TXRF\Debug\TXRF.hex(54): Expected device instantiation or directive here.
:1003400004F0294630BD94F0000F83F4801306BFFB
^^^^^^^^^^^^^^^^^^^^^^^^^^^^^^^^^^^^^^^^^^^
Z:\home\kevin\STM32CubeIDE\CARRITOBLUEPILL\TXRF\Debug\TXRF.hex(55): Expected device instantiation or directive here.
:1003500081F480110134013D4EE77FEA645C18BFEF
^^^^^^^^^^^^^^^^^^^^^^^^^^^^^^^^^^^^^^^^^^^
Z:\home\kevin\STM32CubeIDE\CARRITOBLUEPILL\TXRF\Debug\TXRF.hex(56): Expected device instantiation or directive here.
:100360007FEA655C29D094EA050F08BF90EA020F86
^^^^^^^^^^^^^^^^^^^^^^^^^^^^^^^^^^^^^^^^^^^
Z:\home\kevin\STM32CubeIDE\CARRITOBLUEPILL\TXRF\Debug\TXRF.hex(57): Expected device instantiation or directive here.
:1003700005D054EA000C04BF1946104630BD91EA7E
^^^^^^^^^^^^^^^^^^^^^^^^^^^^^^^^^^^^^^^^^^^
Z:\home\kevin\STM32CubeIDE\CARRITOBLUEPILL\TXRF\Debug\TXRF.hex(58): Expected device instantiation or directive here.
:10038000030F1EBF0021002030BD5FEA545C05D181
^^^^^^^^^^^^^^^^^^^^^^^^^^^^^^^^^^^^^^^^^^^
Z:\home\kevin\STM32CubeIDE\CARRITOBLUEPILL\TXRF\Debug\TXRF.hex(59): Expected device instantiation or directive here.
:100390004000494128BF41F0004130BD14F58004C0
^^^^^^^^^^^^^^^^^^^^^^^^^^^^^^^^^^^^^^^^^^^
Z:\home\kevin\STM32CubeIDE\CARRITOBLUEPILL\TXRF\Debug\TXRF.hex(60): Expected device instantiation or directive here.
:1003A0003CBF01F5801130BD01F0004545F0FE4134
^^^^^^^^^^^^^^^^^^^^^^^^^^^^^^^^^^^^^^^^^^^
Z:\home\kevin\STM32CubeIDE\CARRITOBLUEPILL\TXRF\Debug\TXRF.hex(61): Expected device instantiation or directive here.
:1003B00041F470014FF0000030BD7FEA645C1ABF69
^^^^^^^^^^^^^^^^^^^^^^^^^^^^^^^^^^^^^^^^^^^
Z:\home\kevin\STM32CubeIDE\CARRITOBLUEPILL\TXRF\Debug\TXRF.hex(62): Expected device instantiation or directive here.
:1003C000194610467FEA655C1CBF0B46024650EAA0
^^^^^^^^^^^^^^^^^^^^^^^^^^^^^^^^^^^^^^^^^^^
Z:\home\kevin\STM32CubeIDE\CARRITOBLUEPILL\TXRF\Debug\TXRF.hex(63): Expected device instantiation or directive here.
:1003D000013406BF52EA033591EA030F41F40021CC
^^^^^^^^^^^^^^^^^^^^^^^^^^^^^^^^^^^^^^^^^^^
Z:\home\kevin\STM32CubeIDE\CARRITOBLUEPILL\TXRF\Debug\TXRF.hex(64): Expected device instantiation or directive here.
:1003E00030BD00BF90F0000F04BF0021704730B552
^^^^^^^^^^^^^^^^^^^^^^^^^^^^^^^^^^^^^^^^^^^
Z:\home\kevin\STM32CubeIDE\CARRITOBLUEPILL\TXRF\Debug\TXRF.hex(65): Expected device instantiation or directive here.
:1003F0004FF4806404F132044FF000054FF0000127
^^^^^^^^^^^^^^^^^^^^^^^^^^^^^^^^^^^^^^^^^^^
Z:\home\kevin\STM32CubeIDE\CARRITOBLUEPILL\TXRF\Debug\TXRF.hex(66): Expected device instantiation or directive here.
:1004000050E700BF90F0000F04BF0021704730B5E7
^^^^^^^^^^^^^^^^^^^^^^^^^^^^^^^^^^^^^^^^^^^
Z:\home\kevin\STM32CubeIDE\CARRITOBLUEPILL\TXRF\Debug\TXRF.hex(67): Expected device instantiation or directive here.
:100410004FF4806404F1320410F0004548BF4042BC
^^^^^^^^^^^^^^^^^^^^^^^^^^^^^^^^^^^^^^^^^^^
Z:\home\kevin\STM32CubeIDE\CARRITOBLUEPILL\TXRF\Debug\TXRF.hex(68): Expected device instantiation or directive here.
:100420004FF000013EE700BF42004FEAE2014FEA11
^^^^^^^^^^^^^^^^^^^^^^^^^^^^^^^^^^^^^^^^^^^
Z:\home\kevin\STM32CubeIDE\CARRITOBLUEPILL\TXRF\Debug\TXRF.hex(69): Expected device instantiation or directive here.
:1004300031014FEA02701FBF12F07F4393F07F4FEC
^^^^^^^^^^^^^^^^^^^^^^^^^^^^^^^^^^^^^^^^^^^
Z:\home\kevin\STM32CubeIDE\CARRITOBLUEPILL\TXRF\Debug\TXRF.hex(70): Expected device instantiation or directive here.
:1004400081F06051704732F07F4208BF704793F0EF
^^^^^^^^^^^^^^^^^^^^^^^^^^^^^^^^^^^^^^^^^^^
Z:\home\kevin\STM32CubeIDE\CARRITOBLUEPILL\TXRF\Debug\TXRF.hex(71): Expected device instantiation or directive here.
:100450007F4F04BF41F40021704730B54FF4607402
^^^^^^^^^^^^^^^^^^^^^^^^^^^^^^^^^^^^^^^^^^^
Z:\home\kevin\STM32CubeIDE\CARRITOBLUEPILL\TXRF\Debug\TXRF.hex(72): Expected device instantiation or directive here.
:1004600001F0004521F000411CE700BF50EA010205
^^^^^^^^^^^^^^^^^^^^^^^^^^^^^^^^^^^^^^^^^^^
Z:\home\kevin\STM32CubeIDE\CARRITOBLUEPILL\TXRF\Debug\TXRF.hex(73): Expected device instantiation or directive here.
:1004700008BF704730B54FF000050AE050EA0102AE
^^^^^^^^^^^^^^^^^^^^^^^^^^^^^^^^^^^^^^^^^^^
Z:\home\kevin\STM32CubeIDE\CARRITOBLUEPILL\TXRF\Debug\TXRF.hex(74): Expected device instantiation or directive here.
:1004800008BF704730B511F0004502D5404261EB1E
^^^^^^^^^^^^^^^^^^^^^^^^^^^^^^^^^^^^^^^^^^^
Z:\home\kevin\STM32CubeIDE\CARRITOBLUEPILL\TXRF\Debug\TXRF.hex(75): Expected device instantiation or directive here.
:1004900041014FF4806404F132045FEA915C3FF45F
^^^^^^^^^^^^^^^^^^^^^^^^^^^^^^^^^^^^^^^^^^^
Z:\home\kevin\STM32CubeIDE\CARRITOBLUEPILL\TXRF\Debug\TXRF.hex(76): Expected device instantiation or directive here.
:1004A000D8AE4FF003025FEADC0C18BF03325FEAFC
^^^^^^^^^^^^^^^^^^^^^^^^^^^^^^^^^^^^^^^^^^^
Z:\home\kevin\STM32CubeIDE\CARRITOBLUEPILL\TXRF\Debug\TXRF.hex(77): Expected device instantiation or directive here.
:1004B000DC0C18BF033202EBDC02C2F1200300FAAD
^^^^^^^^^^^^^^^^^^^^^^^^^^^^^^^^^^^^^^^^^^^
Z:\home\kevin\STM32CubeIDE\CARRITOBLUEPILL\TXRF\Debug\TXRF.hex(78): Expected device instantiation or directive here.
:1004C00003FC20FA02F001FA03FE40EA0E0021FAD2
^^^^^^^^^^^^^^^^^^^^^^^^^^^^^^^^^^^^^^^^^^^
Z:\home\kevin\STM32CubeIDE\CARRITOBLUEPILL\TXRF\Debug\TXRF.hex(79): Expected device instantiation or directive here.
:1004D00002F11444BDE600BF70B54FF0FF0C4CF4C0
^^^^^^^^^^^^^^^^^^^^^^^^^^^^^^^^^^^^^^^^^^^
Z:\home\kevin\STM32CubeIDE\CARRITOBLUEPILL\TXRF\Debug\TXRF.hex(80): Expected device instantiation or directive here.
:1004E000E06C1CEA11541DBF1CEA135594EA0C0F72
^^^^^^^^^^^^^^^^^^^^^^^^^^^^^^^^^^^^^^^^^^^
Z:\home\kevin\STM32CubeIDE\CARRITOBLUEPILL\TXRF\Debug\TXRF.hex(81): Expected device instantiation or directive here.
:1004F00095EA0C0F00F0DEF82C4481EA030621EAAD
^^^^^^^^^^^^^^^^^^^^^^^^^^^^^^^^^^^^^^^^^^^
Z:\home\kevin\STM32CubeIDE\CARRITOBLUEPILL\TXRF\Debug\TXRF.hex(82): Expected device instantiation or directive here.
:100500004C5123EA4C5350EA013518BF52EA0335E7
^^^^^^^^^^^^^^^^^^^^^^^^^^^^^^^^^^^^^^^^^^^
Z:\home\kevin\STM32CubeIDE\CARRITOBLUEPILL\TXRF\Debug\TXRF.hex(83): Expected device instantiation or directive here.
:1005100041F4801143F4801338D0A0FB02CE4FF099
^^^^^^^^^^^^^^^^^^^^^^^^^^^^^^^^^^^^^^^^^^^
Z:\home\kevin\STM32CubeIDE\CARRITOBLUEPILL\TXRF\Debug\TXRF.hex(84): Expected device instantiation or directive here.
:100520000005E1FB02E506F00042E0FB03E54FF0C9
^^^^^^^^^^^^^^^^^^^^^^^^^^^^^^^^^^^^^^^^^^^
Z:\home\kevin\STM32CubeIDE\CARRITOBLUEPILL\TXRF\Debug\TXRF.hex(85): Expected device instantiation or directive here.
:100530000006E1FB03569CF0000F18BF4EF0010EC1
^^^^^^^^^^^^^^^^^^^^^^^^^^^^^^^^^^^^^^^^^^^
Z:\home\kevin\STM32CubeIDE\CARRITOBLUEPILL\TXRF\Debug\TXRF.hex(86): Expected device instantiation or directive here.
:10054000A4F1FF04B6F5007F64F5407404D25FEABD
^^^^^^^^^^^^^^^^^^^^^^^^^^^^^^^^^^^^^^^^^^^
Z:\home\kevin\STM32CubeIDE\CARRITOBLUEPILL\TXRF\Debug\TXRF.hex(87): Expected device instantiation or directive here.
:100550004E0E6D4146EB060642EAC62141EA555170
^^^^^^^^^^^^^^^^^^^^^^^^^^^^^^^^^^^^^^^^^^^
Z:\home\kevin\STM32CubeIDE\CARRITOBLUEPILL\TXRF\Debug\TXRF.hex(88): Expected device instantiation or directive here.
:100560004FEAC52040EA5E504FEACE2EB4F1FD0CB2
^^^^^^^^^^^^^^^^^^^^^^^^^^^^^^^^^^^^^^^^^^^
Z:\home\kevin\STM32CubeIDE\CARRITOBLUEPILL\TXRF\Debug\TXRF.hex(89): Expected device instantiation or directive here.
:1005700088BFBCF5E06F1ED8BEF1004F08BF5FEA30
^^^^^^^^^^^^^^^^^^^^^^^^^^^^^^^^^^^^^^^^^^^
Z:\home\kevin\STM32CubeIDE\CARRITOBLUEPILL\TXRF\Debug\TXRF.hex(90): Expected device instantiation or directive here.
:10058000500E50F1000041EB045170BD06F00046E2
^^^^^^^^^^^^^^^^^^^^^^^^^^^^^^^^^^^^^^^^^^^
Z:\home\kevin\STM32CubeIDE\CARRITOBLUEPILL\TXRF\Debug\TXRF.hex(91): Expected device instantiation or directive here.
:1005900046EA010140EA020081EA0301B4EB5C048F
^^^^^^^^^^^^^^^^^^^^^^^^^^^^^^^^^^^^^^^^^^^
Z:\home\kevin\STM32CubeIDE\CARRITOBLUEPILL\TXRF\Debug\TXRF.hex(92): Expected device instantiation or directive here.
:1005A000C2BFD4EB0C0541EA045170BD41F4801187
^^^^^^^^^^^^^^^^^^^^^^^^^^^^^^^^^^^^^^^^^^^
Z:\home\kevin\STM32CubeIDE\CARRITOBLUEPILL\TXRF\Debug\TXRF.hex(93): Expected device instantiation or directive here.
:1005B0004FF0000E013C00F3AB8014F1360FDEBFAC
^^^^^^^^^^^^^^^^^^^^^^^^^^^^^^^^^^^^^^^^^^^
Z:\home\kevin\STM32CubeIDE\CARRITOBLUEPILL\TXRF\Debug\TXRF.hex(94): Expected device instantiation or directive here.
:1005C000002001F0004170BDC4F10004203C35DA88
^^^^^^^^^^^^^^^^^^^^^^^^^^^^^^^^^^^^^^^^^^^
Z:\home\kevin\STM32CubeIDE\CARRITOBLUEPILL\TXRF\Debug\TXRF.hex(95): Expected device instantiation or directive here.
:1005D0000C341BDC04F11404C4F1200500FA05F30B
^^^^^^^^^^^^^^^^^^^^^^^^^^^^^^^^^^^^^^^^^^^
Z:\home\kevin\STM32CubeIDE\CARRITOBLUEPILL\TXRF\Debug\TXRF.hex(96): Expected device instantiation or directive here.
:1005E00020FA04F001FA05F240EA020001F00042AC
^^^^^^^^^^^^^^^^^^^^^^^^^^^^^^^^^^^^^^^^^^^
Z:\home\kevin\STM32CubeIDE\CARRITOBLUEPILL\TXRF\Debug\TXRF.hex(97): Expected device instantiation or directive here.
:1005F00021F0004110EBD37021FA04F642EB060122
^^^^^^^^^^^^^^^^^^^^^^^^^^^^^^^^^^^^^^^^^^^
Z:\home\kevin\STM32CubeIDE\CARRITOBLUEPILL\TXRF\Debug\TXRF.hex(98): Expected device instantiation or directive here.
:100600005EEA430E08BF20EAD37070BDC4F10C044B
^^^^^^^^^^^^^^^^^^^^^^^^^^^^^^^^^^^^^^^^^^^
Z:\home\kevin\STM32CubeIDE\CARRITOBLUEPILL\TXRF\Debug\TXRF.hex(99): Expected device instantiation or directive here.
:10061000C4F1200500FA04F320FA05F001FA04F20F
^^^^^^^^^^^^^^^^^^^^^^^^^^^^^^^^^^^^^^^^^^^
Z:\home\kevin\STM32CubeIDE\CARRITOBLUEPILL\TXRF\Debug\TXRF.hex(100): Expected device instantiation or directive here.
:1006200040EA020001F0004110EBD37041F10001FB
^^^^^^^^^^^^^^^^^^^^^^^^^^^^^^^^^^^^^^^^^^^
Z:\home\kevin\STM32CubeIDE\CARRITOBLUEPILL\TXRF\Debug\TXRF.hex(101): Expected device instantiation or directive here.
:100630005EEA430E08BF20EAD37070BDC4F1200506
^^^^^^^^^^^^^^^^^^^^^^^^^^^^^^^^^^^^^^^^^^^
Z:\home\kevin\STM32CubeIDE\CARRITOBLUEPILL\TXRF\Debug\TXRF.hex(102): Expected device instantiation or directive here.
:1006400000FA05F24EEA020E20FA04F301FA05F26E
^^^^^^^^^^^^^^^^^^^^^^^^^^^^^^^^^^^^^^^^^^^
Z:\home\kevin\STM32CubeIDE\CARRITOBLUEPILL\TXRF\Debug\TXRF.hex(103): Expected device instantiation or directive here.
:1006500043EA020321FA04F001F0004121FA04F216
^^^^^^^^^^^^^^^^^^^^^^^^^^^^^^^^^^^^^^^^^^^
Z:\home\kevin\STM32CubeIDE\CARRITOBLUEPILL\TXRF\Debug\TXRF.hex(104): Expected device instantiation or directive here.
:1006600020EA020000EBD3705EEA430E08BF20EAE6
^^^^^^^^^^^^^^^^^^^^^^^^^^^^^^^^^^^^^^^^^^^
Z:\home\kevin\STM32CubeIDE\CARRITOBLUEPILL\TXRF\Debug\TXRF.hex(105): Expected device instantiation or directive here.
:10067000D37070BD94F0000F0FD101F00046400020
^^^^^^^^^^^^^^^^^^^^^^^^^^^^^^^^^^^^^^^^^^^
Z:\home\kevin\STM32CubeIDE\CARRITOBLUEPILL\TXRF\Debug\TXRF.hex(106): Expected device instantiation or directive here.
:1006800041EB010111F4801F08BF013CF7D041EAA2
^^^^^^^^^^^^^^^^^^^^^^^^^^^^^^^^^^^^^^^^^^^
Z:\home\kevin\STM32CubeIDE\CARRITOBLUEPILL\TXRF\Debug\TXRF.hex(107): Expected device instantiation or directive here.
:10069000060195F0000F18BF704703F000465200A6
^^^^^^^^^^^^^^^^^^^^^^^^^^^^^^^^^^^^^^^^^^^
Z:\home\kevin\STM32CubeIDE\CARRITOBLUEPILL\TXRF\Debug\TXRF.hex(108): Expected device instantiation or directive here.
:1006A00043EB030313F4801F08BF013DF7D043EA77
^^^^^^^^^^^^^^^^^^^^^^^^^^^^^^^^^^^^^^^^^^^
Z:\home\kevin\STM32CubeIDE\CARRITOBLUEPILL\TXRF\Debug\TXRF.hex(109): Expected device instantiation or directive here.
:1006B0000603704794EA0C0F0CEA135518BF95EA2D
^^^^^^^^^^^^^^^^^^^^^^^^^^^^^^^^^^^^^^^^^^^
Z:\home\kevin\STM32CubeIDE\CARRITOBLUEPILL\TXRF\Debug\TXRF.hex(110): Expected device instantiation or directive here.
:1006C0000C0F0CD050EA410618BF52EA4306D1D1B4
^^^^^^^^^^^^^^^^^^^^^^^^^^^^^^^^^^^^^^^^^^^
Z:\home\kevin\STM32CubeIDE\CARRITOBLUEPILL\TXRF\Debug\TXRF.hex(111): Expected device instantiation or directive here.
:1006D00081EA030101F000414FF0000070BD50EAD3
^^^^^^^^^^^^^^^^^^^^^^^^^^^^^^^^^^^^^^^^^^^
Z:\home\kevin\STM32CubeIDE\CARRITOBLUEPILL\TXRF\Debug\TXRF.hex(112): Expected device instantiation or directive here.
:1006E000410606BF1046194652EA430619D094EA5D
^^^^^^^^^^^^^^^^^^^^^^^^^^^^^^^^^^^^^^^^^^^
Z:\home\kevin\STM32CubeIDE\CARRITOBLUEPILL\TXRF\Debug\TXRF.hex(113): Expected device instantiation or directive here.
:1006F0000C0F02D150EA013613D195EA0C0F05D147
^^^^^^^^^^^^^^^^^^^^^^^^^^^^^^^^^^^^^^^^^^^
Z:\home\kevin\STM32CubeIDE\CARRITOBLUEPILL\TXRF\Debug\TXRF.hex(114): Expected device instantiation or directive here.
:1007000052EA03361CBF104619460AD181EA03019A
^^^^^^^^^^^^^^^^^^^^^^^^^^^^^^^^^^^^^^^^^^^
Z:\home\kevin\STM32CubeIDE\CARRITOBLUEPILL\TXRF\Debug\TXRF.hex(115): Expected device instantiation or directive here.
:1007100001F0004141F0FE4141F470014FF0000052
^^^^^^^^^^^^^^^^^^^^^^^^^^^^^^^^^^^^^^^^^^^
Z:\home\kevin\STM32CubeIDE\CARRITOBLUEPILL\TXRF\Debug\TXRF.hex(116): Expected device instantiation or directive here.
:1007200070BD41F0FE4141F4780170BD70B54FF0ED
^^^^^^^^^^^^^^^^^^^^^^^^^^^^^^^^^^^^^^^^^^^
Z:\home\kevin\STM32CubeIDE\CARRITOBLUEPILL\TXRF\Debug\TXRF.hex(117): Expected device instantiation or directive here.
:10073000FF0C4CF4E06C1CEA11541DBF1CEA13556D
^^^^^^^^^^^^^^^^^^^^^^^^^^^^^^^^^^^^^^^^^^^
Z:\home\kevin\STM32CubeIDE\CARRITOBLUEPILL\TXRF\Debug\TXRF.hex(118): Expected device instantiation or directive here.
:1007400094EA0C0F95EA0C0F00F0A7F8A4EB05044F
^^^^^^^^^^^^^^^^^^^^^^^^^^^^^^^^^^^^^^^^^^^
Z:\home\kevin\STM32CubeIDE\CARRITOBLUEPILL\TXRF\Debug\TXRF.hex(119): Expected device instantiation or directive here.
:1007500081EA030E52EA03354FEA013100F0888046
^^^^^^^^^^^^^^^^^^^^^^^^^^^^^^^^^^^^^^^^^^^
Z:\home\kevin\STM32CubeIDE\CARRITOBLUEPILL\TXRF\Debug\TXRF.hex(120): Expected device instantiation or directive here.
:100760004FEA03334FF0805545EA131343EA12630F
^^^^^^^^^^^^^^^^^^^^^^^^^^^^^^^^^^^^^^^^^^^
Z:\home\kevin\STM32CubeIDE\CARRITOBLUEPILL\TXRF\Debug\TXRF.hex(121): Expected device instantiation or directive here.
:100770004FEA022245EA111545EA10654FEA0026C4
^^^^^^^^^^^^^^^^^^^^^^^^^^^^^^^^^^^^^^^^^^^
Z:\home\kevin\STM32CubeIDE\CARRITOBLUEPILL\TXRF\Debug\TXRF.hex(122): Expected device instantiation or directive here.
:100780000EF000419D4208BF964244F1FD0404F57D
^^^^^^^^^^^^^^^^^^^^^^^^^^^^^^^^^^^^^^^^^^^
Z:\home\kevin\STM32CubeIDE\CARRITOBLUEPILL\TXRF\Debug\TXRF.hex(123): Expected device instantiation or directive here.
:10079000407402D25B084FEA3202B61A65EB0305D9
^^^^^^^^^^^^^^^^^^^^^^^^^^^^^^^^^^^^^^^^^^^
Z:\home\kevin\STM32CubeIDE\CARRITOBLUEPILL\TXRF\Debug\TXRF.hex(124): Expected device instantiation or directive here.
:1007A0005B084FEA32024FF480104FF4002CB6EB96
^^^^^^^^^^^^^^^^^^^^^^^^^^^^^^^^^^^^^^^^^^^
Z:\home\kevin\STM32CubeIDE\CARRITOBLUEPILL\TXRF\Debug\TXRF.hex(125): Expected device instantiation or directive here.
:1007B000020E75EB030E22BFB61A754640EA0C0016
^^^^^^^^^^^^^^^^^^^^^^^^^^^^^^^^^^^^^^^^^^^
Z:\home\kevin\STM32CubeIDE\CARRITOBLUEPILL\TXRF\Debug\TXRF.hex(126): Expected device instantiation or directive here.
:1007C0005B084FEA3202B6EB020E75EB030E22BF56
^^^^^^^^^^^^^^^^^^^^^^^^^^^^^^^^^^^^^^^^^^^
Z:\home\kevin\STM32CubeIDE\CARRITOBLUEPILL\TXRF\Debug\TXRF.hex(127): Expected device instantiation or directive here.
:1007D000B61A754640EA5C005B084FEA3202B6EB97
^^^^^^^^^^^^^^^^^^^^^^^^^^^^^^^^^^^^^^^^^^^
Z:\home\kevin\STM32CubeIDE\CARRITOBLUEPILL\TXRF\Debug\TXRF.hex(128): Expected device instantiation or directive here.
:1007E000020E75EB030E22BFB61A754640EA9C0056
^^^^^^^^^^^^^^^^^^^^^^^^^^^^^^^^^^^^^^^^^^^
Z:\home\kevin\STM32CubeIDE\CARRITOBLUEPILL\TXRF\Debug\TXRF.hex(129): Expected device instantiation or directive here.
:1007F0005B084FEA3202B6EB020E75EB030E22BF26
^^^^^^^^^^^^^^^^^^^^^^^^^^^^^^^^^^^^^^^^^^^
Z:\home\kevin\STM32CubeIDE\CARRITOBLUEPILL\TXRF\Debug\TXRF.hex(130): Expected device instantiation or directive here.
:10080000B61A754640EADC0055EA060E18D04FEAE3
^^^^^^^^^^^^^^^^^^^^^^^^^^^^^^^^^^^^^^^^^^^
Z:\home\kevin\STM32CubeIDE\CARRITOBLUEPILL\TXRF\Debug\TXRF.hex(131): Expected device instantiation or directive here.
:10081000051545EA16754FEA06164FEAC30343EA83
^^^^^^^^^^^^^^^^^^^^^^^^^^^^^^^^^^^^^^^^^^^
Z:\home\kevin\STM32CubeIDE\CARRITOBLUEPILL\TXRF\Debug\TXRF.hex(132): Expected device instantiation or directive here.
:1008200052734FEAC2025FEA1C1CC0D111F4801F50
^^^^^^^^^^^^^^^^^^^^^^^^^^^^^^^^^^^^^^^^^^^
Z:\home\kevin\STM32CubeIDE\CARRITOBLUEPILL\TXRF\Debug\TXRF.hex(133): Expected device instantiation or directive here.
:100830000BD141EA00014FF000004FF0004CB6E749
^^^^^^^^^^^^^^^^^^^^^^^^^^^^^^^^^^^^^^^^^^^
Z:\home\kevin\STM32CubeIDE\CARRITOBLUEPILL\TXRF\Debug\TXRF.hex(134): Expected device instantiation or directive here.
:1008400011F4801F04BF01430020B4F1FD0C88BFE8
^^^^^^^^^^^^^^^^^^^^^^^^^^^^^^^^^^^^^^^^^^^
Z:\home\kevin\STM32CubeIDE\CARRITOBLUEPILL\TXRF\Debug\TXRF.hex(135): Expected device instantiation or directive here.
:10085000BCF5E06F3FF6AFAEB5EB030C04BFB6EBF3
^^^^^^^^^^^^^^^^^^^^^^^^^^^^^^^^^^^^^^^^^^^
Z:\home\kevin\STM32CubeIDE\CARRITOBLUEPILL\TXRF\Debug\TXRF.hex(136): Expected device instantiation or directive here.
:10086000020C5FEA500C50F1000041EB045170BDE6
^^^^^^^^^^^^^^^^^^^^^^^^^^^^^^^^^^^^^^^^^^^
Z:\home\kevin\STM32CubeIDE\CARRITOBLUEPILL\TXRF\Debug\TXRF.hex(137): Expected device instantiation or directive here.
:100870000EF0004E4EEA113114EB5C04C2BFD4EB13
^^^^^^^^^^^^^^^^^^^^^^^^^^^^^^^^^^^^^^^^^^^
Z:\home\kevin\STM32CubeIDE\CARRITOBLUEPILL\TXRF\Debug\TXRF.hex(138): Expected device instantiation or directive here.
:100880000C0541EA045170BD41F480114FF0000E97
^^^^^^^^^^^^^^^^^^^^^^^^^^^^^^^^^^^^^^^^^^^
Z:\home\kevin\STM32CubeIDE\CARRITOBLUEPILL\TXRF\Debug\TXRF.hex(139): Expected device instantiation or directive here.
:10089000013C90E645EA060E8DE60CEA135594EA13
^^^^^^^^^^^^^^^^^^^^^^^^^^^^^^^^^^^^^^^^^^^
Z:\home\kevin\STM32CubeIDE\CARRITOBLUEPILL\TXRF\Debug\TXRF.hex(140): Expected device instantiation or directive here.
:1008A0000C0F08BF95EA0C0F3FF43BAF94EA0C0F16
^^^^^^^^^^^^^^^^^^^^^^^^^^^^^^^^^^^^^^^^^^^
Z:\home\kevin\STM32CubeIDE\CARRITOBLUEPILL\TXRF\Debug\TXRF.hex(141): Expected device instantiation or directive here.
:1008B0000AD150EA01347FF434AF95EA0C0F7FF48B
^^^^^^^^^^^^^^^^^^^^^^^^^^^^^^^^^^^^^^^^^^^
Z:\home\kevin\STM32CubeIDE\CARRITOBLUEPILL\TXRF\Debug\TXRF.hex(142): Expected device instantiation or directive here.
:1008C00025AF104619462CE795EA0C0F06D152EADF
^^^^^^^^^^^^^^^^^^^^^^^^^^^^^^^^^^^^^^^^^^^
Z:\home\kevin\STM32CubeIDE\CARRITOBLUEPILL\TXRF\Debug\TXRF.hex(143): Expected device instantiation or directive here.
:1008D00003353FF4FDAE1046194622E750EA4106C3
^^^^^^^^^^^^^^^^^^^^^^^^^^^^^^^^^^^^^^^^^^^
Z:\home\kevin\STM32CubeIDE\CARRITOBLUEPILL\TXRF\Debug\TXRF.hex(144): Expected device instantiation or directive here.
:1008E00018BF52EA43067FF4C5AE50EA41047FF4D4
^^^^^^^^^^^^^^^^^^^^^^^^^^^^^^^^^^^^^^^^^^^
Z:\home\kevin\STM32CubeIDE\CARRITOBLUEPILL\TXRF\Debug\TXRF.hex(145): Expected device instantiation or directive here.
:1008F0000DAF52EA43057FF4EBAE12E74FF0FF3C39
^^^^^^^^^^^^^^^^^^^^^^^^^^^^^^^^^^^^^^^^^^^
Z:\home\kevin\STM32CubeIDE\CARRITOBLUEPILL\TXRF\Debug\TXRF.hex(146): Expected device instantiation or directive here.
:1009000006E000BF4FF0010C02E000BF4FF0010C09
^^^^^^^^^^^^^^^^^^^^^^^^^^^^^^^^^^^^^^^^^^^
Z:\home\kevin\STM32CubeIDE\CARRITOBLUEPILL\TXRF\Debug\TXRF.hex(147): Expected device instantiation or directive here.
:100910004DF804CD4FEA410C7FEA6C5C4FEA430C82
^^^^^^^^^^^^^^^^^^^^^^^^^^^^^^^^^^^^^^^^^^^
Z:\home\kevin\STM32CubeIDE\CARRITOBLUEPILL\TXRF\Debug\TXRF.hex(148): Expected device instantiation or directive here.
:1009200018BF7FEA6C5C1BD001B050EA410C0CBFD1
^^^^^^^^^^^^^^^^^^^^^^^^^^^^^^^^^^^^^^^^^^^
Z:\home\kevin\STM32CubeIDE\CARRITOBLUEPILL\TXRF\Debug\TXRF.hex(149): Expected device instantiation or directive here.
:1009300052EA430C91EA030F02BF90EA020F002033
^^^^^^^^^^^^^^^^^^^^^^^^^^^^^^^^^^^^^^^^^^^
Z:\home\kevin\STM32CubeIDE\CARRITOBLUEPILL\TXRF\Debug\TXRF.hex(150): Expected device instantiation or directive here.
:10094000704710F1000F91EA030F58BF994208BF9A
^^^^^^^^^^^^^^^^^^^^^^^^^^^^^^^^^^^^^^^^^^^
Z:\home\kevin\STM32CubeIDE\CARRITOBLUEPILL\TXRF\Debug\TXRF.hex(151): Expected device instantiation or directive here.
:1009500090422CBFD8176FEAE37040F00100704757
^^^^^^^^^^^^^^^^^^^^^^^^^^^^^^^^^^^^^^^^^^^
Z:\home\kevin\STM32CubeIDE\CARRITOBLUEPILL\TXRF\Debug\TXRF.hex(152): Expected device instantiation or directive here.
:100960004FEA410C7FEA6C5C02D150EA013C07D1AE
^^^^^^^^^^^^^^^^^^^^^^^^^^^^^^^^^^^^^^^^^^^
Z:\home\kevin\STM32CubeIDE\CARRITOBLUEPILL\TXRF\Debug\TXRF.hex(153): Expected device instantiation or directive here.
:100970004FEA430C7FEA6C5CD6D152EA033CD3D0F9
^^^^^^^^^^^^^^^^^^^^^^^^^^^^^^^^^^^^^^^^^^^
Z:\home\kevin\STM32CubeIDE\CARRITOBLUEPILL\TXRF\Debug\TXRF.hex(154): Expected device instantiation or directive here.
:100980005DF8040B704700BF8446104662468C46F3
^^^^^^^^^^^^^^^^^^^^^^^^^^^^^^^^^^^^^^^^^^^
Z:\home\kevin\STM32CubeIDE\CARRITOBLUEPILL\TXRF\Debug\TXRF.hex(155): Expected device instantiation or directive here.
:100990001946634600E000BF01B5FFF7B7FF002826
^^^^^^^^^^^^^^^^^^^^^^^^^^^^^^^^^^^^^^^^^^^
Z:\home\kevin\STM32CubeIDE\CARRITOBLUEPILL\TXRF\Debug\TXRF.hex(156): Expected device instantiation or directive here.
:1009A00048BF10F1000F01BD4DF808EDFFF7F4FF4F
^^^^^^^^^^^^^^^^^^^^^^^^^^^^^^^^^^^^^^^^^^^
Z:\home\kevin\STM32CubeIDE\CARRITOBLUEPILL\TXRF\Debug\TXRF.hex(157): Expected device instantiation or directive here.
:1009B0000CBF012000205DF808FB00BF4DF808EDDA
^^^^^^^^^^^^^^^^^^^^^^^^^^^^^^^^^^^^^^^^^^^
Z:\home\kevin\STM32CubeIDE\CARRITOBLUEPILL\TXRF\Debug\TXRF.hex(158): Expected device instantiation or directive here.
:1009C000FFF7EAFF34BF012000205DF808FB00BFFD
^^^^^^^^^^^^^^^^^^^^^^^^^^^^^^^^^^^^^^^^^^^
Z:\home\kevin\STM32CubeIDE\CARRITOBLUEPILL\TXRF\Debug\TXRF.hex(159): Expected device instantiation or directive here.
:1009D0004DF808EDFFF7E0FF94BF012000205DF81F
^^^^^^^^^^^^^^^^^^^^^^^^^^^^^^^^^^^^^^^^^^^
Z:\home\kevin\STM32CubeIDE\CARRITOBLUEPILL\TXRF\Debug\TXRF.hex(160): Expected device instantiation or directive here.
:1009E00008FB00BF4DF808EDFFF7CEFF94BF0120D4
^^^^^^^^^^^^^^^^^^^^^^^^^^^^^^^^^^^^^^^^^^^
Z:\home\kevin\STM32CubeIDE\CARRITOBLUEPILL\TXRF\Debug\TXRF.hex(161): Expected device instantiation or directive here.
:1009F00000205DF808FB00BF4DF808EDFFF7C4FFCD
^^^^^^^^^^^^^^^^^^^^^^^^^^^^^^^^^^^^^^^^^^^
Z:\home\kevin\STM32CubeIDE\CARRITOBLUEPILL\TXRF\Debug\TXRF.hex(162): Expected device instantiation or directive here.
:100A000034BF012000205DF808FB00BF4FEA410C15
^^^^^^^^^^^^^^^^^^^^^^^^^^^^^^^^^^^^^^^^^^^
Z:\home\kevin\STM32CubeIDE\CARRITOBLUEPILL\TXRF\Debug\TXRF.hex(163): Expected device instantiation or directive here.
:100A10007FEA6C5C02D150EA013C0AD14FEA430CF8
^^^^^^^^^^^^^^^^^^^^^^^^^^^^^^^^^^^^^^^^^^^
Z:\home\kevin\STM32CubeIDE\CARRITOBLUEPILL\TXRF\Debug\TXRF.hex(164): Expected device instantiation or directive here.
:100A20007FEA6C5C02D152EA033C02D14FF0000035
^^^^^^^^^^^^^^^^^^^^^^^^^^^^^^^^^^^^^^^^^^^
Z:\home\kevin\STM32CubeIDE\CARRITOBLUEPILL\TXRF\Debug\TXRF.hex(165): Expected device instantiation or directive here.
:100A300070474FF0010070474FEA410212F5001273
^^^^^^^^^^^^^^^^^^^^^^^^^^^^^^^^^^^^^^^^^^^
Z:\home\kevin\STM32CubeIDE\CARRITOBLUEPILL\TXRF\Debug\TXRF.hex(166): Expected device instantiation or directive here.
:100A400015D211D56FF47873B3EB625212D94FEA15
^^^^^^^^^^^^^^^^^^^^^^^^^^^^^^^^^^^^^^^^^^^
Z:\home\kevin\STM32CubeIDE\CARRITOBLUEPILL\TXRF\Debug\TXRF.hex(167): Expected device instantiation or directive here.
:100A5000C12343F0004343EA505311F0004F23FAFF
^^^^^^^^^^^^^^^^^^^^^^^^^^^^^^^^^^^^^^^^^^^
Z:\home\kevin\STM32CubeIDE\CARRITOBLUEPILL\TXRF\Debug\TXRF.hex(168): Expected device instantiation or directive here.
:100A600002F018BF404270474FF00000704750EA54
^^^^^^^^^^^^^^^^^^^^^^^^^^^^^^^^^^^^^^^^^^^
Z:\home\kevin\STM32CubeIDE\CARRITOBLUEPILL\TXRF\Debug\TXRF.hex(169): Expected device instantiation or directive here.
:100A7000013005D111F0004008BF6FF00040704711
^^^^^^^^^^^^^^^^^^^^^^^^^^^^^^^^^^^^^^^^^^^
Z:\home\kevin\STM32CubeIDE\CARRITOBLUEPILL\TXRF\Debug\TXRF.hex(170): Expected device instantiation or directive here.
:100A80004FF00000704700BF4FEA4102B2F1E0436F
^^^^^^^^^^^^^^^^^^^^^^^^^^^^^^^^^^^^^^^^^^^
Z:\home\kevin\STM32CubeIDE\CARRITOBLUEPILL\TXRF\Debug\TXRF.hex(171): Expected device instantiation or directive here.
:100A900024BFB3F5001CDCF1FE5C0DD901F0004C65
^^^^^^^^^^^^^^^^^^^^^^^^^^^^^^^^^^^^^^^^^^^
Z:\home\kevin\STM32CubeIDE\CARRITOBLUEPILL\TXRF\Debug\TXRF.hex(172): Expected device instantiation or directive here.
:100AA0004FEAC0024CEA5070B2F1004F40EB8300B5
^^^^^^^^^^^^^^^^^^^^^^^^^^^^^^^^^^^^^^^^^^^
Z:\home\kevin\STM32CubeIDE\CARRITOBLUEPILL\TXRF\Debug\TXRF.hex(173): Expected device instantiation or directive here.
:100AB00008BF20F00100704711F0804F21D113F1E1
^^^^^^^^^^^^^^^^^^^^^^^^^^^^^^^^^^^^^^^^^^^
Z:\home\kevin\STM32CubeIDE\CARRITOBLUEPILL\TXRF\Debug\TXRF.hex(174): Expected device instantiation or directive here.
:100AC0003872BCBF01F00040704741F480114FEA1A
^^^^^^^^^^^^^^^^^^^^^^^^^^^^^^^^^^^^^^^^^^^
Z:\home\kevin\STM32CubeIDE\CARRITOBLUEPILL\TXRF\Debug\TXRF.hex(175): Expected device instantiation or directive here.
:100AD0005252C2F11802C2F1200C10FA0CF320FAA3
^^^^^^^^^^^^^^^^^^^^^^^^^^^^^^^^^^^^^^^^^^^
Z:\home\kevin\STM32CubeIDE\CARRITOBLUEPILL\TXRF\Debug\TXRF.hex(176): Expected device instantiation or directive here.
:100AE00002F018BF40F001004FEAC1234FEAD323C0
^^^^^^^^^^^^^^^^^^^^^^^^^^^^^^^^^^^^^^^^^^^
Z:\home\kevin\STM32CubeIDE\CARRITOBLUEPILL\TXRF\Debug\TXRF.hex(177): Expected device instantiation or directive here.
:100AF00003FA0CFC40EA0C0023FA02F34FEA43032A
^^^^^^^^^^^^^^^^^^^^^^^^^^^^^^^^^^^^^^^^^^^
Z:\home\kevin\STM32CubeIDE\CARRITOBLUEPILL\TXRF\Debug\TXRF.hex(178): Expected device instantiation or directive here.
:100B0000CCE77FEA625307D150EA01331EBF4FF0B2
^^^^^^^^^^^^^^^^^^^^^^^^^^^^^^^^^^^^^^^^^^^
Z:\home\kevin\STM32CubeIDE\CARRITOBLUEPILL\TXRF\Debug\TXRF.hex(179): Expected device instantiation or directive here.
:100B1000FE4040F44000704701F0004040F0FE40CD
^^^^^^^^^^^^^^^^^^^^^^^^^^^^^^^^^^^^^^^^^^^
Z:\home\kevin\STM32CubeIDE\CARRITOBLUEPILL\TXRF\Debug\TXRF.hex(180): Expected device instantiation or directive here.
:100B200040F40000704700BF80F0004002E000BFCA
^^^^^^^^^^^^^^^^^^^^^^^^^^^^^^^^^^^^^^^^^^^
Z:\home\kevin\STM32CubeIDE\CARRITOBLUEPILL\TXRF\Debug\TXRF.hex(181): Expected device instantiation or directive here.
:100B300081F0004142001FBF5FEA410392EA030FC8
^^^^^^^^^^^^^^^^^^^^^^^^^^^^^^^^^^^^^^^^^^^
Z:\home\kevin\STM32CubeIDE\CARRITOBLUEPILL\TXRF\Debug\TXRF.hex(182): Expected device instantiation or directive here.
:100B40007FEA226C7FEA236C6AD04FEA1262D2EB12
^^^^^^^^^^^^^^^^^^^^^^^^^^^^^^^^^^^^^^^^^^^
Z:\home\kevin\STM32CubeIDE\CARRITOBLUEPILL\TXRF\Debug\TXRF.hex(183): Expected device instantiation or directive here.
:100B50001363C1BFD218414048404140B8BF5B4217
^^^^^^^^^^^^^^^^^^^^^^^^^^^^^^^^^^^^^^^^^^^
Z:\home\kevin\STM32CubeIDE\CARRITOBLUEPILL\TXRF\Debug\TXRF.hex(184): Expected device instantiation or directive here.
:100B6000192B88BF704710F0004F40F4000020F0B0
^^^^^^^^^^^^^^^^^^^^^^^^^^^^^^^^^^^^^^^^^^^
Z:\home\kevin\STM32CubeIDE\CARRITOBLUEPILL\TXRF\Debug\TXRF.hex(185): Expected device instantiation or directive here.
:100B70007F4018BF404211F0004F41F4000121F0C6
^^^^^^^^^^^^^^^^^^^^^^^^^^^^^^^^^^^^^^^^^^^
Z:\home\kevin\STM32CubeIDE\CARRITOBLUEPILL\TXRF\Debug\TXRF.hex(186): Expected device instantiation or directive here.
:100B80007F4118BF494292EA030F3FD0A2F1010210
^^^^^^^^^^^^^^^^^^^^^^^^^^^^^^^^^^^^^^^^^^^
Z:\home\kevin\STM32CubeIDE\CARRITOBLUEPILL\TXRF\Debug\TXRF.hex(187): Expected device instantiation or directive here.
:100B900041FA03FC10EB0C00C3F1200301FA03F14E
^^^^^^^^^^^^^^^^^^^^^^^^^^^^^^^^^^^^^^^^^^^
Z:\home\kevin\STM32CubeIDE\CARRITOBLUEPILL\TXRF\Debug\TXRF.hex(188): Expected device instantiation or directive here.
:100BA00000F0004302D5494260EB4000B0F5000F71
^^^^^^^^^^^^^^^^^^^^^^^^^^^^^^^^^^^^^^^^^^^
Z:\home\kevin\STM32CubeIDE\CARRITOBLUEPILL\TXRF\Debug\TXRF.hex(189): Expected device instantiation or directive here.
:100BB00013D3B0F1807F06D340084FEA310102F130
^^^^^^^^^^^^^^^^^^^^^^^^^^^^^^^^^^^^^^^^^^^
Z:\home\kevin\STM32CubeIDE\CARRITOBLUEPILL\TXRF\Debug\TXRF.hex(190): Expected device instantiation or directive here.
:100BC0000102FE2A51D2B1F1004F40EBC25008BFE2
^^^^^^^^^^^^^^^^^^^^^^^^^^^^^^^^^^^^^^^^^^^
Z:\home\kevin\STM32CubeIDE\CARRITOBLUEPILL\TXRF\Debug\TXRF.hex(191): Expected device instantiation or directive here.
:100BD00020F0010040EA03007047490040EB0000AC
^^^^^^^^^^^^^^^^^^^^^^^^^^^^^^^^^^^^^^^^^^^
Z:\home\kevin\STM32CubeIDE\CARRITOBLUEPILL\TXRF\Debug\TXRF.hex(192): Expected device instantiation or directive here.
:100BE000013A28BFB0F5000FEDD2B0FA80FCACF1AD
^^^^^^^^^^^^^^^^^^^^^^^^^^^^^^^^^^^^^^^^^^^
Z:\home\kevin\STM32CubeIDE\CARRITOBLUEPILL\TXRF\Debug\TXRF.hex(193): Expected device instantiation or directive here.
:100BF000080CB2EB0C0200FA0CF0AABF00EBC250DA
^^^^^^^^^^^^^^^^^^^^^^^^^^^^^^^^^^^^^^^^^^^
Z:\home\kevin\STM32CubeIDE\CARRITOBLUEPILL\TXRF\Debug\TXRF.hex(194): Expected device instantiation or directive here.
:100C000052421843BCBFD0401843704792F0000FC7
^^^^^^^^^^^^^^^^^^^^^^^^^^^^^^^^^^^^^^^^^^^
Z:\home\kevin\STM32CubeIDE\CARRITOBLUEPILL\TXRF\Debug\TXRF.hex(195): Expected device instantiation or directive here.
:100C100081F4000106BF80F400000132013BB5E71A
^^^^^^^^^^^^^^^^^^^^^^^^^^^^^^^^^^^^^^^^^^^
Z:\home\kevin\STM32CubeIDE\CARRITOBLUEPILL\TXRF\Debug\TXRF.hex(196): Expected device instantiation or directive here.
:100C20004FEA41037FEA226C18BF7FEA236C21D090
^^^^^^^^^^^^^^^^^^^^^^^^^^^^^^^^^^^^^^^^^^^
Z:\home\kevin\STM32CubeIDE\CARRITOBLUEPILL\TXRF\Debug\TXRF.hex(197): Expected device instantiation or directive here.
:100C300092EA030F04D092F0000F08BF08467047F5
^^^^^^^^^^^^^^^^^^^^^^^^^^^^^^^^^^^^^^^^^^^
Z:\home\kevin\STM32CubeIDE\CARRITOBLUEPILL\TXRF\Debug\TXRF.hex(198): Expected device instantiation or directive here.
:100C400090EA010F1CBF0020704712F07F4F04D1C3
^^^^^^^^^^^^^^^^^^^^^^^^^^^^^^^^^^^^^^^^^^^
Z:\home\kevin\STM32CubeIDE\CARRITOBLUEPILL\TXRF\Debug\TXRF.hex(199): Expected device instantiation or directive here.
:100C5000400028BF40F00040704712F100723CBFD6
^^^^^^^^^^^^^^^^^^^^^^^^^^^^^^^^^^^^^^^^^^^
Z:\home\kevin\STM32CubeIDE\CARRITOBLUEPILL\TXRF\Debug\TXRF.hex(200): Expected device instantiation or directive here.
:100C600000F50000704700F0004343F0FE4040F400
^^^^^^^^^^^^^^^^^^^^^^^^^^^^^^^^^^^^^^^^^^^
Z:\home\kevin\STM32CubeIDE\CARRITOBLUEPILL\TXRF\Debug\TXRF.hex(201): Expected device instantiation or directive here.
:100C7000000070477FEA226216BF08467FEA2363BE
^^^^^^^^^^^^^^^^^^^^^^^^^^^^^^^^^^^^^^^^^^^
Z:\home\kevin\STM32CubeIDE\CARRITOBLUEPILL\TXRF\Debug\TXRF.hex(202): Expected device instantiation or directive here.
:100C80000146420206BF5FEA412390EA010F40F4A9
^^^^^^^^^^^^^^^^^^^^^^^^^^^^^^^^^^^^^^^^^^^
Z:\home\kevin\STM32CubeIDE\CARRITOBLUEPILL\TXRF\Debug\TXRF.hex(203): Expected device instantiation or directive here.
:100C9000800070474FF0000304E000BF10F00043F5
^^^^^^^^^^^^^^^^^^^^^^^^^^^^^^^^^^^^^^^^^^^
Z:\home\kevin\STM32CubeIDE\CARRITOBLUEPILL\TXRF\Debug\TXRF.hex(204): Expected device instantiation or directive here.
:100CA00048BF40425FEA000C08BF704743F09643DC
^^^^^^^^^^^^^^^^^^^^^^^^^^^^^^^^^^^^^^^^^^^
Z:\home\kevin\STM32CubeIDE\CARRITOBLUEPILL\TXRF\Debug\TXRF.hex(205): Expected device instantiation or directive here.
:100CB00001464FF000001CE050EA010208BF7047F7
^^^^^^^^^^^^^^^^^^^^^^^^^^^^^^^^^^^^^^^^^^^
Z:\home\kevin\STM32CubeIDE\CARRITOBLUEPILL\TXRF\Debug\TXRF.hex(206): Expected device instantiation or directive here.
:100CC0004FF000030AE000BF50EA010208BF70477E
^^^^^^^^^^^^^^^^^^^^^^^^^^^^^^^^^^^^^^^^^^^
Z:\home\kevin\STM32CubeIDE\CARRITOBLUEPILL\TXRF\Debug\TXRF.hex(207): Expected device instantiation or directive here.
:100CD00011F0004302D5404261EB41015FEA010C93
^^^^^^^^^^^^^^^^^^^^^^^^^^^^^^^^^^^^^^^^^^^
Z:\home\kevin\STM32CubeIDE\CARRITOBLUEPILL\TXRF\Debug\TXRF.hex(208): Expected device instantiation or directive here.
:100CE00002BF84460146002043F0B64308BFA3F18B
^^^^^^^^^^^^^^^^^^^^^^^^^^^^^^^^^^^^^^^^^^^
Z:\home\kevin\STM32CubeIDE\CARRITOBLUEPILL\TXRF\Debug\TXRF.hex(209): Expected device instantiation or directive here.
:100CF0008053A3F50003BCFA8CF2083AA3EBC2536D
^^^^^^^^^^^^^^^^^^^^^^^^^^^^^^^^^^^^^^^^^^^
Z:\home\kevin\STM32CubeIDE\CARRITOBLUEPILL\TXRF\Debug\TXRF.hex(210): Expected device instantiation or directive here.
:100D000010DB01FA02FC634400FA02FCC2F120028B
^^^^^^^^^^^^^^^^^^^^^^^^^^^^^^^^^^^^^^^^^^^
Z:\home\kevin\STM32CubeIDE\CARRITOBLUEPILL\TXRF\Debug\TXRF.hex(211): Expected device instantiation or directive here.
:100D1000BCF1004F20FA02F243EB020008BF20F0C2
^^^^^^^^^^^^^^^^^^^^^^^^^^^^^^^^^^^^^^^^^^^
Z:\home\kevin\STM32CubeIDE\CARRITOBLUEPILL\TXRF\Debug\TXRF.hex(212): Expected device instantiation or directive here.
:100D20000100704702F1200201FA02FCC2F1200228
^^^^^^^^^^^^^^^^^^^^^^^^^^^^^^^^^^^^^^^^^^^
Z:\home\kevin\STM32CubeIDE\CARRITOBLUEPILL\TXRF\Debug\TXRF.hex(213): Expected device instantiation or directive here.
:100D300050EA4C0021FA02F243EB020008BF20EA1D
^^^^^^^^^^^^^^^^^^^^^^^^^^^^^^^^^^^^^^^^^^^
Z:\home\kevin\STM32CubeIDE\CARRITOBLUEPILL\TXRF\Debug\TXRF.hex(214): Expected device instantiation or directive here.
:100D4000DC7070474FF0FF0C1CEAD0521EBF1CEA4B
^^^^^^^^^^^^^^^^^^^^^^^^^^^^^^^^^^^^^^^^^^^
Z:\home\kevin\STM32CubeIDE\CARRITOBLUEPILL\TXRF\Debug\TXRF.hex(215): Expected device instantiation or directive here.
:100D5000D15392EA0C0F93EA0C0F6FD01A4480EA39
^^^^^^^^^^^^^^^^^^^^^^^^^^^^^^^^^^^^^^^^^^^
Z:\home\kevin\STM32CubeIDE\CARRITOBLUEPILL\TXRF\Debug\TXRF.hex(216): Expected device instantiation or directive here.
:100D6000010C400218BF5FEA41211ED04FF0006322
^^^^^^^^^^^^^^^^^^^^^^^^^^^^^^^^^^^^^^^^^^^
Z:\home\kevin\STM32CubeIDE\CARRITOBLUEPILL\TXRF\Debug\TXRF.hex(217): Expected device instantiation or directive here.
:100D700043EA501043EA5111A0FB01310CF000404E
^^^^^^^^^^^^^^^^^^^^^^^^^^^^^^^^^^^^^^^^^^^
Z:\home\kevin\STM32CubeIDE\CARRITOBLUEPILL\TXRF\Debug\TXRF.hex(218): Expected device instantiation or directive here.
:100D8000B1F5000F3EBF490041EAD3715B0040EA74
^^^^^^^^^^^^^^^^^^^^^^^^^^^^^^^^^^^^^^^^^^^
Z:\home\kevin\STM32CubeIDE\CARRITOBLUEPILL\TXRF\Debug\TXRF.hex(219): Expected device instantiation or directive here.
:100D9000010062F17F02FD2A1DD8B3F1004F40EB44
^^^^^^^^^^^^^^^^^^^^^^^^^^^^^^^^^^^^^^^^^^^
Z:\home\kevin\STM32CubeIDE\CARRITOBLUEPILL\TXRF\Debug\TXRF.hex(220): Expected device instantiation or directive here.
:100DA000C25008BF20F00100704790F0000F0CF017
^^^^^^^^^^^^^^^^^^^^^^^^^^^^^^^^^^^^^^^^^^^
Z:\home\kevin\STM32CubeIDE\CARRITOBLUEPILL\TXRF\Debug\TXRF.hex(221): Expected device instantiation or directive here.
:100DB000004C08BF49024CEA502040EA51207F3ADB
^^^^^^^^^^^^^^^^^^^^^^^^^^^^^^^^^^^^^^^^^^^
Z:\home\kevin\STM32CubeIDE\CARRITOBLUEPILL\TXRF\Debug\TXRF.hex(222): Expected device instantiation or directive here.
:100DC000C2BFD2F1FF0340EAC250704740F40000B6
^^^^^^^^^^^^^^^^^^^^^^^^^^^^^^^^^^^^^^^^^^^
Z:\home\kevin\STM32CubeIDE\CARRITOBLUEPILL\TXRF\Debug\TXRF.hex(223): Expected device instantiation or directive here.
:100DD0004FF00003013A5DDC12F1190FDCBF00F0A7
^^^^^^^^^^^^^^^^^^^^^^^^^^^^^^^^^^^^^^^^^^^
Z:\home\kevin\STM32CubeIDE\CARRITOBLUEPILL\TXRF\Debug\TXRF.hex(224): Expected device instantiation or directive here.
:100DE00000407047C2F10002410021FA02F1C2F155
^^^^^^^^^^^^^^^^^^^^^^^^^^^^^^^^^^^^^^^^^^^
Z:\home\kevin\STM32CubeIDE\CARRITOBLUEPILL\TXRF\Debug\TXRF.hex(225): Expected device instantiation or directive here.
:100DF000200200FA02FC5FEA310040F1000053EAF1
^^^^^^^^^^^^^^^^^^^^^^^^^^^^^^^^^^^^^^^^^^^
Z:\home\kevin\STM32CubeIDE\CARRITOBLUEPILL\TXRF\Debug\TXRF.hex(226): Expected device instantiation or directive here.
:100E00004C0308BF20EADC70704792F0000F00F03E
^^^^^^^^^^^^^^^^^^^^^^^^^^^^^^^^^^^^^^^^^^^
Z:\home\kevin\STM32CubeIDE\CARRITOBLUEPILL\TXRF\Debug\TXRF.hex(227): Expected device instantiation or directive here.
:100E1000004C02BF400010F4000F013AF9D040EA44
^^^^^^^^^^^^^^^^^^^^^^^^^^^^^^^^^^^^^^^^^^^
Z:\home\kevin\STM32CubeIDE\CARRITOBLUEPILL\TXRF\Debug\TXRF.hex(228): Expected device instantiation or directive here.
:100E20000C0093F0000F01F0004C02BF490011F4D8
^^^^^^^^^^^^^^^^^^^^^^^^^^^^^^^^^^^^^^^^^^^
Z:\home\kevin\STM32CubeIDE\CARRITOBLUEPILL\TXRF\Debug\TXRF.hex(229): Expected device instantiation or directive here.
:100E3000000F013BF9D041EA0C018FE70CEAD153D6
^^^^^^^^^^^^^^^^^^^^^^^^^^^^^^^^^^^^^^^^^^^
Z:\home\kevin\STM32CubeIDE\CARRITOBLUEPILL\TXRF\Debug\TXRF.hex(230): Expected device instantiation or directive here.
:100E400092EA0C0F18BF93EA0C0F0AD030F0004C56
^^^^^^^^^^^^^^^^^^^^^^^^^^^^^^^^^^^^^^^^^^^
Z:\home\kevin\STM32CubeIDE\CARRITOBLUEPILL\TXRF\Debug\TXRF.hex(231): Expected device instantiation or directive here.
:100E500018BF31F0004CD8D180EA010000F000400A
^^^^^^^^^^^^^^^^^^^^^^^^^^^^^^^^^^^^^^^^^^^
Z:\home\kevin\STM32CubeIDE\CARRITOBLUEPILL\TXRF\Debug\TXRF.hex(232): Expected device instantiation or directive here.
:100E6000704790F0000F17BF90F0004F084691F0C8
^^^^^^^^^^^^^^^^^^^^^^^^^^^^^^^^^^^^^^^^^^^
Z:\home\kevin\STM32CubeIDE\CARRITOBLUEPILL\TXRF\Debug\TXRF.hex(233): Expected device instantiation or directive here.
:100E7000000F91F0004F14D092EA0C0F01D1420202
^^^^^^^^^^^^^^^^^^^^^^^^^^^^^^^^^^^^^^^^^^^
Z:\home\kevin\STM32CubeIDE\CARRITOBLUEPILL\TXRF\Debug\TXRF.hex(234): Expected device instantiation or directive here.
:100E80000FD193EA0C0F03D14B0218BF084608D1CB
^^^^^^^^^^^^^^^^^^^^^^^^^^^^^^^^^^^^^^^^^^^
Z:\home\kevin\STM32CubeIDE\CARRITOBLUEPILL\TXRF\Debug\TXRF.hex(235): Expected device instantiation or directive here.
:100E900080EA010000F0004040F0FE4040F4000015
^^^^^^^^^^^^^^^^^^^^^^^^^^^^^^^^^^^^^^^^^^^
Z:\home\kevin\STM32CubeIDE\CARRITOBLUEPILL\TXRF\Debug\TXRF.hex(236): Expected device instantiation or directive here.
:100EA000704740F0FE4040F4400070474FF0FF0CA8
^^^^^^^^^^^^^^^^^^^^^^^^^^^^^^^^^^^^^^^^^^^
Z:\home\kevin\STM32CubeIDE\CARRITOBLUEPILL\TXRF\Debug\TXRF.hex(237): Expected device instantiation or directive here.
:100EB0001CEAD0521EBF1CEAD15392EA0C0F93EAEF
^^^^^^^^^^^^^^^^^^^^^^^^^^^^^^^^^^^^^^^^^^^
Z:\home\kevin\STM32CubeIDE\CARRITOBLUEPILL\TXRF\Debug\TXRF.hex(238): Expected device instantiation or directive here.
:100EC0000C0F69D0A2EB030280EA010C49024FEA41
^^^^^^^^^^^^^^^^^^^^^^^^^^^^^^^^^^^^^^^^^^^
Z:\home\kevin\STM32CubeIDE\CARRITOBLUEPILL\TXRF\Debug\TXRF.hex(239): Expected device instantiation or directive here.
:100ED000402037D04FF0805343EA111143EA1013FA
^^^^^^^^^^^^^^^^^^^^^^^^^^^^^^^^^^^^^^^^^^^
Z:\home\kevin\STM32CubeIDE\CARRITOBLUEPILL\TXRF\Debug\TXRF.hex(240): Expected device instantiation or directive here.
:100EE0000CF000408B4238BF5B0042F17D024FF4B2
^^^^^^^^^^^^^^^^^^^^^^^^^^^^^^^^^^^^^^^^^^^
Z:\home\kevin\STM32CubeIDE\CARRITOBLUEPILL\TXRF\Debug\TXRF.hex(241): Expected device instantiation or directive here.
:100EF000000C8B4224BF5B1A40EA0C00B3EB510F8D
^^^^^^^^^^^^^^^^^^^^^^^^^^^^^^^^^^^^^^^^^^^
Z:\home\kevin\STM32CubeIDE\CARRITOBLUEPILL\TXRF\Debug\TXRF.hex(242): Expected device instantiation or directive here.
:100F000024BFA3EB510340EA5C00B3EB910F24BF75
^^^^^^^^^^^^^^^^^^^^^^^^^^^^^^^^^^^^^^^^^^^
Z:\home\kevin\STM32CubeIDE\CARRITOBLUEPILL\TXRF\Debug\TXRF.hex(243): Expected device instantiation or directive here.
:100F1000A3EB910340EA9C00B3EBD10F24BFA3EBFA
^^^^^^^^^^^^^^^^^^^^^^^^^^^^^^^^^^^^^^^^^^^
Z:\home\kevin\STM32CubeIDE\CARRITOBLUEPILL\TXRF\Debug\TXRF.hex(244): Expected device instantiation or directive here.
:100F2000D10340EADC001B0118BF5FEA1C1CE0D1C2
^^^^^^^^^^^^^^^^^^^^^^^^^^^^^^^^^^^^^^^^^^^
Z:\home\kevin\STM32CubeIDE\CARRITOBLUEPILL\TXRF\Debug\TXRF.hex(245): Expected device instantiation or directive here.
:100F3000FD2A3FF650AF8B4240EBC25008BF20F075
^^^^^^^^^^^^^^^^^^^^^^^^^^^^^^^^^^^^^^^^^^^
Z:\home\kevin\STM32CubeIDE\CARRITOBLUEPILL\TXRF\Debug\TXRF.hex(246): Expected device instantiation or directive here.
:100F4000010070470CF0004C4CEA50207F32C2BFC9
^^^^^^^^^^^^^^^^^^^^^^^^^^^^^^^^^^^^^^^^^^^
Z:\home\kevin\STM32CubeIDE\CARRITOBLUEPILL\TXRF\Debug\TXRF.hex(247): Expected device instantiation or directive here.
:100F5000D2F1FF0340EAC250704740F400004FF066
^^^^^^^^^^^^^^^^^^^^^^^^^^^^^^^^^^^^^^^^^^^
Z:\home\kevin\STM32CubeIDE\CARRITOBLUEPILL\TXRF\Debug\TXRF.hex(248): Expected device instantiation or directive here.
:100F60000003013A37E792F0000F00F0004C02BF97
^^^^^^^^^^^^^^^^^^^^^^^^^^^^^^^^^^^^^^^^^^^
Z:\home\kevin\STM32CubeIDE\CARRITOBLUEPILL\TXRF\Debug\TXRF.hex(249): Expected device instantiation or directive here.
:100F7000400010F4000F013AF9D040EA0C0093F061
^^^^^^^^^^^^^^^^^^^^^^^^^^^^^^^^^^^^^^^^^^^
Z:\home\kevin\STM32CubeIDE\CARRITOBLUEPILL\TXRF\Debug\TXRF.hex(250): Expected device instantiation or directive here.
:100F8000000F01F0004C02BF490011F4000F013BBB
^^^^^^^^^^^^^^^^^^^^^^^^^^^^^^^^^^^^^^^^^^^
Z:\home\kevin\STM32CubeIDE\CARRITOBLUEPILL\TXRF\Debug\TXRF.hex(251): Expected device instantiation or directive here.
:100F9000F9D041EA0C0195E70CEAD15392EA0C0F23
^^^^^^^^^^^^^^^^^^^^^^^^^^^^^^^^^^^^^^^^^^^
Z:\home\kevin\STM32CubeIDE\CARRITOBLUEPILL\TXRF\Debug\TXRF.hex(252): Expected device instantiation or directive here.
:100FA00008D142027FF47DAF93EA0C0F7FF470AF5B
^^^^^^^^^^^^^^^^^^^^^^^^^^^^^^^^^^^^^^^^^^^
Z:\home\kevin\STM32CubeIDE\CARRITOBLUEPILL\TXRF\Debug\TXRF.hex(253): Expected device instantiation or directive here.
:100FB000084676E793EA0C0F04D14B023FF44CAF9E
^^^^^^^^^^^^^^^^^^^^^^^^^^^^^^^^^^^^^^^^^^^
Z:\home\kevin\STM32CubeIDE\CARRITOBLUEPILL\TXRF\Debug\TXRF.hex(254): Expected device instantiation or directive here.
:100FC00008466EE730F0004C18BF31F0004CCAD133
^^^^^^^^^^^^^^^^^^^^^^^^^^^^^^^^^^^^^^^^^^^
Z:\home\kevin\STM32CubeIDE\CARRITOBLUEPILL\TXRF\Debug\TXRF.hex(255): Expected device instantiation or directive here.
:100FD00030F000427FF45CAF31F000437FF43CAF6F
^^^^^^^^^^^^^^^^^^^^^^^^^^^^^^^^^^^^^^^^^^^
Z:\home\kevin\STM32CubeIDE\CARRITOBLUEPILL\TXRF\Debug\TXRF.hex(256): Expected device instantiation or directive here.
:100FE0005FE700BF80B500AF01224FF48071024877
^^^^^^^^^^^^^^^^^^^^^^^^^^^^^^^^^^^^^^^^^^^
Z:\home\kevin\STM32CubeIDE\CARRITOBLUEPILL\TXRF\Debug\TXRF.hex(257): Expected device instantiation or directive here.
:100FF00001F0C7FF00BF80BD0008014080B500AF11
^^^^^^^^^^^^^^^^^^^^^^^^^^^^^^^^^^^^^^^^^^^
Z:\home\kevin\STM32CubeIDE\CARRITOBLUEPILL\TXRF\Debug\TXRF.hex(258): Expected device instantiation or directive here.
:1010000000224FF48071024801F0BBFF00BF80BD99
^^^^^^^^^^^^^^^^^^^^^^^^^^^^^^^^^^^^^^^^^^^
Z:\home\kevin\STM32CubeIDE\CARRITOBLUEPILL\TXRF\Debug\TXRF.hex(259): Expected device instantiation or directive here.
:101010000008014080B500AF01224FF48061024812
^^^^^^^^^^^^^^^^^^^^^^^^^^^^^^^^^^^^^^^^^^^
Z:\home\kevin\STM32CubeIDE\CARRITOBLUEPILL\TXRF\Debug\TXRF.hex(260): Expected device instantiation or directive here.
:1010200001F0AFFF00BF80BD0008014080B500AFF8
^^^^^^^^^^^^^^^^^^^^^^^^^^^^^^^^^^^^^^^^^^^
Z:\home\kevin\STM32CubeIDE\CARRITOBLUEPILL\TXRF\Debug\TXRF.hex(261): Expected device instantiation or directive here.
:1010300000224FF48061024801F0A3FF00BF80BD91
^^^^^^^^^^^^^^^^^^^^^^^^^^^^^^^^^^^^^^^^^^^
Z:\home\kevin\STM32CubeIDE\CARRITOBLUEPILL\TXRF\Debug\TXRF.hex(262): Expected device instantiation or directive here.
:101040000008014080B584B000AF03463960FB71F1
^^^^^^^^^^^^^^^^^^^^^^^^^^^^^^^^^^^^^^^^^^^
Z:\home\kevin\STM32CubeIDE\CARRITOBLUEPILL\TXRF\Debug\TXRF.hex(263): Expected device instantiation or directive here.
:101050001346BB71FB7943F02003DBB2FB73FFF750
^^^^^^^^^^^^^^^^^^^^^^^^^^^^^^^^^^^^^^^^^^^
Z:\home\kevin\STM32CubeIDE\CARRITOBLUEPILL\TXRF\Debug\TXRF.hex(264): Expected device instantiation or directive here.
:10106000CDFF07F10F014FF47A730122084803F016
^^^^^^^^^^^^^^^^^^^^^^^^^^^^^^^^^^^^^^^^^^^
Z:\home\kevin\STM32CubeIDE\CARRITOBLUEPILL\TXRF\Debug\TXRF.hex(265): Expected device instantiation or directive here.
:101070001FFDBB799AB24FF47A733968044803F0C4
^^^^^^^^^^^^^^^^^^^^^^^^^^^^^^^^^^^^^^^^^^^
Z:\home\kevin\STM32CubeIDE\CARRITOBLUEPILL\TXRF\Debug\TXRF.hex(266): Expected device instantiation or directive here.
:1010800017FDFFF7AFFF00BF1037BD4680BD00BFA3
^^^^^^^^^^^^^^^^^^^^^^^^^^^^^^^^^^^^^^^^^^^
Z:\home\kevin\STM32CubeIDE\CARRITOBLUEPILL\TXRF\Debug\TXRF.hex(267): Expected device instantiation or directive here.
:101090007C02002080B584B000AF03460A46FB7195
^^^^^^^^^^^^^^^^^^^^^^^^^^^^^^^^^^^^^^^^^^^
Z:\home\kevin\STM32CubeIDE\CARRITOBLUEPILL\TXRF\Debug\TXRF.hex(268): Expected device instantiation or directive here.
:1010A0001346BB71FB79FB730023BB73FFF7A6FFED
^^^^^^^^^^^^^^^^^^^^^^^^^^^^^^^^^^^^^^^^^^^
Z:\home\kevin\STM32CubeIDE\CARRITOBLUEPILL\TXRF\Debug\TXRF.hex(269): Expected device instantiation or directive here.
:1010B00007F10F014FF47A730122094803F0F8FC9D
^^^^^^^^^^^^^^^^^^^^^^^^^^^^^^^^^^^^^^^^^^^
Z:\home\kevin\STM32CubeIDE\CARRITOBLUEPILL\TXRF\Debug\TXRF.hex(270): Expected device instantiation or directive here.
:1010C000BB799AB207F10E014FF47A73044803F02A
^^^^^^^^^^^^^^^^^^^^^^^^^^^^^^^^^^^^^^^^^^^
Z:\home\kevin\STM32CubeIDE\CARRITOBLUEPILL\TXRF\Debug\TXRF.hex(271): Expected device instantiation or directive here.
:1010D00033FEFFF787FFBB7B18461037BD4680BD48
^^^^^^^^^^^^^^^^^^^^^^^^^^^^^^^^^^^^^^^^^^^
Z:\home\kevin\STM32CubeIDE\CARRITOBLUEPILL\TXRF\Debug\TXRF.hex(272): Expected device instantiation or directive here.
:1010E0007C02002080B582B000AF0346FB71F91D81
^^^^^^^^^^^^^^^^^^^^^^^^^^^^^^^^^^^^^^^^^^^
Z:\home\kevin\STM32CubeIDE\CARRITOBLUEPILL\TXRF\Debug\TXRF.hex(273): Expected device instantiation or directive here.
:1010F0004FF47A730122034803F0DAFC00BF08378B
^^^^^^^^^^^^^^^^^^^^^^^^^^^^^^^^^^^^^^^^^^^
Z:\home\kevin\STM32CubeIDE\CARRITOBLUEPILL\TXRF\Debug\TXRF.hex(274): Expected device instantiation or directive here.
:10110000BD4680BD7C02002080B582B000AF0023C8
^^^^^^^^^^^^^^^^^^^^^^^^^^^^^^^^^^^^^^^^^^^
Z:\home\kevin\STM32CubeIDE\CARRITOBLUEPILL\TXRF\Debug\TXRF.hex(275): Expected device instantiation or directive here.
:10111000FB7101210020FFF7BDFF0346FB71FB7946
^^^^^^^^^^^^^^^^^^^^^^^^^^^^^^^^^^^^^^^^^^^
Z:\home\kevin\STM32CubeIDE\CARRITOBLUEPILL\TXRF\Debug\TXRF.hex(276): Expected device instantiation or directive here.
:1011200043F00203DBB2FB71FB1D012219460020D4
^^^^^^^^^^^^^^^^^^^^^^^^^^^^^^^^^^^^^^^^^^^
Z:\home\kevin\STM32CubeIDE\CARRITOBLUEPILL\TXRF\Debug\TXRF.hex(277): Expected device instantiation or directive here.
:10113000FFF788FF00BF0837BD4680BD80B584B08B
^^^^^^^^^^^^^^^^^^^^^^^^^^^^^^^^^^^^^^^^^^^
Z:\home\kevin\STM32CubeIDE\CARRITOBLUEPILL\TXRF\Debug\TXRF.hex(278): Expected device instantiation or directive here.
:1011400000AF0346FB710023FB7301210620FFF76C
^^^^^^^^^^^^^^^^^^^^^^^^^^^^^^^^^^^^^^^^^^^
Z:\home\kevin\STM32CubeIDE\CARRITOBLUEPILL\TXRF\Debug\TXRF.hex(279): Expected device instantiation or directive here.
:10115000A1FF0346FB73FB7B23F04703DBB2FB736A
^^^^^^^^^^^^^^^^^^^^^^^^^^^^^^^^^^^^^^^^^^^
Z:\home\kevin\STM32CubeIDE\CARRITOBLUEPILL\TXRF\Debug\TXRF.hex(280): Expected device instantiation or directive here.
:1011600097F907305B005AB2FB7B5BB213435BB26B
^^^^^^^^^^^^^^^^^^^^^^^^^^^^^^^^^^^^^^^^^^^
Z:\home\kevin\STM32CubeIDE\CARRITOBLUEPILL\TXRF\Debug\TXRF.hex(281): Expected device instantiation or directive here.
:10117000DBB2FB7307F10F03012219460620FFF7CC
^^^^^^^^^^^^^^^^^^^^^^^^^^^^^^^^^^^^^^^^^^^
Z:\home\kevin\STM32CubeIDE\CARRITOBLUEPILL\TXRF\Debug\TXRF.hex(282): Expected device instantiation or directive here.
:1011800061FF00BF1037BD4680BD80B584B000AFA1
^^^^^^^^^^^^^^^^^^^^^^^^^^^^^^^^^^^^^^^^^^^
Z:\home\kevin\STM32CubeIDE\CARRITOBLUEPILL\TXRF\Debug\TXRF.hex(283): Expected device instantiation or directive here.
:101190000346FB710023FB7301210620FFF77AFF52
^^^^^^^^^^^^^^^^^^^^^^^^^^^^^^^^^^^^^^^^^^^
Z:\home\kevin\STM32CubeIDE\CARRITOBLUEPILL\TXRF\Debug\TXRF.hex(284): Expected device instantiation or directive here.
:1011A0000346FB73FB7B23F02803DBB2FB73FB7965
^^^^^^^^^^^^^^^^^^^^^^^^^^^^^^^^^^^^^^^^^^^
Z:\home\kevin\STM32CubeIDE\CARRITOBLUEPILL\TXRF\Debug\TXRF.hex(285): Expected device instantiation or directive here.
:1011B000012B05D1FB7B43F00803DBB2FB7307E097
^^^^^^^^^^^^^^^^^^^^^^^^^^^^^^^^^^^^^^^^^^^
Z:\home\kevin\STM32CubeIDE\CARRITOBLUEPILL\TXRF\Debug\TXRF.hex(286): Expected device instantiation or directive here.
:1011C000FB79022B04D1FB7B43F02003DBB2FB73E2
^^^^^^^^^^^^^^^^^^^^^^^^^^^^^^^^^^^^^^^^^^^
Z:\home\kevin\STM32CubeIDE\CARRITOBLUEPILL\TXRF\Debug\TXRF.hex(287): Expected device instantiation or directive here.
:1011D00007F10F03012219460620FFF733FF00BF76
^^^^^^^^^^^^^^^^^^^^^^^^^^^^^^^^^^^^^^^^^^^
Z:\home\kevin\STM32CubeIDE\CARRITOBLUEPILL\TXRF\Debug\TXRF.hex(288): Expected device instantiation or directive here.
:1011E0001037BD4680BD80B582B000AF0346FB71AD
^^^^^^^^^^^^^^^^^^^^^^^^^^^^^^^^^^^^^^^^^^^
Z:\home\kevin\STM32CubeIDE\CARRITOBLUEPILL\TXRF\Debug\TXRF.hex(289): Expected device instantiation or directive here.
:1011F000FB1D012219460520FFF724FF00BF083719
^^^^^^^^^^^^^^^^^^^^^^^^^^^^^^^^^^^^^^^^^^^
Z:\home\kevin\STM32CubeIDE\CARRITOBLUEPILL\TXRF\Debug\TXRF.hex(290): Expected device instantiation or directive here.
:10120000BD4680BD80B582B000AF786005227968A8
^^^^^^^^^^^^^^^^^^^^^^^^^^^^^^^^^^^^^^^^^^^
Z:\home\kevin\STM32CubeIDE\CARRITOBLUEPILL\TXRF\Debug\TXRF.hex(291): Expected device instantiation or directive here.
:101210001020FFF717FF00BF0837BD4680BD000054
^^^^^^^^^^^^^^^^^^^^^^^^^^^^^^^^^^^^^^^^^^^
Z:\home\kevin\STM32CubeIDE\CARRITOBLUEPILL\TXRF\Debug\TXRF.hex(292): Expected device instantiation or directive here.
:1012200080B582B000AF03460A46FB711346BB711E
^^^^^^^^^^^^^^^^^^^^^^^^^^^^^^^^^^^^^^^^^^^
Z:\home\kevin\STM32CubeIDE\CARRITOBLUEPILL\TXRF\Debug\TXRF.hex(293): Expected device instantiation or directive here.
:10123000BB79202B01D92023BB71FB79052B39D831
^^^^^^^^^^^^^^^^^^^^^^^^^^^^^^^^^^^^^^^^^^^
Z:\home\kevin\STM32CubeIDE\CARRITOBLUEPILL\TXRF\Debug\TXRF.hex(294): Expected device instantiation or directive here.
:1012400001A252F823F000BF611200086F120008DB
^^^^^^^^^^^^^^^^^^^^^^^^^^^^^^^^^^^^^^^^^^^
Z:\home\kevin\STM32CubeIDE\CARRITOBLUEPILL\TXRF\Debug\TXRF.hex(295): Expected device instantiation or directive here.
:101250007D1200088B12000899120008A7120008DE
^^^^^^^^^^^^^^^^^^^^^^^^^^^^^^^^^^^^^^^^^^^
Z:\home\kevin\STM32CubeIDE\CARRITOBLUEPILL\TXRF\Debug\TXRF.hex(296): Expected device instantiation or directive here.
:10126000BB1D012219461120FFF7ECFE22E0BB1D39
^^^^^^^^^^^^^^^^^^^^^^^^^^^^^^^^^^^^^^^^^^^
Z:\home\kevin\STM32CubeIDE\CARRITOBLUEPILL\TXRF\Debug\TXRF.hex(297): Expected device instantiation or directive here.
:10127000012219461220FFF7E5FE1BE0BB1D0122EB
^^^^^^^^^^^^^^^^^^^^^^^^^^^^^^^^^^^^^^^^^^^
Z:\home\kevin\STM32CubeIDE\CARRITOBLUEPILL\TXRF\Debug\TXRF.hex(298): Expected device instantiation or directive here.
:1012800019461320FFF7DEFE14E0BB1D01221946AC
^^^^^^^^^^^^^^^^^^^^^^^^^^^^^^^^^^^^^^^^^^^
Z:\home\kevin\STM32CubeIDE\CARRITOBLUEPILL\TXRF\Debug\TXRF.hex(299): Expected device instantiation or directive here.
:101290001420FFF7D7FE0DE0BB1D012219461520D3
^^^^^^^^^^^^^^^^^^^^^^^^^^^^^^^^^^^^^^^^^^^
Z:\home\kevin\STM32CubeIDE\CARRITOBLUEPILL\TXRF\Debug\TXRF.hex(300): Expected device instantiation or directive here.
:1012A000FFF7D0FE06E0BB1D012219461620FFF70E
^^^^^^^^^^^^^^^^^^^^^^^^^^^^^^^^^^^^^^^^^^^
Z:\home\kevin\STM32CubeIDE\CARRITOBLUEPILL\TXRF\Debug\TXRF.hex(301): Expected device instantiation or directive here.
:1012B000C9FE00BF00BF0837BD4680BD80B584B001
^^^^^^^^^^^^^^^^^^^^^^^^^^^^^^^^^^^^^^^^^^^
Z:\home\kevin\STM32CubeIDE\CARRITOBLUEPILL\TXRF\Debug\TXRF.hex(302): Expected device instantiation or directive here.
:1012C00000AF03463960FB710023FB73012102204C
^^^^^^^^^^^^^^^^^^^^^^^^^^^^^^^^^^^^^^^^^^^
Z:\home\kevin\STM32CubeIDE\CARRITOBLUEPILL\TXRF\Debug\TXRF.hex(303): Expected device instantiation or directive here.
:1012D000FFF7E0FE0346FB73FB79052B50D801A214
^^^^^^^^^^^^^^^^^^^^^^^^^^^^^^^^^^^^^^^^^^^
Z:\home\kevin\STM32CubeIDE\CARRITOBLUEPILL\TXRF\Debug\TXRF.hex(304): Expected device instantiation or directive here.
:1012E00052F823F0FD120008131300082913000818
^^^^^^^^^^^^^^^^^^^^^^^^^^^^^^^^^^^^^^^^^^^
Z:\home\kevin\STM32CubeIDE\CARRITOBLUEPILL\TXRF\Debug\TXRF.hex(305): Expected device instantiation or directive here.
:1012F0003F130008551300086B13000805223968D6
^^^^^^^^^^^^^^^^^^^^^^^^^^^^^^^^^^^^^^^^^^^
Z:\home\kevin\STM32CubeIDE\CARRITOBLUEPILL\TXRF\Debug\TXRF.hex(306): Expected device instantiation or directive here.
:101300000A20FFF79FFEFB7B43F00103DBB2FB7378
^^^^^^^^^^^^^^^^^^^^^^^^^^^^^^^^^^^^^^^^^^^
Z:\home\kevin\STM32CubeIDE\CARRITOBLUEPILL\TXRF\Debug\TXRF.hex(307): Expected device instantiation or directive here.
:1013100036E0052239680B20FFF794FEFB7B43F093
^^^^^^^^^^^^^^^^^^^^^^^^^^^^^^^^^^^^^^^^^^^
Z:\home\kevin\STM32CubeIDE\CARRITOBLUEPILL\TXRF\Debug\TXRF.hex(308): Expected device instantiation or directive here.
:101320000203DBB2FB732BE0012239680C20FFF7CC
^^^^^^^^^^^^^^^^^^^^^^^^^^^^^^^^^^^^^^^^^^^
Z:\home\kevin\STM32CubeIDE\CARRITOBLUEPILL\TXRF\Debug\TXRF.hex(309): Expected device instantiation or directive here.
:1013300089FEFB7B43F00403DBB2FB7320E0012258
^^^^^^^^^^^^^^^^^^^^^^^^^^^^^^^^^^^^^^^^^^^
Z:\home\kevin\STM32CubeIDE\CARRITOBLUEPILL\TXRF\Debug\TXRF.hex(310): Expected device instantiation or directive here.
:1013400039680D20FFF77EFEFB7B43F00803DBB21C
^^^^^^^^^^^^^^^^^^^^^^^^^^^^^^^^^^^^^^^^^^^
Z:\home\kevin\STM32CubeIDE\CARRITOBLUEPILL\TXRF\Debug\TXRF.hex(311): Expected device instantiation or directive here.
:10135000FB7315E0012239680E20FFF773FEFB7B5B
^^^^^^^^^^^^^^^^^^^^^^^^^^^^^^^^^^^^^^^^^^^
Z:\home\kevin\STM32CubeIDE\CARRITOBLUEPILL\TXRF\Debug\TXRF.hex(312): Expected device instantiation or directive here.
:1013600043F01003DBB2FB730AE0012239680F205F
^^^^^^^^^^^^^^^^^^^^^^^^^^^^^^^^^^^^^^^^^^^
Z:\home\kevin\STM32CubeIDE\CARRITOBLUEPILL\TXRF\Debug\TXRF.hex(313): Expected device instantiation or directive here.
:10137000FFF768FEFB7B43F02003DBB2FB7300BF8B
^^^^^^^^^^^^^^^^^^^^^^^^^^^^^^^^^^^^^^^^^^^
Z:\home\kevin\STM32CubeIDE\CARRITOBLUEPILL\TXRF\Debug\TXRF.hex(314): Expected device instantiation or directive here.
:1013800007F10F03012219460220FFF75BFE00BFA1
^^^^^^^^^^^^^^^^^^^^^^^^^^^^^^^^^^^^^^^^^^^
Z:\home\kevin\STM32CubeIDE\CARRITOBLUEPILL\TXRF\Debug\TXRF.hex(315): Expected device instantiation or directive here.
:101390001037BD4680BD00BF80B584B000AF0346A6
^^^^^^^^^^^^^^^^^^^^^^^^^^^^^^^^^^^^^^^^^^^
Z:\home\kevin\STM32CubeIDE\CARRITOBLUEPILL\TXRF\Debug\TXRF.hex(316): Expected device instantiation or directive here.
:1013A0000A46FB711346BB7101210020FFF772FE54
^^^^^^^^^^^^^^^^^^^^^^^^^^^^^^^^^^^^^^^^^^^
Z:\home\kevin\STM32CubeIDE\CARRITOBLUEPILL\TXRF\Debug\TXRF.hex(317): Expected device instantiation or directive here.
:1013B0000346FB73FB7B23F00C03DBB2FB7397F953
^^^^^^^^^^^^^^^^^^^^^^^^^^^^^^^^^^^^^^^^^^^
Z:\home\kevin\STM32CubeIDE\CARRITOBLUEPILL\TXRF\Debug\TXRF.hex(318): Expected device instantiation or directive here.
:1013C0000730DB005AB297F906309B005BB213433B
^^^^^^^^^^^^^^^^^^^^^^^^^^^^^^^^^^^^^^^^^^^
Z:\home\kevin\STM32CubeIDE\CARRITOBLUEPILL\TXRF\Debug\TXRF.hex(319): Expected device instantiation or directive here.
:1013D0005AB2FB7B5BB213435BB2DBB2FB7307F128
^^^^^^^^^^^^^^^^^^^^^^^^^^^^^^^^^^^^^^^^^^^
Z:\home\kevin\STM32CubeIDE\CARRITOBLUEPILL\TXRF\Debug\TXRF.hex(320): Expected device instantiation or directive here.
:1013E0000F03012219460020FFF72CFE00BF103723
^^^^^^^^^^^^^^^^^^^^^^^^^^^^^^^^^^^^^^^^^^^
Z:\home\kevin\STM32CubeIDE\CARRITOBLUEPILL\TXRF\Debug\TXRF.hex(321): Expected device instantiation or directive here.
:1013F000BD4680BD80B500AFFFF700FEE120FFF7DE
^^^^^^^^^^^^^^^^^^^^^^^^^^^^^^^^^^^^^^^^^^^
Z:\home\kevin\STM32CubeIDE\CARRITOBLUEPILL\TXRF\Debug\TXRF.hex(322): Expected device instantiation or directive here.
:1014000071FEFFF7EFFD00BF80BD80B500AFFFF7B5
^^^^^^^^^^^^^^^^^^^^^^^^^^^^^^^^^^^^^^^^^^^
Z:\home\kevin\STM32CubeIDE\CARRITOBLUEPILL\TXRF\Debug\TXRF.hex(323): Expected device instantiation or directive here.
:10141000F5FDE220FFF766FEFFF7E4FD00BF80BDAB
^^^^^^^^^^^^^^^^^^^^^^^^^^^^^^^^^^^^^^^^^^^
Z:\home\kevin\STM32CubeIDE\CARRITOBLUEPILL\TXRF\Debug\TXRF.hex(324): Expected device instantiation or directive here.
:1014200080B584B002AF0023FB71FF23BB71FFF7CF
^^^^^^^^^^^^^^^^^^^^^^^^^^^^^^^^^^^^^^^^^^^
Z:\home\kevin\STM32CubeIDE\CARRITOBLUEPILL\TXRF\Debug\TXRF.hex(325): Expected device instantiation or directive here.
:10143000E5FDFA1DB91D4FF47A73009301230548A9
^^^^^^^^^^^^^^^^^^^^^^^^^^^^^^^^^^^^^^^^^^^
Z:\home\kevin\STM32CubeIDE\CARRITOBLUEPILL\TXRF\Debug\TXRF.hex(326): Expected device instantiation or directive here.
:1014400003F093FDFFF7CEFDFB7918460837BD4644
^^^^^^^^^^^^^^^^^^^^^^^^^^^^^^^^^^^^^^^^^^^
Z:\home\kevin\STM32CubeIDE\CARRITOBLUEPILL\TXRF\Debug\TXRF.hex(327): Expected device instantiation or directive here.
:1014500080BD00BF7C02002080B582B000AF0023B9
^^^^^^^^^^^^^^^^^^^^^^^^^^^^^^^^^^^^^^^^^^^
Z:\home\kevin\STM32CubeIDE\CARRITOBLUEPILL\TXRF\Debug\TXRF.hex(328): Expected device instantiation or directive here.
:10146000FB71FFF7DDFF0346FB71FB7943F040039F
^^^^^^^^^^^^^^^^^^^^^^^^^^^^^^^^^^^^^^^^^^^
Z:\home\kevin\STM32CubeIDE\CARRITOBLUEPILL\TXRF\Debug\TXRF.hex(329): Expected device instantiation or directive here.
:10147000DBB2FB71FB1D012219460720FFF7E2FDDD
^^^^^^^^^^^^^^^^^^^^^^^^^^^^^^^^^^^^^^^^^^^
Z:\home\kevin\STM32CubeIDE\CARRITOBLUEPILL\TXRF\Debug\TXRF.hex(330): Expected device instantiation or directive here.
:1014800000BF0837BD4680BD80B582B000AF0023E5
^^^^^^^^^^^^^^^^^^^^^^^^^^^^^^^^^^^^^^^^^^^
Z:\home\kevin\STM32CubeIDE\CARRITOBLUEPILL\TXRF\Debug\TXRF.hex(331): Expected device instantiation or directive here.
:10149000FB71FFF7C5FF0346FB71FB7943F02003A7
^^^^^^^^^^^^^^^^^^^^^^^^^^^^^^^^^^^^^^^^^^^
Z:\home\kevin\STM32CubeIDE\CARRITOBLUEPILL\TXRF\Debug\TXRF.hex(332): Expected device instantiation or directive here.
:1014A000DBB2FB71FB1D012219460720FFF7CAFDC5
^^^^^^^^^^^^^^^^^^^^^^^^^^^^^^^^^^^^^^^^^^^
Z:\home\kevin\STM32CubeIDE\CARRITOBLUEPILL\TXRF\Debug\TXRF.hex(333): Expected device instantiation or directive here.
:1014B00000BF0837BD4680BD80B582B000AF0023B5
^^^^^^^^^^^^^^^^^^^^^^^^^^^^^^^^^^^^^^^^^^^
Z:\home\kevin\STM32CubeIDE\CARRITOBLUEPILL\TXRF\Debug\TXRF.hex(334): Expected device instantiation or directive here.
:1014C000FB71FFF7ADFF0346FB71FB7943F010039F
^^^^^^^^^^^^^^^^^^^^^^^^^^^^^^^^^^^^^^^^^^^
Z:\home\kevin\STM32CubeIDE\CARRITOBLUEPILL\TXRF\Debug\TXRF.hex(335): Expected device instantiation or directive here.
:1014D000DBB2FB71FB1D012219460720FFF7B2FDAD
^^^^^^^^^^^^^^^^^^^^^^^^^^^^^^^^^^^^^^^^^^^
Z:\home\kevin\STM32CubeIDE\CARRITOBLUEPILL\TXRF\Debug\TXRF.hex(336): Expected device instantiation or directive here.
:1014E00000BF0837BD4680BD80B582B000AF002385
^^^^^^^^^^^^^^^^^^^^^^^^^^^^^^^^^^^^^^^^^^^
Z:\home\kevin\STM32CubeIDE\CARRITOBLUEPILL\TXRF\Debug\TXRF.hex(337): Expected device instantiation or directive here.
:1014F000FB7101210020FFF7CDFD0346FB71FB7955
^^^^^^^^^^^^^^^^^^^^^^^^^^^^^^^^^^^^^^^^^^^
Z:\home\kevin\STM32CubeIDE\CARRITOBLUEPILL\TXRF\Debug\TXRF.hex(338): Expected device instantiation or directive here.
:1015000023F00103DBB2FB71FB1D01221946002011
^^^^^^^^^^^^^^^^^^^^^^^^^^^^^^^^^^^^^^^^^^^
Z:\home\kevin\STM32CubeIDE\CARRITOBLUEPILL\TXRF\Debug\TXRF.hex(339): Expected device instantiation or directive here.
:10151000FFF798FD00BF0837BD4680BD80B584B099
^^^^^^^^^^^^^^^^^^^^^^^^^^^^^^^^^^^^^^^^^^^
Z:\home\kevin\STM32CubeIDE\CARRITOBLUEPILL\TXRF\Debug\TXRF.hex(340): Expected device instantiation or directive here.
:1015200000AF78600B46FB70FFF780FDA023FB73D4
^^^^^^^^^^^^^^^^^^^^^^^^^^^^^^^^^^^^^^^^^^^
Z:\home\kevin\STM32CubeIDE\CARRITOBLUEPILL\TXRF\Debug\TXRF.hex(341): Expected device instantiation or directive here.
:10153000FFF764FD07F10F014FF47A73012213489E
^^^^^^^^^^^^^^^^^^^^^^^^^^^^^^^^^^^^^^^^^^^
Z:\home\kevin\STM32CubeIDE\CARRITOBLUEPILL\TXRF\Debug\TXRF.hex(342): Expected device instantiation or directive here.
:1015400003F0B6FAFB789AB24FF47A7379680F48D1
^^^^^^^^^^^^^^^^^^^^^^^^^^^^^^^^^^^^^^^^^^^
Z:\home\kevin\STM32CubeIDE\CARRITOBLUEPILL\TXRF\Debug\TXRF.hex(343): Expected device instantiation or directive here.
:1015500003F0AEFAFFF746FDFFF75CFD012000F057
^^^^^^^^^^^^^^^^^^^^^^^^^^^^^^^^^^^^^^^^^^^
Z:\home\kevin\STM32CubeIDE\CARRITOBLUEPILL\TXRF\Debug\TXRF.hex(344): Expected device instantiation or directive here.
:10156000A5FEFFF763FDFFF75BFF034603F01003E3
^^^^^^^^^^^^^^^^^^^^^^^^^^^^^^^^^^^^^^^^^^^
Z:\home\kevin\STM32CubeIDE\CARRITOBLUEPILL\TXRF\Debug\TXRF.hex(345): Expected device instantiation or directive here.
:10157000002B05D0FFF7A0FFFFF73CFF012300E0A1
^^^^^^^^^^^^^^^^^^^^^^^^^^^^^^^^^^^^^^^^^^^
Z:\home\kevin\STM32CubeIDE\CARRITOBLUEPILL\TXRF\Debug\TXRF.hex(346): Expected device instantiation or directive here.
:10158000002318461037BD4680BD00BF7C020020F6
^^^^^^^^^^^^^^^^^^^^^^^^^^^^^^^^^^^^^^^^^^^
Z:\home\kevin\STM32CubeIDE\CARRITOBLUEPILL\TXRF\Debug\TXRF.hex(347): Expected device instantiation or directive here.
:1015900080B500AFFFF7B8FDFFF72CFFFFF735FF71
^^^^^^^^^^^^^^^^^^^^^^^^^^^^^^^^^^^^^^^^^^^
Z:\home\kevin\STM32CubeIDE\CARRITOBLUEPILL\TXRF\Debug\TXRF.hex(348): Expected device instantiation or directive here.
:1015A000FFF75AFFFFF770FFFFF786FF00BF80BD10
^^^^^^^^^^^^^^^^^^^^^^^^^^^^^^^^^^^^^^^^^^^
Z:\home\kevin\STM32CubeIDE\CARRITOBLUEPILL\TXRF\Debug\TXRF.hex(349): Expected device instantiation or directive here.
:1015B000F0B5A1B004AF00F017FE00F05FF900F045
^^^^^^^^^^^^^^^^^^^^^^^^^^^^^^^^^^^^^^^^^^^
Z:\home\kevin\STM32CubeIDE\CARRITOBLUEPILL\TXRF\Debug\TXRF.hex(350): Expected device instantiation or directive here.
:1015C0007FFA00F01DFA00F0AFF900F0EBF900F03F
^^^^^^^^^^^^^^^^^^^^^^^^^^^^^^^^^^^^^^^^^^^
Z:\home\kevin\STM32CubeIDE\CARRITOBLUEPILL\TXRF\Debug\TXRF.hex(351): Expected device instantiation or directive here.
:1015D0004DFA00F0FBFAFFF705FDFFF7D9FF0320F6
^^^^^^^^^^^^^^^^^^^^^^^^^^^^^^^^^^^^^^^^^^^
Z:\home\kevin\STM32CubeIDE\CARRITOBLUEPILL\TXRF\Debug\TXRF.hex(352): Expected device instantiation or directive here.
:1015E000FFF7ACFD0020FFF7D0FD00210120FFF741
^^^^^^^^^^^^^^^^^^^^^^^^^^^^^^^^^^^^^^^^^^^
Z:\home\kevin\STM32CubeIDE\CARRITOBLUEPILL\TXRF\Debug\TXRF.hex(353): Expected device instantiation or directive here.
:1015F000D3FE6420FFF7F7FD08210020FFF710FE5F
^^^^^^^^^^^^^^^^^^^^^^^^^^^^^^^^^^^^^^^^^^^
Z:\home\kevin\STM32CubeIDE\CARRITOBLUEPILL\TXRF\Debug\TXRF.hex(354): Expected device instantiation or directive here.
:101600008F48FFF7FFFD8E490020FFF757FEFFF7D9
^^^^^^^^^^^^^^^^^^^^^^^^^^^^^^^^^^^^^^^^^^^
Z:\home\kevin\STM32CubeIDE\CARRITOBLUEPILL\TXRF\Debug\TXRF.hex(355): Expected device instantiation or directive here.
:101610006BFF8C4800F046FF00F0FEFA0346002BFB
^^^^^^^^^^^^^^^^^^^^^^^^^^^^^^^^^^^^^^^^^^^
Z:\home\kevin\STM32CubeIDE\CARRITOBLUEPILL\TXRF\Debug\TXRF.hex(356): Expected device instantiation or directive here.
:1016200000F0B18000F024FB0346874A136000F00D
^^^^^^^^^^^^^^^^^^^^^^^^^^^^^^^^^^^^^^^^^^^
Z:\home\kevin\STM32CubeIDE\CARRITOBLUEPILL\TXRF\Debug\TXRF.hex(357): Expected device instantiation or directive here.
:1016300039FB0346854A136000F04EFB0346844A9B
^^^^^^^^^^^^^^^^^^^^^^^^^^^^^^^^^^^^^^^^^^^
Z:\home\kevin\STM32CubeIDE\CARRITOBLUEPILL\TXRF\Debug\TXRF.hex(358): Expected device instantiation or directive here.
:101640001360824B1B681846FEF7EEFE74A3D3E9C5
^^^^^^^^^^^^^^^^^^^^^^^^^^^^^^^^^^^^^^^^^^^
Z:\home\kevin\STM32CubeIDE\CARRITOBLUEPILL\TXRF\Debug\TXRF.hex(359): Expected device instantiation or directive here.
:101650000023FFF7B3F90346002B10D07B4B1B6828
^^^^^^^^^^^^^^^^^^^^^^^^^^^^^^^^^^^^^^^^^^^
Z:\home\kevin\STM32CubeIDE\CARRITOBLUEPILL\TXRF\Debug\TXRF.hex(360): Expected device instantiation or directive here.
:101660001846FEF7E1FE70A3D3E90023FFF7C4F9A3
^^^^^^^^^^^^^^^^^^^^^^^^^^^^^^^^^^^^^^^^^^^
Z:\home\kevin\STM32CubeIDE\CARRITOBLUEPILL\TXRF\Debug\TXRF.hex(361): Expected device instantiation or directive here.
:101670000346002B03D0754B4FF000021A60734BEA
^^^^^^^^^^^^^^^^^^^^^^^^^^^^^^^^^^^^^^^^^^^
Z:\home\kevin\STM32CubeIDE\CARRITOBLUEPILL\TXRF\Debug\TXRF.hex(362): Expected device instantiation or directive here.
:101680001B684FF07E511846FFF754FA03461A467E
^^^^^^^^^^^^^^^^^^^^^^^^^^^^^^^^^^^^^^^^^^^
Z:\home\kevin\STM32CubeIDE\CARRITOBLUEPILL\TXRF\Debug\TXRF.hex(363): Expected device instantiation or directive here.
:10169000704B1A606F4B1B681846FEF7C5FE4FF083
^^^^^^^^^^^^^^^^^^^^^^^^^^^^^^^^^^^^^^^^^^^
Z:\home\kevin\STM32CubeIDE\CARRITOBLUEPILL\TXRF\Debug\TXRF.hex(364): Expected device instantiation or directive here.
:1016A00000026D4BFEF718FF02460B464FF000009C
^^^^^^^^^^^^^^^^^^^^^^^^^^^^^^^^^^^^^^^^^^^
Z:\home\kevin\STM32CubeIDE\CARRITOBLUEPILL\TXRF\Debug\TXRF.hex(365): Expected device instantiation or directive here.
:1016B0006A49FEF759FD02460B4610461946FFF7E8
^^^^^^^^^^^^^^^^^^^^^^^^^^^^^^^^^^^^^^^^^^^
Z:\home\kevin\STM32CubeIDE\CARRITOBLUEPILL\TXRF\Debug\TXRF.hex(366): Expected device instantiation or directive here.
:1016C000E3F90346664A13604FF48071654801F000
^^^^^^^^^^^^^^^^^^^^^^^^^^^^^^^^^^^^^^^^^^^
Z:\home\kevin\STM32CubeIDE\CARRITOBLUEPILL\TXRF\Debug\TXRF.hex(367): Expected device instantiation or directive here.
:1016D00041FC0346012B0CD1634B1B785BB203F03A
^^^^^^^^^^^^^^^^^^^^^^^^^^^^^^^^^^^^^^^^^^^
Z:\home\kevin\STM32CubeIDE\CARRITOBLUEPILL\TXRF\Debug\TXRF.hex(368): Expected device instantiation or directive here.
:1016E0000F035BB243F010035BB2DAB25E4B1A70C9
^^^^^^^^^^^^^^^^^^^^^^^^^^^^^^^^^^^^^^^^^^^
Z:\home\kevin\STM32CubeIDE\CARRITOBLUEPILL\TXRF\Debug\TXRF.hex(369): Expected device instantiation or directive here.
:1016F00006E05D4B1B7803F00F03DAB25A4B1A7009
^^^^^^^^^^^^^^^^^^^^^^^^^^^^^^^^^^^^^^^^^^^
Z:\home\kevin\STM32CubeIDE\CARRITOBLUEPILL\TXRF\Debug\TXRF.hex(370): Expected device instantiation or directive here.
:10170000514B1B681846FEF78FFE49A3D3E900230F
^^^^^^^^^^^^^^^^^^^^^^^^^^^^^^^^^^^^^^^^^^^
Z:\home\kevin\STM32CubeIDE\CARRITOBLUEPILL\TXRF\Debug\TXRF.hex(371): Expected device instantiation or directive here.
:10171000FFF75EF90346002B0CD0534B1B785BB2EE
^^^^^^^^^^^^^^^^^^^^^^^^^^^^^^^^^^^^^^^^^^^
Z:\home\kevin\STM32CubeIDE\CARRITOBLUEPILL\TXRF\Debug\TXRF.hex(372): Expected device instantiation or directive here.
:1017200023F00F035BB243F001035BB2DAB24E4B1E
^^^^^^^^^^^^^^^^^^^^^^^^^^^^^^^^^^^^^^^^^^^
Z:\home\kevin\STM32CubeIDE\CARRITOBLUEPILL\TXRF\Debug\TXRF.hex(373): Expected device instantiation or directive here.
:101730001A7025E0444B1B681846FEF775FE3EA361
^^^^^^^^^^^^^^^^^^^^^^^^^^^^^^^^^^^^^^^^^^^
Z:\home\kevin\STM32CubeIDE\CARRITOBLUEPILL\TXRF\Debug\TXRF.hex(374): Expected device instantiation or directive here.
:10174000D3E90023FFF74EF90346002B0CD0464B9C
^^^^^^^^^^^^^^^^^^^^^^^^^^^^^^^^^^^^^^^^^^^
Z:\home\kevin\STM32CubeIDE\CARRITOBLUEPILL\TXRF\Debug\TXRF.hex(375): Expected device instantiation or directive here.
:101750001B785BB223F00F035BB243F004035BB270
^^^^^^^^^^^^^^^^^^^^^^^^^^^^^^^^^^^^^^^^^^^
Z:\home\kevin\STM32CubeIDE\CARRITOBLUEPILL\TXRF\Debug\TXRF.hex(376): Expected device instantiation or directive here.
:10176000DAB2414B1A700BE03F4B1B785BB223F0AF
^^^^^^^^^^^^^^^^^^^^^^^^^^^^^^^^^^^^^^^^^^^
Z:\home\kevin\STM32CubeIDE\CARRITOBLUEPILL\TXRF\Debug\TXRF.hex(377): Expected device instantiation or directive here.
:101770000F035BB243F002035BB2DAB23A4B1A706A
^^^^^^^^^^^^^^^^^^^^^^^^^^^^^^^^^^^^^^^^^^^
Z:\home\kevin\STM32CubeIDE\CARRITOBLUEPILL\TXRF\Debug\TXRF.hex(378): Expected device instantiation or directive here.
:10178000C82000F093FD2F4800F03AFF03469AB2BC
^^^^^^^^^^^^^^^^^^^^^^^^^^^^^^^^^^^^^^^^^^^
Z:\home\kevin\STM32CubeIDE\CARRITOBLUEPILL\TXRF\Debug\TXRF.hex(379): Expected device instantiation or directive here.
:10179000364B1A80354B1B881A46652302FB03F330
^^^^^^^^^^^^^^^^^^^^^^^^^^^^^^^^^^^^^^^^^^^
Z:\home\kevin\STM32CubeIDE\CARRITOBLUEPILL\TXRF\Debug\TXRF.hex(380): Expected device instantiation or directive here.
:1017A0001B13DAB2324B1A702F4B1B7887F8643058
^^^^^^^^^^^^^^^^^^^^^^^^^^^^^^^^^^^^^^^^^^^
Z:\home\kevin\STM32CubeIDE\CARRITOBLUEPILL\TXRF\Debug\TXRF.hex(381): Expected device instantiation or directive here.
:1017B0002B4B1B68BB662E4B1B7887F8653007F1F7
^^^^^^^^^^^^^^^^^^^^^^^^^^^^^^^^^^^^^^^^^^^
Z:\home\kevin\STM32CubeIDE\CARRITOBLUEPILL\TXRF\Debug\TXRF.hex(382): Expected device instantiation or directive here.
:1017C000640308211846FFF7A9FE284B1B881E4614
^^^^^^^^^^^^^^^^^^^^^^^^^^^^^^^^^^^^^^^^^^^
Z:\home\kevin\STM32CubeIDE\CARRITOBLUEPILL\TXRF\Debug\TXRF.hex(383): Expected device instantiation or directive here.
:1017D00097F864301C4697F865301D46BB6E184676
^^^^^^^^^^^^^^^^^^^^^^^^^^^^^^^^^^^^^^^^^^^
Z:\home\kevin\STM32CubeIDE\CARRITOBLUEPILL\TXRF\Debug\TXRF.hex(384): Expected device instantiation or directive here.
:1017E000FEF722FE02460B463846CDE9022301955C
^^^^^^^^^^^^^^^^^^^^^^^^^^^^^^^^^^^^^^^^^^^
Z:\home\kevin\STM32CubeIDE\CARRITOBLUEPILL\TXRF\Debug\TXRF.hex(385): Expected device instantiation or directive here.
:1017F000009433461F4A642104F0B0FEF866FB6E85
^^^^^^^^^^^^^^^^^^^^^^^^^^^^^^^^^^^^^^^^^^^
Z:\home\kevin\STM32CubeIDE\CARRITOBLUEPILL\TXRF\Debug\TXRF.hex(386): Expected device instantiation or directive here.
:101800009AB239464FF0FF331B4803F0B6FF64200D
^^^^^^^^^^^^^^^^^^^^^^^^^^^^^^^^^^^^^^^^^^^
Z:\home\kevin\STM32CubeIDE\CARRITOBLUEPILL\TXRF\Debug\TXRF.hex(387): Expected device instantiation or directive here.
:1018100000F04CFD0F2000F049FDFAE6AFF3008028
^^^^^^^^^^^^^^^^^^^^^^^^^^^^^^^^^^^^^^^^^^^
Z:\home\kevin\STM32CubeIDE\CARRITOBLUEPILL\TXRF\Debug\TXRF.hex(388): Expected device instantiation or directive here.
:101820009A9999999999C93F9A9999999999C9BFFA
^^^^^^^^^^^^^^^^^^^^^^^^^^^^^^^^^^^^^^^^^^^
Z:\home\kevin\STM32CubeIDE\CARRITOBLUEPILL\TXRF\Debug\TXRF.hex(389): Expected device instantiation or directive here.
:101830009A9999999999E9BF9A9999999999E93FAA
^^^^^^^^^^^^^^^^^^^^^^^^^^^^^^^^^^^^^^^^^^^
Z:\home\kevin\STM32CubeIDE\CARRITOBLUEPILL\TXRF\Debug\TXRF.hex(390): Expected device instantiation or directive here.
:1018400000000020F80100202003002024030020D5
^^^^^^^^^^^^^^^^^^^^^^^^^^^^^^^^^^^^^^^^^^^
Z:\home\kevin\STM32CubeIDE\CARRITOBLUEPILL\TXRF\Debug\TXRF.hex(391): Expected device instantiation or directive here.
:10185000280300202C03002000004E40004075406B
^^^^^^^^^^^^^^^^^^^^^^^^^^^^^^^^^^^^^^^^^^^
Z:\home\kevin\STM32CubeIDE\CARRITOBLUEPILL\TXRF\Debug\TXRF.hex(392): Expected device instantiation or directive here.
:1018600030030020000C0140050000201C03002074
^^^^^^^^^^^^^^^^^^^^^^^^^^^^^^^^^^^^^^^^^^^
Z:\home\kevin\STM32CubeIDE\CARRITOBLUEPILL\TXRF\Debug\TXRF.hex(393): Expected device instantiation or directive here.
:101870000400002018880008D402002080B594B02D
^^^^^^^^^^^^^^^^^^^^^^^^^^^^^^^^^^^^^^^^^^^
Z:\home\kevin\STM32CubeIDE\CARRITOBLUEPILL\TXRF\Debug\TXRF.hex(394): Expected device instantiation or directive here.
:1018800000AF07F1280328220021184604F0DFFEEC
^^^^^^^^^^^^^^^^^^^^^^^^^^^^^^^^^^^^^^^^^^^
Z:\home\kevin\STM32CubeIDE\CARRITOBLUEPILL\TXRF\Debug\TXRF.hex(395): Expected device instantiation or directive here.
:1018900007F1140300221A605A609A60DA601A6134
^^^^^^^^^^^^^^^^^^^^^^^^^^^^^^^^^^^^^^^^^^^
Z:\home\kevin\STM32CubeIDE\CARRITOBLUEPILL\TXRF\Debug\TXRF.hex(396): Expected device instantiation or directive here.
:1018A0003B1D00221A605A609A60DA600223BB6214
^^^^^^^^^^^^^^^^^^^^^^^^^^^^^^^^^^^^^^^^^^^
Z:\home\kevin\STM32CubeIDE\CARRITOBLUEPILL\TXRF\Debug\TXRF.hex(397): Expected device instantiation or directive here.
:1018B0000123BB631023FB6302237B640023BB640F
^^^^^^^^^^^^^^^^^^^^^^^^^^^^^^^^^^^^^^^^^^^
Z:\home\kevin\STM32CubeIDE\CARRITOBLUEPILL\TXRF\Debug\TXRF.hex(398): Expected device instantiation or directive here.
:1018C0004FF40023FB6407F12803184602F0A6FB3F
^^^^^^^^^^^^^^^^^^^^^^^^^^^^^^^^^^^^^^^^^^^
Z:\home\kevin\STM32CubeIDE\CARRITOBLUEPILL\TXRF\Debug\TXRF.hex(399): Expected device instantiation or directive here.
:1018D0000346002B01D000F073F90F237B61022334
^^^^^^^^^^^^^^^^^^^^^^^^^^^^^^^^^^^^^^^^^^^
Z:\home\kevin\STM32CubeIDE\CARRITOBLUEPILL\TXRF\Debug\TXRF.hex(400): Expected device instantiation or directive here.
:1018E000BB610023FB6100233B6200237B6207F1A5
^^^^^^^^^^^^^^^^^^^^^^^^^^^^^^^^^^^^^^^^^^^
Z:\home\kevin\STM32CubeIDE\CARRITOBLUEPILL\TXRF\Debug\TXRF.hex(401): Expected device instantiation or directive here.
:1018F00014030021184602F013FE0346002B01D00A
^^^^^^^^^^^^^^^^^^^^^^^^^^^^^^^^^^^^^^^^^^^
Z:\home\kevin\STM32CubeIDE\CARRITOBLUEPILL\TXRF\Debug\TXRF.hex(402): Expected device instantiation or directive here.
:1019000000F05EF902237B600023FB603B1D18465C
^^^^^^^^^^^^^^^^^^^^^^^^^^^^^^^^^^^^^^^^^^^
Z:\home\kevin\STM32CubeIDE\CARRITOBLUEPILL\TXRF\Debug\TXRF.hex(403): Expected device instantiation or directive here.
:1019100002F094FF0346002B01D000F051F900BF04
^^^^^^^^^^^^^^^^^^^^^^^^^^^^^^^^^^^^^^^^^^^
Z:\home\kevin\STM32CubeIDE\CARRITOBLUEPILL\TXRF\Debug\TXRF.hex(404): Expected device instantiation or directive here.
:101920005037BD4680BD000080B584B000AF3B1D80
^^^^^^^^^^^^^^^^^^^^^^^^^^^^^^^^^^^^^^^^^^^
Z:\home\kevin\STM32CubeIDE\CARRITOBLUEPILL\TXRF\Debug\TXRF.hex(405): Expected device instantiation or directive here.
:1019300000221A605A609A60184B194A1A60174BB5
^^^^^^^^^^^^^^^^^^^^^^^^^^^^^^^^^^^^^^^^^^^
Z:\home\kevin\STM32CubeIDE\CARRITOBLUEPILL\TXRF\Debug\TXRF.hex(406): Expected device instantiation or directive here.
:1019400000229A60154B01221A73144B00221A755B
^^^^^^^^^^^^^^^^^^^^^^^^^^^^^^^^^^^^^^^^^^^
Z:\home\kevin\STM32CubeIDE\CARRITOBLUEPILL\TXRF\Debug\TXRF.hex(407): Expected device instantiation or directive here.
:10195000124B4FF46022DA61104B00225A600F4B99
^^^^^^^^^^^^^^^^^^^^^^^^^^^^^^^^^^^^^^^^^^^
Z:\home\kevin\STM32CubeIDE\CARRITOBLUEPILL\TXRF\Debug\TXRF.hex(408): Expected device instantiation or directive here.
:1019600001221A610D4800F0C5FC0346002B01D08E
^^^^^^^^^^^^^^^^^^^^^^^^^^^^^^^^^^^^^^^^^^^
Z:\home\kevin\STM32CubeIDE\CARRITOBLUEPILL\TXRF\Debug\TXRF.hex(409): Expected device instantiation or directive here.
:1019700000F026F900237B600123BB600023FB609D
^^^^^^^^^^^^^^^^^^^^^^^^^^^^^^^^^^^^^^^^^^^
Z:\home\kevin\STM32CubeIDE\CARRITOBLUEPILL\TXRF\Debug\TXRF.hex(410): Expected device instantiation or directive here.
:101980003B1D1946054800F047FE0346002B01D0D9
^^^^^^^^^^^^^^^^^^^^^^^^^^^^^^^^^^^^^^^^^^^
Z:\home\kevin\STM32CubeIDE\CARRITOBLUEPILL\TXRF\Debug\TXRF.hex(411): Expected device instantiation or directive here.
:1019900000F016F900BF1037BD4680BDF8010020E9
^^^^^^^^^^^^^^^^^^^^^^^^^^^^^^^^^^^^^^^^^^^
Z:\home\kevin\STM32CubeIDE\CARRITOBLUEPILL\TXRF\Debug\TXRF.hex(412): Expected device instantiation or directive here.
:1019A0000024014080B500AF124B134A1A60114B5E
^^^^^^^^^^^^^^^^^^^^^^^^^^^^^^^^^^^^^^^^^^^
Z:\home\kevin\STM32CubeIDE\CARRITOBLUEPILL\TXRF\Debug\TXRF.hex(413): Expected device instantiation or directive here.
:1019B000124A5A600F4B00229A600E4B0022DA60E6
^^^^^^^^^^^^^^^^^^^^^^^^^^^^^^^^^^^^^^^^^^^
Z:\home\kevin\STM32CubeIDE\CARRITOBLUEPILL\TXRF\Debug\TXRF.hex(414): Expected device instantiation or directive here.
:1019C0000C4B4FF480421A610A4B00225A61094BBA
^^^^^^^^^^^^^^^^^^^^^^^^^^^^^^^^^^^^^^^^^^^
Z:\home\kevin\STM32CubeIDE\CARRITOBLUEPILL\TXRF\Debug\TXRF.hex(415): Expected device instantiation or directive here.
:1019D00000229A61074B0022DA61064B00221A624C
^^^^^^^^^^^^^^^^^^^^^^^^^^^^^^^^^^^^^^^^^^^
Z:\home\kevin\STM32CubeIDE\CARRITOBLUEPILL\TXRF\Debug\TXRF.hex(416): Expected device instantiation or directive here.
:1019E000044801F0E7FA0346002B01D000F0E8F8C4
^^^^^^^^^^^^^^^^^^^^^^^^^^^^^^^^^^^^^^^^^^^
Z:\home\kevin\STM32CubeIDE\CARRITOBLUEPILL\TXRF\Debug\TXRF.hex(417): Expected device instantiation or directive here.
:1019F00000BF80BD2802002000540040A0860100E6
^^^^^^^^^^^^^^^^^^^^^^^^^^^^^^^^^^^^^^^^^^^
Z:\home\kevin\STM32CubeIDE\CARRITOBLUEPILL\TXRF\Debug\TXRF.hex(418): Expected device instantiation or directive here.
:101A000080B500AF174B184A1A60164B4FF482721C
^^^^^^^^^^^^^^^^^^^^^^^^^^^^^^^^^^^^^^^^^^^
Z:\home\kevin\STM32CubeIDE\CARRITOBLUEPILL\TXRF\Debug\TXRF.hex(419): Expected device instantiation or directive here.
:101A10005A60144B00229A60124B0022DA60114B7C
^^^^^^^^^^^^^^^^^^^^^^^^^^^^^^^^^^^^^^^^^^^
Z:\home\kevin\STM32CubeIDE\CARRITOBLUEPILL\TXRF\Debug\TXRF.hex(420): Expected device instantiation or directive here.
:101A200000221A610F4B00225A610E4B4FF40072D4
^^^^^^^^^^^^^^^^^^^^^^^^^^^^^^^^^^^^^^^^^^^
Z:\home\kevin\STM32CubeIDE\CARRITOBLUEPILL\TXRF\Debug\TXRF.hex(421): Expected device instantiation or directive here.
:101A30009A610C4B0022DA610A4B00221A62094BB0
^^^^^^^^^^^^^^^^^^^^^^^^^^^^^^^^^^^^^^^^^^^
Z:\home\kevin\STM32CubeIDE\CARRITOBLUEPILL\TXRF\Debug\TXRF.hex(422): Expected device instantiation or directive here.
:101A400000225A62074B00229A62064B0A22DA628F
^^^^^^^^^^^^^^^^^^^^^^^^^^^^^^^^^^^^^^^^^^^
Z:\home\kevin\STM32CubeIDE\CARRITOBLUEPILL\TXRF\Debug\TXRF.hex(423): Expected device instantiation or directive here.
:101A5000044802F0A9FF0346002B01D000F0B0F8C3
^^^^^^^^^^^^^^^^^^^^^^^^^^^^^^^^^^^^^^^^^^^
Z:\home\kevin\STM32CubeIDE\CARRITOBLUEPILL\TXRF\Debug\TXRF.hex(424): Expected device instantiation or directive here.
:101A600000BF80BD7C0200200038004080B500AF80
^^^^^^^^^^^^^^^^^^^^^^^^^^^^^^^^^^^^^^^^^^^
Z:\home\kevin\STM32CubeIDE\CARRITOBLUEPILL\TXRF\Debug\TXRF.hex(425): Expected device instantiation or directive here.
:101A7000114B124A1A60104B4FF416525A600E4B1B
^^^^^^^^^^^^^^^^^^^^^^^^^^^^^^^^^^^^^^^^^^^
Z:\home\kevin\STM32CubeIDE\CARRITOBLUEPILL\TXRF\Debug\TXRF.hex(426): Expected device instantiation or directive here.
:101A800000229A600C4B0022DA600B4B00221A6194
^^^^^^^^^^^^^^^^^^^^^^^^^^^^^^^^^^^^^^^^^^^
Z:\home\kevin\STM32CubeIDE\CARRITOBLUEPILL\TXRF\Debug\TXRF.hex(427): Expected device instantiation or directive here.
:101A9000094B0C225A61084B00229A61064B002226
^^^^^^^^^^^^^^^^^^^^^^^^^^^^^^^^^^^^^^^^^^^
Z:\home\kevin\STM32CubeIDE\CARRITOBLUEPILL\TXRF\Debug\TXRF.hex(428): Expected device instantiation or directive here.
:101AA000DA61054803F019FE0346002B01D000F06F
^^^^^^^^^^^^^^^^^^^^^^^^^^^^^^^^^^^^^^^^^^^
Z:\home\kevin\STM32CubeIDE\CARRITOBLUEPILL\TXRF\Debug\TXRF.hex(429): Expected device instantiation or directive here.
:101AB00087F800BF80BD00BFD40200200044004072
^^^^^^^^^^^^^^^^^^^^^^^^^^^^^^^^^^^^^^^^^^^
Z:\home\kevin\STM32CubeIDE\CARRITOBLUEPILL\TXRF\Debug\TXRF.hex(430): Expected device instantiation or directive here.
:101AC00080B588B000AF07F1100300221A605A6099
^^^^^^^^^^^^^^^^^^^^^^^^^^^^^^^^^^^^^^^^^^^
Z:\home\kevin\STM32CubeIDE\CARRITOBLUEPILL\TXRF\Debug\TXRF.hex(431): Expected device instantiation or directive here.
:101AD0009A60DA60354B9B69344A43F01003936196
^^^^^^^^^^^^^^^^^^^^^^^^^^^^^^^^^^^^^^^^^^^
Z:\home\kevin\STM32CubeIDE\CARRITOBLUEPILL\TXRF\Debug\TXRF.hex(432): Expected device instantiation or directive here.
:101AE000324B9B6903F01003FB60FB682F4B9B6933
^^^^^^^^^^^^^^^^^^^^^^^^^^^^^^^^^^^^^^^^^^^
Z:\home\kevin\STM32CubeIDE\CARRITOBLUEPILL\TXRF\Debug\TXRF.hex(433): Expected device instantiation or directive here.
:101AF0002E4A43F0040393612C4B9B6903F00403CB
^^^^^^^^^^^^^^^^^^^^^^^^^^^^^^^^^^^^^^^^^^^
Z:\home\kevin\STM32CubeIDE\CARRITOBLUEPILL\TXRF\Debug\TXRF.hex(434): Expected device instantiation or directive here.
:101B0000BB60BB68294B9B69284A43F0080393617B
^^^^^^^^^^^^^^^^^^^^^^^^^^^^^^^^^^^^^^^^^^^
Z:\home\kevin\STM32CubeIDE\CARRITOBLUEPILL\TXRF\Debug\TXRF.hex(435): Expected device instantiation or directive here.
:101B1000264B9B6903F008037B607B6800224FF42F
^^^^^^^^^^^^^^^^^^^^^^^^^^^^^^^^^^^^^^^^^^^
Z:\home\kevin\STM32CubeIDE\CARRITOBLUEPILL\TXRF\Debug\TXRF.hex(436): Expected device instantiation or directive here.
:101B20006041234801F02DFA00224FF4A0612148C2
^^^^^^^^^^^^^^^^^^^^^^^^^^^^^^^^^^^^^^^^^^^
Z:\home\kevin\STM32CubeIDE\CARRITOBLUEPILL\TXRF\Debug\TXRF.hex(437): Expected device instantiation or directive here.
:101B300001F027FA4FF460433B6101237B610023EE
^^^^^^^^^^^^^^^^^^^^^^^^^^^^^^^^^^^^^^^^^^^
Z:\home\kevin\STM32CubeIDE\CARRITOBLUEPILL\TXRF\Debug\TXRF.hex(438): Expected device instantiation or directive here.
:101B4000BB610223FB6107F110031946184801F03D
^^^^^^^^^^^^^^^^^^^^^^^^^^^^^^^^^^^^^^^^^^^
Z:\home\kevin\STM32CubeIDE\CARRITOBLUEPILL\TXRF\Debug\TXRF.hex(439): Expected device instantiation or directive here.
:101B50007DF84FF4A0633B6101237B610023BB61EF
^^^^^^^^^^^^^^^^^^^^^^^^^^^^^^^^^^^^^^^^^^^
Z:\home\kevin\STM32CubeIDE\CARRITOBLUEPILL\TXRF\Debug\TXRF.hex(440): Expected device instantiation or directive here.
:101B60000323FB6107F110031946124801F06EF8D8
^^^^^^^^^^^^^^^^^^^^^^^^^^^^^^^^^^^^^^^^^^^
Z:\home\kevin\STM32CubeIDE\CARRITOBLUEPILL\TXRF\Debug\TXRF.hex(441): Expected device instantiation or directive here.
:101B70004FF400733B61104B7B610023BB6107F1A5
^^^^^^^^^^^^^^^^^^^^^^^^^^^^^^^^^^^^^^^^^^^
Z:\home\kevin\STM32CubeIDE\CARRITOBLUEPILL\TXRF\Debug\TXRF.hex(442): Expected device instantiation or directive here.
:101B8000100319460B4801F061F84FF480733B6174
^^^^^^^^^^^^^^^^^^^^^^^^^^^^^^^^^^^^^^^^^^^
Z:\home\kevin\STM32CubeIDE\CARRITOBLUEPILL\TXRF\Debug\TXRF.hex(443): Expected device instantiation or directive here.
:101B900000237B610223BB6107F11003194607484C
^^^^^^^^^^^^^^^^^^^^^^^^^^^^^^^^^^^^^^^^^^^
Z:\home\kevin\STM32CubeIDE\CARRITOBLUEPILL\TXRF\Debug\TXRF.hex(444): Expected device instantiation or directive here.
:101BA00001F054F800BF2037BD4680BD0010024050
^^^^^^^^^^^^^^^^^^^^^^^^^^^^^^^^^^^^^^^^^^^
Z:\home\kevin\STM32CubeIDE\CARRITOBLUEPILL\TXRF\Debug\TXRF.hex(445): Expected device instantiation or directive here.
:101BB000001001400008014000002110000C01400D
^^^^^^^^^^^^^^^^^^^^^^^^^^^^^^^^^^^^^^^^^^^
Z:\home\kevin\STM32CubeIDE\CARRITOBLUEPILL\TXRF\Debug\TXRF.hex(446): Expected device instantiation or directive here.
:101BC00080B400AF72B600BF00BFFDE780B582B041
^^^^^^^^^^^^^^^^^^^^^^^^^^^^^^^^^^^^^^^^^^^
Z:\home\kevin\STM32CubeIDE\CARRITOBLUEPILL\TXRF\Debug\TXRF.hex(447): Expected device instantiation or directive here.
:101BD00002AF0F4B6B221A700D4B00225A70642318
^^^^^^^^^^^^^^^^^^^^^^^^^^^^^^^^^^^^^^^^^^^
Z:\home\kevin\STM32CubeIDE\CARRITOBLUEPILL\TXRF\Debug\TXRF.hex(448): Expected device instantiation or directive here.
:101BE000009302230A4AD0210A4801F027FB084B40
^^^^^^^^^^^^^^^^^^^^^^^^^^^^^^^^^^^^^^^^^^^
Z:\home\kevin\STM32CubeIDE\CARRITOBLUEPILL\TXRF\Debug\TXRF.hex(449): Expected device instantiation or directive here.
:101BF00019221A70064B07225A706423009302239D
^^^^^^^^^^^^^^^^^^^^^^^^^^^^^^^^^^^^^^^^^^^
Z:\home\kevin\STM32CubeIDE\CARRITOBLUEPILL\TXRF\Debug\TXRF.hex(450): Expected device instantiation or directive here.
:101C0000034AD021034801F019FB00BFBD4680BD47
^^^^^^^^^^^^^^^^^^^^^^^^^^^^^^^^^^^^^^^^^^^
Z:\home\kevin\STM32CubeIDE\CARRITOBLUEPILL\TXRF\Debug\TXRF.hex(451): Expected device instantiation or directive here.
:101C1000340300202802002080B584B002AF114BAD
^^^^^^^^^^^^^^^^^^^^^^^^^^^^^^^^^^^^^^^^^^^
Z:\home\kevin\STM32CubeIDE\CARRITOBLUEPILL\TXRF\Debug\TXRF.hex(452): Expected device instantiation or directive here.
:101C20003B221A700F4B00225A7064230093012349
^^^^^^^^^^^^^^^^^^^^^^^^^^^^^^^^^^^^^^^^^^^
Z:\home\kevin\STM32CubeIDE\CARRITOBLUEPILL\TXRF\Debug\TXRF.hex(453): Expected device instantiation or directive here.
:101C30000C4AD0210C4801F001FB642300930E23D1
^^^^^^^^^^^^^^^^^^^^^^^^^^^^^^^^^^^^^^^^^^^
Z:\home\kevin\STM32CubeIDE\CARRITOBLUEPILL\TXRF\Debug\TXRF.hex(454): Expected device instantiation or directive here.
:101C40000A4AD021084801F0F7FB0346FB71FB79F3
^^^^^^^^^^^^^^^^^^^^^^^^^^^^^^^^^^^^^^^^^^^
Z:\home\kevin\STM32CubeIDE\CARRITOBLUEPILL\TXRF\Debug\TXRF.hex(455): Expected device instantiation or directive here.
:101C5000002B0CBF01230023DBB218460837BD461A
^^^^^^^^^^^^^^^^^^^^^^^^^^^^^^^^^^^^^^^^^^^
Z:\home\kevin\STM32CubeIDE\CARRITOBLUEPILL\TXRF\Debug\TXRF.hex(456): Expected device instantiation or directive here.
:101C600080BD00BF3403002028020020380300207C
^^^^^^^^^^^^^^^^^^^^^^^^^^^^^^^^^^^^^^^^^^^
Z:\home\kevin\STM32CubeIDE\CARRITOBLUEPILL\TXRF\Debug\TXRF.hex(457): Expected device instantiation or directive here.
:101C700080B500AF0A4B1B781BB21B021AB2084B8F
^^^^^^^^^^^^^^^^^^^^^^^^^^^^^^^^^^^^^^^^^^^
Z:\home\kevin\STM32CubeIDE\CARRITOBLUEPILL\TXRF\Debug\TXRF.hex(458): Expected device instantiation or directive here.
:101C80005B781BB213431BB21846FFF707F80346F5
^^^^^^^^^^^^^^^^^^^^^^^^^^^^^^^^^^^^^^^^^^^
Z:\home\kevin\STM32CubeIDE\CARRITOBLUEPILL\TXRF\Debug\TXRF.hex(459): Expected device instantiation or directive here.
:101C90004FF08D411846FFF709F90346184680BDFD
^^^^^^^^^^^^^^^^^^^^^^^^^^^^^^^^^^^^^^^^^^^
Z:\home\kevin\STM32CubeIDE\CARRITOBLUEPILL\TXRF\Debug\TXRF.hex(460): Expected device instantiation or directive here.
:101CA0003803002080B500AF0A4B9B781BB21B02A3
^^^^^^^^^^^^^^^^^^^^^^^^^^^^^^^^^^^^^^^^^^^
Z:\home\kevin\STM32CubeIDE\CARRITOBLUEPILL\TXRF\Debug\TXRF.hex(461): Expected device instantiation or directive here.
:101CB0001AB2084BDB781BB213431BB21846FEF76F
^^^^^^^^^^^^^^^^^^^^^^^^^^^^^^^^^^^^^^^^^^^
Z:\home\kevin\STM32CubeIDE\CARRITOBLUEPILL\TXRF\Debug\TXRF.hex(462): Expected device instantiation or directive here.
:101CC000EDFF03464FF08D411846FFF7EFF803464E
^^^^^^^^^^^^^^^^^^^^^^^^^^^^^^^^^^^^^^^^^^^
Z:\home\kevin\STM32CubeIDE\CARRITOBLUEPILL\TXRF\Debug\TXRF.hex(463): Expected device instantiation or directive here.
:101CD000184680BD3803002080B500AF0A4B1B7941
^^^^^^^^^^^^^^^^^^^^^^^^^^^^^^^^^^^^^^^^^^^
Z:\home\kevin\STM32CubeIDE\CARRITOBLUEPILL\TXRF\Debug\TXRF.hex(464): Expected device instantiation or directive here.
:101CE0001BB21B021AB2084B5B791BB213431BB227
^^^^^^^^^^^^^^^^^^^^^^^^^^^^^^^^^^^^^^^^^^^
Z:\home\kevin\STM32CubeIDE\CARRITOBLUEPILL\TXRF\Debug\TXRF.hex(465): Expected device instantiation or directive here.
:101CF0001846FEF7D3FF03464FF08D411846FFF715
^^^^^^^^^^^^^^^^^^^^^^^^^^^^^^^^^^^^^^^^^^^
Z:\home\kevin\STM32CubeIDE\CARRITOBLUEPILL\TXRF\Debug\TXRF.hex(466): Expected device instantiation or directive here.
:101D0000D5F80346184680BD3803002080B485B05E
^^^^^^^^^^^^^^^^^^^^^^^^^^^^^^^^^^^^^^^^^^^
Z:\home\kevin\STM32CubeIDE\CARRITOBLUEPILL\TXRF\Debug\TXRF.hex(467): Expected device instantiation or directive here.
:101D100000AF154B9B69144A43F001039361124BCA
^^^^^^^^^^^^^^^^^^^^^^^^^^^^^^^^^^^^^^^^^^^
Z:\home\kevin\STM32CubeIDE\CARRITOBLUEPILL\TXRF\Debug\TXRF.hex(468): Expected device instantiation or directive here.
:101D20009B6903F00103BB60BB680F4BDB690E4A84
^^^^^^^^^^^^^^^^^^^^^^^^^^^^^^^^^^^^^^^^^^^
Z:\home\kevin\STM32CubeIDE\CARRITOBLUEPILL\TXRF\Debug\TXRF.hex(469): Expected device instantiation or directive here.
:101D300043F08053D3610C4BDB6903F080537B602D
^^^^^^^^^^^^^^^^^^^^^^^^^^^^^^^^^^^^^^^^^^^
Z:\home\kevin\STM32CubeIDE\CARRITOBLUEPILL\TXRF\Debug\TXRF.hex(470): Expected device instantiation or directive here.
:101D40007B680A4B5B68FB60FB6823F0E063FB6029
^^^^^^^^^^^^^^^^^^^^^^^^^^^^^^^^^^^^^^^^^^^
Z:\home\kevin\STM32CubeIDE\CARRITOBLUEPILL\TXRF\Debug\TXRF.hex(471): Expected device instantiation or directive here.
:101D5000FB6843F00073FB60044AFB68536000BFFC
^^^^^^^^^^^^^^^^^^^^^^^^^^^^^^^^^^^^^^^^^^^
Z:\home\kevin\STM32CubeIDE\CARRITOBLUEPILL\TXRF\Debug\TXRF.hex(472): Expected device instantiation or directive here.
:101D60001437BD4680BC704700100240000001409F
^^^^^^^^^^^^^^^^^^^^^^^^^^^^^^^^^^^^^^^^^^^
Z:\home\kevin\STM32CubeIDE\CARRITOBLUEPILL\TXRF\Debug\TXRF.hex(473): Expected device instantiation or directive here.
:101D700080B588B000AF786007F1100300221A60C8
^^^^^^^^^^^^^^^^^^^^^^^^^^^^^^^^^^^^^^^^^^^
Z:\home\kevin\STM32CubeIDE\CARRITOBLUEPILL\TXRF\Debug\TXRF.hex(474): Expected device instantiation or directive here.
:101D80005A609A60DA607B681B68144A934221D1DA
^^^^^^^^^^^^^^^^^^^^^^^^^^^^^^^^^^^^^^^^^^^
Z:\home\kevin\STM32CubeIDE\CARRITOBLUEPILL\TXRF\Debug\TXRF.hex(475): Expected device instantiation or directive here.
:101D9000134B9B69124A43F400739361104B9B6988
^^^^^^^^^^^^^^^^^^^^^^^^^^^^^^^^^^^^^^^^^^^
Z:\home\kevin\STM32CubeIDE\CARRITOBLUEPILL\TXRF\Debug\TXRF.hex(476): Expected device instantiation or directive here.
:101DA00003F40073FB60FB680D4B9B690C4A43F026
^^^^^^^^^^^^^^^^^^^^^^^^^^^^^^^^^^^^^^^^^^^
Z:\home\kevin\STM32CubeIDE\CARRITOBLUEPILL\TXRF\Debug\TXRF.hex(477): Expected device instantiation or directive here.
:101DB000040393610A4B9B6903F00403BB60BB6897
^^^^^^^^^^^^^^^^^^^^^^^^^^^^^^^^^^^^^^^^^^^
Z:\home\kevin\STM32CubeIDE\CARRITOBLUEPILL\TXRF\Debug\TXRF.hex(478): Expected device instantiation or directive here.
:101DC00001233B6103237B6107F11003194605489A
^^^^^^^^^^^^^^^^^^^^^^^^^^^^^^^^^^^^^^^^^^^
Z:\home\kevin\STM32CubeIDE\CARRITOBLUEPILL\TXRF\Debug\TXRF.hex(479): Expected device instantiation or directive here.
:101DD00000F03CFF00BF2037BD4680BD002401401D
^^^^^^^^^^^^^^^^^^^^^^^^^^^^^^^^^^^^^^^^^^^
Z:\home\kevin\STM32CubeIDE\CARRITOBLUEPILL\TXRF\Debug\TXRF.hex(480): Expected device instantiation or directive here.
:101DE000001002400008014080B588B000AF786064
^^^^^^^^^^^^^^^^^^^^^^^^^^^^^^^^^^^^^^^^^^^
Z:\home\kevin\STM32CubeIDE\CARRITOBLUEPILL\TXRF\Debug\TXRF.hex(481): Expected device instantiation or directive here.
:101DF00007F1100300221A605A609A60DA607B686B
^^^^^^^^^^^^^^^^^^^^^^^^^^^^^^^^^^^^^^^^^^^
Z:\home\kevin\STM32CubeIDE\CARRITOBLUEPILL\TXRF\Debug\TXRF.hex(482): Expected device instantiation or directive here.
:101E00001B68154A934223D1144B9B69134A43F034
^^^^^^^^^^^^^^^^^^^^^^^^^^^^^^^^^^^^^^^^^^^
Z:\home\kevin\STM32CubeIDE\CARRITOBLUEPILL\TXRF\Debug\TXRF.hex(483): Expected device instantiation or directive here.
:101E100008039361114B9B6903F00803FB60FB68A7
^^^^^^^^^^^^^^^^^^^^^^^^^^^^^^^^^^^^^^^^^^^
Z:\home\kevin\STM32CubeIDE\CARRITOBLUEPILL\TXRF\Debug\TXRF.hex(484): Expected device instantiation or directive here.
:101E2000C0233B6112237B610323FB6107F1100395
^^^^^^^^^^^^^^^^^^^^^^^^^^^^^^^^^^^^^^^^^^^
Z:\home\kevin\STM32CubeIDE\CARRITOBLUEPILL\TXRF\Debug\TXRF.hex(485): Expected device instantiation or directive here.
:101E300019460B4800F00AFF084BDB69074A43F4D8
^^^^^^^^^^^^^^^^^^^^^^^^^^^^^^^^^^^^^^^^^^^
Z:\home\kevin\STM32CubeIDE\CARRITOBLUEPILL\TXRF\Debug\TXRF.hex(486): Expected device instantiation or directive here.
:101E40000013D361054BDB6903F40013BB60BB686F
^^^^^^^^^^^^^^^^^^^^^^^^^^^^^^^^^^^^^^^^^^^
Z:\home\kevin\STM32CubeIDE\CARRITOBLUEPILL\TXRF\Debug\TXRF.hex(487): Expected device instantiation or directive here.
:101E500000BF2037BD4680BD005400400010024046
^^^^^^^^^^^^^^^^^^^^^^^^^^^^^^^^^^^^^^^^^^^
Z:\home\kevin\STM32CubeIDE\CARRITOBLUEPILL\TXRF\Debug\TXRF.hex(488): Expected device instantiation or directive here.
:101E6000000C014080B588B000AF786007F1100326
^^^^^^^^^^^^^^^^^^^^^^^^^^^^^^^^^^^^^^^^^^^
Z:\home\kevin\STM32CubeIDE\CARRITOBLUEPILL\TXRF\Debug\TXRF.hex(489): Expected device instantiation or directive here.
:101E700000221A605A609A60DA607B681B68204A08
^^^^^^^^^^^^^^^^^^^^^^^^^^^^^^^^^^^^^^^^^^^
Z:\home\kevin\STM32CubeIDE\CARRITOBLUEPILL\TXRF\Debug\TXRF.hex(490): Expected device instantiation or directive here.
:101E8000934239D11F4BDB691E4A43F48043D3612F
^^^^^^^^^^^^^^^^^^^^^^^^^^^^^^^^^^^^^^^^^^^
Z:\home\kevin\STM32CubeIDE\CARRITOBLUEPILL\TXRF\Debug\TXRF.hex(491): Expected device instantiation or directive here.
:101E90001C4BDB6903F48043FB60FB68194B9B69B7
^^^^^^^^^^^^^^^^^^^^^^^^^^^^^^^^^^^^^^^^^^^
Z:\home\kevin\STM32CubeIDE\CARRITOBLUEPILL\TXRF\Debug\TXRF.hex(492): Expected device instantiation or directive here.
:101EA000184A43F008039361164B9B6903F008033B
^^^^^^^^^^^^^^^^^^^^^^^^^^^^^^^^^^^^^^^^^^^
Z:\home\kevin\STM32CubeIDE\CARRITOBLUEPILL\TXRF\Debug\TXRF.hex(493): Expected device instantiation or directive here.
:101EB000BB60BB684FF420433B6102237B6103237B
^^^^^^^^^^^^^^^^^^^^^^^^^^^^^^^^^^^^^^^^^^^
Z:\home\kevin\STM32CubeIDE\CARRITOBLUEPILL\TXRF\Debug\TXRF.hex(494): Expected device instantiation or directive here.
:101EC000FB6107F1100319460F4800F0BFFE4FF405
^^^^^^^^^^^^^^^^^^^^^^^^^^^^^^^^^^^^^^^^^^^
Z:\home\kevin\STM32CubeIDE\CARRITOBLUEPILL\TXRF\Debug\TXRF.hex(495): Expected device instantiation or directive here.
:101ED00080433B6100237B610023BB6107F110035A
^^^^^^^^^^^^^^^^^^^^^^^^^^^^^^^^^^^^^^^^^^^
Z:\home\kevin\STM32CubeIDE\CARRITOBLUEPILL\TXRF\Debug\TXRF.hex(496): Expected device instantiation or directive here.
:101EE0001946094800F0B2FE00220021242000F02B
^^^^^^^^^^^^^^^^^^^^^^^^^^^^^^^^^^^^^^^^^^^
Z:\home\kevin\STM32CubeIDE\CARRITOBLUEPILL\TXRF\Debug\TXRF.hex(497): Expected device instantiation or directive here.
:101EF000FEFD242000F017FE00BF2037BD4680BD48
^^^^^^^^^^^^^^^^^^^^^^^^^^^^^^^^^^^^^^^^^^^
Z:\home\kevin\STM32CubeIDE\CARRITOBLUEPILL\TXRF\Debug\TXRF.hex(498): Expected device instantiation or directive here.
:101F00000038004000100240000C014080B588B04D
^^^^^^^^^^^^^^^^^^^^^^^^^^^^^^^^^^^^^^^^^^^
Z:\home\kevin\STM32CubeIDE\CARRITOBLUEPILL\TXRF\Debug\TXRF.hex(499): Expected device instantiation or directive here.
:101F100000AF786007F1100300221A605A609A60DF
^^^^^^^^^^^^^^^^^^^^^^^^^^^^^^^^^^^^^^^^^^^
Z:\home\kevin\STM32CubeIDE\CARRITOBLUEPILL\TXRF\Debug\TXRF.hex(500): Expected device instantiation or directive here.
:101F2000DA607B681B681B4A93422FD11A4BDB692E
^^^^^^^^^^^^^^^^^^^^^^^^^^^^^^^^^^^^^^^^^^^
Z:\home\kevin\STM32CubeIDE\CARRITOBLUEPILL\TXRF\Debug\TXRF.hex(501): Expected device instantiation or directive here.
:101F3000194A43F40033D361174BDB6903F40033D0
^^^^^^^^^^^^^^^^^^^^^^^^^^^^^^^^^^^^^^^^^^^
Z:\home\kevin\STM32CubeIDE\CARRITOBLUEPILL\TXRF\Debug\TXRF.hex(502): Expected device instantiation or directive here.
:101F4000FB60FB68144B9B69134A43F004039361E5
^^^^^^^^^^^^^^^^^^^^^^^^^^^^^^^^^^^^^^^^^^^
Z:\home\kevin\STM32CubeIDE\CARRITOBLUEPILL\TXRF\Debug\TXRF.hex(503): Expected device instantiation or directive here.
:101F5000114B9B6903F00403BB60BB6804233B6126
^^^^^^^^^^^^^^^^^^^^^^^^^^^^^^^^^^^^^^^^^^^
Z:\home\kevin\STM32CubeIDE\CARRITOBLUEPILL\TXRF\Debug\TXRF.hex(504): Expected device instantiation or directive here.
:101F600002237B610323FB6107F1100319460B4831
^^^^^^^^^^^^^^^^^^^^^^^^^^^^^^^^^^^^^^^^^^^
Z:\home\kevin\STM32CubeIDE\CARRITOBLUEPILL\TXRF\Debug\TXRF.hex(505): Expected device instantiation or directive here.
:101F700000F06CFE08233B6100237B610023BB6102
^^^^^^^^^^^^^^^^^^^^^^^^^^^^^^^^^^^^^^^^^^^
Z:\home\kevin\STM32CubeIDE\CARRITOBLUEPILL\TXRF\Debug\TXRF.hex(506): Expected device instantiation or directive here.
:101F800007F110031946054800F060FE00BF203736
^^^^^^^^^^^^^^^^^^^^^^^^^^^^^^^^^^^^^^^^^^^
Z:\home\kevin\STM32CubeIDE\CARRITOBLUEPILL\TXRF\Debug\TXRF.hex(507): Expected device instantiation or directive here.
:101F9000BD4680BD004400400010024000080140E2
^^^^^^^^^^^^^^^^^^^^^^^^^^^^^^^^^^^^^^^^^^^
Z:\home\kevin\STM32CubeIDE\CARRITOBLUEPILL\TXRF\Debug\TXRF.hex(508): Expected device instantiation or directive here.
:101FA00080B400AF00BFFDE780B400AF00BFFDE725
^^^^^^^^^^^^^^^^^^^^^^^^^^^^^^^^^^^^^^^^^^^
Z:\home\kevin\STM32CubeIDE\CARRITOBLUEPILL\TXRF\Debug\TXRF.hex(509): Expected device instantiation or directive here.
:101FB00080B400AF00BFFDE780B400AF00BFFDE715
^^^^^^^^^^^^^^^^^^^^^^^^^^^^^^^^^^^^^^^^^^^
Z:\home\kevin\STM32CubeIDE\CARRITOBLUEPILL\TXRF\Debug\TXRF.hex(510): Expected device instantiation or directive here.
:101FC00080B400AF00BFFDE780B400AF00BFBD46E6
^^^^^^^^^^^^^^^^^^^^^^^^^^^^^^^^^^^^^^^^^^^
Z:\home\kevin\STM32CubeIDE\CARRITOBLUEPILL\TXRF\Debug\TXRF.hex(511): Expected device instantiation or directive here.
:101FD00080BC704780B400AF00BFBD4680BC704776
^^^^^^^^^^^^^^^^^^^^^^^^^^^^^^^^^^^^^^^^^^^
Z:\home\kevin\STM32CubeIDE\CARRITOBLUEPILL\TXRF\Debug\TXRF.hex(512): Expected device instantiation or directive here.
:101FE00080B400AF00BFBD4680BC704780B500AF75
^^^^^^^^^^^^^^^^^^^^^^^^^^^^^^^^^^^^^^^^^^^
Z:\home\kevin\STM32CubeIDE\CARRITOBLUEPILL\TXRF\Debug\TXRF.hex(513): Expected device instantiation or directive here.
:101FF00000F040F900BF80BD80B500AF024803F09B
^^^^^^^^^^^^^^^^^^^^^^^^^^^^^^^^^^^^^^^^^^^
Z:\home\kevin\STM32CubeIDE\CARRITOBLUEPILL\TXRF\Debug\TXRF.hex(514): Expected device instantiation or directive here.
:102000005DF900BF80BD00BF7C02002080B400AF3E
^^^^^^^^^^^^^^^^^^^^^^^^^^^^^^^^^^^^^^^^^^^
Z:\home\kevin\STM32CubeIDE\CARRITOBLUEPILL\TXRF\Debug\TXRF.hex(515): Expected device instantiation or directive here.
:1020100001231846BD4680BC704780B582B000AF32
^^^^^^^^^^^^^^^^^^^^^^^^^^^^^^^^^^^^^^^^^^^
Z:\home\kevin\STM32CubeIDE\CARRITOBLUEPILL\TXRF\Debug\TXRF.hex(516): Expected device instantiation or directive here.
:102020007860396004F066FB034616221A604FF0B0
^^^^^^^^^^^^^^^^^^^^^^^^^^^^^^^^^^^^^^^^^^^
Z:\home\kevin\STM32CubeIDE\CARRITOBLUEPILL\TXRF\Debug\TXRF.hex(517): Expected device instantiation or directive here.
:10203000FF3318460837BD4680BD80B582B000AF7B
^^^^^^^^^^^^^^^^^^^^^^^^^^^^^^^^^^^^^^^^^^^
Z:\home\kevin\STM32CubeIDE\CARRITOBLUEPILL\TXRF\Debug\TXRF.hex(518): Expected device instantiation or directive here.
:1020400078604FF0FF317868FFF7E7FF00BFFDE7EA
^^^^^^^^^^^^^^^^^^^^^^^^^^^^^^^^^^^^^^^^^^^
Z:\home\kevin\STM32CubeIDE\CARRITOBLUEPILL\TXRF\Debug\TXRF.hex(519): Expected device instantiation or directive here.
:1020500080B586B000AFF860B9607A6000237B611C
^^^^^^^^^^^^^^^^^^^^^^^^^^^^^^^^^^^^^^^^^^^
Z:\home\kevin\STM32CubeIDE\CARRITOBLUEPILL\TXRF\Debug\TXRF.hex(520): Expected device instantiation or directive here.
:102060000AE0AFF300800146BB685A1CBA60CAB2EE
^^^^^^^^^^^^^^^^^^^^^^^^^^^^^^^^^^^^^^^^^^^
Z:\home\kevin\STM32CubeIDE\CARRITOBLUEPILL\TXRF\Debug\TXRF.hex(521): Expected device instantiation or directive here.
:102070001A707B6901337B617A697B689A42F0DB75
^^^^^^^^^^^^^^^^^^^^^^^^^^^^^^^^^^^^^^^^^^^
Z:\home\kevin\STM32CubeIDE\CARRITOBLUEPILL\TXRF\Debug\TXRF.hex(522): Expected device instantiation or directive here.
:102080007B6818461837BD4680BD80B586B000AF66
^^^^^^^^^^^^^^^^^^^^^^^^^^^^^^^^^^^^^^^^^^^
Z:\home\kevin\STM32CubeIDE\CARRITOBLUEPILL\TXRF\Debug\TXRF.hex(523): Expected device instantiation or directive here.
:10209000F860B9607A6000237B6109E0BB685A1C74
^^^^^^^^^^^^^^^^^^^^^^^^^^^^^^^^^^^^^^^^^^^
Z:\home\kevin\STM32CubeIDE\CARRITOBLUEPILL\TXRF\Debug\TXRF.hex(524): Expected device instantiation or directive here.
:1020A000BA601B781846AFF300807B6901337B610F
^^^^^^^^^^^^^^^^^^^^^^^^^^^^^^^^^^^^^^^^^^^
Z:\home\kevin\STM32CubeIDE\CARRITOBLUEPILL\TXRF\Debug\TXRF.hex(525): Expected device instantiation or directive here.
:1020B0007A697B689A42F1DB7B6818461837BD461F
^^^^^^^^^^^^^^^^^^^^^^^^^^^^^^^^^^^^^^^^^^^
Z:\home\kevin\STM32CubeIDE\CARRITOBLUEPILL\TXRF\Debug\TXRF.hex(526): Expected device instantiation or directive here.
:1020C00080BD80B483B000AF78604FF0FF33184616
^^^^^^^^^^^^^^^^^^^^^^^^^^^^^^^^^^^^^^^^^^^
Z:\home\kevin\STM32CubeIDE\CARRITOBLUEPILL\TXRF\Debug\TXRF.hex(527): Expected device instantiation or directive here.
:1020D0000C37BD4680BC704780B483B000AF7860D9
^^^^^^^^^^^^^^^^^^^^^^^^^^^^^^^^^^^^^^^^^^^
Z:\home\kevin\STM32CubeIDE\CARRITOBLUEPILL\TXRF\Debug\TXRF.hex(528): Expected device instantiation or directive here.
:1020E00039603B684FF400525A60002318460C37A1
^^^^^^^^^^^^^^^^^^^^^^^^^^^^^^^^^^^^^^^^^^^
Z:\home\kevin\STM32CubeIDE\CARRITOBLUEPILL\TXRF\Debug\TXRF.hex(529): Expected device instantiation or directive here.
:1020F000BD4680BC704780B483B000AF78600123D8
^^^^^^^^^^^^^^^^^^^^^^^^^^^^^^^^^^^^^^^^^^^
Z:\home\kevin\STM32CubeIDE\CARRITOBLUEPILL\TXRF\Debug\TXRF.hex(530): Expected device instantiation or directive here.
:1021000018460C37BD4680BC704780B485B000AF20
^^^^^^^^^^^^^^^^^^^^^^^^^^^^^^^^^^^^^^^^^^^
Z:\home\kevin\STM32CubeIDE\CARRITOBLUEPILL\TXRF\Debug\TXRF.hex(531): Expected device instantiation or directive here.
:10211000F860B9607A60002318461437BD4680BC69
^^^^^^^^^^^^^^^^^^^^^^^^^^^^^^^^^^^^^^^^^^^
Z:\home\kevin\STM32CubeIDE\CARRITOBLUEPILL\TXRF\Debug\TXRF.hex(532): Expected device instantiation or directive here.
:102120007047000080B586B000AF7860144A154B48
^^^^^^^^^^^^^^^^^^^^^^^^^^^^^^^^^^^^^^^^^^^
Z:\home\kevin\STM32CubeIDE\CARRITOBLUEPILL\TXRF\Debug\TXRF.hex(533): Expected device instantiation or directive here.
:10213000D31A7B617B693B61134B1B68002B02D177
^^^^^^^^^^^^^^^^^^^^^^^^^^^^^^^^^^^^^^^^^^^
Z:\home\kevin\STM32CubeIDE\CARRITOBLUEPILL\TXRF\Debug\TXRF.hex(534): Expected device instantiation or directive here.
:10214000114B124A1A60104B1A687B6813443A69A3
^^^^^^^^^^^^^^^^^^^^^^^^^^^^^^^^^^^^^^^^^^^
Z:\home\kevin\STM32CubeIDE\CARRITOBLUEPILL\TXRF\Debug\TXRF.hex(535): Expected device instantiation or directive here.
:102150009A4207D204F0CEFA03460C221A604FF0DE
^^^^^^^^^^^^^^^^^^^^^^^^^^^^^^^^^^^^^^^^^^^
Z:\home\kevin\STM32CubeIDE\CARRITOBLUEPILL\TXRF\Debug\TXRF.hex(536): Expected device instantiation or directive here.
:10216000FF3309E0084B1B68FB60074B1A687B686C
^^^^^^^^^^^^^^^^^^^^^^^^^^^^^^^^^^^^^^^^^^^
Z:\home\kevin\STM32CubeIDE\CARRITOBLUEPILL\TXRF\Debug\TXRF.hex(537): Expected device instantiation or directive here.
:102170001344054A1360FB6818461837BD4680BDF6
^^^^^^^^^^^^^^^^^^^^^^^^^^^^^^^^^^^^^^^^^^^
Z:\home\kevin\STM32CubeIDE\CARRITOBLUEPILL\TXRF\Debug\TXRF.hex(538): Expected device instantiation or directive here.
:10218000005000200004000048030020A0040020AC
^^^^^^^^^^^^^^^^^^^^^^^^^^^^^^^^^^^^^^^^^^^
Z:\home\kevin\STM32CubeIDE\CARRITOBLUEPILL\TXRF\Debug\TXRF.hex(539): Expected device instantiation or directive here.
:1021900080B400AF00BFBD4680BC7047FFF7F8FFBA
^^^^^^^^^^^^^^^^^^^^^^^^^^^^^^^^^^^^^^^^^^^
Z:\home\kevin\STM32CubeIDE\CARRITOBLUEPILL\TXRF\Debug\TXRF.hex(540): Expected device instantiation or directive here.
:1021A0000B480C490C4A002302E0D458C4500433B5
^^^^^^^^^^^^^^^^^^^^^^^^^^^^^^^^^^^^^^^^^^^
Z:\home\kevin\STM32CubeIDE\CARRITOBLUEPILL\TXRF\Debug\TXRF.hex(541): Expected device instantiation or directive here.
:1021B000C4188C42F9D3094A094C002301E013608A
^^^^^^^^^^^^^^^^^^^^^^^^^^^^^^^^^^^^^^^^^^^
Z:\home\kevin\STM32CubeIDE\CARRITOBLUEPILL\TXRF\Debug\TXRF.hex(542): Expected device instantiation or directive here.
:1021C0000432A242FBD304F09BFAFFF7F1F9704707
^^^^^^^^^^^^^^^^^^^^^^^^^^^^^^^^^^^^^^^^^^^
Z:\home\kevin\STM32CubeIDE\CARRITOBLUEPILL\TXRF\Debug\TXRF.hex(543): Expected device instantiation or directive here.
:1021D00000000020DC010020EC8B0008DC01002066
^^^^^^^^^^^^^^^^^^^^^^^^^^^^^^^^^^^^^^^^^^^
Z:\home\kevin\STM32CubeIDE\CARRITOBLUEPILL\TXRF\Debug\TXRF.hex(544): Expected device instantiation or directive here.
:1021E0009C040020FEE7000080B500AF084B1B6890
^^^^^^^^^^^^^^^^^^^^^^^^^^^^^^^^^^^^^^^^^^^
Z:\home\kevin\STM32CubeIDE\CARRITOBLUEPILL\TXRF\Debug\TXRF.hex(545): Expected device instantiation or directive here.
:1021F000074A43F010031360032000F06DFC0F202A
^^^^^^^^^^^^^^^^^^^^^^^^^^^^^^^^^^^^^^^^^^^
Z:\home\kevin\STM32CubeIDE\CARRITOBLUEPILL\TXRF\Debug\TXRF.hex(546): Expected device instantiation or directive here.
:1022000000F008F8FFF782FD0023184680BD00BFEC
^^^^^^^^^^^^^^^^^^^^^^^^^^^^^^^^^^^^^^^^^^^
Z:\home\kevin\STM32CubeIDE\CARRITOBLUEPILL\TXRF\Debug\TXRF.hex(547): Expected device instantiation or directive here.
:102210000020024080B582B000AF7860124B1A688F
^^^^^^^^^^^^^^^^^^^^^^^^^^^^^^^^^^^^^^^^^^^
Z:\home\kevin\STM32CubeIDE\CARRITOBLUEPILL\TXRF\Debug\TXRF.hex(548): Expected device instantiation or directive here.
:10222000124B1B7819464FF47A73B3FBF1F3B2FBF0
^^^^^^^^^^^^^^^^^^^^^^^^^^^^^^^^^^^^^^^^^^^
Z:\home\kevin\STM32CubeIDE\CARRITOBLUEPILL\TXRF\Debug\TXRF.hex(549): Expected device instantiation or directive here.
:10223000F3F3184600F085FC0346002B01D0012380
^^^^^^^^^^^^^^^^^^^^^^^^^^^^^^^^^^^^^^^^^^^
Z:\home\kevin\STM32CubeIDE\CARRITOBLUEPILL\TXRF\Debug\TXRF.hex(550): Expected device instantiation or directive here.
:102240000EE07B680F2B0AD8002279684FF0FF3030
^^^^^^^^^^^^^^^^^^^^^^^^^^^^^^^^^^^^^^^^^^^
Z:\home\kevin\STM32CubeIDE\CARRITOBLUEPILL\TXRF\Debug\TXRF.hex(551): Expected device instantiation or directive here.
:1022500000F04DFC064A7B681360002300E0012378
^^^^^^^^^^^^^^^^^^^^^^^^^^^^^^^^^^^^^^^^^^^
Z:\home\kevin\STM32CubeIDE\CARRITOBLUEPILL\TXRF\Debug\TXRF.hex(552): Expected device instantiation or directive here.
:1022600018460837BD4680BD080000201000002039
^^^^^^^^^^^^^^^^^^^^^^^^^^^^^^^^^^^^^^^^^^^
Z:\home\kevin\STM32CubeIDE\CARRITOBLUEPILL\TXRF\Debug\TXRF.hex(553): Expected device instantiation or directive here.
:102270000C00002080B400AF054B1B781A46054BBC
^^^^^^^^^^^^^^^^^^^^^^^^^^^^^^^^^^^^^^^^^^^
Z:\home\kevin\STM32CubeIDE\CARRITOBLUEPILL\TXRF\Debug\TXRF.hex(554): Expected device instantiation or directive here.
:102280001B681344034A136000BFBD4680BC7047FF
^^^^^^^^^^^^^^^^^^^^^^^^^^^^^^^^^^^^^^^^^^^
Z:\home\kevin\STM32CubeIDE\CARRITOBLUEPILL\TXRF\Debug\TXRF.hex(555): Expected device instantiation or directive here.
:10229000100000204C03002080B400AF024B1B68EC
^^^^^^^^^^^^^^^^^^^^^^^^^^^^^^^^^^^^^^^^^^^
Z:\home\kevin\STM32CubeIDE\CARRITOBLUEPILL\TXRF\Debug\TXRF.hex(556): Expected device instantiation or directive here.
:1022A0001846BD4680BC70474C03002080B584B002
^^^^^^^^^^^^^^^^^^^^^^^^^^^^^^^^^^^^^^^^^^^
Z:\home\kevin\STM32CubeIDE\CARRITOBLUEPILL\TXRF\Debug\TXRF.hex(557): Expected device instantiation or directive here.
:1022B00000AF7860FFF7F0FFB8607B68FB60FB68F9
^^^^^^^^^^^^^^^^^^^^^^^^^^^^^^^^^^^^^^^^^^^
Z:\home\kevin\STM32CubeIDE\CARRITOBLUEPILL\TXRF\Debug\TXRF.hex(558): Expected device instantiation or directive here.
:1022C000B3F1FF3F05D00A4B1B781A46FB68134455
^^^^^^^^^^^^^^^^^^^^^^^^^^^^^^^^^^^^^^^^^^^
Z:\home\kevin\STM32CubeIDE\CARRITOBLUEPILL\TXRF\Debug\TXRF.hex(559): Expected device instantiation or directive here.
:1022D000FB6000BFFFF7E0FF0246BB68D31AFA6855
^^^^^^^^^^^^^^^^^^^^^^^^^^^^^^^^^^^^^^^^^^^
Z:\home\kevin\STM32CubeIDE\CARRITOBLUEPILL\TXRF\Debug\TXRF.hex(560): Expected device instantiation or directive here.
:1022E0009A42F7D800BF00BF1037BD4680BD00BF7F
^^^^^^^^^^^^^^^^^^^^^^^^^^^^^^^^^^^^^^^^^^^
Z:\home\kevin\STM32CubeIDE\CARRITOBLUEPILL\TXRF\Debug\TXRF.hex(561): Expected device instantiation or directive here.
:1022F0001000002080B586B000AF78600023FB7529
^^^^^^^^^^^^^^^^^^^^^^^^^^^^^^^^^^^^^^^^^^^
Z:\home\kevin\STM32CubeIDE\CARRITOBLUEPILL\TXRF\Debug\TXRF.hex(562): Expected device instantiation or directive here.
:1023000000233B610023BB600023FB607B68002B44
^^^^^^^^^^^^^^^^^^^^^^^^^^^^^^^^^^^^^^^^^^^
Z:\home\kevin\STM32CubeIDE\CARRITOBLUEPILL\TXRF\Debug\TXRF.hex(563): Expected device instantiation or directive here.
:1023100001D10123BEE07B689B68002B7B689B6A30
^^^^^^^^^^^^^^^^^^^^^^^^^^^^^^^^^^^^^^^^^^^
Z:\home\kevin\STM32CubeIDE\CARRITOBLUEPILL\TXRF\Debug\TXRF.hex(564): Expected device instantiation or directive here.
:10232000002B09D17B680022DA627B68002283F8E7
^^^^^^^^^^^^^^^^^^^^^^^^^^^^^^^^^^^^^^^^^^^
Z:\home\kevin\STM32CubeIDE\CARRITOBLUEPILL\TXRF\Debug\TXRF.hex(565): Expected device instantiation or directive here.
:1023300024207868FFF71CFD786800F0BFFA034698
^^^^^^^^^^^^^^^^^^^^^^^^^^^^^^^^^^^^^^^^^^^
Z:\home\kevin\STM32CubeIDE\CARRITOBLUEPILL\TXRF\Debug\TXRF.hex(566): Expected device instantiation or directive here.
:10234000FB757B689B6A03F01003002B40F09980BB
^^^^^^^^^^^^^^^^^^^^^^^^^^^^^^^^^^^^^^^^^^^
Z:\home\kevin\STM32CubeIDE\CARRITOBLUEPILL\TXRF\Debug\TXRF.hex(567): Expected device instantiation or directive here.
:10235000FB7D002B40F095807B689B6A23F48853BB
^^^^^^^^^^^^^^^^^^^^^^^^^^^^^^^^^^^^^^^^^^^
Z:\home\kevin\STM32CubeIDE\CARRITOBLUEPILL\TXRF\Debug\TXRF.hex(568): Expected device instantiation or directive here.
:1023600023F0020343F002027B689A627B685A689A
^^^^^^^^^^^^^^^^^^^^^^^^^^^^^^^^^^^^^^^^^^^
Z:\home\kevin\STM32CubeIDE\CARRITOBLUEPILL\TXRF\Debug\TXRF.hex(569): Expected device instantiation or directive here.
:102370007B68DB691A437B681B7B5B001343BA688D
^^^^^^^^^^^^^^^^^^^^^^^^^^^^^^^^^^^^^^^^^^^
Z:\home\kevin\STM32CubeIDE\CARRITOBLUEPILL\TXRF\Debug\TXRF.hex(570): Expected device instantiation or directive here.
:102380001343BB607B689B68B3F5807F03D07B6899
^^^^^^^^^^^^^^^^^^^^^^^^^^^^^^^^^^^^^^^^^^^
Z:\home\kevin\STM32CubeIDE\CARRITOBLUEPILL\TXRF\Debug\TXRF.hex(571): Expected device instantiation or directive here.
:102390009B68012B02D14FF4807300E000233A695F
^^^^^^^^^^^^^^^^^^^^^^^^^^^^^^^^^^^^^^^^^^^
Z:\home\kevin\STM32CubeIDE\CARRITOBLUEPILL\TXRF\Debug\TXRF.hex(572): Expected device instantiation or directive here.
:1023A00013433B617B681B7D012B19D17B681B7B31
^^^^^^^^^^^^^^^^^^^^^^^^^^^^^^^^^^^^^^^^^^^
Z:\home\kevin\STM32CubeIDE\CARRITOBLUEPILL\TXRF\Debug\TXRF.hex(573): Expected device instantiation or directive here.
:1023B000002B09D17B689B69013B5A033B6913439E
^^^^^^^^^^^^^^^^^^^^^^^^^^^^^^^^^^^^^^^^^^^
Z:\home\kevin\STM32CubeIDE\CARRITOBLUEPILL\TXRF\Debug\TXRF.hex(574): Expected device instantiation or directive here.
:1023C00043F400633B610BE07B689B6A43F02002AF
^^^^^^^^^^^^^^^^^^^^^^^^^^^^^^^^^^^^^^^^^^^
Z:\home\kevin\STM32CubeIDE\CARRITOBLUEPILL\TXRF\Debug\TXRF.hex(575): Expected device instantiation or directive here.
:1023D0007B689A627B68DB6A43F001027B68DA62A1
^^^^^^^^^^^^^^^^^^^^^^^^^^^^^^^^^^^^^^^^^^^
Z:\home\kevin\STM32CubeIDE\CARRITOBLUEPILL\TXRF\Debug\TXRF.hex(576): Expected device instantiation or directive here.
:1023E0007B681B685B6823F469417B681B683A69FA
^^^^^^^^^^^^^^^^^^^^^^^^^^^^^^^^^^^^^^^^^^^
Z:\home\kevin\STM32CubeIDE\CARRITOBLUEPILL\TXRF\Debug\TXRF.hex(577): Expected device instantiation or directive here.
:1023F0000A435A607B681B689A68284B13407A68C6
^^^^^^^^^^^^^^^^^^^^^^^^^^^^^^^^^^^^^^^^^^^
Z:\home\kevin\STM32CubeIDE\CARRITOBLUEPILL\TXRF\Debug\TXRF.hex(578): Expected device instantiation or directive here.
:102400001268B9680B4393607B689B68B3F5807F63
^^^^^^^^^^^^^^^^^^^^^^^^^^^^^^^^^^^^^^^^^^^
Z:\home\kevin\STM32CubeIDE\CARRITOBLUEPILL\TXRF\Debug\TXRF.hex(579): Expected device instantiation or directive here.
:1024100003D07B689B68012B04D17B681B69013B5F
^^^^^^^^^^^^^^^^^^^^^^^^^^^^^^^^^^^^^^^^^^^
Z:\home\kevin\STM32CubeIDE\CARRITOBLUEPILL\TXRF\Debug\TXRF.hex(580): Expected device instantiation or directive here.
:102420001B05FB607B681B68DB6A23F470017B681B
^^^^^^^^^^^^^^^^^^^^^^^^^^^^^^^^^^^^^^^^^^^
Z:\home\kevin\STM32CubeIDE\CARRITOBLUEPILL\TXRF\Debug\TXRF.hex(581): Expected device instantiation or directive here.
:102430001B68FA680A43DA627B681B689A68184B63
^^^^^^^^^^^^^^^^^^^^^^^^^^^^^^^^^^^^^^^^^^^
Z:\home\kevin\STM32CubeIDE\CARRITOBLUEPILL\TXRF\Debug\TXRF.hex(582): Expected device instantiation or directive here.
:102440001340BA689A420BD17B680022DA627B683B
^^^^^^^^^^^^^^^^^^^^^^^^^^^^^^^^^^^^^^^^^^^
Z:\home\kevin\STM32CubeIDE\CARRITOBLUEPILL\TXRF\Debug\TXRF.hex(583): Expected device instantiation or directive here.
:102450009B6A23F0030343F001027B689A6218E051
^^^^^^^^^^^^^^^^^^^^^^^^^^^^^^^^^^^^^^^^^^^
Z:\home\kevin\STM32CubeIDE\CARRITOBLUEPILL\TXRF\Debug\TXRF.hex(584): Expected device instantiation or directive here.
:102460007B689B6A23F0120343F010027B689A6238
^^^^^^^^^^^^^^^^^^^^^^^^^^^^^^^^^^^^^^^^^^^
Z:\home\kevin\STM32CubeIDE\CARRITOBLUEPILL\TXRF\Debug\TXRF.hex(585): Expected device instantiation or directive here.
:102470007B68DB6A43F001027B68DA620123FB754B
^^^^^^^^^^^^^^^^^^^^^^^^^^^^^^^^^^^^^^^^^^^
Z:\home\kevin\STM32CubeIDE\CARRITOBLUEPILL\TXRF\Debug\TXRF.hex(586): Expected device instantiation or directive here.
:1024800007E07B689B6A43F010027B689A62012335
^^^^^^^^^^^^^^^^^^^^^^^^^^^^^^^^^^^^^^^^^^^
Z:\home\kevin\STM32CubeIDE\CARRITOBLUEPILL\TXRF\Debug\TXRF.hex(587): Expected device instantiation or directive here.
:10249000FB75FB7D18461837BD4680BDFDF7E1FF93
^^^^^^^^^^^^^^^^^^^^^^^^^^^^^^^^^^^^^^^^^^^
Z:\home\kevin\STM32CubeIDE\CARRITOBLUEPILL\TXRF\Debug\TXRF.hex(588): Expected device instantiation or directive here.
:1024A000FE0E1FFF80B584B000AF78600023FB7381
^^^^^^^^^^^^^^^^^^^^^^^^^^^^^^^^^^^^^^^^^^^
Z:\home\kevin\STM32CubeIDE\CARRITOBLUEPILL\TXRF\Debug\TXRF.hex(589): Expected device instantiation or directive here.
:1024B0007B6893F82430012B01D1022398E07B68DC
^^^^^^^^^^^^^^^^^^^^^^^^^^^^^^^^^^^^^^^^^^^
Z:\home\kevin\STM32CubeIDE\CARRITOBLUEPILL\TXRF\Debug\TXRF.hex(590): Expected device instantiation or directive here.
:1024C000012283F82420786800F09EF90346FB730C
^^^^^^^^^^^^^^^^^^^^^^^^^^^^^^^^^^^^^^^^^^^
Z:\home\kevin\STM32CubeIDE\CARRITOBLUEPILL\TXRF\Debug\TXRF.hex(591): Expected device instantiation or directive here.
:1024D000FB7B002B40F087807B689B6A23F4407372
^^^^^^^^^^^^^^^^^^^^^^^^^^^^^^^^^^^^^^^^^^^
Z:\home\kevin\STM32CubeIDE\CARRITOBLUEPILL\TXRF\Debug\TXRF.hex(592): Expected device instantiation or directive here.
:1024E00023F0010343F480727B689A627B681B6867
^^^^^^^^^^^^^^^^^^^^^^^^^^^^^^^^^^^^^^^^^^^
Z:\home\kevin\STM32CubeIDE\CARRITOBLUEPILL\TXRF\Debug\TXRF.hex(593): Expected device instantiation or directive here.
:1024F000414A934205D1414B5B6803F47023002BA2
^^^^^^^^^^^^^^^^^^^^^^^^^^^^^^^^^^^^^^^^^^^
Z:\home\kevin\STM32CubeIDE\CARRITOBLUEPILL\TXRF\Debug\TXRF.hex(594): Expected device instantiation or directive here.
:1025000015D17B689B6A23F480127B689A627B6892
^^^^^^^^^^^^^^^^^^^^^^^^^^^^^^^^^^^^^^^^^^^
Z:\home\kevin\STM32CubeIDE\CARRITOBLUEPILL\TXRF\Debug\TXRF.hex(595): Expected device instantiation or directive here.
:102510001B685B6803F48063002B26D07B689B6A92
^^^^^^^^^^^^^^^^^^^^^^^^^^^^^^^^^^^^^^^^^^^
Z:\home\kevin\STM32CubeIDE\CARRITOBLUEPILL\TXRF\Debug\TXRF.hex(596): Expected device instantiation or directive here.
:1025200023F4405343F480527B689A621DE07B6839
^^^^^^^^^^^^^^^^^^^^^^^^^^^^^^^^^^^^^^^^^^^
Z:\home\kevin\STM32CubeIDE\CARRITOBLUEPILL\TXRF\Debug\TXRF.hex(597): Expected device instantiation or directive here.
:102530009B6A43F480127B689A627B681B682F4A0F
^^^^^^^^^^^^^^^^^^^^^^^^^^^^^^^^^^^^^^^^^^^
Z:\home\kevin\STM32CubeIDE\CARRITOBLUEPILL\TXRF\Debug\TXRF.hex(598): Expected device instantiation or directive here.
:10254000934204D07B681B682B4A93420DD12B4BDE
^^^^^^^^^^^^^^^^^^^^^^^^^^^^^^^^^^^^^^^^^^^
Z:\home\kevin\STM32CubeIDE\CARRITOBLUEPILL\TXRF\Debug\TXRF.hex(599): Expected device instantiation or directive here.
:102550005B6803F48063002B07D07B689B6A23F4DD
^^^^^^^^^^^^^^^^^^^^^^^^^^^^^^^^^^^^^^^^^^^
Z:\home\kevin\STM32CubeIDE\CARRITOBLUEPILL\TXRF\Debug\TXRF.hex(600): Expected device instantiation or directive here.
:10256000405343F480527B689A627B689B6A03F411
^^^^^^^^^^^^^^^^^^^^^^^^^^^^^^^^^^^^^^^^^^^
Z:\home\kevin\STM32CubeIDE\CARRITOBLUEPILL\TXRF\Debug\TXRF.hex(601): Expected device instantiation or directive here.
:102570008053002B06D07B68DB6A23F006027B6861
^^^^^^^^^^^^^^^^^^^^^^^^^^^^^^^^^^^^^^^^^^^
Z:\home\kevin\STM32CubeIDE\CARRITOBLUEPILL\TXRF\Debug\TXRF.hex(602): Expected device instantiation or directive here.
:10258000DA6202E07B680022DA627B68002283F86C
^^^^^^^^^^^^^^^^^^^^^^^^^^^^^^^^^^^^^^^^^^^
Z:\home\kevin\STM32CubeIDE\CARRITOBLUEPILL\TXRF\Debug\TXRF.hex(603): Expected device instantiation or directive here.
:1025900024207B681B686FF002021A607B681B684E
^^^^^^^^^^^^^^^^^^^^^^^^^^^^^^^^^^^^^^^^^^^
Z:\home\kevin\STM32CubeIDE\CARRITOBLUEPILL\TXRF\Debug\TXRF.hex(604): Expected device instantiation or directive here.
:1025A0009B6803F46023B3F5602F13D17B681B682D
^^^^^^^^^^^^^^^^^^^^^^^^^^^^^^^^^^^^^^^^^^^
Z:\home\kevin\STM32CubeIDE\CARRITOBLUEPILL\TXRF\Debug\TXRF.hex(605): Expected device instantiation or directive here.
:1025B000114A934205D1114B5B6803F47023002B41
^^^^^^^^^^^^^^^^^^^^^^^^^^^^^^^^^^^^^^^^^^^
Z:\home\kevin\STM32CubeIDE\CARRITOBLUEPILL\TXRF\Debug\TXRF.hex(606): Expected device instantiation or directive here.
:1025C00008D17B681B689A687B681B6842F4A0028C
^^^^^^^^^^^^^^^^^^^^^^^^^^^^^^^^^^^^^^^^^^^
Z:\home\kevin\STM32CubeIDE\CARRITOBLUEPILL\TXRF\Debug\TXRF.hex(607): Expected device instantiation or directive here.
:1025D0009A600CE07B681B689A687B681B6842F411
^^^^^^^^^^^^^^^^^^^^^^^^^^^^^^^^^^^^^^^^^^^
Z:\home\kevin\STM32CubeIDE\CARRITOBLUEPILL\TXRF\Debug\TXRF.hex(608): Expected device instantiation or directive here.
:1025E00080129A6003E07B68002283F82420FB7B42
^^^^^^^^^^^^^^^^^^^^^^^^^^^^^^^^^^^^^^^^^^^
Z:\home\kevin\STM32CubeIDE\CARRITOBLUEPILL\TXRF\Debug\TXRF.hex(609): Expected device instantiation or directive here.
:1025F00018461037BD4680BD002801400024014028
^^^^^^^^^^^^^^^^^^^^^^^^^^^^^^^^^^^^^^^^^^^
Z:\home\kevin\STM32CubeIDE\CARRITOBLUEPILL\TXRF\Debug\TXRF.hex(610): Expected device instantiation or directive here.
:1026000080B483B000AF78607B681B68DB6C1846D1
^^^^^^^^^^^^^^^^^^^^^^^^^^^^^^^^^^^^^^^^^^^
Z:\home\kevin\STM32CubeIDE\CARRITOBLUEPILL\TXRF\Debug\TXRF.hex(611): Expected device instantiation or directive here.
:102610000C37BD4680BC704780B485B000AF786091
^^^^^^^^^^^^^^^^^^^^^^^^^^^^^^^^^^^^^^^^^^^
Z:\home\kevin\STM32CubeIDE\CARRITOBLUEPILL\TXRF\Debug\TXRF.hex(612): Expected device instantiation or directive here.
:1026200039600023FB730023BB607B6893F8243080
^^^^^^^^^^^^^^^^^^^^^^^^^^^^^^^^^^^^^^^^^^^
Z:\home\kevin\STM32CubeIDE\CARRITOBLUEPILL\TXRF\Debug\TXRF.hex(613): Expected device instantiation or directive here.
:10263000012B01D10223DCE07B68012283F82420F6
^^^^^^^^^^^^^^^^^^^^^^^^^^^^^^^^^^^^^^^^^^^
Z:\home\kevin\STM32CubeIDE\CARRITOBLUEPILL\TXRF\Debug\TXRF.hex(614): Expected device instantiation or directive here.
:102640003B685B68062B1CD87B681B68596B3B6832
^^^^^^^^^^^^^^^^^^^^^^^^^^^^^^^^^^^^^^^^^^^
Z:\home\kevin\STM32CubeIDE\CARRITOBLUEPILL\TXRF\Debug\TXRF.hex(615): Expected device instantiation or directive here.
:102650005A6813469B001344053B1F2202FA03F3FA
^^^^^^^^^^^^^^^^^^^^^^^^^^^^^^^^^^^^^^^^^^^
Z:\home\kevin\STM32CubeIDE\CARRITOBLUEPILL\TXRF\Debug\TXRF.hex(616): Expected device instantiation or directive here.
:10266000DB4319403B6818683B685A6813469B0077
^^^^^^^^^^^^^^^^^^^^^^^^^^^^^^^^^^^^^^^^^^^
Z:\home\kevin\STM32CubeIDE\CARRITOBLUEPILL\TXRF\Debug\TXRF.hex(617): Expected device instantiation or directive here.
:102670001344053B00FA03F27B681B680A435A6364
^^^^^^^^^^^^^^^^^^^^^^^^^^^^^^^^^^^^^^^^^^^
Z:\home\kevin\STM32CubeIDE\CARRITOBLUEPILL\TXRF\Debug\TXRF.hex(618): Expected device instantiation or directive here.
:102680003CE03B685B680C2B1CD87B681B68196BB3
^^^^^^^^^^^^^^^^^^^^^^^^^^^^^^^^^^^^^^^^^^^
Z:\home\kevin\STM32CubeIDE\CARRITOBLUEPILL\TXRF\Debug\TXRF.hex(619): Expected device instantiation or directive here.
:102690003B685A6813469B001344233B1F2202FAEF
^^^^^^^^^^^^^^^^^^^^^^^^^^^^^^^^^^^^^^^^^^^
Z:\home\kevin\STM32CubeIDE\CARRITOBLUEPILL\TXRF\Debug\TXRF.hex(620): Expected device instantiation or directive here.
:1026A00003F3DB4319403B6818683B685A681346DC
^^^^^^^^^^^^^^^^^^^^^^^^^^^^^^^^^^^^^^^^^^^
Z:\home\kevin\STM32CubeIDE\CARRITOBLUEPILL\TXRF\Debug\TXRF.hex(621): Expected device instantiation or directive here.
:1026B0009B001344233B00FA03F27B681B680A4328
^^^^^^^^^^^^^^^^^^^^^^^^^^^^^^^^^^^^^^^^^^^
Z:\home\kevin\STM32CubeIDE\CARRITOBLUEPILL\TXRF\Debug\TXRF.hex(622): Expected device instantiation or directive here.
:1026C0001A631BE07B681B68D96A3B685A6813462B
^^^^^^^^^^^^^^^^^^^^^^^^^^^^^^^^^^^^^^^^^^^
Z:\home\kevin\STM32CubeIDE\CARRITOBLUEPILL\TXRF\Debug\TXRF.hex(623): Expected device instantiation or directive here.
:1026D0009B001344413B1F2202FA03F3DB431940E2
^^^^^^^^^^^^^^^^^^^^^^^^^^^^^^^^^^^^^^^^^^^
Z:\home\kevin\STM32CubeIDE\CARRITOBLUEPILL\TXRF\Debug\TXRF.hex(624): Expected device instantiation or directive here.
:1026E0003B6818683B685A6813469B001344413B9B
^^^^^^^^^^^^^^^^^^^^^^^^^^^^^^^^^^^^^^^^^^^
Z:\home\kevin\STM32CubeIDE\CARRITOBLUEPILL\TXRF\Debug\TXRF.hex(625): Expected device instantiation or directive here.
:1026F00000FA03F27B681B680A43DA623B681B68D6
^^^^^^^^^^^^^^^^^^^^^^^^^^^^^^^^^^^^^^^^^^^
Z:\home\kevin\STM32CubeIDE\CARRITOBLUEPILL\TXRF\Debug\TXRF.hex(626): Expected device instantiation or directive here.
:10270000092B1CD97B681B68D9683B681A6813467B
^^^^^^^^^^^^^^^^^^^^^^^^^^^^^^^^^^^^^^^^^^^
Z:\home\kevin\STM32CubeIDE\CARRITOBLUEPILL\TXRF\Debug\TXRF.hex(627): Expected device instantiation or directive here.
:102710005B0013441E3B072202FA03F3DB4319401C
^^^^^^^^^^^^^^^^^^^^^^^^^^^^^^^^^^^^^^^^^^^
Z:\home\kevin\STM32CubeIDE\CARRITOBLUEPILL\TXRF\Debug\TXRF.hex(628): Expected device instantiation or directive here.
:102720003B6898683B681A6813465B0013441E3B7D
^^^^^^^^^^^^^^^^^^^^^^^^^^^^^^^^^^^^^^^^^^^
Z:\home\kevin\STM32CubeIDE\CARRITOBLUEPILL\TXRF\Debug\TXRF.hex(629): Expected device instantiation or directive here.
:1027300000FA03F27B681B680A43DA6019E07B68E1
^^^^^^^^^^^^^^^^^^^^^^^^^^^^^^^^^^^^^^^^^^^
Z:\home\kevin\STM32CubeIDE\CARRITOBLUEPILL\TXRF\Debug\TXRF.hex(630): Expected device instantiation or directive here.
:102740001B6819693B681A6813465B00134407222B
^^^^^^^^^^^^^^^^^^^^^^^^^^^^^^^^^^^^^^^^^^^
Z:\home\kevin\STM32CubeIDE\CARRITOBLUEPILL\TXRF\Debug\TXRF.hex(631): Expected device instantiation or directive here.
:1027500002FA03F3DB4319403B6898683B681A6848
^^^^^^^^^^^^^^^^^^^^^^^^^^^^^^^^^^^^^^^^^^^
Z:\home\kevin\STM32CubeIDE\CARRITOBLUEPILL\TXRF\Debug\TXRF.hex(632): Expected device instantiation or directive here.
:1027600013465B00134400FA03F27B681B680A43BC
^^^^^^^^^^^^^^^^^^^^^^^^^^^^^^^^^^^^^^^^^^^
Z:\home\kevin\STM32CubeIDE\CARRITOBLUEPILL\TXRF\Debug\TXRF.hex(633): Expected device instantiation or directive here.
:102770001A613B681B68102B03D03B681B68112B48
^^^^^^^^^^^^^^^^^^^^^^^^^^^^^^^^^^^^^^^^^^^
Z:\home\kevin\STM32CubeIDE\CARRITOBLUEPILL\TXRF\Debug\TXRF.hex(634): Expected device instantiation or directive here.
:1027800032D17B681B681D4A934225D17B681B6848
^^^^^^^^^^^^^^^^^^^^^^^^^^^^^^^^^^^^^^^^^^^
Z:\home\kevin\STM32CubeIDE\CARRITOBLUEPILL\TXRF\Debug\TXRF.hex(635): Expected device instantiation or directive here.
:102790009B6803F40003002B26D17B681B689A68B2
^^^^^^^^^^^^^^^^^^^^^^^^^^^^^^^^^^^^^^^^^^^
Z:\home\kevin\STM32CubeIDE\CARRITOBLUEPILL\TXRF\Debug\TXRF.hex(636): Expected device instantiation or directive here.
:1027A0007B681B6842F400029A603B681B68102B30
^^^^^^^^^^^^^^^^^^^^^^^^^^^^^^^^^^^^^^^^^^^
Z:\home\kevin\STM32CubeIDE\CARRITOBLUEPILL\TXRF\Debug\TXRF.hex(637): Expected device instantiation or directive here.
:1027B0001AD1134B1B68134AA2FB03239A0C13462E
^^^^^^^^^^^^^^^^^^^^^^^^^^^^^^^^^^^^^^^^^^^
Z:\home\kevin\STM32CubeIDE\CARRITOBLUEPILL\TXRF\Debug\TXRF.hex(638): Expected device instantiation or directive here.
:1027C0009B0013445B00BB6002E0BB68013BBB6045
^^^^^^^^^^^^^^^^^^^^^^^^^^^^^^^^^^^^^^^^^^^
Z:\home\kevin\STM32CubeIDE\CARRITOBLUEPILL\TXRF\Debug\TXRF.hex(639): Expected device instantiation or directive here.
:1027D000BB68002BF9D107E07B689B6A43F02002BD
^^^^^^^^^^^^^^^^^^^^^^^^^^^^^^^^^^^^^^^^^^^
Z:\home\kevin\STM32CubeIDE\CARRITOBLUEPILL\TXRF\Debug\TXRF.hex(640): Expected device instantiation or directive here.
:1027E0007B689A620123FB737B68002283F82420B4
^^^^^^^^^^^^^^^^^^^^^^^^^^^^^^^^^^^^^^^^^^^
Z:\home\kevin\STM32CubeIDE\CARRITOBLUEPILL\TXRF\Debug\TXRF.hex(641): Expected device instantiation or directive here.
:1027F000FB7B18461437BD4680BC7047002401405F
^^^^^^^^^^^^^^^^^^^^^^^^^^^^^^^^^^^^^^^^^^^
Z:\home\kevin\STM32CubeIDE\CARRITOBLUEPILL\TXRF\Debug\TXRF.hex(642): Expected device instantiation or directive here.
:102800000800002083DE1B4380B584B000AF7860F1
^^^^^^^^^^^^^^^^^^^^^^^^^^^^^^^^^^^^^^^^^^^
Z:\home\kevin\STM32CubeIDE\CARRITOBLUEPILL\TXRF\Debug\TXRF.hex(643): Expected device instantiation or directive here.
:102810000023FB600023BB607B681B689B6803F0A0
^^^^^^^^^^^^^^^^^^^^^^^^^^^^^^^^^^^^^^^^^^^
Z:\home\kevin\STM32CubeIDE\CARRITOBLUEPILL\TXRF\Debug\TXRF.hex(644): Expected device instantiation or directive here.
:102820000103012B40D07B681B689A687B681B689A
^^^^^^^^^^^^^^^^^^^^^^^^^^^^^^^^^^^^^^^^^^^
Z:\home\kevin\STM32CubeIDE\CARRITOBLUEPILL\TXRF\Debug\TXRF.hex(645): Expected device instantiation or directive here.
:1028300042F001029A601F4B1B681F4AA2FB032350
^^^^^^^^^^^^^^^^^^^^^^^^^^^^^^^^^^^^^^^^^^^
Z:\home\kevin\STM32CubeIDE\CARRITOBLUEPILL\TXRF\Debug\TXRF.hex(646): Expected device instantiation or directive here.
:102840009B0CBB6002E0BB68013BBB60BB68002B1C
^^^^^^^^^^^^^^^^^^^^^^^^^^^^^^^^^^^^^^^^^^^
Z:\home\kevin\STM32CubeIDE\CARRITOBLUEPILL\TXRF\Debug\TXRF.hex(647): Expected device instantiation or directive here.
:10285000F9D1FFF721FDF8601FE0FFF71DFD0246EB
^^^^^^^^^^^^^^^^^^^^^^^^^^^^^^^^^^^^^^^^^^^
Z:\home\kevin\STM32CubeIDE\CARRITOBLUEPILL\TXRF\Debug\TXRF.hex(648): Expected device instantiation or directive here.
:10286000FB68D31A022B18D97B681B689B6803F09E
^^^^^^^^^^^^^^^^^^^^^^^^^^^^^^^^^^^^^^^^^^^
Z:\home\kevin\STM32CubeIDE\CARRITOBLUEPILL\TXRF\Debug\TXRF.hex(649): Expected device instantiation or directive here.
:102870000103012B11D07B689B6A43F010027B6837
^^^^^^^^^^^^^^^^^^^^^^^^^^^^^^^^^^^^^^^^^^^
Z:\home\kevin\STM32CubeIDE\CARRITOBLUEPILL\TXRF\Debug\TXRF.hex(650): Expected device instantiation or directive here.
:102880009A627B68DB6A43F001027B68DA627B68EC
^^^^^^^^^^^^^^^^^^^^^^^^^^^^^^^^^^^^^^^^^^^
Z:\home\kevin\STM32CubeIDE\CARRITOBLUEPILL\TXRF\Debug\TXRF.hex(651): Expected device instantiation or directive here.
:10289000002283F82420012307E07B681B689B68E3
^^^^^^^^^^^^^^^^^^^^^^^^^^^^^^^^^^^^^^^^^^^
Z:\home\kevin\STM32CubeIDE\CARRITOBLUEPILL\TXRF\Debug\TXRF.hex(652): Expected device instantiation or directive here.
:1028A00003F00103012BD8D1002318461037BD4691
^^^^^^^^^^^^^^^^^^^^^^^^^^^^^^^^^^^^^^^^^^^
Z:\home\kevin\STM32CubeIDE\CARRITOBLUEPILL\TXRF\Debug\TXRF.hex(653): Expected device instantiation or directive here.
:1028B00080BD00BF0800002083DE1B4380B584B0CC
^^^^^^^^^^^^^^^^^^^^^^^^^^^^^^^^^^^^^^^^^^^
Z:\home\kevin\STM32CubeIDE\CARRITOBLUEPILL\TXRF\Debug\TXRF.hex(654): Expected device instantiation or directive here.
:1028C00000AF78600023FB607B681B689B6803F0A7
^^^^^^^^^^^^^^^^^^^^^^^^^^^^^^^^^^^^^^^^^^^
Z:\home\kevin\STM32CubeIDE\CARRITOBLUEPILL\TXRF\Debug\TXRF.hex(655): Expected device instantiation or directive here.
:1028D0000103012B2ED17B681B689A687B681B68FB
^^^^^^^^^^^^^^^^^^^^^^^^^^^^^^^^^^^^^^^^^^^
Z:\home\kevin\STM32CubeIDE\CARRITOBLUEPILL\TXRF\Debug\TXRF.hex(656): Expected device instantiation or directive here.
:1028E00022F001029A60FFF7D7FCF8601BE0FFF7C7
^^^^^^^^^^^^^^^^^^^^^^^^^^^^^^^^^^^^^^^^^^^
Z:\home\kevin\STM32CubeIDE\CARRITOBLUEPILL\TXRF\Debug\TXRF.hex(657): Expected device instantiation or directive here.
:1028F000D3FC0246FB68D31A022B14D97B681B68F1
^^^^^^^^^^^^^^^^^^^^^^^^^^^^^^^^^^^^^^^^^^^
Z:\home\kevin\STM32CubeIDE\CARRITOBLUEPILL\TXRF\Debug\TXRF.hex(658): Expected device instantiation or directive here.
:102900009B6803F00103012B0DD17B689B6A43F0A8
^^^^^^^^^^^^^^^^^^^^^^^^^^^^^^^^^^^^^^^^^^^
Z:\home\kevin\STM32CubeIDE\CARRITOBLUEPILL\TXRF\Debug\TXRF.hex(659): Expected device instantiation or directive here.
:1029100010027B689A627B68DB6A43F001027B6885
^^^^^^^^^^^^^^^^^^^^^^^^^^^^^^^^^^^^^^^^^^^
Z:\home\kevin\STM32CubeIDE\CARRITOBLUEPILL\TXRF\Debug\TXRF.hex(660): Expected device instantiation or directive here.
:10292000DA62012307E07B681B689B6803F0010300
^^^^^^^^^^^^^^^^^^^^^^^^^^^^^^^^^^^^^^^^^^^
Z:\home\kevin\STM32CubeIDE\CARRITOBLUEPILL\TXRF\Debug\TXRF.hex(661): Expected device instantiation or directive here.
:10293000012BDCD0002318461037BD4680BD0000B7
^^^^^^^^^^^^^^^^^^^^^^^^^^^^^^^^^^^^^^^^^^^
Z:\home\kevin\STM32CubeIDE\CARRITOBLUEPILL\TXRF\Debug\TXRF.hex(662): Expected device instantiation or directive here.
:1029400080B485B000AF78607B6803F00703FB605C
^^^^^^^^^^^^^^^^^^^^^^^^^^^^^^^^^^^^^^^^^^^
Z:\home\kevin\STM32CubeIDE\CARRITOBLUEPILL\TXRF\Debug\TXRF.hex(663): Expected device instantiation or directive here.
:102950000C4BDB68BB60BA684FF6FF031340BB60EB
^^^^^^^^^^^^^^^^^^^^^^^^^^^^^^^^^^^^^^^^^^^
Z:\home\kevin\STM32CubeIDE\CARRITOBLUEPILL\TXRF\Debug\TXRF.hex(664): Expected device instantiation or directive here.
:10296000FB681A02BB68134343F0BF6343F40033B0
^^^^^^^^^^^^^^^^^^^^^^^^^^^^^^^^^^^^^^^^^^^
Z:\home\kevin\STM32CubeIDE\CARRITOBLUEPILL\TXRF\Debug\TXRF.hex(665): Expected device instantiation or directive here.
:10297000BB60044ABB68D36000BF1437BD4680BC4F
^^^^^^^^^^^^^^^^^^^^^^^^^^^^^^^^^^^^^^^^^^^
Z:\home\kevin\STM32CubeIDE\CARRITOBLUEPILL\TXRF\Debug\TXRF.hex(666): Expected device instantiation or directive here.
:10298000704700BF00ED00E080B400AF044BDB688F
^^^^^^^^^^^^^^^^^^^^^^^^^^^^^^^^^^^^^^^^^^^
Z:\home\kevin\STM32CubeIDE\CARRITOBLUEPILL\TXRF\Debug\TXRF.hex(667): Expected device instantiation or directive here.
:102990001B0A03F007031846BD4680BC704700BF02
^^^^^^^^^^^^^^^^^^^^^^^^^^^^^^^^^^^^^^^^^^^
Z:\home\kevin\STM32CubeIDE\CARRITOBLUEPILL\TXRF\Debug\TXRF.hex(668): Expected device instantiation or directive here.
:1029A00000ED00E080B483B000AF0346FB7197F9FF
^^^^^^^^^^^^^^^^^^^^^^^^^^^^^^^^^^^^^^^^^^^
Z:\home\kevin\STM32CubeIDE\CARRITOBLUEPILL\TXRF\Debug\TXRF.hex(669): Expected device instantiation or directive here.
:1029B0000730002B0BDBFB7903F01F02064997F968
^^^^^^^^^^^^^^^^^^^^^^^^^^^^^^^^^^^^^^^^^^^
Z:\home\kevin\STM32CubeIDE\CARRITOBLUEPILL\TXRF\Debug\TXRF.hex(670): Expected device instantiation or directive here.
:1029C00007305B09012000FA02F241F8232000BF22
^^^^^^^^^^^^^^^^^^^^^^^^^^^^^^^^^^^^^^^^^^^
Z:\home\kevin\STM32CubeIDE\CARRITOBLUEPILL\TXRF\Debug\TXRF.hex(671): Expected device instantiation or directive here.
:1029D0000C37BD4680BC704700E100E080B483B096
^^^^^^^^^^^^^^^^^^^^^^^^^^^^^^^^^^^^^^^^^^^
Z:\home\kevin\STM32CubeIDE\CARRITOBLUEPILL\TXRF\Debug\TXRF.hex(672): Expected device instantiation or directive here.
:1029E00000AF03463960FB7197F90730002B0ADB13
^^^^^^^^^^^^^^^^^^^^^^^^^^^^^^^^^^^^^^^^^^^
Z:\home\kevin\STM32CubeIDE\CARRITOBLUEPILL\TXRF\Debug\TXRF.hex(673): Expected device instantiation or directive here.
:1029F0003B68DAB20C4997F907301201D2B20B44A6
^^^^^^^^^^^^^^^^^^^^^^^^^^^^^^^^^^^^^^^^^^^
Z:\home\kevin\STM32CubeIDE\CARRITOBLUEPILL\TXRF\Debug\TXRF.hex(674): Expected device instantiation or directive here.
:102A000083F800230AE03B68DAB20849FB7903F057
^^^^^^^^^^^^^^^^^^^^^^^^^^^^^^^^^^^^^^^^^^^
Z:\home\kevin\STM32CubeIDE\CARRITOBLUEPILL\TXRF\Debug\TXRF.hex(675): Expected device instantiation or directive here.
:102A10000F03043B1201D2B20B441A7600BF0C37ED
^^^^^^^^^^^^^^^^^^^^^^^^^^^^^^^^^^^^^^^^^^^
Z:\home\kevin\STM32CubeIDE\CARRITOBLUEPILL\TXRF\Debug\TXRF.hex(676): Expected device instantiation or directive here.
:102A2000BD4680BC704700BF00E100E000ED00E063
^^^^^^^^^^^^^^^^^^^^^^^^^^^^^^^^^^^^^^^^^^^
Z:\home\kevin\STM32CubeIDE\CARRITOBLUEPILL\TXRF\Debug\TXRF.hex(677): Expected device instantiation or directive here.
:102A300080B489B000AFF860B9607A60FB6803F0D9
^^^^^^^^^^^^^^^^^^^^^^^^^^^^^^^^^^^^^^^^^^^
Z:\home\kevin\STM32CubeIDE\CARRITOBLUEPILL\TXRF\Debug\TXRF.hex(678): Expected device instantiation or directive here.
:102A40000703FB61FB69C3F10703042B28BF0423C1
^^^^^^^^^^^^^^^^^^^^^^^^^^^^^^^^^^^^^^^^^^^
Z:\home\kevin\STM32CubeIDE\CARRITOBLUEPILL\TXRF\Debug\TXRF.hex(679): Expected device instantiation or directive here.
:102A5000BB61FB690433062B02D9FB69033B00E031
^^^^^^^^^^^^^^^^^^^^^^^^^^^^^^^^^^^^^^^^^^^
Z:\home\kevin\STM32CubeIDE\CARRITOBLUEPILL\TXRF\Debug\TXRF.hex(680): Expected device instantiation or directive here.
:102A600000237B614FF0FF32BB6902FA03F3DA43C4
^^^^^^^^^^^^^^^^^^^^^^^^^^^^^^^^^^^^^^^^^^^
Z:\home\kevin\STM32CubeIDE\CARRITOBLUEPILL\TXRF\Debug\TXRF.hex(681): Expected device instantiation or directive here.
:102A7000BB681A407B699A404FF0FF317B6901FACD
^^^^^^^^^^^^^^^^^^^^^^^^^^^^^^^^^^^^^^^^^^^
Z:\home\kevin\STM32CubeIDE\CARRITOBLUEPILL\TXRF\Debug\TXRF.hex(682): Expected device instantiation or directive here.
:102A800003F3D9437B680B40134318462437BD46F4
^^^^^^^^^^^^^^^^^^^^^^^^^^^^^^^^^^^^^^^^^^^
Z:\home\kevin\STM32CubeIDE\CARRITOBLUEPILL\TXRF\Debug\TXRF.hex(683): Expected device instantiation or directive here.
:102A900080BC704780B582B000AF78607B68013B36
^^^^^^^^^^^^^^^^^^^^^^^^^^^^^^^^^^^^^^^^^^^
Z:\home\kevin\STM32CubeIDE\CARRITOBLUEPILL\TXRF\Debug\TXRF.hex(684): Expected device instantiation or directive here.
:102AA000B3F1807F01D301230FE00A4A7B68013B29
^^^^^^^^^^^^^^^^^^^^^^^^^^^^^^^^^^^^^^^^^^^
Z:\home\kevin\STM32CubeIDE\CARRITOBLUEPILL\TXRF\Debug\TXRF.hex(685): Expected device instantiation or directive here.
:102AB00053600F214FF0FF30FFF790FF054B0022CE
^^^^^^^^^^^^^^^^^^^^^^^^^^^^^^^^^^^^^^^^^^^
Z:\home\kevin\STM32CubeIDE\CARRITOBLUEPILL\TXRF\Debug\TXRF.hex(686): Expected device instantiation or directive here.
:102AC0009A60044B07221A60002318460837BD4657
^^^^^^^^^^^^^^^^^^^^^^^^^^^^^^^^^^^^^^^^^^^
Z:\home\kevin\STM32CubeIDE\CARRITOBLUEPILL\TXRF\Debug\TXRF.hex(687): Expected device instantiation or directive here.
:102AD00080BD00BF10E000E080B582B000AF78603C
^^^^^^^^^^^^^^^^^^^^^^^^^^^^^^^^^^^^^^^^^^^
Z:\home\kevin\STM32CubeIDE\CARRITOBLUEPILL\TXRF\Debug\TXRF.hex(688): Expected device instantiation or directive here.
:102AE0007868FFF72DFF00BF0837BD4680BD80B571
^^^^^^^^^^^^^^^^^^^^^^^^^^^^^^^^^^^^^^^^^^^
Z:\home\kevin\STM32CubeIDE\CARRITOBLUEPILL\TXRF\Debug\TXRF.hex(689): Expected device instantiation or directive here.
:102AF00086B000AF0346B9607A60FB7300237B6148
^^^^^^^^^^^^^^^^^^^^^^^^^^^^^^^^^^^^^^^^^^^
Z:\home\kevin\STM32CubeIDE\CARRITOBLUEPILL\TXRF\Debug\TXRF.hex(690): Expected device instantiation or directive here.
:102B0000FFF742FF78617A68B9687869FFF790FF4C
^^^^^^^^^^^^^^^^^^^^^^^^^^^^^^^^^^^^^^^^^^^
Z:\home\kevin\STM32CubeIDE\CARRITOBLUEPILL\TXRF\Debug\TXRF.hex(691): Expected device instantiation or directive here.
:102B1000024697F90F3011461846FFF75FFF00BFD6
^^^^^^^^^^^^^^^^^^^^^^^^^^^^^^^^^^^^^^^^^^^
Z:\home\kevin\STM32CubeIDE\CARRITOBLUEPILL\TXRF\Debug\TXRF.hex(692): Expected device instantiation or directive here.
:102B20001837BD4680BD80B582B000AF0346FB714B
^^^^^^^^^^^^^^^^^^^^^^^^^^^^^^^^^^^^^^^^^^^
Z:\home\kevin\STM32CubeIDE\CARRITOBLUEPILL\TXRF\Debug\TXRF.hex(693): Expected device instantiation or directive here.
:102B300097F907301846FFF735FF00BF0837BD4645
^^^^^^^^^^^^^^^^^^^^^^^^^^^^^^^^^^^^^^^^^^^
Z:\home\kevin\STM32CubeIDE\CARRITOBLUEPILL\TXRF\Debug\TXRF.hex(694): Expected device instantiation or directive here.
:102B400080BD80B582B000AF78607868FFF7A2FFE3
^^^^^^^^^^^^^^^^^^^^^^^^^^^^^^^^^^^^^^^^^^^
Z:\home\kevin\STM32CubeIDE\CARRITOBLUEPILL\TXRF\Debug\TXRF.hex(695): Expected device instantiation or directive here.
:102B5000034618460837BD4680BD000080B584B0E6
^^^^^^^^^^^^^^^^^^^^^^^^^^^^^^^^^^^^^^^^^^^
Z:\home\kevin\STM32CubeIDE\CARRITOBLUEPILL\TXRF\Debug\TXRF.hex(696): Expected device instantiation or directive here.
:102B600000AF78600023FB737B6893F82130DBB201
^^^^^^^^^^^^^^^^^^^^^^^^^^^^^^^^^^^^^^^^^^^
Z:\home\kevin\STM32CubeIDE\CARRITOBLUEPILL\TXRF\Debug\TXRF.hex(697): Expected device instantiation or directive here.
:102B7000022B05D07B6804229A630123FB7351E08A
^^^^^^^^^^^^^^^^^^^^^^^^^^^^^^^^^^^^^^^^^^^
Z:\home\kevin\STM32CubeIDE\CARRITOBLUEPILL\TXRF\Debug\TXRF.hex(698): Expected device instantiation or directive here.
:102B80007B681B681A687B681B6822F00E021A605B
^^^^^^^^^^^^^^^^^^^^^^^^^^^^^^^^^^^^^^^^^^^
Z:\home\kevin\STM32CubeIDE\CARRITOBLUEPILL\TXRF\Debug\TXRF.hex(699): Expected device instantiation or directive here.
:102B90007B681B681A687B681B6822F001021A6058
^^^^^^^^^^^^^^^^^^^^^^^^^^^^^^^^^^^^^^^^^^^
Z:\home\kevin\STM32CubeIDE\CARRITOBLUEPILL\TXRF\Debug\TXRF.hex(700): Expected device instantiation or directive here.
:102BA0007B681B68224A934229D07B681B68214AB4
^^^^^^^^^^^^^^^^^^^^^^^^^^^^^^^^^^^^^^^^^^^
Z:\home\kevin\STM32CubeIDE\CARRITOBLUEPILL\TXRF\Debug\TXRF.hex(701): Expected device instantiation or directive here.
:102BB000934222D07B681B681F4A93421AD07B68DD
^^^^^^^^^^^^^^^^^^^^^^^^^^^^^^^^^^^^^^^^^^^
Z:\home\kevin\STM32CubeIDE\CARRITOBLUEPILL\TXRF\Debug\TXRF.hex(702): Expected device instantiation or directive here.
:102BC0001B681E4A934212D07B681B681C4A9342C2
^^^^^^^^^^^^^^^^^^^^^^^^^^^^^^^^^^^^^^^^^^^
Z:\home\kevin\STM32CubeIDE\CARRITOBLUEPILL\TXRF\Debug\TXRF.hex(703): Expected device instantiation or directive here.
:102BD0000AD07B681B681B4A934202D14FF48013D2
^^^^^^^^^^^^^^^^^^^^^^^^^^^^^^^^^^^^^^^^^^^
Z:\home\kevin\STM32CubeIDE\CARRITOBLUEPILL\TXRF\Debug\TXRF.hex(704): Expected device instantiation or directive here.
:102BE0000EE04FF080730BE04FF4803308E04FF4B9
^^^^^^^^^^^^^^^^^^^^^^^^^^^^^^^^^^^^^^^^^^^
Z:\home\kevin\STM32CubeIDE\CARRITOBLUEPILL\TXRF\Debug\TXRF.hex(705): Expected device instantiation or directive here.
:102BF000805305E04FF4807302E0102300E00123CE
^^^^^^^^^^^^^^^^^^^^^^^^^^^^^^^^^^^^^^^^^^^
Z:\home\kevin\STM32CubeIDE\CARRITOBLUEPILL\TXRF\Debug\TXRF.hex(706): Expected device instantiation or directive here.
:102C0000114A53607B68012283F821207B680022EF
^^^^^^^^^^^^^^^^^^^^^^^^^^^^^^^^^^^^^^^^^^^
Z:\home\kevin\STM32CubeIDE\CARRITOBLUEPILL\TXRF\Debug\TXRF.hex(707): Expected device instantiation or directive here.
:102C100083F820207B685B6B002B03D07B685B6BA9
^^^^^^^^^^^^^^^^^^^^^^^^^^^^^^^^^^^^^^^^^^^
Z:\home\kevin\STM32CubeIDE\CARRITOBLUEPILL\TXRF\Debug\TXRF.hex(708): Expected device instantiation or directive here.
:102C200078689847FB7B18461037BD4680BD00BFCB
^^^^^^^^^^^^^^^^^^^^^^^^^^^^^^^^^^^^^^^^^^^
Z:\home\kevin\STM32CubeIDE\CARRITOBLUEPILL\TXRF\Debug\TXRF.hex(709): Expected device instantiation or directive here.
:102C3000080002401C0002403000024044000240F4
^^^^^^^^^^^^^^^^^^^^^^^^^^^^^^^^^^^^^^^^^^^
Z:\home\kevin\STM32CubeIDE\CARRITOBLUEPILL\TXRF\Debug\TXRF.hex(710): Expected device instantiation or directive here.
:102C4000580002406C0002400000024080B48BB08B
^^^^^^^^^^^^^^^^^^^^^^^^^^^^^^^^^^^^^^^^^^^
Z:\home\kevin\STM32CubeIDE\CARRITOBLUEPILL\TXRF\Debug\TXRF.hex(711): Expected device instantiation or directive here.
:102C500000AF7860396000237B6200233B6269E14A
^^^^^^^^^^^^^^^^^^^^^^^^^^^^^^^^^^^^^^^^^^^
Z:\home\kevin\STM32CubeIDE\CARRITOBLUEPILL\TXRF\Debug\TXRF.hex(712): Expected device instantiation or directive here.
:102C600001227B6A02FA03F3FB613B681B68FA6985
^^^^^^^^^^^^^^^^^^^^^^^^^^^^^^^^^^^^^^^^^^^
Z:\home\kevin\STM32CubeIDE\CARRITOBLUEPILL\TXRF\Debug\TXRF.hex(713): Expected device instantiation or directive here.
:102C70001340BB61BA69FB699A4240F058813B68D6
^^^^^^^^^^^^^^^^^^^^^^^^^^^^^^^^^^^^^^^^^^^
Z:\home\kevin\STM32CubeIDE\CARRITOBLUEPILL\TXRF\Debug\TXRF.hex(714): Expected device instantiation or directive here.
:102C80005B689A4A93425ED0984A934275D8984AB4
^^^^^^^^^^^^^^^^^^^^^^^^^^^^^^^^^^^^^^^^^^^
Z:\home\kevin\STM32CubeIDE\CARRITOBLUEPILL\TXRF\Debug\TXRF.hex(715): Expected device instantiation or directive here.
:102C9000934258D0964A93426FD8964A934252D064
^^^^^^^^^^^^^^^^^^^^^^^^^^^^^^^^^^^^^^^^^^^
Z:\home\kevin\STM32CubeIDE\CARRITOBLUEPILL\TXRF\Debug\TXRF.hex(716): Expected device instantiation or directive here.
:102CA000944A934269D8944A93424CD0924A9342B0
^^^^^^^^^^^^^^^^^^^^^^^^^^^^^^^^^^^^^^^^^^^
Z:\home\kevin\STM32CubeIDE\CARRITOBLUEPILL\TXRF\Debug\TXRF.hex(717): Expected device instantiation or directive here.
:102CB00063D8924A934246D0904A93425DD8122BF1
^^^^^^^^^^^^^^^^^^^^^^^^^^^^^^^^^^^^^^^^^^^
Z:\home\kevin\STM32CubeIDE\CARRITOBLUEPILL\TXRF\Debug\TXRF.hex(718): Expected device instantiation or directive here.
:102CC0002AD8122B59D801A252F823F0472D000818
^^^^^^^^^^^^^^^^^^^^^^^^^^^^^^^^^^^^^^^^^^^
Z:\home\kevin\STM32CubeIDE\CARRITOBLUEPILL\TXRF\Debug\TXRF.hex(719): Expected device instantiation or directive here.
:102CD000212D0008332D0008752D00087B2D0008DC
^^^^^^^^^^^^^^^^^^^^^^^^^^^^^^^^^^^^^^^^^^^
Z:\home\kevin\STM32CubeIDE\CARRITOBLUEPILL\TXRF\Debug\TXRF.hex(720): Expected device instantiation or directive here.
:102CE0007B2D00087B2D00087B2D00087B2D000824
^^^^^^^^^^^^^^^^^^^^^^^^^^^^^^^^^^^^^^^^^^^
Z:\home\kevin\STM32CubeIDE\CARRITOBLUEPILL\TXRF\Debug\TXRF.hex(721): Expected device instantiation or directive here.
:102CF0007B2D00087B2D00087B2D00087B2D000814
^^^^^^^^^^^^^^^^^^^^^^^^^^^^^^^^^^^^^^^^^^^
Z:\home\kevin\STM32CubeIDE\CARRITOBLUEPILL\TXRF\Debug\TXRF.hex(722): Expected device instantiation or directive here.
:102D00007B2D00087B2D00087B2D00087B2D000803
^^^^^^^^^^^^^^^^^^^^^^^^^^^^^^^^^^^^^^^^^^^
Z:\home\kevin\STM32CubeIDE\CARRITOBLUEPILL\TXRF\Debug\TXRF.hex(723): Expected device instantiation or directive here.
:102D1000292D00083D2D0008794A934213D02CE05C
^^^^^^^^^^^^^^^^^^^^^^^^^^^^^^^^^^^^^^^^^^^
Z:\home\kevin\STM32CubeIDE\CARRITOBLUEPILL\TXRF\Debug\TXRF.hex(724): Expected device instantiation or directive here.
:102D20003B68DB683B6229E03B68DB6804333B625D
^^^^^^^^^^^^^^^^^^^^^^^^^^^^^^^^^^^^^^^^^^^
Z:\home\kevin\STM32CubeIDE\CARRITOBLUEPILL\TXRF\Debug\TXRF.hex(725): Expected device instantiation or directive here.
:102D300024E03B68DB6808333B621FE03B68DB68EC
^^^^^^^^^^^^^^^^^^^^^^^^^^^^^^^^^^^^^^^^^^^
Z:\home\kevin\STM32CubeIDE\CARRITOBLUEPILL\TXRF\Debug\TXRF.hex(726): Expected device instantiation or directive here.
:102D40000C333B621AE03B689B68002B02D10423E2
^^^^^^^^^^^^^^^^^^^^^^^^^^^^^^^^^^^^^^^^^^^
Z:\home\kevin\STM32CubeIDE\CARRITOBLUEPILL\TXRF\Debug\TXRF.hex(727): Expected device instantiation or directive here.
:102D50003B6213E03B689B68012B05D108233B6273
^^^^^^^^^^^^^^^^^^^^^^^^^^^^^^^^^^^^^^^^^^^
Z:\home\kevin\STM32CubeIDE\CARRITOBLUEPILL\TXRF\Debug\TXRF.hex(728): Expected device instantiation or directive here.
:102D60007B68FA691A6109E008233B627B68FA69AB
^^^^^^^^^^^^^^^^^^^^^^^^^^^^^^^^^^^^^^^^^^^
Z:\home\kevin\STM32CubeIDE\CARRITOBLUEPILL\TXRF\Debug\TXRF.hex(729): Expected device instantiation or directive here.
:102D70005A6103E000233B6200E000BFBB69FF2B08
^^^^^^^^^^^^^^^^^^^^^^^^^^^^^^^^^^^^^^^^^^^
Z:\home\kevin\STM32CubeIDE\CARRITOBLUEPILL\TXRF\Debug\TXRF.hex(730): Expected device instantiation or directive here.
:102D800001D87B6801E07B6804337B61BB69FF2B62
^^^^^^^^^^^^^^^^^^^^^^^^^^^^^^^^^^^^^^^^^^^
Z:\home\kevin\STM32CubeIDE\CARRITOBLUEPILL\TXRF\Debug\TXRF.hex(731): Expected device instantiation or directive here.
:102D900002D87B6A9B0002E07B6A083B9B003B6198
^^^^^^^^^^^^^^^^^^^^^^^^^^^^^^^^^^^^^^^^^^^
Z:\home\kevin\STM32CubeIDE\CARRITOBLUEPILL\TXRF\Debug\TXRF.hex(732): Expected device instantiation or directive here.
:102DA0007B691A680F213B6901FA03F3DB431A4080
^^^^^^^^^^^^^^^^^^^^^^^^^^^^^^^^^^^^^^^^^^^
Z:\home\kevin\STM32CubeIDE\CARRITOBLUEPILL\TXRF\Debug\TXRF.hex(733): Expected device instantiation or directive here.
:102DB000396A3B6901FA03F31A437B691A603B687D
^^^^^^^^^^^^^^^^^^^^^^^^^^^^^^^^^^^^^^^^^^^
Z:\home\kevin\STM32CubeIDE\CARRITOBLUEPILL\TXRF\Debug\TXRF.hex(734): Expected device instantiation or directive here.
:102DC0005B6803F08053002B00F0B1804D4B9B6992
^^^^^^^^^^^^^^^^^^^^^^^^^^^^^^^^^^^^^^^^^^^
Z:\home\kevin\STM32CubeIDE\CARRITOBLUEPILL\TXRF\Debug\TXRF.hex(735): Expected device instantiation or directive here.
:102DD0004C4A43F0010393614A4B9B6903F00103A2
^^^^^^^^^^^^^^^^^^^^^^^^^^^^^^^^^^^^^^^^^^^
Z:\home\kevin\STM32CubeIDE\CARRITOBLUEPILL\TXRF\Debug\TXRF.hex(736): Expected device instantiation or directive here.
:102DE000BB60BB68484A7B6A9B08023352F82330B9
^^^^^^^^^^^^^^^^^^^^^^^^^^^^^^^^^^^^^^^^^^^
Z:\home\kevin\STM32CubeIDE\CARRITOBLUEPILL\TXRF\Debug\TXRF.hex(737): Expected device instantiation or directive here.
:102DF000FB607B6A03F003039B000F2202FA03F3DC
^^^^^^^^^^^^^^^^^^^^^^^^^^^^^^^^^^^^^^^^^^^
Z:\home\kevin\STM32CubeIDE\CARRITOBLUEPILL\TXRF\Debug\TXRF.hex(738): Expected device instantiation or directive here.
:102E0000DB43FA681340FB607B68404A934213D06F
^^^^^^^^^^^^^^^^^^^^^^^^^^^^^^^^^^^^^^^^^^^
Z:\home\kevin\STM32CubeIDE\CARRITOBLUEPILL\TXRF\Debug\TXRF.hex(739): Expected device instantiation or directive here.
:102E10007B683F4A93420DD07B683E4A934207D07D
^^^^^^^^^^^^^^^^^^^^^^^^^^^^^^^^^^^^^^^^^^^
Z:\home\kevin\STM32CubeIDE\CARRITOBLUEPILL\TXRF\Debug\TXRF.hex(740): Expected device instantiation or directive here.
:102E20007B683D4A934201D1032306E0042304E07A
^^^^^^^^^^^^^^^^^^^^^^^^^^^^^^^^^^^^^^^^^^^
Z:\home\kevin\STM32CubeIDE\CARRITOBLUEPILL\TXRF\Debug\TXRF.hex(741): Expected device instantiation or directive here.
:102E3000022302E0012300E000237A6A02F0030289
^^^^^^^^^^^^^^^^^^^^^^^^^^^^^^^^^^^^^^^^^^^
Z:\home\kevin\STM32CubeIDE\CARRITOBLUEPILL\TXRF\Debug\TXRF.hex(742): Expected device instantiation or directive here.
:102E400092009340FA681343FB602F497B6A9B080A
^^^^^^^^^^^^^^^^^^^^^^^^^^^^^^^^^^^^^^^^^^^
Z:\home\kevin\STM32CubeIDE\CARRITOBLUEPILL\TXRF\Debug\TXRF.hex(743): Expected device instantiation or directive here.
:102E50000233FA6841F823203B685B6803F480136F
^^^^^^^^^^^^^^^^^^^^^^^^^^^^^^^^^^^^^^^^^^^
Z:\home\kevin\STM32CubeIDE\CARRITOBLUEPILL\TXRF\Debug\TXRF.hex(744): Expected device instantiation or directive here.
:102E6000002B06D02D4B9A682C49BB6913438B600D
^^^^^^^^^^^^^^^^^^^^^^^^^^^^^^^^^^^^^^^^^^^
Z:\home\kevin\STM32CubeIDE\CARRITOBLUEPILL\TXRF\Debug\TXRF.hex(745): Expected device instantiation or directive here.
:102E700006E02A4B9A68BB69DB43284913408B6004
^^^^^^^^^^^^^^^^^^^^^^^^^^^^^^^^^^^^^^^^^^^
Z:\home\kevin\STM32CubeIDE\CARRITOBLUEPILL\TXRF\Debug\TXRF.hex(746): Expected device instantiation or directive here.
:102E80003B685B6803F40013002B06D0234BDA6821
^^^^^^^^^^^^^^^^^^^^^^^^^^^^^^^^^^^^^^^^^^^
Z:\home\kevin\STM32CubeIDE\CARRITOBLUEPILL\TXRF\Debug\TXRF.hex(747): Expected device instantiation or directive here.
:102E90002249BB691343CB6006E0204BDA68BB696B
^^^^^^^^^^^^^^^^^^^^^^^^^^^^^^^^^^^^^^^^^^^
Z:\home\kevin\STM32CubeIDE\CARRITOBLUEPILL\TXRF\Debug\TXRF.hex(748): Expected device instantiation or directive here.
:102EA000DB431E491340CB603B685B6803F400338F
^^^^^^^^^^^^^^^^^^^^^^^^^^^^^^^^^^^^^^^^^^^
Z:\home\kevin\STM32CubeIDE\CARRITOBLUEPILL\TXRF\Debug\TXRF.hex(749): Expected device instantiation or directive here.
:102EB000002B06D0194B5A681849BB6913434B6065
^^^^^^^^^^^^^^^^^^^^^^^^^^^^^^^^^^^^^^^^^^^
Z:\home\kevin\STM32CubeIDE\CARRITOBLUEPILL\TXRF\Debug\TXRF.hex(750): Expected device instantiation or directive here.
:102EC00006E0164B5A68BB69DB43144913404B605C
^^^^^^^^^^^^^^^^^^^^^^^^^^^^^^^^^^^^^^^^^^^
Z:\home\kevin\STM32CubeIDE\CARRITOBLUEPILL\TXRF\Debug\TXRF.hex(751): Expected device instantiation or directive here.
:102ED0003B685B6803F48033002B21D00F4B1A68EA
^^^^^^^^^^^^^^^^^^^^^^^^^^^^^^^^^^^^^^^^^^^
Z:\home\kevin\STM32CubeIDE\CARRITOBLUEPILL\TXRF\Debug\TXRF.hex(752): Expected device instantiation or directive here.
:102EE0000E49BB6913430B6021E000BF00003210A4
^^^^^^^^^^^^^^^^^^^^^^^^^^^^^^^^^^^^^^^^^^^
Z:\home\kevin\STM32CubeIDE\CARRITOBLUEPILL\TXRF\Debug\TXRF.hex(753): Expected device instantiation or directive here.
:102EF000000031100000221000002110000012100C
^^^^^^^^^^^^^^^^^^^^^^^^^^^^^^^^^^^^^^^^^^^
Z:\home\kevin\STM32CubeIDE\CARRITOBLUEPILL\TXRF\Debug\TXRF.hex(754): Expected device instantiation or directive here.
:102F000000001110001002400000014000080140C4
^^^^^^^^^^^^^^^^^^^^^^^^^^^^^^^^^^^^^^^^^^^
Z:\home\kevin\STM32CubeIDE\CARRITOBLUEPILL\TXRF\Debug\TXRF.hex(755): Expected device instantiation or directive here.
:102F1000000C014000100140001401400004014079
^^^^^^^^^^^^^^^^^^^^^^^^^^^^^^^^^^^^^^^^^^^
Z:\home\kevin\STM32CubeIDE\CARRITOBLUEPILL\TXRF\Debug\TXRF.hex(756): Expected device instantiation or directive here.
:102F20000B4B1A68BB69DB43094913400B607B6A92
^^^^^^^^^^^^^^^^^^^^^^^^^^^^^^^^^^^^^^^^^^^
Z:\home\kevin\STM32CubeIDE\CARRITOBLUEPILL\TXRF\Debug\TXRF.hex(757): Expected device instantiation or directive here.
:102F300001337B623B681A687B6A22FA03F3002B39
^^^^^^^^^^^^^^^^^^^^^^^^^^^^^^^^^^^^^^^^^^^
Z:\home\kevin\STM32CubeIDE\CARRITOBLUEPILL\TXRF\Debug\TXRF.hex(758): Expected device instantiation or directive here.
:102F40007FF48EAE00BF00BF2C37BD4680BC7047FB
^^^^^^^^^^^^^^^^^^^^^^^^^^^^^^^^^^^^^^^^^^^
Z:\home\kevin\STM32CubeIDE\CARRITOBLUEPILL\TXRF\Debug\TXRF.hex(759): Expected device instantiation or directive here.
:102F50000004014080B485B000AF78600B467B80F0
^^^^^^^^^^^^^^^^^^^^^^^^^^^^^^^^^^^^^^^^^^^
Z:\home\kevin\STM32CubeIDE\CARRITOBLUEPILL\TXRF\Debug\TXRF.hex(760): Expected device instantiation or directive here.
:102F60007B689A687B881340002B02D00123FB7397
^^^^^^^^^^^^^^^^^^^^^^^^^^^^^^^^^^^^^^^^^^^
Z:\home\kevin\STM32CubeIDE\CARRITOBLUEPILL\TXRF\Debug\TXRF.hex(761): Expected device instantiation or directive here.
:102F700001E00023FB73FB7B18461437BD4680BC81
^^^^^^^^^^^^^^^^^^^^^^^^^^^^^^^^^^^^^^^^^^^
Z:\home\kevin\STM32CubeIDE\CARRITOBLUEPILL\TXRF\Debug\TXRF.hex(762): Expected device instantiation or directive here.
:102F8000704780B483B000AF78600B467B801346F7
^^^^^^^^^^^^^^^^^^^^^^^^^^^^^^^^^^^^^^^^^^^
Z:\home\kevin\STM32CubeIDE\CARRITOBLUEPILL\TXRF\Debug\TXRF.hex(763): Expected device instantiation or directive here.
:102F90007B707B78002B03D07A887B681A6103E012
^^^^^^^^^^^^^^^^^^^^^^^^^^^^^^^^^^^^^^^^^^^
Z:\home\kevin\STM32CubeIDE\CARRITOBLUEPILL\TXRF\Debug\TXRF.hex(764): Expected device instantiation or directive here.
:102FA0007B881A047B681A6100BF0C37BD4680BC61
^^^^^^^^^^^^^^^^^^^^^^^^^^^^^^^^^^^^^^^^^^^
Z:\home\kevin\STM32CubeIDE\CARRITOBLUEPILL\TXRF\Debug\TXRF.hex(765): Expected device instantiation or directive here.
:102FB0007047000080B584B000AF78607B68002B5C
^^^^^^^^^^^^^^^^^^^^^^^^^^^^^^^^^^^^^^^^^^^
Z:\home\kevin\STM32CubeIDE\CARRITOBLUEPILL\TXRF\Debug\TXRF.hex(766): Expected device instantiation or directive here.
:102FC00001D101232BE17B6893F83D30DBB2002B6C
^^^^^^^^^^^^^^^^^^^^^^^^^^^^^^^^^^^^^^^^^^^
Z:\home\kevin\STM32CubeIDE\CARRITOBLUEPILL\TXRF\Debug\TXRF.hex(767): Expected device instantiation or directive here.
:102FD00006D17B68002283F83C207868FEF704FF66
^^^^^^^^^^^^^^^^^^^^^^^^^^^^^^^^^^^^^^^^^^^
Z:\home\kevin\STM32CubeIDE\CARRITOBLUEPILL\TXRF\Debug\TXRF.hex(768): Expected device instantiation or directive here.
:102FE0007B68242283F83D207B681B681A687B6815
^^^^^^^^^^^^^^^^^^^^^^^^^^^^^^^^^^^^^^^^^^^
Z:\home\kevin\STM32CubeIDE\CARRITOBLUEPILL\TXRF\Debug\TXRF.hex(769): Expected device instantiation or directive here.
:102FF0001B6822F001021A607B681B681A687B68F4
^^^^^^^^^^^^^^^^^^^^^^^^^^^^^^^^^^^^^^^^^^^
Z:\home\kevin\STM32CubeIDE\CARRITOBLUEPILL\TXRF\Debug\TXRF.hex(770): Expected device instantiation or directive here.
:103000001B6842F400421A607B681B681A687B6880
^^^^^^^^^^^^^^^^^^^^^^^^^^^^^^^^^^^^^^^^^^^
Z:\home\kevin\STM32CubeIDE\CARRITOBLUEPILL\TXRF\Debug\TXRF.hex(771): Expected device instantiation or directive here.
:103010001B6822F400421A6001F0CAFBF8607B686A
^^^^^^^^^^^^^^^^^^^^^^^^^^^^^^^^^^^^^^^^^^^
Z:\home\kevin\STM32CubeIDE\CARRITOBLUEPILL\TXRF\Debug\TXRF.hex(772): Expected device instantiation or directive here.
:103020005B68814A934207D8FB68804A934294BF09
^^^^^^^^^^^^^^^^^^^^^^^^^^^^^^^^^^^^^^^^^^^
Z:\home\kevin\STM32CubeIDE\CARRITOBLUEPILL\TXRF\Debug\TXRF.hex(773): Expected device instantiation or directive here.
:1030300001230023DBB206E0FB687D4A934294BF84
^^^^^^^^^^^^^^^^^^^^^^^^^^^^^^^^^^^^^^^^^^^
Z:\home\kevin\STM32CubeIDE\CARRITOBLUEPILL\TXRF\Debug\TXRF.hex(774): Expected device instantiation or directive here.
:1030400001230023DBB2002B01D00123E7E0FB6862
^^^^^^^^^^^^^^^^^^^^^^^^^^^^^^^^^^^^^^^^^^^
Z:\home\kevin\STM32CubeIDE\CARRITOBLUEPILL\TXRF\Debug\TXRF.hex(775): Expected device instantiation or directive here.
:10305000784AA2FB03239B0CBB607B681B685B6800
^^^^^^^^^^^^^^^^^^^^^^^^^^^^^^^^^^^^^^^^^^^
Z:\home\kevin\STM32CubeIDE\CARRITOBLUEPILL\TXRF\Debug\TXRF.hex(776): Expected device instantiation or directive here.
:1030600023F03F017B681B68BA680A435A607B689B
^^^^^^^^^^^^^^^^^^^^^^^^^^^^^^^^^^^^^^^^^^^
Z:\home\kevin\STM32CubeIDE\CARRITOBLUEPILL\TXRF\Debug\TXRF.hex(777): Expected device instantiation or directive here.
:103070001B681B6A23F03F017B685B686A4A9342C6
^^^^^^^^^^^^^^^^^^^^^^^^^^^^^^^^^^^^^^^^^^^
Z:\home\kevin\STM32CubeIDE\CARRITOBLUEPILL\TXRF\Debug\TXRF.hex(778): Expected device instantiation or directive here.
:1030800002D8BB68013309E0BB684FF4967202FBBB
^^^^^^^^^^^^^^^^^^^^^^^^^^^^^^^^^^^^^^^^^^^
Z:\home\kevin\STM32CubeIDE\CARRITOBLUEPILL\TXRF\Debug\TXRF.hex(779): Expected device instantiation or directive here.
:1030900003F3694AA2FB03239B0901337A68126890
^^^^^^^^^^^^^^^^^^^^^^^^^^^^^^^^^^^^^^^^^^^
Z:\home\kevin\STM32CubeIDE\CARRITOBLUEPILL\TXRF\Debug\TXRF.hex(780): Expected device instantiation or directive here.
:1030A0000B4313627B681B68DB6923F44F4222F0F9
^^^^^^^^^^^^^^^^^^^^^^^^^^^^^^^^^^^^^^^^^^^
Z:\home\kevin\STM32CubeIDE\CARRITOBLUEPILL\TXRF\Debug\TXRF.hex(781): Expected device instantiation or directive here.
:1030B000FF027B685B685C498B4219D8FB68591E2C
^^^^^^^^^^^^^^^^^^^^^^^^^^^^^^^^^^^^^^^^^^^
Z:\home\kevin\STM32CubeIDE\CARRITOBLUEPILL\TXRF\Debug\TXRF.hex(782): Expected device instantiation or directive here.
:1030C0007B685B685B00B1FBF3F3591C40F6FC7353
^^^^^^^^^^^^^^^^^^^^^^^^^^^^^^^^^^^^^^^^^^^
Z:\home\kevin\STM32CubeIDE\CARRITOBLUEPILL\TXRF\Debug\TXRF.hex(783): Expected device instantiation or directive here.
:1030D0000B40002B0AD0FB68591E7B685B685B00C5
^^^^^^^^^^^^^^^^^^^^^^^^^^^^^^^^^^^^^^^^^^^
Z:\home\kevin\STM32CubeIDE\CARRITOBLUEPILL\TXRF\Debug\TXRF.hex(784): Expected device instantiation or directive here.
:1030E000B1FBF3F30133C3F30B0351E004234FE0CF
^^^^^^^^^^^^^^^^^^^^^^^^^^^^^^^^^^^^^^^^^^^
Z:\home\kevin\STM32CubeIDE\CARRITOBLUEPILL\TXRF\Debug\TXRF.hex(785): Expected device instantiation or directive here.
:1030F0007B689B68002B11D1FB68581E7B68596860
^^^^^^^^^^^^^^^^^^^^^^^^^^^^^^^^^^^^^^^^^^^
Z:\home\kevin\STM32CubeIDE\CARRITOBLUEPILL\TXRF\Debug\TXRF.hex(786): Expected device instantiation or directive here.
:103100000B465B000B44B0FBF3F30133C3F30B033B
^^^^^^^^^^^^^^^^^^^^^^^^^^^^^^^^^^^^^^^^^^^
Z:\home\kevin\STM32CubeIDE\CARRITOBLUEPILL\TXRF\Debug\TXRF.hex(787): Expected device instantiation or directive here.
:10311000002B0CBF01230023DBB212E0FB68581E1A
^^^^^^^^^^^^^^^^^^^^^^^^^^^^^^^^^^^^^^^^^^^
Z:\home\kevin\STM32CubeIDE\CARRITOBLUEPILL\TXRF\Debug\TXRF.hex(788): Expected device instantiation or directive here.
:103120007B6859680B469B000B4499000B44B0FB2D
^^^^^^^^^^^^^^^^^^^^^^^^^^^^^^^^^^^^^^^^^^^
Z:\home\kevin\STM32CubeIDE\CARRITOBLUEPILL\TXRF\Debug\TXRF.hex(789): Expected device instantiation or directive here.
:10313000F3F30133C3F30B03002B0CBF0123002374
^^^^^^^^^^^^^^^^^^^^^^^^^^^^^^^^^^^^^^^^^^^
Z:\home\kevin\STM32CubeIDE\CARRITOBLUEPILL\TXRF\Debug\TXRF.hex(790): Expected device instantiation or directive here.
:10314000DBB2002B01D0012322E07B689B68002BBF
^^^^^^^^^^^^^^^^^^^^^^^^^^^^^^^^^^^^^^^^^^^
Z:\home\kevin\STM32CubeIDE\CARRITOBLUEPILL\TXRF\Debug\TXRF.hex(791): Expected device instantiation or directive here.
:103150000ED1FB68581E7B6859680B465B000B4418
^^^^^^^^^^^^^^^^^^^^^^^^^^^^^^^^^^^^^^^^^^^
Z:\home\kevin\STM32CubeIDE\CARRITOBLUEPILL\TXRF\Debug\TXRF.hex(792): Expected device instantiation or directive here.
:10316000B0FBF3F30133C3F30B0343F400430FE06D
^^^^^^^^^^^^^^^^^^^^^^^^^^^^^^^^^^^^^^^^^^^
Z:\home\kevin\STM32CubeIDE\CARRITOBLUEPILL\TXRF\Debug\TXRF.hex(793): Expected device instantiation or directive here.
:10317000FB68581E7B6859680B469B000B449900FE
^^^^^^^^^^^^^^^^^^^^^^^^^^^^^^^^^^^^^^^^^^^
Z:\home\kevin\STM32CubeIDE\CARRITOBLUEPILL\TXRF\Debug\TXRF.hex(794): Expected device instantiation or directive here.
:103180000B44B0FBF3F30133C3F30B0343F44043AD
^^^^^^^^^^^^^^^^^^^^^^^^^^^^^^^^^^^^^^^^^^^
Z:\home\kevin\STM32CubeIDE\CARRITOBLUEPILL\TXRF\Debug\TXRF.hex(795): Expected device instantiation or directive here.
:10319000796809681343CB617B681B681B6823F05F
^^^^^^^^^^^^^^^^^^^^^^^^^^^^^^^^^^^^^^^^^^^
Z:\home\kevin\STM32CubeIDE\CARRITOBLUEPILL\TXRF\Debug\TXRF.hex(796): Expected device instantiation or directive here.
:1031A000C0017B68DA697B681B6A1A437B681B680D
^^^^^^^^^^^^^^^^^^^^^^^^^^^^^^^^^^^^^^^^^^^
Z:\home\kevin\STM32CubeIDE\CARRITOBLUEPILL\TXRF\Debug\TXRF.hex(797): Expected device instantiation or directive here.
:1031B0000A431A607B681B689B6823F4034323F06F
^^^^^^^^^^^^^^^^^^^^^^^^^^^^^^^^^^^^^^^^^^^
Z:\home\kevin\STM32CubeIDE\CARRITOBLUEPILL\TXRF\Debug\TXRF.hex(798): Expected device instantiation or directive here.
:1031C000FF037A6811697A68D26811437A681268D5
^^^^^^^^^^^^^^^^^^^^^^^^^^^^^^^^^^^^^^^^^^^
Z:\home\kevin\STM32CubeIDE\CARRITOBLUEPILL\TXRF\Debug\TXRF.hex(799): Expected device instantiation or directive here.
:1031D0000B4393607B681B68DB6823F0FF017B680F
^^^^^^^^^^^^^^^^^^^^^^^^^^^^^^^^^^^^^^^^^^^
Z:\home\kevin\STM32CubeIDE\CARRITOBLUEPILL\TXRF\Debug\TXRF.hex(800): Expected device instantiation or directive here.
:1031E0005A697B689B691A437B681B680A43DA60EB
^^^^^^^^^^^^^^^^^^^^^^^^^^^^^^^^^^^^^^^^^^^
Z:\home\kevin\STM32CubeIDE\CARRITOBLUEPILL\TXRF\Debug\TXRF.hex(801): Expected device instantiation or directive here.
:1031F0007B681B681A687B681B6842F001021A60D2
^^^^^^^^^^^^^^^^^^^^^^^^^^^^^^^^^^^^^^^^^^^
Z:\home\kevin\STM32CubeIDE\CARRITOBLUEPILL\TXRF\Debug\TXRF.hex(802): Expected device instantiation or directive here.
:103200007B6800221A647B68202283F83D207B685B
^^^^^^^^^^^^^^^^^^^^^^^^^^^^^^^^^^^^^^^^^^^
Z:\home\kevin\STM32CubeIDE\CARRITOBLUEPILL\TXRF\Debug\TXRF.hex(803): Expected device instantiation or directive here.
:1032100000221A637B68002283F83E2000231846B0
^^^^^^^^^^^^^^^^^^^^^^^^^^^^^^^^^^^^^^^^^^^
Z:\home\kevin\STM32CubeIDE\CARRITOBLUEPILL\TXRF\Debug\TXRF.hex(804): Expected device instantiation or directive here.
:103220001037BD4680BD00BFA08601007F841E0010
^^^^^^^^^^^^^^^^^^^^^^^^^^^^^^^^^^^^^^^^^^^
Z:\home\kevin\STM32CubeIDE\CARRITOBLUEPILL\TXRF\Debug\TXRF.hex(805): Expected device instantiation or directive here.
:10323000FF083D0083DE1B43D34D621080B588B08C
^^^^^^^^^^^^^^^^^^^^^^^^^^^^^^^^^^^^^^^^^^^
Z:\home\kevin\STM32CubeIDE\CARRITOBLUEPILL\TXRF\Debug\TXRF.hex(806): Expected device instantiation or directive here.
:1032400002AFF8607A601A460B467B8113463B81D9
^^^^^^^^^^^^^^^^^^^^^^^^^^^^^^^^^^^^^^^^^^^
Z:\home\kevin\STM32CubeIDE\CARRITOBLUEPILL\TXRF\Debug\TXRF.hex(807): Expected device instantiation or directive here.
:10325000FFF722F87861FB6893F83D30DBB2202B52
^^^^^^^^^^^^^^^^^^^^^^^^^^^^^^^^^^^^^^^^^^^
Z:\home\kevin\STM32CubeIDE\CARRITOBLUEPILL\TXRF\Debug\TXRF.hex(808): Expected device instantiation or directive here.
:1032600040F0E0807B690093192301227049F868DF
^^^^^^^^^^^^^^^^^^^^^^^^^^^^^^^^^^^^^^^^^^^
Z:\home\kevin\STM32CubeIDE\CARRITOBLUEPILL\TXRF\Debug\TXRF.hex(809): Expected device instantiation or directive here.
:1032700000F09EFC0346002B01D00223D3E0FB6844
^^^^^^^^^^^^^^^^^^^^^^^^^^^^^^^^^^^^^^^^^^^
Z:\home\kevin\STM32CubeIDE\CARRITOBLUEPILL\TXRF\Debug\TXRF.hex(810): Expected device instantiation or directive here.
:1032800093F83C30012B01D10223CCE0FB680122F2
^^^^^^^^^^^^^^^^^^^^^^^^^^^^^^^^^^^^^^^^^^^
Z:\home\kevin\STM32CubeIDE\CARRITOBLUEPILL\TXRF\Debug\TXRF.hex(811): Expected device instantiation or directive here.
:1032900083F83C20FB681B681B6803F00103012BCB
^^^^^^^^^^^^^^^^^^^^^^^^^^^^^^^^^^^^^^^^^^^
Z:\home\kevin\STM32CubeIDE\CARRITOBLUEPILL\TXRF\Debug\TXRF.hex(812): Expected device instantiation or directive here.
:1032A00007D0FB681B681A68FB681B6842F00102C4
^^^^^^^^^^^^^^^^^^^^^^^^^^^^^^^^^^^^^^^^^^^
Z:\home\kevin\STM32CubeIDE\CARRITOBLUEPILL\TXRF\Debug\TXRF.hex(813): Expected device instantiation or directive here.
:1032B0001A60FB681B681A68FB681B6822F40062CE
^^^^^^^^^^^^^^^^^^^^^^^^^^^^^^^^^^^^^^^^^^^
Z:\home\kevin\STM32CubeIDE\CARRITOBLUEPILL\TXRF\Debug\TXRF.hex(814): Expected device instantiation or directive here.
:1032C0001A60FB68212283F83D20FB68102283F8F6
^^^^^^^^^^^^^^^^^^^^^^^^^^^^^^^^^^^^^^^^^^^
Z:\home\kevin\STM32CubeIDE\CARRITOBLUEPILL\TXRF\Debug\TXRF.hex(815): Expected device instantiation or directive here.
:1032D0003E20FB6800221A64FB687A685A62FB6829
^^^^^^^^^^^^^^^^^^^^^^^^^^^^^^^^^^^^^^^^^^^
Z:\home\kevin\STM32CubeIDE\CARRITOBLUEPILL\TXRF\Debug\TXRF.hex(816): Expected device instantiation or directive here.
:1032E0003A895A85FB685B8D9AB2FB681A85FB6840
^^^^^^^^^^^^^^^^^^^^^^^^^^^^^^^^^^^^^^^^^^^
Z:\home\kevin\STM32CubeIDE\CARRITOBLUEPILL\TXRF\Debug\TXRF.hex(817): Expected device instantiation or directive here.
:1032F000504ADA6279897B693A6AF86800F008FB1B
^^^^^^^^^^^^^^^^^^^^^^^^^^^^^^^^^^^^^^^^^^^
Z:\home\kevin\STM32CubeIDE\CARRITOBLUEPILL\TXRF\Debug\TXRF.hex(818): Expected device instantiation or directive here.
:103300000346002B01D001238DE000233B61FB68C5
^^^^^^^^^^^^^^^^^^^^^^^^^^^^^^^^^^^^^^^^^^^
Z:\home\kevin\STM32CubeIDE\CARRITOBLUEPILL\TXRF\Debug\TXRF.hex(819): Expected device instantiation or directive here.
:103310001B685B693B61FB681B689B693B613B69A0
^^^^^^^^^^^^^^^^^^^^^^^^^^^^^^^^^^^^^^^^^^^
Z:\home\kevin\STM32CubeIDE\CARRITOBLUEPILL\TXRF\Debug\TXRF.hex(820): Expected device instantiation or directive here.
:1033200066E07A69396AF86800F05CFD0346002BB4
^^^^^^^^^^^^^^^^^^^^^^^^^^^^^^^^^^^^^^^^^^^
Z:\home\kevin\STM32CubeIDE\CARRITOBLUEPILL\TXRF\Debug\TXRF.hex(821): Expected device instantiation or directive here.
:103330000DD0FB681B6C042B07D1FB681B681A6857
^^^^^^^^^^^^^^^^^^^^^^^^^^^^^^^^^^^^^^^^^^^
Z:\home\kevin\STM32CubeIDE\CARRITOBLUEPILL\TXRF\Debug\TXRF.hex(822): Expected device instantiation or directive here.
:10334000FB681B6842F400721A6001236BE0FB68A3
^^^^^^^^^^^^^^^^^^^^^^^^^^^^^^^^^^^^^^^^^^^
Z:\home\kevin\STM32CubeIDE\CARRITOBLUEPILL\TXRF\Debug\TXRF.hex(823): Expected device instantiation or directive here.
:103350005B6A1A78FB681B681A61FB685B6A5A1C17
^^^^^^^^^^^^^^^^^^^^^^^^^^^^^^^^^^^^^^^^^^^
Z:\home\kevin\STM32CubeIDE\CARRITOBLUEPILL\TXRF\Debug\TXRF.hex(824): Expected device instantiation or directive here.
:10336000FB685A62FB685B8D9BB2013B9AB2FB68BB
^^^^^^^^^^^^^^^^^^^^^^^^^^^^^^^^^^^^^^^^^^^
Z:\home\kevin\STM32CubeIDE\CARRITOBLUEPILL\TXRF\Debug\TXRF.hex(825): Expected device instantiation or directive here.
:103370005A85FB681B8D013B9AB2FB681A85FB6876
^^^^^^^^^^^^^^^^^^^^^^^^^^^^^^^^^^^^^^^^^^^
Z:\home\kevin\STM32CubeIDE\CARRITOBLUEPILL\TXRF\Debug\TXRF.hex(826): Expected device instantiation or directive here.
:103380001B685B6903F00403042B1BD1FB681B8DD6
^^^^^^^^^^^^^^^^^^^^^^^^^^^^^^^^^^^^^^^^^^^
Z:\home\kevin\STM32CubeIDE\CARRITOBLUEPILL\TXRF\Debug\TXRF.hex(827): Expected device instantiation or directive here.
:10339000002B17D0FB685B6A1A78FB681B681A6100
^^^^^^^^^^^^^^^^^^^^^^^^^^^^^^^^^^^^^^^^^^^
Z:\home\kevin\STM32CubeIDE\CARRITOBLUEPILL\TXRF\Debug\TXRF.hex(828): Expected device instantiation or directive here.
:1033A000FB685B6A5A1CFB685A62FB685B8D9BB2C8
^^^^^^^^^^^^^^^^^^^^^^^^^^^^^^^^^^^^^^^^^^^
Z:\home\kevin\STM32CubeIDE\CARRITOBLUEPILL\TXRF\Debug\TXRF.hex(829): Expected device instantiation or directive here.
:1033B000013B9AB2FB685A85FB681B8D013B9AB2B0
^^^^^^^^^^^^^^^^^^^^^^^^^^^^^^^^^^^^^^^^^^^
Z:\home\kevin\STM32CubeIDE\CARRITOBLUEPILL\TXRF\Debug\TXRF.hex(830): Expected device instantiation or directive here.
:1033C000FB681A857A69396AF86800F053FD03468C
^^^^^^^^^^^^^^^^^^^^^^^^^^^^^^^^^^^^^^^^^^^
Z:\home\kevin\STM32CubeIDE\CARRITOBLUEPILL\TXRF\Debug\TXRF.hex(831): Expected device instantiation or directive here.
:1033D000002B0DD0FB681B6C042B07D1FB681B680E
^^^^^^^^^^^^^^^^^^^^^^^^^^^^^^^^^^^^^^^^^^^
Z:\home\kevin\STM32CubeIDE\CARRITOBLUEPILL\TXRF\Debug\TXRF.hex(832): Expected device instantiation or directive here.
:1033E0001A68FB681B6842F400721A6001231AE035
^^^^^^^^^^^^^^^^^^^^^^^^^^^^^^^^^^^^^^^^^^^
Z:\home\kevin\STM32CubeIDE\CARRITOBLUEPILL\TXRF\Debug\TXRF.hex(833): Expected device instantiation or directive here.
:1033F000FB681B8D002B94D1FB681B681A68FB6867
^^^^^^^^^^^^^^^^^^^^^^^^^^^^^^^^^^^^^^^^^^^
Z:\home\kevin\STM32CubeIDE\CARRITOBLUEPILL\TXRF\Debug\TXRF.hex(834): Expected device instantiation or directive here.
:103400001B6842F400721A60FB68202283F83D209A
^^^^^^^^^^^^^^^^^^^^^^^^^^^^^^^^^^^^^^^^^^^
Z:\home\kevin\STM32CubeIDE\CARRITOBLUEPILL\TXRF\Debug\TXRF.hex(835): Expected device instantiation or directive here.
:10341000FB68002283F83E20FB68002283F83C20F2
^^^^^^^^^^^^^^^^^^^^^^^^^^^^^^^^^^^^^^^^^^^
Z:\home\kevin\STM32CubeIDE\CARRITOBLUEPILL\TXRF\Debug\TXRF.hex(836): Expected device instantiation or directive here.
:10342000002300E0022318461837BD4680BD00BFC8
^^^^^^^^^^^^^^^^^^^^^^^^^^^^^^^^^^^^^^^^^^^
Z:\home\kevin\STM32CubeIDE\CARRITOBLUEPILL\TXRF\Debug\TXRF.hex(837): Expected device instantiation or directive here.
:10343000020010000000FFFF80B58CB002AFF86002
^^^^^^^^^^^^^^^^^^^^^^^^^^^^^^^^^^^^^^^^^^^
Z:\home\kevin\STM32CubeIDE\CARRITOBLUEPILL\TXRF\Debug\TXRF.hex(838): Expected device instantiation or directive here.
:103440007A601A460B467B8113463B8100233B6220
^^^^^^^^^^^^^^^^^^^^^^^^^^^^^^^^^^^^^^^^^^^
Z:\home\kevin\STM32CubeIDE\CARRITOBLUEPILL\TXRF\Debug\TXRF.hex(839): Expected device instantiation or directive here.
:10345000FEF722FF7862FB6893F83D30DBB2202B49
^^^^^^^^^^^^^^^^^^^^^^^^^^^^^^^^^^^^^^^^^^^
Z:\home\kevin\STM32CubeIDE\CARRITOBLUEPILL\TXRF\Debug\TXRF.hex(840): Expected device instantiation or directive here.
:1034600040F04B827B6A0093192301227F49F86860
^^^^^^^^^^^^^^^^^^^^^^^^^^^^^^^^^^^^^^^^^^^
Z:\home\kevin\STM32CubeIDE\CARRITOBLUEPILL\TXRF\Debug\TXRF.hex(841): Expected device instantiation or directive here.
:1034700000F09EFB0346002B01D002233EE2FB68D6
^^^^^^^^^^^^^^^^^^^^^^^^^^^^^^^^^^^^^^^^^^^
Z:\home\kevin\STM32CubeIDE\CARRITOBLUEPILL\TXRF\Debug\TXRF.hex(842): Expected device instantiation or directive here.
:1034800093F83C30012B01D1022337E2FB68012283
^^^^^^^^^^^^^^^^^^^^^^^^^^^^^^^^^^^^^^^^^^^
Z:\home\kevin\STM32CubeIDE\CARRITOBLUEPILL\TXRF\Debug\TXRF.hex(843): Expected device instantiation or directive here.
:1034900083F83C20FB681B681B6803F00103012BC9
^^^^^^^^^^^^^^^^^^^^^^^^^^^^^^^^^^^^^^^^^^^
Z:\home\kevin\STM32CubeIDE\CARRITOBLUEPILL\TXRF\Debug\TXRF.hex(844): Expected device instantiation or directive here.
:1034A00007D0FB681B681A68FB681B6842F00102C2
^^^^^^^^^^^^^^^^^^^^^^^^^^^^^^^^^^^^^^^^^^^
Z:\home\kevin\STM32CubeIDE\CARRITOBLUEPILL\TXRF\Debug\TXRF.hex(845): Expected device instantiation or directive here.
:1034B0001A60FB681B681A68FB681B6822F40062CC
^^^^^^^^^^^^^^^^^^^^^^^^^^^^^^^^^^^^^^^^^^^
Z:\home\kevin\STM32CubeIDE\CARRITOBLUEPILL\TXRF\Debug\TXRF.hex(846): Expected device instantiation or directive here.
:1034C0001A60FB68222283F83D20FB68102283F8F3
^^^^^^^^^^^^^^^^^^^^^^^^^^^^^^^^^^^^^^^^^^^
Z:\home\kevin\STM32CubeIDE\CARRITOBLUEPILL\TXRF\Debug\TXRF.hex(847): Expected device instantiation or directive here.
:1034D0003E20FB6800221A64FB687A685A62FB6827
^^^^^^^^^^^^^^^^^^^^^^^^^^^^^^^^^^^^^^^^^^^
Z:\home\kevin\STM32CubeIDE\CARRITOBLUEPILL\TXRF\Debug\TXRF.hex(848): Expected device instantiation or directive here.
:1034E0003A895A85FB685B8D9AB2FB681A85FB683E
^^^^^^^^^^^^^^^^^^^^^^^^^^^^^^^^^^^^^^^^^^^
Z:\home\kevin\STM32CubeIDE\CARRITOBLUEPILL\TXRF\Debug\TXRF.hex(849): Expected device instantiation or directive here.
:1034F0005F4ADA6279897B6A3A6BF86800F08AFA87
^^^^^^^^^^^^^^^^^^^^^^^^^^^^^^^^^^^^^^^^^^^
Z:\home\kevin\STM32CubeIDE\CARRITOBLUEPILL\TXRF\Debug\TXRF.hex(850): Expected device instantiation or directive here.
:103500000346002B01D00123F8E1FB681B8D002B43
^^^^^^^^^^^^^^^^^^^^^^^^^^^^^^^^^^^^^^^^^^^
Z:\home\kevin\STM32CubeIDE\CARRITOBLUEPILL\TXRF\Debug\TXRF.hex(851): Expected device instantiation or directive here.
:1035100013D10023FB61FB681B685B69FB61FB68DF
^^^^^^^^^^^^^^^^^^^^^^^^^^^^^^^^^^^^^^^^^^^
Z:\home\kevin\STM32CubeIDE\CARRITOBLUEPILL\TXRF\Debug\TXRF.hex(852): Expected device instantiation or directive here.
:103520001B689B69FB61FB69FB681B681A68FB6889
^^^^^^^^^^^^^^^^^^^^^^^^^^^^^^^^^^^^^^^^^^^
Z:\home\kevin\STM32CubeIDE\CARRITOBLUEPILL\TXRF\Debug\TXRF.hex(853): Expected device instantiation or directive here.
:103530001B6842F400721A60CCE1FB681B8D012B02
^^^^^^^^^^^^^^^^^^^^^^^^^^^^^^^^^^^^^^^^^^^
Z:\home\kevin\STM32CubeIDE\CARRITOBLUEPILL\TXRF\Debug\TXRF.hex(854): Expected device instantiation or directive here.
:103540001ED1FB681B681A68FB681B6822F4806246
^^^^^^^^^^^^^^^^^^^^^^^^^^^^^^^^^^^^^^^^^^^
Z:\home\kevin\STM32CubeIDE\CARRITOBLUEPILL\TXRF\Debug\TXRF.hex(855): Expected device instantiation or directive here.
:103550001A6072B600BF0023BB61FB681B685B6921
^^^^^^^^^^^^^^^^^^^^^^^^^^^^^^^^^^^^^^^^^^^
Z:\home\kevin\STM32CubeIDE\CARRITOBLUEPILL\TXRF\Debug\TXRF.hex(856): Expected device instantiation or directive here.
:10356000BB61FB681B689B69BB61BB69FB681B682F
^^^^^^^^^^^^^^^^^^^^^^^^^^^^^^^^^^^^^^^^^^^
Z:\home\kevin\STM32CubeIDE\CARRITOBLUEPILL\TXRF\Debug\TXRF.hex(857): Expected device instantiation or directive here.
:103570001A68FB681B6842F400721A6062B635E094
^^^^^^^^^^^^^^^^^^^^^^^^^^^^^^^^^^^^^^^^^^^
Z:\home\kevin\STM32CubeIDE\CARRITOBLUEPILL\TXRF\Debug\TXRF.hex(858): Expected device instantiation or directive here.
:10358000FB681B8D022B1ED1FB681B681A68FB6849
^^^^^^^^^^^^^^^^^^^^^^^^^^^^^^^^^^^^^^^^^^^
Z:\home\kevin\STM32CubeIDE\CARRITOBLUEPILL\TXRF\Debug\TXRF.hex(859): Expected device instantiation or directive here.
:103590001B6842F400621A6072B600BF00237B61B0
^^^^^^^^^^^^^^^^^^^^^^^^^^^^^^^^^^^^^^^^^^^
Z:\home\kevin\STM32CubeIDE\CARRITOBLUEPILL\TXRF\Debug\TXRF.hex(860): Expected device instantiation or directive here.
:1035A000FB681B685B697B61FB681B689B697B61CF
^^^^^^^^^^^^^^^^^^^^^^^^^^^^^^^^^^^^^^^^^^^
Z:\home\kevin\STM32CubeIDE\CARRITOBLUEPILL\TXRF\Debug\TXRF.hex(861): Expected device instantiation or directive here.
:1035B0007B69FB681B681A68FB681B6822F48062E1
^^^^^^^^^^^^^^^^^^^^^^^^^^^^^^^^^^^^^^^^^^^
Z:\home\kevin\STM32CubeIDE\CARRITOBLUEPILL\TXRF\Debug\TXRF.hex(862): Expected device instantiation or directive here.
:1035C0001A6062B612E0FB681B681A68FB681B6829
^^^^^^^^^^^^^^^^^^^^^^^^^^^^^^^^^^^^^^^^^^^
Z:\home\kevin\STM32CubeIDE\CARRITOBLUEPILL\TXRF\Debug\TXRF.hex(863): Expected device instantiation or directive here.
:1035D00042F480621A6000233B61FB681B685B69F0
^^^^^^^^^^^^^^^^^^^^^^^^^^^^^^^^^^^^^^^^^^^
Z:\home\kevin\STM32CubeIDE\CARRITOBLUEPILL\TXRF\Debug\TXRF.hex(864): Expected device instantiation or directive here.
:1035E0003B61FB681B689B693B613B6972E1FB685F
^^^^^^^^^^^^^^^^^^^^^^^^^^^^^^^^^^^^^^^^^^^
Z:\home\kevin\STM32CubeIDE\CARRITOBLUEPILL\TXRF\Debug\TXRF.hex(865): Expected device instantiation or directive here.
:1035F0001B8D032B00F21F81FB681B8D012B23D138
^^^^^^^^^^^^^^^^^^^^^^^^^^^^^^^^^^^^^^^^^^^
Z:\home\kevin\STM32CubeIDE\CARRITOBLUEPILL\TXRF\Debug\TXRF.hex(866): Expected device instantiation or directive here.
:103600007A6A396BF86800F07DFC0346002B01D024
^^^^^^^^^^^^^^^^^^^^^^^^^^^^^^^^^^^^^^^^^^^
Z:\home\kevin\STM32CubeIDE\CARRITOBLUEPILL\TXRF\Debug\TXRF.hex(867): Expected device instantiation or directive here.
:10361000012373E1FB681B681A69FB685B6AD2B21D
^^^^^^^^^^^^^^^^^^^^^^^^^^^^^^^^^^^^^^^^^^^
Z:\home\kevin\STM32CubeIDE\CARRITOBLUEPILL\TXRF\Debug\TXRF.hex(868): Expected device instantiation or directive here.
:103620001A70FB685B6A5A1CFB685A62FB681B8D48
^^^^^^^^^^^^^^^^^^^^^^^^^^^^^^^^^^^^^^^^^^^
Z:\home\kevin\STM32CubeIDE\CARRITOBLUEPILL\TXRF\Debug\TXRF.hex(869): Expected device instantiation or directive here.
:10363000013B9AB2FB681A85FB685B8D9BB2013B2C
^^^^^^^^^^^^^^^^^^^^^^^^^^^^^^^^^^^^^^^^^^^
Z:\home\kevin\STM32CubeIDE\CARRITOBLUEPILL\TXRF\Debug\TXRF.hex(870): Expected device instantiation or directive here.
:103640009AB2FB685A8545E1FB681B8D022B52D16B
^^^^^^^^^^^^^^^^^^^^^^^^^^^^^^^^^^^^^^^^^^^
Z:\home\kevin\STM32CubeIDE\CARRITOBLUEPILL\TXRF\Debug\TXRF.hex(871): Expected device instantiation or directive here.
:103650007B6A00933B6B00220649F86800F0A8FAE9
^^^^^^^^^^^^^^^^^^^^^^^^^^^^^^^^^^^^^^^^^^^
Z:\home\kevin\STM32CubeIDE\CARRITOBLUEPILL\TXRF\Debug\TXRF.hex(872): Expected device instantiation or directive here.
:103660000346002B08D0012348E100BF02001000F0
^^^^^^^^^^^^^^^^^^^^^^^^^^^^^^^^^^^^^^^^^^^
Z:\home\kevin\STM32CubeIDE\CARRITOBLUEPILL\TXRF\Debug\TXRF.hex(873): Expected device instantiation or directive here.
:103670000000FFFF0400010072B600BFFB681B687A
^^^^^^^^^^^^^^^^^^^^^^^^^^^^^^^^^^^^^^^^^^^
Z:\home\kevin\STM32CubeIDE\CARRITOBLUEPILL\TXRF\Debug\TXRF.hex(874): Expected device instantiation or directive here.
:103680001A68FB681B6842F400721A60FB681B68CA
^^^^^^^^^^^^^^^^^^^^^^^^^^^^^^^^^^^^^^^^^^^
Z:\home\kevin\STM32CubeIDE\CARRITOBLUEPILL\TXRF\Debug\TXRF.hex(875): Expected device instantiation or directive here.
:103690001A69FB685B6AD2B21A70FB685B6A5A1CD3
^^^^^^^^^^^^^^^^^^^^^^^^^^^^^^^^^^^^^^^^^^^
Z:\home\kevin\STM32CubeIDE\CARRITOBLUEPILL\TXRF\Debug\TXRF.hex(876): Expected device instantiation or directive here.
:1036A000FB685A62FB681B8D013B9AB2FB681A8566
^^^^^^^^^^^^^^^^^^^^^^^^^^^^^^^^^^^^^^^^^^^
Z:\home\kevin\STM32CubeIDE\CARRITOBLUEPILL\TXRF\Debug\TXRF.hex(877): Expected device instantiation or directive here.
:1036B000FB685B8D9BB2013B9AB2FB685A8562B690
^^^^^^^^^^^^^^^^^^^^^^^^^^^^^^^^^^^^^^^^^^^
Z:\home\kevin\STM32CubeIDE\CARRITOBLUEPILL\TXRF\Debug\TXRF.hex(878): Expected device instantiation or directive here.
:1036C00000BFFB681B681A69FB685B6AD2B21A709C
^^^^^^^^^^^^^^^^^^^^^^^^^^^^^^^^^^^^^^^^^^^
Z:\home\kevin\STM32CubeIDE\CARRITOBLUEPILL\TXRF\Debug\TXRF.hex(879): Expected device instantiation or directive here.
:1036D000FB685B6A5A1CFB685A62FB681B8D013BE6
^^^^^^^^^^^^^^^^^^^^^^^^^^^^^^^^^^^^^^^^^^^
Z:\home\kevin\STM32CubeIDE\CARRITOBLUEPILL\TXRF\Debug\TXRF.hex(880): Expected device instantiation or directive here.
:1036E0009AB2FB681A85FB685B8D9BB2013B9AB26C
^^^^^^^^^^^^^^^^^^^^^^^^^^^^^^^^^^^^^^^^^^^
Z:\home\kevin\STM32CubeIDE\CARRITOBLUEPILL\TXRF\Debug\TXRF.hex(881): Expected device instantiation or directive here.
:1036F000FB685A85EEE07B6A00933B6B00228149B0
^^^^^^^^^^^^^^^^^^^^^^^^^^^^^^^^^^^^^^^^^^^
Z:\home\kevin\STM32CubeIDE\CARRITOBLUEPILL\TXRF\Debug\TXRF.hex(882): Expected device instantiation or directive here.
:10370000F86800F055FA0346002B01D00123F5E0DC
^^^^^^^^^^^^^^^^^^^^^^^^^^^^^^^^^^^^^^^^^^^
Z:\home\kevin\STM32CubeIDE\CARRITOBLUEPILL\TXRF\Debug\TXRF.hex(883): Expected device instantiation or directive here.
:10371000FB681B681A68FB681B6822F480621A60E9
^^^^^^^^^^^^^^^^^^^^^^^^^^^^^^^^^^^^^^^^^^^
Z:\home\kevin\STM32CubeIDE\CARRITOBLUEPILL\TXRF\Debug\TXRF.hex(884): Expected device instantiation or directive here.
:1037200072B600BFFB681B681A69FB685B6AD2B29D
^^^^^^^^^^^^^^^^^^^^^^^^^^^^^^^^^^^^^^^^^^^
Z:\home\kevin\STM32CubeIDE\CARRITOBLUEPILL\TXRF\Debug\TXRF.hex(885): Expected device instantiation or directive here.
:103730001A70FB685B6A5A1CFB685A62FB681B8D37
^^^^^^^^^^^^^^^^^^^^^^^^^^^^^^^^^^^^^^^^^^^
Z:\home\kevin\STM32CubeIDE\CARRITOBLUEPILL\TXRF\Debug\TXRF.hex(886): Expected device instantiation or directive here.
:10374000013B9AB2FB681A85FB685B8D9BB2013B1B
^^^^^^^^^^^^^^^^^^^^^^^^^^^^^^^^^^^^^^^^^^^
Z:\home\kevin\STM32CubeIDE\CARRITOBLUEPILL\TXRF\Debug\TXRF.hex(887): Expected device instantiation or directive here.
:103750009AB2FB685A856C4B1B68DB086B4AA2FB6C
^^^^^^^^^^^^^^^^^^^^^^^^^^^^^^^^^^^^^^^^^^^
Z:\home\kevin\STM32CubeIDE\CARRITOBLUEPILL\TXRF\Debug\TXRF.hex(888): Expected device instantiation or directive here.
:1037600003231A0A13469B001344DA00D31A3B6260
^^^^^^^^^^^^^^^^^^^^^^^^^^^^^^^^^^^^^^^^^^^
Z:\home\kevin\STM32CubeIDE\CARRITOBLUEPILL\TXRF\Debug\TXRF.hex(889): Expected device instantiation or directive here.
:103770003B6A013B3B623B6A002B18D1FB6800228D
^^^^^^^^^^^^^^^^^^^^^^^^^^^^^^^^^^^^^^^^^^^
Z:\home\kevin\STM32CubeIDE\CARRITOBLUEPILL\TXRF\Debug\TXRF.hex(890): Expected device instantiation or directive here.
:103780001A63FB68202283F83D20FB68002283F83F
^^^^^^^^^^^^^^^^^^^^^^^^^^^^^^^^^^^^^^^^^^^
Z:\home\kevin\STM32CubeIDE\CARRITOBLUEPILL\TXRF\Debug\TXRF.hex(891): Expected device instantiation or directive here.
:103790003E20FB681B6C43F02002FB681A6462B693
^^^^^^^^^^^^^^^^^^^^^^^^^^^^^^^^^^^^^^^^^^^
Z:\home\kevin\STM32CubeIDE\CARRITOBLUEPILL\TXRF\Debug\TXRF.hex(892): Expected device instantiation or directive here.
:1037A00000BFFB68002283F83C200123A6E0FB68F1
^^^^^^^^^^^^^^^^^^^^^^^^^^^^^^^^^^^^^^^^^^^
Z:\home\kevin\STM32CubeIDE\CARRITOBLUEPILL\TXRF\Debug\TXRF.hex(893): Expected device instantiation or directive here.
:1037B0001B685B6903F00403042BD9D1FB681B6809
^^^^^^^^^^^^^^^^^^^^^^^^^^^^^^^^^^^^^^^^^^^
Z:\home\kevin\STM32CubeIDE\CARRITOBLUEPILL\TXRF\Debug\TXRF.hex(894): Expected device instantiation or directive here.
:1037C0001A68FB681B6842F400721A60FB681B6889
^^^^^^^^^^^^^^^^^^^^^^^^^^^^^^^^^^^^^^^^^^^
Z:\home\kevin\STM32CubeIDE\CARRITOBLUEPILL\TXRF\Debug\TXRF.hex(895): Expected device instantiation or directive here.
:1037D0001A69FB685B6AD2B21A70FB685B6A5A1C92
^^^^^^^^^^^^^^^^^^^^^^^^^^^^^^^^^^^^^^^^^^^
Z:\home\kevin\STM32CubeIDE\CARRITOBLUEPILL\TXRF\Debug\TXRF.hex(896): Expected device instantiation or directive here.
:1037E000FB685A62FB681B8D013B9AB2FB681A8525
^^^^^^^^^^^^^^^^^^^^^^^^^^^^^^^^^^^^^^^^^^^
Z:\home\kevin\STM32CubeIDE\CARRITOBLUEPILL\TXRF\Debug\TXRF.hex(897): Expected device instantiation or directive here.
:1037F000FB685B8D9BB2013B9AB2FB685A8562B64F
^^^^^^^^^^^^^^^^^^^^^^^^^^^^^^^^^^^^^^^^^^^
Z:\home\kevin\STM32CubeIDE\CARRITOBLUEPILL\TXRF\Debug\TXRF.hex(898): Expected device instantiation or directive here.
:1038000000BFFB681B681A69FB685B6AD2B21A705A
^^^^^^^^^^^^^^^^^^^^^^^^^^^^^^^^^^^^^^^^^^^
Z:\home\kevin\STM32CubeIDE\CARRITOBLUEPILL\TXRF\Debug\TXRF.hex(899): Expected device instantiation or directive here.
:10381000FB685B6A5A1CFB685A62FB681B8D013BA4
^^^^^^^^^^^^^^^^^^^^^^^^^^^^^^^^^^^^^^^^^^^
Z:\home\kevin\STM32CubeIDE\CARRITOBLUEPILL\TXRF\Debug\TXRF.hex(900): Expected device instantiation or directive here.
:103820009AB2FB681A85FB685B8D9BB2013B9AB22A
^^^^^^^^^^^^^^^^^^^^^^^^^^^^^^^^^^^^^^^^^^^
Z:\home\kevin\STM32CubeIDE\CARRITOBLUEPILL\TXRF\Debug\TXRF.hex(901): Expected device instantiation or directive here.
:10383000FB685A854EE07A6A396BF86800F062FBE3
^^^^^^^^^^^^^^^^^^^^^^^^^^^^^^^^^^^^^^^^^^^
Z:\home\kevin\STM32CubeIDE\CARRITOBLUEPILL\TXRF\Debug\TXRF.hex(902): Expected device instantiation or directive here.
:103840000346002B01D0012358E0FB681B681A696E
^^^^^^^^^^^^^^^^^^^^^^^^^^^^^^^^^^^^^^^^^^^
Z:\home\kevin\STM32CubeIDE\CARRITOBLUEPILL\TXRF\Debug\TXRF.hex(903): Expected device instantiation or directive here.
:10385000FB685B6AD2B21A70FB685B6A5A1CFB6831
^^^^^^^^^^^^^^^^^^^^^^^^^^^^^^^^^^^^^^^^^^^
Z:\home\kevin\STM32CubeIDE\CARRITOBLUEPILL\TXRF\Debug\TXRF.hex(904): Expected device instantiation or directive here.
:103860005A62FB681B8D013B9AB2FB681A85FB68A4
^^^^^^^^^^^^^^^^^^^^^^^^^^^^^^^^^^^^^^^^^^^
Z:\home\kevin\STM32CubeIDE\CARRITOBLUEPILL\TXRF\Debug\TXRF.hex(905): Expected device instantiation or directive here.
:103870005B8D9BB2013B9AB2FB685A85FB681B6863
^^^^^^^^^^^^^^^^^^^^^^^^^^^^^^^^^^^^^^^^^^^
Z:\home\kevin\STM32CubeIDE\CARRITOBLUEPILL\TXRF\Debug\TXRF.hex(906): Expected device instantiation or directive here.
:103880005B6903F00403042B24D1FB681B8D032B1D
^^^^^^^^^^^^^^^^^^^^^^^^^^^^^^^^^^^^^^^^^^^
Z:\home\kevin\STM32CubeIDE\CARRITOBLUEPILL\TXRF\Debug\TXRF.hex(907): Expected device instantiation or directive here.
:1038900007D1FB681B681A68FB681B6822F480620A
^^^^^^^^^^^^^^^^^^^^^^^^^^^^^^^^^^^^^^^^^^^
Z:\home\kevin\STM32CubeIDE\CARRITOBLUEPILL\TXRF\Debug\TXRF.hex(908): Expected device instantiation or directive here.
:1038A0001A60FB681B681A69FB685B6AD2B21A70FF
^^^^^^^^^^^^^^^^^^^^^^^^^^^^^^^^^^^^^^^^^^^
Z:\home\kevin\STM32CubeIDE\CARRITOBLUEPILL\TXRF\Debug\TXRF.hex(909): Expected device instantiation or directive here.
:1038B000FB685B6A5A1CFB685A62FB681B8D013B04
^^^^^^^^^^^^^^^^^^^^^^^^^^^^^^^^^^^^^^^^^^^
Z:\home\kevin\STM32CubeIDE\CARRITOBLUEPILL\TXRF\Debug\TXRF.hex(910): Expected device instantiation or directive here.
:1038C0009AB2FB681A85FB685B8D9BB2013B9AB28A
^^^^^^^^^^^^^^^^^^^^^^^^^^^^^^^^^^^^^^^^^^^
Z:\home\kevin\STM32CubeIDE\CARRITOBLUEPILL\TXRF\Debug\TXRF.hex(911): Expected device instantiation or directive here.
:1038D000FB685A85FB681B8D002B7FF488AEFB6864
^^^^^^^^^^^^^^^^^^^^^^^^^^^^^^^^^^^^^^^^^^^
Z:\home\kevin\STM32CubeIDE\CARRITOBLUEPILL\TXRF\Debug\TXRF.hex(912): Expected device instantiation or directive here.
:1038E000202283F83D20FB68002283F83E20FB68FD
^^^^^^^^^^^^^^^^^^^^^^^^^^^^^^^^^^^^^^^^^^^
Z:\home\kevin\STM32CubeIDE\CARRITOBLUEPILL\TXRF\Debug\TXRF.hex(913): Expected device instantiation or directive here.
:1038F000002283F83C20002300E0022318462837EA
^^^^^^^^^^^^^^^^^^^^^^^^^^^^^^^^^^^^^^^^^^^
Z:\home\kevin\STM32CubeIDE\CARRITOBLUEPILL\TXRF\Debug\TXRF.hex(914): Expected device instantiation or directive here.
:10390000BD4680BD040001000800002089B5F81400
^^^^^^^^^^^^^^^^^^^^^^^^^^^^^^^^^^^^^^^^^^^
Z:\home\kevin\STM32CubeIDE\CARRITOBLUEPILL\TXRF\Debug\TXRF.hex(915): Expected device instantiation or directive here.
:1039100080B588B002AFF8607A603B600B467B816F
^^^^^^^^^^^^^^^^^^^^^^^^^^^^^^^^^^^^^^^^^^^
Z:\home\kevin\STM32CubeIDE\CARRITOBLUEPILL\TXRF\Debug\TXRF.hex(916): Expected device instantiation or directive here.
:10392000FB68DB6A7B617B69082B06D07B69012B16
^^^^^^^^^^^^^^^^^^^^^^^^^^^^^^^^^^^^^^^^^^^
Z:\home\kevin\STM32CubeIDE\CARRITOBLUEPILL\TXRF\Debug\TXRF.hex(917): Expected device instantiation or directive here.
:1039300003D07B6913F5803F08D1FB681B681A68C8
^^^^^^^^^^^^^^^^^^^^^^^^^^^^^^^^^^^^^^^^^^^
Z:\home\kevin\STM32CubeIDE\CARRITOBLUEPILL\TXRF\Debug\TXRF.hex(918): Expected device instantiation or directive here.
:10394000FB681B6842F480721A600BE0FB681B6B1B
^^^^^^^^^^^^^^^^^^^^^^^^^^^^^^^^^^^^^^^^^^^
Z:\home\kevin\STM32CubeIDE\CARRITOBLUEPILL\TXRF\Debug\TXRF.hex(919): Expected device instantiation or directive here.
:10395000122B07D1FB681B681A68FB681B6842F4CE
^^^^^^^^^^^^^^^^^^^^^^^^^^^^^^^^^^^^^^^^^^^
Z:\home\kevin\STM32CubeIDE\CARRITOBLUEPILL\TXRF\Debug\TXRF.hex(920): Expected device instantiation or directive here.
:1039600080721A603B6800937B6800224FF001115F
^^^^^^^^^^^^^^^^^^^^^^^^^^^^^^^^^^^^^^^^^^^
Z:\home\kevin\STM32CubeIDE\CARRITOBLUEPILL\TXRF\Debug\TXRF.hex(921): Expected device instantiation or directive here.
:10397000F86800F01DF90346002B0DD0FB681B68AA
^^^^^^^^^^^^^^^^^^^^^^^^^^^^^^^^^^^^^^^^^^^
Z:\home\kevin\STM32CubeIDE\CARRITOBLUEPILL\TXRF\Debug\TXRF.hex(922): Expected device instantiation or directive here.
:103980001B6803F48073B3F5807F03D1FB684FF4A9
^^^^^^^^^^^^^^^^^^^^^^^^^^^^^^^^^^^^^^^^^^^
Z:\home\kevin\STM32CubeIDE\CARRITOBLUEPILL\TXRF\Debug\TXRF.hex(923): Expected device instantiation or directive here.
:1039900000721A64032335E0FB681B69B3F5804F9E
^^^^^^^^^^^^^^^^^^^^^^^^^^^^^^^^^^^^^^^^^^^
Z:\home\kevin\STM32CubeIDE\CARRITOBLUEPILL\TXRF\Debug\TXRF.hex(924): Expected device instantiation or directive here.
:1039A00008D17B89DBB21A46FB681B6802F0FE0275
^^^^^^^^^^^^^^^^^^^^^^^^^^^^^^^^^^^^^^^^^^^
Z:\home\kevin\STM32CubeIDE\CARRITOBLUEPILL\TXRF\Debug\TXRF.hex(925): Expected device instantiation or directive here.
:1039B0001A611BE07B89DB11DBB203F00603DBB28B
^^^^^^^^^^^^^^^^^^^^^^^^^^^^^^^^^^^^^^^^^^^
Z:\home\kevin\STM32CubeIDE\CARRITOBLUEPILL\TXRF\Debug\TXRF.hex(926): Expected device instantiation or directive here.
:1039C00063F00F03DAB2FB681B681A613B687A6820
^^^^^^^^^^^^^^^^^^^^^^^^^^^^^^^^^^^^^^^^^^^
Z:\home\kevin\STM32CubeIDE\CARRITOBLUEPILL\TXRF\Debug\TXRF.hex(927): Expected device instantiation or directive here.
:1039D0000E49F86800F066F90346002B01D0012378
^^^^^^^^^^^^^^^^^^^^^^^^^^^^^^^^^^^^^^^^^^^
Z:\home\kevin\STM32CubeIDE\CARRITOBLUEPILL\TXRF\Debug\TXRF.hex(928): Expected device instantiation or directive here.
:1039E00010E07B89DAB2FB681B681A613B687A6871
^^^^^^^^^^^^^^^^^^^^^^^^^^^^^^^^^^^^^^^^^^^
Z:\home\kevin\STM32CubeIDE\CARRITOBLUEPILL\TXRF\Debug\TXRF.hex(929): Expected device instantiation or directive here.
:1039F0000749F86800F056F90346002B01D001236F
^^^^^^^^^^^^^^^^^^^^^^^^^^^^^^^^^^^^^^^^^^^
Z:\home\kevin\STM32CubeIDE\CARRITOBLUEPILL\TXRF\Debug\TXRF.hex(930): Expected device instantiation or directive here.
:103A000000E0002318461837BD4680BD08000100BD
^^^^^^^^^^^^^^^^^^^^^^^^^^^^^^^^^^^^^^^^^^^
Z:\home\kevin\STM32CubeIDE\CARRITOBLUEPILL\TXRF\Debug\TXRF.hex(931): Expected device instantiation or directive here.
:103A10000200010080B588B002AFF8607A603B60B8
^^^^^^^^^^^^^^^^^^^^^^^^^^^^^^^^^^^^^^^^^^^
Z:\home\kevin\STM32CubeIDE\CARRITOBLUEPILL\TXRF\Debug\TXRF.hex(932): Expected device instantiation or directive here.
:103A20000B467B81FB68DB6A7B61FB681B681A685D
^^^^^^^^^^^^^^^^^^^^^^^^^^^^^^^^^^^^^^^^^^^
Z:\home\kevin\STM32CubeIDE\CARRITOBLUEPILL\TXRF\Debug\TXRF.hex(933): Expected device instantiation or directive here.
:103A3000FB681B6842F480621A607B69082B06D021
^^^^^^^^^^^^^^^^^^^^^^^^^^^^^^^^^^^^^^^^^^^
Z:\home\kevin\STM32CubeIDE\CARRITOBLUEPILL\TXRF\Debug\TXRF.hex(934): Expected device instantiation or directive here.
:103A40007B69012B03D07B6913F5803F08D1FB68AC
^^^^^^^^^^^^^^^^^^^^^^^^^^^^^^^^^^^^^^^^^^^
Z:\home\kevin\STM32CubeIDE\CARRITOBLUEPILL\TXRF\Debug\TXRF.hex(935): Expected device instantiation or directive here.
:103A50001B681A68FB681B6842F480721A600BE0EE
^^^^^^^^^^^^^^^^^^^^^^^^^^^^^^^^^^^^^^^^^^^
Z:\home\kevin\STM32CubeIDE\CARRITOBLUEPILL\TXRF\Debug\TXRF.hex(936): Expected device instantiation or directive here.
:103A6000FB681B6B112B07D1FB681B681A68FB688E
^^^^^^^^^^^^^^^^^^^^^^^^^^^^^^^^^^^^^^^^^^^
Z:\home\kevin\STM32CubeIDE\CARRITOBLUEPILL\TXRF\Debug\TXRF.hex(937): Expected device instantiation or directive here.
:103A70001B6842F480721A603B6800937B680022E6
^^^^^^^^^^^^^^^^^^^^^^^^^^^^^^^^^^^^^^^^^^^
Z:\home\kevin\STM32CubeIDE\CARRITOBLUEPILL\TXRF\Debug\TXRF.hex(938): Expected device instantiation or directive here.
:103A80004FF00111F86800F093F80346002B0DD0B9
^^^^^^^^^^^^^^^^^^^^^^^^^^^^^^^^^^^^^^^^^^^
Z:\home\kevin\STM32CubeIDE\CARRITOBLUEPILL\TXRF\Debug\TXRF.hex(939): Expected device instantiation or directive here.
:103A9000FB681B681B6803F48073B3F5807F03D158
^^^^^^^^^^^^^^^^^^^^^^^^^^^^^^^^^^^^^^^^^^^
Z:\home\kevin\STM32CubeIDE\CARRITOBLUEPILL\TXRF\Debug\TXRF.hex(940): Expected device instantiation or directive here.
:103AA000FB684FF400721A64032379E0FB681B691A
^^^^^^^^^^^^^^^^^^^^^^^^^^^^^^^^^^^^^^^^^^^
Z:\home\kevin\STM32CubeIDE\CARRITOBLUEPILL\TXRF\Debug\TXRF.hex(941): Expected device instantiation or directive here.
:103AB000B3F5804F08D17B89DBB243F00103DAB262
^^^^^^^^^^^^^^^^^^^^^^^^^^^^^^^^^^^^^^^^^^^
Z:\home\kevin\STM32CubeIDE\CARRITOBLUEPILL\TXRF\Debug\TXRF.hex(942): Expected device instantiation or directive here.
:103AC000FB681B681A615FE07B89DB11DBB203F0E6
^^^^^^^^^^^^^^^^^^^^^^^^^^^^^^^^^^^^^^^^^^^
Z:\home\kevin\STM32CubeIDE\CARRITOBLUEPILL\TXRF\Debug\TXRF.hex(943): Expected device instantiation or directive here.
:103AD0000603DBB263F00F03DAB2FB681B681A61FE
^^^^^^^^^^^^^^^^^^^^^^^^^^^^^^^^^^^^^^^^^^^
Z:\home\kevin\STM32CubeIDE\CARRITOBLUEPILL\TXRF\Debug\TXRF.hex(944): Expected device instantiation or directive here.
:103AE0003B687A683049F86800F0DCF80346002B40
^^^^^^^^^^^^^^^^^^^^^^^^^^^^^^^^^^^^^^^^^^^
Z:\home\kevin\STM32CubeIDE\CARRITOBLUEPILL\TXRF\Debug\TXRF.hex(945): Expected device instantiation or directive here.
:103AF00001D0012354E07B89DAB2FB681B681A61AC
^^^^^^^^^^^^^^^^^^^^^^^^^^^^^^^^^^^^^^^^^^^
Z:\home\kevin\STM32CubeIDE\CARRITOBLUEPILL\TXRF\Debug\TXRF.hex(946): Expected device instantiation or directive here.
:103B00003B687A682949F86800F0CCF80346002B36
^^^^^^^^^^^^^^^^^^^^^^^^^^^^^^^^^^^^^^^^^^^
Z:\home\kevin\STM32CubeIDE\CARRITOBLUEPILL\TXRF\Debug\TXRF.hex(947): Expected device instantiation or directive here.
:103B100001D0012344E000233B61FB681B685B6923
^^^^^^^^^^^^^^^^^^^^^^^^^^^^^^^^^^^^^^^^^^^
Z:\home\kevin\STM32CubeIDE\CARRITOBLUEPILL\TXRF\Debug\TXRF.hex(948): Expected device instantiation or directive here.
:103B20003B61FB681B689B693B613B69FB681B68E9
^^^^^^^^^^^^^^^^^^^^^^^^^^^^^^^^^^^^^^^^^^^
Z:\home\kevin\STM32CubeIDE\CARRITOBLUEPILL\TXRF\Debug\TXRF.hex(949): Expected device instantiation or directive here.
:103B30001A68FB681B6842F480721A603B68009345
^^^^^^^^^^^^^^^^^^^^^^^^^^^^^^^^^^^^^^^^^^^
Z:\home\kevin\STM32CubeIDE\CARRITOBLUEPILL\TXRF\Debug\TXRF.hex(950): Expected device instantiation or directive here.
:103B40007B6800224FF00111F86800F031F803465D
^^^^^^^^^^^^^^^^^^^^^^^^^^^^^^^^^^^^^^^^^^^
Z:\home\kevin\STM32CubeIDE\CARRITOBLUEPILL\TXRF\Debug\TXRF.hex(951): Expected device instantiation or directive here.
:103B5000002B0DD0FB681B681B6803F48073B3F562
^^^^^^^^^^^^^^^^^^^^^^^^^^^^^^^^^^^^^^^^^^^
Z:\home\kevin\STM32CubeIDE\CARRITOBLUEPILL\TXRF\Debug\TXRF.hex(952): Expected device instantiation or directive here.
:103B6000807F03D1FB684FF400721A64032317E0CF
^^^^^^^^^^^^^^^^^^^^^^^^^^^^^^^^^^^^^^^^^^^
Z:\home\kevin\STM32CubeIDE\CARRITOBLUEPILL\TXRF\Debug\TXRF.hex(953): Expected device instantiation or directive here.
:103B70007B89DB11DBB203F00603DBB263F00E03DB
^^^^^^^^^^^^^^^^^^^^^^^^^^^^^^^^^^^^^^^^^^^
Z:\home\kevin\STM32CubeIDE\CARRITOBLUEPILL\TXRF\Debug\TXRF.hex(954): Expected device instantiation or directive here.
:103B8000DAB2FB681B681A613B687A680749F86813
^^^^^^^^^^^^^^^^^^^^^^^^^^^^^^^^^^^^^^^^^^^
Z:\home\kevin\STM32CubeIDE\CARRITOBLUEPILL\TXRF\Debug\TXRF.hex(955): Expected device instantiation or directive here.
:103B900000F088F80346002B01D0012300E0002349
^^^^^^^^^^^^^^^^^^^^^^^^^^^^^^^^^^^^^^^^^^^
Z:\home\kevin\STM32CubeIDE\CARRITOBLUEPILL\TXRF\Debug\TXRF.hex(956): Expected device instantiation or directive here.
:103BA00018461837BD4680BD08000100020001001C
^^^^^^^^^^^^^^^^^^^^^^^^^^^^^^^^^^^^^^^^^^^
Z:\home\kevin\STM32CubeIDE\CARRITOBLUEPILL\TXRF\Debug\TXRF.hex(957): Expected device instantiation or directive here.
:103BB00080B584B000AFF860B9603B601346FB711C
^^^^^^^^^^^^^^^^^^^^^^^^^^^^^^^^^^^^^^^^^^^
Z:\home\kevin\STM32CubeIDE\CARRITOBLUEPILL\TXRF\Debug\TXRF.hex(958): Expected device instantiation or directive here.
:103BC00048E03B68B3F1FF3F44D0FEF765FB024697
^^^^^^^^^^^^^^^^^^^^^^^^^^^^^^^^^^^^^^^^^^^
Z:\home\kevin\STM32CubeIDE\CARRITOBLUEPILL\TXRF\Debug\TXRF.hex(959): Expected device instantiation or directive here.
:103BD000BB69D31A3A689A4202D33B68002B39D1A9
^^^^^^^^^^^^^^^^^^^^^^^^^^^^^^^^^^^^^^^^^^^
Z:\home\kevin\STM32CubeIDE\CARRITOBLUEPILL\TXRF\Debug\TXRF.hex(960): Expected device instantiation or directive here.
:103BE000BB681B0CDBB2012B0DD1FB681B685B694A
^^^^^^^^^^^^^^^^^^^^^^^^^^^^^^^^^^^^^^^^^^^
Z:\home\kevin\STM32CubeIDE\CARRITOBLUEPILL\TXRF\Debug\TXRF.hex(961): Expected device instantiation or directive here.
:103BF000DA43BB6813409BB2002B0CBF01230023A8
^^^^^^^^^^^^^^^^^^^^^^^^^^^^^^^^^^^^^^^^^^^
Z:\home\kevin\STM32CubeIDE\CARRITOBLUEPILL\TXRF\Debug\TXRF.hex(962): Expected device instantiation or directive here.
:103C0000DBB21A460CE0FB681B689B69DA43BB68B1
^^^^^^^^^^^^^^^^^^^^^^^^^^^^^^^^^^^^^^^^^^^
Z:\home\kevin\STM32CubeIDE\CARRITOBLUEPILL\TXRF\Debug\TXRF.hex(963): Expected device instantiation or directive here.
:103C100013409BB2002B0CBF01230023DBB21A46DA
^^^^^^^^^^^^^^^^^^^^^^^^^^^^^^^^^^^^^^^^^^^
Z:\home\kevin\STM32CubeIDE\CARRITOBLUEPILL\TXRF\Debug\TXRF.hex(964): Expected device instantiation or directive here.
:103C2000FB799A4216D1FB6800221A63FB682022B6
^^^^^^^^^^^^^^^^^^^^^^^^^^^^^^^^^^^^^^^^^^^
Z:\home\kevin\STM32CubeIDE\CARRITOBLUEPILL\TXRF\Debug\TXRF.hex(965): Expected device instantiation or directive here.
:103C300083F83D20FB68002283F83E20FB681B6C64
^^^^^^^^^^^^^^^^^^^^^^^^^^^^^^^^^^^^^^^^^^^
Z:\home\kevin\STM32CubeIDE\CARRITOBLUEPILL\TXRF\Debug\TXRF.hex(966): Expected device instantiation or directive here.
:103C400043F02002FB681A64FB68002283F83C20E2
^^^^^^^^^^^^^^^^^^^^^^^^^^^^^^^^^^^^^^^^^^^
Z:\home\kevin\STM32CubeIDE\CARRITOBLUEPILL\TXRF\Debug\TXRF.hex(967): Expected device instantiation or directive here.
:103C5000012323E0BB681B0CDBB2012B0DD1FB68F9
^^^^^^^^^^^^^^^^^^^^^^^^^^^^^^^^^^^^^^^^^^^
Z:\home\kevin\STM32CubeIDE\CARRITOBLUEPILL\TXRF\Debug\TXRF.hex(968): Expected device instantiation or directive here.
:103C60001B685B69DA43BB6813409BB2002B0CBF37
^^^^^^^^^^^^^^^^^^^^^^^^^^^^^^^^^^^^^^^^^^^
Z:\home\kevin\STM32CubeIDE\CARRITOBLUEPILL\TXRF\Debug\TXRF.hex(969): Expected device instantiation or directive here.
:103C700001230023DBB21A460CE0FB681B689B693A
^^^^^^^^^^^^^^^^^^^^^^^^^^^^^^^^^^^^^^^^^^^
Z:\home\kevin\STM32CubeIDE\CARRITOBLUEPILL\TXRF\Debug\TXRF.hex(970): Expected device instantiation or directive here.
:103C8000DA43BB6813409BB2002B0CBF0123002317
^^^^^^^^^^^^^^^^^^^^^^^^^^^^^^^^^^^^^^^^^^^
Z:\home\kevin\STM32CubeIDE\CARRITOBLUEPILL\TXRF\Debug\TXRF.hex(971): Expected device instantiation or directive here.
:103C9000DBB21A46FB799A4293D0002318461037BC
^^^^^^^^^^^^^^^^^^^^^^^^^^^^^^^^^^^^^^^^^^^
Z:\home\kevin\STM32CubeIDE\CARRITOBLUEPILL\TXRF\Debug\TXRF.hex(972): Expected device instantiation or directive here.
:103CA000BD4680BD80B584B000AFF860B9607A6071
^^^^^^^^^^^^^^^^^^^^^^^^^^^^^^^^^^^^^^^^^^^
Z:\home\kevin\STM32CubeIDE\CARRITOBLUEPILL\TXRF\Debug\TXRF.hex(973): Expected device instantiation or directive here.
:103CB0003B6071E0FB681B685B6903F48063B3F5EC
^^^^^^^^^^^^^^^^^^^^^^^^^^^^^^^^^^^^^^^^^^^
Z:\home\kevin\STM32CubeIDE\CARRITOBLUEPILL\TXRF\Debug\TXRF.hex(974): Expected device instantiation or directive here.
:103CC000806F23D1FB681B681A68FB681B6842F48D
^^^^^^^^^^^^^^^^^^^^^^^^^^^^^^^^^^^^^^^^^^^
Z:\home\kevin\STM32CubeIDE\CARRITOBLUEPILL\TXRF\Debug\TXRF.hex(975): Expected device instantiation or directive here.
:103CD00000721A60FB681B686FF480625A61FB68AF
^^^^^^^^^^^^^^^^^^^^^^^^^^^^^^^^^^^^^^^^^^^
Z:\home\kevin\STM32CubeIDE\CARRITOBLUEPILL\TXRF\Debug\TXRF.hex(976): Expected device instantiation or directive here.
:103CE00000221A63FB68202283F83D20FB68002233
^^^^^^^^^^^^^^^^^^^^^^^^^^^^^^^^^^^^^^^^^^^
Z:\home\kevin\STM32CubeIDE\CARRITOBLUEPILL\TXRF\Debug\TXRF.hex(977): Expected device instantiation or directive here.
:103CF00083F83E20FB681B6C43F00402FB681A64E7
^^^^^^^^^^^^^^^^^^^^^^^^^^^^^^^^^^^^^^^^^^^
Z:\home\kevin\STM32CubeIDE\CARRITOBLUEPILL\TXRF\Debug\TXRF.hex(978): Expected device instantiation or directive here.
:103D0000FB68002283F83C20012367E07B68B3F165
^^^^^^^^^^^^^^^^^^^^^^^^^^^^^^^^^^^^^^^^^^^
Z:\home\kevin\STM32CubeIDE\CARRITOBLUEPILL\TXRF\Debug\TXRF.hex(979): Expected device instantiation or directive here.
:103D1000FF3F41D0FEF7C0FA02463B68D31A7A68EB
^^^^^^^^^^^^^^^^^^^^^^^^^^^^^^^^^^^^^^^^^^^
Z:\home\kevin\STM32CubeIDE\CARRITOBLUEPILL\TXRF\Debug\TXRF.hex(980): Expected device instantiation or directive here.
:103D20009A4202D37B68002B36D1BB681B0CDBB2F6
^^^^^^^^^^^^^^^^^^^^^^^^^^^^^^^^^^^^^^^^^^^
Z:\home\kevin\STM32CubeIDE\CARRITOBLUEPILL\TXRF\Debug\TXRF.hex(981): Expected device instantiation or directive here.
:103D3000012B0CD1FB681B685B69DA43BB6813403D
^^^^^^^^^^^^^^^^^^^^^^^^^^^^^^^^^^^^^^^^^^^
Z:\home\kevin\STM32CubeIDE\CARRITOBLUEPILL\TXRF\Debug\TXRF.hex(982): Expected device instantiation or directive here.
:103D40009BB2002B14BF01230023DBB20BE0FB6806
^^^^^^^^^^^^^^^^^^^^^^^^^^^^^^^^^^^^^^^^^^^
Z:\home\kevin\STM32CubeIDE\CARRITOBLUEPILL\TXRF\Debug\TXRF.hex(983): Expected device instantiation or directive here.
:103D50001B689B69DA43BB6813409BB2002B14BFFE
^^^^^^^^^^^^^^^^^^^^^^^^^^^^^^^^^^^^^^^^^^^
Z:\home\kevin\STM32CubeIDE\CARRITOBLUEPILL\TXRF\Debug\TXRF.hex(984): Expected device instantiation or directive here.
:103D600001230023DBB2002B16D0FB6800221A636C
^^^^^^^^^^^^^^^^^^^^^^^^^^^^^^^^^^^^^^^^^^^
Z:\home\kevin\STM32CubeIDE\CARRITOBLUEPILL\TXRF\Debug\TXRF.hex(985): Expected device instantiation or directive here.
:103D7000FB68202283F83D20FB68002283F83E2068
^^^^^^^^^^^^^^^^^^^^^^^^^^^^^^^^^^^^^^^^^^^
Z:\home\kevin\STM32CubeIDE\CARRITOBLUEPILL\TXRF\Debug\TXRF.hex(986): Expected device instantiation or directive here.
:103D8000FB681B6C43F02002FB681A64FB6800228E
^^^^^^^^^^^^^^^^^^^^^^^^^^^^^^^^^^^^^^^^^^^
Z:\home\kevin\STM32CubeIDE\CARRITOBLUEPILL\TXRF\Debug\TXRF.hex(987): Expected device instantiation or directive here.
:103D900083F83C20012321E0BB681B0CDBB2012B24
^^^^^^^^^^^^^^^^^^^^^^^^^^^^^^^^^^^^^^^^^^^
Z:\home\kevin\STM32CubeIDE\CARRITOBLUEPILL\TXRF\Debug\TXRF.hex(988): Expected device instantiation or directive here.
:103DA0000CD1FB681B685B69DA43BB6813409BB2AC
^^^^^^^^^^^^^^^^^^^^^^^^^^^^^^^^^^^^^^^^^^^
Z:\home\kevin\STM32CubeIDE\CARRITOBLUEPILL\TXRF\Debug\TXRF.hex(989): Expected device instantiation or directive here.
:103DB000002B14BF01230023DBB20BE0FB681B6860
^^^^^^^^^^^^^^^^^^^^^^^^^^^^^^^^^^^^^^^^^^^
Z:\home\kevin\STM32CubeIDE\CARRITOBLUEPILL\TXRF\Debug\TXRF.hex(990): Expected device instantiation or directive here.
:103DC0009B69DA43BB6813409BB2002B14BF0123ED
^^^^^^^^^^^^^^^^^^^^^^^^^^^^^^^^^^^^^^^^^^^
Z:\home\kevin\STM32CubeIDE\CARRITOBLUEPILL\TXRF\Debug\TXRF.hex(991): Expected device instantiation or directive here.
:103DD0000023DBB2002B7FF46DAF002318461037B1
^^^^^^^^^^^^^^^^^^^^^^^^^^^^^^^^^^^^^^^^^^^
Z:\home\kevin\STM32CubeIDE\CARRITOBLUEPILL\TXRF\Debug\TXRF.hex(992): Expected device instantiation or directive here.
:103DE000BD4680BD80B584B000AFF860B9607A6030
^^^^^^^^^^^^^^^^^^^^^^^^^^^^^^^^^^^^^^^^^^^
Z:\home\kevin\STM32CubeIDE\CARRITOBLUEPILL\TXRF\Debug\TXRF.hex(993): Expected device instantiation or directive here.
:103DF00034E0F86800F0E3F80346002B01D001231B
^^^^^^^^^^^^^^^^^^^^^^^^^^^^^^^^^^^^^^^^^^^
Z:\home\kevin\STM32CubeIDE\CARRITOBLUEPILL\TXRF\Debug\TXRF.hex(994): Expected device instantiation or directive here.
:103E000034E0BB68B3F1FF3F28D0FEF745FA024625
^^^^^^^^^^^^^^^^^^^^^^^^^^^^^^^^^^^^^^^^^^^
Z:\home\kevin\STM32CubeIDE\CARRITOBLUEPILL\TXRF\Debug\TXRF.hex(995): Expected device instantiation or directive here.
:103E10007B68D31ABA689A4202D3BB68002B1DD1C3
^^^^^^^^^^^^^^^^^^^^^^^^^^^^^^^^^^^^^^^^^^^
Z:\home\kevin\STM32CubeIDE\CARRITOBLUEPILL\TXRF\Debug\TXRF.hex(996): Expected device instantiation or directive here.
:103E2000FB681B685B6903F08003802B16D0FB687E
^^^^^^^^^^^^^^^^^^^^^^^^^^^^^^^^^^^^^^^^^^^
Z:\home\kevin\STM32CubeIDE\CARRITOBLUEPILL\TXRF\Debug\TXRF.hex(997): Expected device instantiation or directive here.
:103E300000221A63FB68202283F83D20FB680022E1
^^^^^^^^^^^^^^^^^^^^^^^^^^^^^^^^^^^^^^^^^^^
Z:\home\kevin\STM32CubeIDE\CARRITOBLUEPILL\TXRF\Debug\TXRF.hex(998): Expected device instantiation or directive here.
:103E400083F83E20FB681B6C43F02002FB681A6479
^^^^^^^^^^^^^^^^^^^^^^^^^^^^^^^^^^^^^^^^^^^
Z:\home\kevin\STM32CubeIDE\CARRITOBLUEPILL\TXRF\Debug\TXRF.hex(999): Expected device instantiation or directive here.
:103E5000FB68002283F83C20012307E0FB681B6815
^^^^^^^^^^^^^^^^^^^^^^^^^^^^^^^^^^^^^^^^^^^
Z:\home\kevin\STM32CubeIDE\CARRITOBLUEPILL\TXRF\Debug\TXRF.hex(1000): Expected device instantiation or directive here.
:103E60005B6903F08003802BC3D100231846103711
^^^^^^^^^^^^^^^^^^^^^^^^^^^^^^^^^^^^^^^^^^^
Z:\home\kevin\STM32CubeIDE\CARRITOBLUEPILL\TXRF\Debug\TXRF.hex(1001): Expected device instantiation or directive here.
:103E7000BD4680BD80B584B000AFF860B9607A609F
^^^^^^^^^^^^^^^^^^^^^^^^^^^^^^^^^^^^^^^^^^^
Z:\home\kevin\STM32CubeIDE\CARRITOBLUEPILL\TXRF\Debug\TXRF.hex(1002): Expected device instantiation or directive here.
:103E800034E0F86800F09BF80346002B01D00123D2
^^^^^^^^^^^^^^^^^^^^^^^^^^^^^^^^^^^^^^^^^^^
Z:\home\kevin\STM32CubeIDE\CARRITOBLUEPILL\TXRF\Debug\TXRF.hex(1003): Expected device instantiation or directive here.
:103E900034E0BB68B3F1FF3F28D0FEF7FDF90246DE
^^^^^^^^^^^^^^^^^^^^^^^^^^^^^^^^^^^^^^^^^^^
Z:\home\kevin\STM32CubeIDE\CARRITOBLUEPILL\TXRF\Debug\TXRF.hex(1004): Expected device instantiation or directive here.
:103EA0007B68D31ABA689A4202D3BB68002B1DD133
^^^^^^^^^^^^^^^^^^^^^^^^^^^^^^^^^^^^^^^^^^^
Z:\home\kevin\STM32CubeIDE\CARRITOBLUEPILL\TXRF\Debug\TXRF.hex(1005): Expected device instantiation or directive here.
:103EB000FB681B685B6903F00403042B16D0FB68E6
^^^^^^^^^^^^^^^^^^^^^^^^^^^^^^^^^^^^^^^^^^^
Z:\home\kevin\STM32CubeIDE\CARRITOBLUEPILL\TXRF\Debug\TXRF.hex(1006): Expected device instantiation or directive here.
:103EC00000221A63FB68202283F83D20FB68002251
^^^^^^^^^^^^^^^^^^^^^^^^^^^^^^^^^^^^^^^^^^^
Z:\home\kevin\STM32CubeIDE\CARRITOBLUEPILL\TXRF\Debug\TXRF.hex(1007): Expected device instantiation or directive here.
:103ED00083F83E20FB681B6C43F02002FB681A64E9
^^^^^^^^^^^^^^^^^^^^^^^^^^^^^^^^^^^^^^^^^^^
Z:\home\kevin\STM32CubeIDE\CARRITOBLUEPILL\TXRF\Debug\TXRF.hex(1008): Expected device instantiation or directive here.
:103EE000FB68002283F83C20012307E0FB681B6885
^^^^^^^^^^^^^^^^^^^^^^^^^^^^^^^^^^^^^^^^^^^
Z:\home\kevin\STM32CubeIDE\CARRITOBLUEPILL\TXRF\Debug\TXRF.hex(1009): Expected device instantiation or directive here.
:103EF0005B6903F00403042BC3D100231846103779
^^^^^^^^^^^^^^^^^^^^^^^^^^^^^^^^^^^^^^^^^^^
Z:\home\kevin\STM32CubeIDE\CARRITOBLUEPILL\TXRF\Debug\TXRF.hex(1010): Expected device instantiation or directive here.
:103F0000BD4680BD80B584B000AFF860B9607A600E
^^^^^^^^^^^^^^^^^^^^^^^^^^^^^^^^^^^^^^^^^^^
Z:\home\kevin\STM32CubeIDE\CARRITOBLUEPILL\TXRF\Debug\TXRF.hex(1011): Expected device instantiation or directive here.
:103F100049E0FB681B685B6903F01003102B19D1A3
^^^^^^^^^^^^^^^^^^^^^^^^^^^^^^^^^^^^^^^^^^^
Z:\home\kevin\STM32CubeIDE\CARRITOBLUEPILL\TXRF\Debug\TXRF.hex(1012): Expected device instantiation or directive here.
:103F2000FB681B686FF010025A61FB6800221A637D
^^^^^^^^^^^^^^^^^^^^^^^^^^^^^^^^^^^^^^^^^^^
Z:\home\kevin\STM32CubeIDE\CARRITOBLUEPILL\TXRF\Debug\TXRF.hex(1013): Expected device instantiation or directive here.
:103F3000FB68202283F83D20FB68002283F83E20A6
^^^^^^^^^^^^^^^^^^^^^^^^^^^^^^^^^^^^^^^^^^^
Z:\home\kevin\STM32CubeIDE\CARRITOBLUEPILL\TXRF\Debug\TXRF.hex(1014): Expected device instantiation or directive here.
:103F4000FB681A6CFB681A64FB68002283F83C204B
^^^^^^^^^^^^^^^^^^^^^^^^^^^^^^^^^^^^^^^^^^^
Z:\home\kevin\STM32CubeIDE\CARRITOBLUEPILL\TXRF\Debug\TXRF.hex(1015): Expected device instantiation or directive here.
:103F5000012330E0FEF7A0F902467B68D31ABA6865
^^^^^^^^^^^^^^^^^^^^^^^^^^^^^^^^^^^^^^^^^^^
Z:\home\kevin\STM32CubeIDE\CARRITOBLUEPILL\TXRF\Debug\TXRF.hex(1016): Expected device instantiation or directive here.
:103F60009A4202D3BB68002B1DD1FB681B685B69BA
^^^^^^^^^^^^^^^^^^^^^^^^^^^^^^^^^^^^^^^^^^^
Z:\home\kevin\STM32CubeIDE\CARRITOBLUEPILL\TXRF\Debug\TXRF.hex(1017): Expected device instantiation or directive here.
:103F700003F04003402B16D0FB6800221A63FB6855
^^^^^^^^^^^^^^^^^^^^^^^^^^^^^^^^^^^^^^^^^^^
Z:\home\kevin\STM32CubeIDE\CARRITOBLUEPILL\TXRF\Debug\TXRF.hex(1018): Expected device instantiation or directive here.
:103F8000202283F83D20FB68002283F83E20FB6856
^^^^^^^^^^^^^^^^^^^^^^^^^^^^^^^^^^^^^^^^^^^
Z:\home\kevin\STM32CubeIDE\CARRITOBLUEPILL\TXRF\Debug\TXRF.hex(1019): Expected device instantiation or directive here.
:103F90001B6C43F02002FB681A64FB68002283F864
^^^^^^^^^^^^^^^^^^^^^^^^^^^^^^^^^^^^^^^^^^^
Z:\home\kevin\STM32CubeIDE\CARRITOBLUEPILL\TXRF\Debug\TXRF.hex(1020): Expected device instantiation or directive here.
:103FA0003C20012307E0FB681B685B6903F04003CA
^^^^^^^^^^^^^^^^^^^^^^^^^^^^^^^^^^^^^^^^^^^
Z:\home\kevin\STM32CubeIDE\CARRITOBLUEPILL\TXRF\Debug\TXRF.hex(1021): Expected device instantiation or directive here.
:103FB000402BAED1002318461037BD4680BD80B4DB
^^^^^^^^^^^^^^^^^^^^^^^^^^^^^^^^^^^^^^^^^^^
Z:\home\kevin\STM32CubeIDE\CARRITOBLUEPILL\TXRF\Debug\TXRF.hex(1022): Expected device instantiation or directive here.
:103FC00083B000AF78607B681B685B6903F4806333
^^^^^^^^^^^^^^^^^^^^^^^^^^^^^^^^^^^^^^^^^^^
Z:\home\kevin\STM32CubeIDE\CARRITOBLUEPILL\TXRF\Debug\TXRF.hex(1023): Expected device instantiation or directive here.
:103FD000B3F5806F1BD17B681B686FF480625A61F8
^^^^^^^^^^^^^^^^^^^^^^^^^^^^^^^^^^^^^^^^^^^
Z:\home\kevin\STM32CubeIDE\CARRITOBLUEPILL\TXRF\Debug\TXRF.hex(1024): Expected device instantiation or directive here.
:103FE0007B6800221A637B68202283F83D207B686F
^^^^^^^^^^^^^^^^^^^^^^^^^^^^^^^^^^^^^^^^^^^
Z:\home\kevin\STM32CubeIDE\CARRITOBLUEPILL\TXRF\Debug\TXRF.hex(1025): Expected device instantiation or directive here.
:103FF000002283F83E207B681B6C43F004027B6840
^^^^^^^^^^^^^^^^^^^^^^^^^^^^^^^^^^^^^^^^^^^
Z:\home\kevin\STM32CubeIDE\CARRITOBLUEPILL\TXRF\Debug\TXRF.hex(1026): Expected device instantiation or directive here.
:104000001A647B68002283F83C20012300E000232F
^^^^^^^^^^^^^^^^^^^^^^^^^^^^^^^^^^^^^^^^^^^
Z:\home\kevin\STM32CubeIDE\CARRITOBLUEPILL\TXRF\Debug\TXRF.hex(1027): Expected device instantiation or directive here.
:1040100018460C37BD4680BC7047000080B586B09E
^^^^^^^^^^^^^^^^^^^^^^^^^^^^^^^^^^^^^^^^^^^
Z:\home\kevin\STM32CubeIDE\CARRITOBLUEPILL\TXRF\Debug\TXRF.hex(1028): Expected device instantiation or directive here.
:1040200000AF78607B68002B01D1012372E27B68CE
^^^^^^^^^^^^^^^^^^^^^^^^^^^^^^^^^^^^^^^^^^^
Z:\home\kevin\STM32CubeIDE\CARRITOBLUEPILL\TXRF\Debug\TXRF.hex(1029): Expected device instantiation or directive here.
:104030001B6803F00103002B00F08780924B5B6844
^^^^^^^^^^^^^^^^^^^^^^^^^^^^^^^^^^^^^^^^^^^
Z:\home\kevin\STM32CubeIDE\CARRITOBLUEPILL\TXRF\Debug\TXRF.hex(1030): Expected device instantiation or directive here.
:1040400003F00C03042B0CD08F4B5B6803F00C03C4
^^^^^^^^^^^^^^^^^^^^^^^^^^^^^^^^^^^^^^^^^^^
Z:\home\kevin\STM32CubeIDE\CARRITOBLUEPILL\TXRF\Debug\TXRF.hex(1031): Expected device instantiation or directive here.
:10405000082B12D18C4B5B6803F48033B3F5803F9F
^^^^^^^^^^^^^^^^^^^^^^^^^^^^^^^^^^^^^^^^^^^
Z:\home\kevin\STM32CubeIDE\CARRITOBLUEPILL\TXRF\Debug\TXRF.hex(1032): Expected device instantiation or directive here.
:104060000BD1894B1B6803F40033002B6CD07B68A9
^^^^^^^^^^^^^^^^^^^^^^^^^^^^^^^^^^^^^^^^^^^
Z:\home\kevin\STM32CubeIDE\CARRITOBLUEPILL\TXRF\Debug\TXRF.hex(1033): Expected device instantiation or directive here.
:104070005B68002B68D101234CE27B685B68B3F579
^^^^^^^^^^^^^^^^^^^^^^^^^^^^^^^^^^^^^^^^^^^
Z:\home\kevin\STM32CubeIDE\CARRITOBLUEPILL\TXRF\Debug\TXRF.hex(1034): Expected device instantiation or directive here.
:10408000803F06D1804B1B687F4A43F48033136026
^^^^^^^^^^^^^^^^^^^^^^^^^^^^^^^^^^^^^^^^^^^
Z:\home\kevin\STM32CubeIDE\CARRITOBLUEPILL\TXRF\Debug\TXRF.hex(1035): Expected device instantiation or directive here.
:104090002EE07B685B68002B0CD17B4B1B687A4A57
^^^^^^^^^^^^^^^^^^^^^^^^^^^^^^^^^^^^^^^^^^^
Z:\home\kevin\STM32CubeIDE\CARRITOBLUEPILL\TXRF\Debug\TXRF.hex(1036): Expected device instantiation or directive here.
:1040A00023F480331360784B1B68774A23F4802312
^^^^^^^^^^^^^^^^^^^^^^^^^^^^^^^^^^^^^^^^^^^
Z:\home\kevin\STM32CubeIDE\CARRITOBLUEPILL\TXRF\Debug\TXRF.hex(1037): Expected device instantiation or directive here.
:1040B00013601DE07B685B68B3F5A02F0CD1724BD9
^^^^^^^^^^^^^^^^^^^^^^^^^^^^^^^^^^^^^^^^^^^
Z:\home\kevin\STM32CubeIDE\CARRITOBLUEPILL\TXRF\Debug\TXRF.hex(1038): Expected device instantiation or directive here.
:1040C0001B68714A43F4802313606F4B1B686E4A70
^^^^^^^^^^^^^^^^^^^^^^^^^^^^^^^^^^^^^^^^^^^
Z:\home\kevin\STM32CubeIDE\CARRITOBLUEPILL\TXRF\Debug\TXRF.hex(1039): Expected device instantiation or directive here.
:1040D00043F4803313600BE06B4B1B686A4A23F494
^^^^^^^^^^^^^^^^^^^^^^^^^^^^^^^^^^^^^^^^^^^
Z:\home\kevin\STM32CubeIDE\CARRITOBLUEPILL\TXRF\Debug\TXRF.hex(1040): Expected device instantiation or directive here.
:1040E00080331360684B1B68674A23F48023136096
^^^^^^^^^^^^^^^^^^^^^^^^^^^^^^^^^^^^^^^^^^^
Z:\home\kevin\STM32CubeIDE\CARRITOBLUEPILL\TXRF\Debug\TXRF.hex(1041): Expected device instantiation or directive here.
:1040F0007B685B68002B13D0FEF7CEF8386108E0D0
^^^^^^^^^^^^^^^^^^^^^^^^^^^^^^^^^^^^^^^^^^^
Z:\home\kevin\STM32CubeIDE\CARRITOBLUEPILL\TXRF\Debug\TXRF.hex(1042): Expected device instantiation or directive here.
:10410000FEF7CAF802463B69D31A642B01D9032390
^^^^^^^^^^^^^^^^^^^^^^^^^^^^^^^^^^^^^^^^^^^
Z:\home\kevin\STM32CubeIDE\CARRITOBLUEPILL\TXRF\Debug\TXRF.hex(1043): Expected device instantiation or directive here.
:1041100000E25D4B1B6803F40033002BF0D014E089
^^^^^^^^^^^^^^^^^^^^^^^^^^^^^^^^^^^^^^^^^^^
Z:\home\kevin\STM32CubeIDE\CARRITOBLUEPILL\TXRF\Debug\TXRF.hex(1044): Expected device instantiation or directive here.
:10412000FEF7BAF8386108E0FEF7B6F802463B69D8
^^^^^^^^^^^^^^^^^^^^^^^^^^^^^^^^^^^^^^^^^^^
Z:\home\kevin\STM32CubeIDE\CARRITOBLUEPILL\TXRF\Debug\TXRF.hex(1045): Expected device instantiation or directive here.
:10413000D31A642B01D90323ECE1534B1B6803F41E
^^^^^^^^^^^^^^^^^^^^^^^^^^^^^^^^^^^^^^^^^^^
Z:\home\kevin\STM32CubeIDE\CARRITOBLUEPILL\TXRF\Debug\TXRF.hex(1046): Expected device instantiation or directive here.
:104140000033002BF0D100E000BF7B681B6803F058
^^^^^^^^^^^^^^^^^^^^^^^^^^^^^^^^^^^^^^^^^^^
Z:\home\kevin\STM32CubeIDE\CARRITOBLUEPILL\TXRF\Debug\TXRF.hex(1047): Expected device instantiation or directive here.
:104150000203002B63D04C4B5B6803F00C03002B75
^^^^^^^^^^^^^^^^^^^^^^^^^^^^^^^^^^^^^^^^^^^
Z:\home\kevin\STM32CubeIDE\CARRITOBLUEPILL\TXRF\Debug\TXRF.hex(1048): Expected device instantiation or directive here.
:104160000BD0494B5B6803F00C03082B1CD1464B6A
^^^^^^^^^^^^^^^^^^^^^^^^^^^^^^^^^^^^^^^^^^^
Z:\home\kevin\STM32CubeIDE\CARRITOBLUEPILL\TXRF\Debug\TXRF.hex(1049): Expected device instantiation or directive here.
:104170005B6803F48033002B16D1434B1B6803F0BC
^^^^^^^^^^^^^^^^^^^^^^^^^^^^^^^^^^^^^^^^^^^
Z:\home\kevin\STM32CubeIDE\CARRITOBLUEPILL\TXRF\Debug\TXRF.hex(1050): Expected device instantiation or directive here.
:104180000203002B05D07B681B69012B01D00123A2
^^^^^^^^^^^^^^^^^^^^^^^^^^^^^^^^^^^^^^^^^^^
Z:\home\kevin\STM32CubeIDE\CARRITOBLUEPILL\TXRF\Debug\TXRF.hex(1051): Expected device instantiation or directive here.
:10419000C0E13D4B1B6823F0F8027B685B69DB00E4
^^^^^^^^^^^^^^^^^^^^^^^^^^^^^^^^^^^^^^^^^^^
Z:\home\kevin\STM32CubeIDE\CARRITOBLUEPILL\TXRF\Debug\TXRF.hex(1052): Expected device instantiation or directive here.
:1041A000394913430B603AE07B681B69002B20D030
^^^^^^^^^^^^^^^^^^^^^^^^^^^^^^^^^^^^^^^^^^^
Z:\home\kevin\STM32CubeIDE\CARRITOBLUEPILL\TXRF\Debug\TXRF.hex(1053): Expected device instantiation or directive here.
:1041B000364B01221A60FEF76FF8386108E0FEF70F
^^^^^^^^^^^^^^^^^^^^^^^^^^^^^^^^^^^^^^^^^^^
Z:\home\kevin\STM32CubeIDE\CARRITOBLUEPILL\TXRF\Debug\TXRF.hex(1054): Expected device instantiation or directive here.
:1041C0006BF802463B69D31A022B01D90323A1E104
^^^^^^^^^^^^^^^^^^^^^^^^^^^^^^^^^^^^^^^^^^^
Z:\home\kevin\STM32CubeIDE\CARRITOBLUEPILL\TXRF\Debug\TXRF.hex(1055): Expected device instantiation or directive here.
:1041D0002D4B1B6803F00203002BF0D02A4B1B6809
^^^^^^^^^^^^^^^^^^^^^^^^^^^^^^^^^^^^^^^^^^^
Z:\home\kevin\STM32CubeIDE\CARRITOBLUEPILL\TXRF\Debug\TXRF.hex(1056): Expected device instantiation or directive here.
:1041E00023F0F8027B685B69DB00274913430B600F
^^^^^^^^^^^^^^^^^^^^^^^^^^^^^^^^^^^^^^^^^^^
Z:\home\kevin\STM32CubeIDE\CARRITOBLUEPILL\TXRF\Debug\TXRF.hex(1057): Expected device instantiation or directive here.
:1041F00015E0264B00221A60FEF74EF8386108E001
^^^^^^^^^^^^^^^^^^^^^^^^^^^^^^^^^^^^^^^^^^^
Z:\home\kevin\STM32CubeIDE\CARRITOBLUEPILL\TXRF\Debug\TXRF.hex(1058): Expected device instantiation or directive here.
:10420000FEF74AF802463B69D31A022B01D9032371
^^^^^^^^^^^^^^^^^^^^^^^^^^^^^^^^^^^^^^^^^^^
Z:\home\kevin\STM32CubeIDE\CARRITOBLUEPILL\TXRF\Debug\TXRF.hex(1059): Expected device instantiation or directive here.
:1042100080E11D4B1B6803F00203002BF0D17B688B
^^^^^^^^^^^^^^^^^^^^^^^^^^^^^^^^^^^^^^^^^^^
Z:\home\kevin\STM32CubeIDE\CARRITOBLUEPILL\TXRF\Debug\TXRF.hex(1060): Expected device instantiation or directive here.
:104220001B6803F00803002B3AD07B689B69002BC6
^^^^^^^^^^^^^^^^^^^^^^^^^^^^^^^^^^^^^^^^^^^
Z:\home\kevin\STM32CubeIDE\CARRITOBLUEPILL\TXRF\Debug\TXRF.hex(1061): Expected device instantiation or directive here.
:1042300019D0174B01221A60FEF72EF8386108E0FA
^^^^^^^^^^^^^^^^^^^^^^^^^^^^^^^^^^^^^^^^^^^
Z:\home\kevin\STM32CubeIDE\CARRITOBLUEPILL\TXRF\Debug\TXRF.hex(1062): Expected device instantiation or directive here.
:10424000FEF72AF802463B69D31A022B01D9032351
^^^^^^^^^^^^^^^^^^^^^^^^^^^^^^^^^^^^^^^^^^^
Z:\home\kevin\STM32CubeIDE\CARRITOBLUEPILL\TXRF\Debug\TXRF.hex(1063): Expected device instantiation or directive here.
:1042500060E10D4B5B6A03F00203002BF0D00120FC
^^^^^^^^^^^^^^^^^^^^^^^^^^^^^^^^^^^^^^^^^^^
Z:\home\kevin\STM32CubeIDE\CARRITOBLUEPILL\TXRF\Debug\TXRF.hex(1064): Expected device instantiation or directive here.
:1042600000F0CEFA1CE00A4B00221A60FEF714F8A8
^^^^^^^^^^^^^^^^^^^^^^^^^^^^^^^^^^^^^^^^^^^
Z:\home\kevin\STM32CubeIDE\CARRITOBLUEPILL\TXRF\Debug\TXRF.hex(1065): Expected device instantiation or directive here.
:1042700038610FE0FEF710F802463B69D31A022BB3
^^^^^^^^^^^^^^^^^^^^^^^^^^^^^^^^^^^^^^^^^^^
Z:\home\kevin\STM32CubeIDE\CARRITOBLUEPILL\TXRF\Debug\TXRF.hex(1066): Expected device instantiation or directive here.
:1042800008D9032346E100BF00100240000042426B
^^^^^^^^^^^^^^^^^^^^^^^^^^^^^^^^^^^^^^^^^^^
Z:\home\kevin\STM32CubeIDE\CARRITOBLUEPILL\TXRF\Debug\TXRF.hex(1067): Expected device instantiation or directive here.
:1042900080044242924B5B6A03F00203002BE9D197
^^^^^^^^^^^^^^^^^^^^^^^^^^^^^^^^^^^^^^^^^^^
Z:\home\kevin\STM32CubeIDE\CARRITOBLUEPILL\TXRF\Debug\TXRF.hex(1068): Expected device instantiation or directive here.
:1042A0007B681B6803F00403002B00F0A68000234A
^^^^^^^^^^^^^^^^^^^^^^^^^^^^^^^^^^^^^^^^^^^
Z:\home\kevin\STM32CubeIDE\CARRITOBLUEPILL\TXRF\Debug\TXRF.hex(1069): Expected device instantiation or directive here.
:1042B000FB758B4BDB6903F08053002B0DD1884BD2
^^^^^^^^^^^^^^^^^^^^^^^^^^^^^^^^^^^^^^^^^^^
Z:\home\kevin\STM32CubeIDE\CARRITOBLUEPILL\TXRF\Debug\TXRF.hex(1070): Expected device instantiation or directive here.
:1042C000DB69874A43F08053D361854BDB6903F098
^^^^^^^^^^^^^^^^^^^^^^^^^^^^^^^^^^^^^^^^^^^
Z:\home\kevin\STM32CubeIDE\CARRITOBLUEPILL\TXRF\Debug\TXRF.hex(1071): Expected device instantiation or directive here.
:1042D0008053BB60BB680123FB75824B1B6803F4F2
^^^^^^^^^^^^^^^^^^^^^^^^^^^^^^^^^^^^^^^^^^^
Z:\home\kevin\STM32CubeIDE\CARRITOBLUEPILL\TXRF\Debug\TXRF.hex(1072): Expected device instantiation or directive here.
:1042E0008073002B18D17F4B1B687E4A43F4807388
^^^^^^^^^^^^^^^^^^^^^^^^^^^^^^^^^^^^^^^^^^^
Z:\home\kevin\STM32CubeIDE\CARRITOBLUEPILL\TXRF\Debug\TXRF.hex(1073): Expected device instantiation or directive here.
:1042F0001360FDF7D1FF386108E0FDF7CDFF0246FE
^^^^^^^^^^^^^^^^^^^^^^^^^^^^^^^^^^^^^^^^^^^
Z:\home\kevin\STM32CubeIDE\CARRITOBLUEPILL\TXRF\Debug\TXRF.hex(1074): Expected device instantiation or directive here.
:104300003B69D31A642B01D9032303E1754B1B6866
^^^^^^^^^^^^^^^^^^^^^^^^^^^^^^^^^^^^^^^^^^^
Z:\home\kevin\STM32CubeIDE\CARRITOBLUEPILL\TXRF\Debug\TXRF.hex(1075): Expected device instantiation or directive here.
:1043100003F48073002BF0D07B68DB68012B06D19F
^^^^^^^^^^^^^^^^^^^^^^^^^^^^^^^^^^^^^^^^^^^
Z:\home\kevin\STM32CubeIDE\CARRITOBLUEPILL\TXRF\Debug\TXRF.hex(1076): Expected device instantiation or directive here.
:104320006F4B1B6A6E4A43F0010313622DE07B68FA
^^^^^^^^^^^^^^^^^^^^^^^^^^^^^^^^^^^^^^^^^^^
Z:\home\kevin\STM32CubeIDE\CARRITOBLUEPILL\TXRF\Debug\TXRF.hex(1077): Expected device instantiation or directive here.
:10433000DB68002B0CD16A4B1B6A694A23F001032E
^^^^^^^^^^^^^^^^^^^^^^^^^^^^^^^^^^^^^^^^^^^
Z:\home\kevin\STM32CubeIDE\CARRITOBLUEPILL\TXRF\Debug\TXRF.hex(1078): Expected device instantiation or directive here.
:104340001362674B1B6A664A23F0040313621CE086
^^^^^^^^^^^^^^^^^^^^^^^^^^^^^^^^^^^^^^^^^^^
Z:\home\kevin\STM32CubeIDE\CARRITOBLUEPILL\TXRF\Debug\TXRF.hex(1079): Expected device instantiation or directive here.
:104350007B68DB68052B0CD1614B1B6A604A43F01C
^^^^^^^^^^^^^^^^^^^^^^^^^^^^^^^^^^^^^^^^^^^
Z:\home\kevin\STM32CubeIDE\CARRITOBLUEPILL\TXRF\Debug\TXRF.hex(1080): Expected device instantiation or directive here.
:10436000040313625E4B1B6A5D4A43F00103136250
^^^^^^^^^^^^^^^^^^^^^^^^^^^^^^^^^^^^^^^^^^^
Z:\home\kevin\STM32CubeIDE\CARRITOBLUEPILL\TXRF\Debug\TXRF.hex(1081): Expected device instantiation or directive here.
:104370000BE05B4B1B6A5A4A23F001031362584B54
^^^^^^^^^^^^^^^^^^^^^^^^^^^^^^^^^^^^^^^^^^^
Z:\home\kevin\STM32CubeIDE\CARRITOBLUEPILL\TXRF\Debug\TXRF.hex(1082): Expected device instantiation or directive here.
:104380001B6A574A23F0040313627B68DB68002B27
^^^^^^^^^^^^^^^^^^^^^^^^^^^^^^^^^^^^^^^^^^^
Z:\home\kevin\STM32CubeIDE\CARRITOBLUEPILL\TXRF\Debug\TXRF.hex(1083): Expected device instantiation or directive here.
:1043900015D0FDF781FF38610AE0FDF77DFF024689
^^^^^^^^^^^^^^^^^^^^^^^^^^^^^^^^^^^^^^^^^^^
Z:\home\kevin\STM32CubeIDE\CARRITOBLUEPILL\TXRF\Debug\TXRF.hex(1084): Expected device instantiation or directive here.
:1043A0003B69D31A41F28832934201D90323B1E029
^^^^^^^^^^^^^^^^^^^^^^^^^^^^^^^^^^^^^^^^^^^
Z:\home\kevin\STM32CubeIDE\CARRITOBLUEPILL\TXRF\Debug\TXRF.hex(1085): Expected device instantiation or directive here.
:1043B0004B4B1B6A03F00203002BEED014E0FDF719
^^^^^^^^^^^^^^^^^^^^^^^^^^^^^^^^^^^^^^^^^^^
Z:\home\kevin\STM32CubeIDE\CARRITOBLUEPILL\TXRF\Debug\TXRF.hex(1086): Expected device instantiation or directive here.
:1043C0006BFF38610AE0FDF767FF02463B69D31ACD
^^^^^^^^^^^^^^^^^^^^^^^^^^^^^^^^^^^^^^^^^^^
Z:\home\kevin\STM32CubeIDE\CARRITOBLUEPILL\TXRF\Debug\TXRF.hex(1087): Expected device instantiation or directive here.
:1043D00041F28832934201D903239BE0404B1B6A90
^^^^^^^^^^^^^^^^^^^^^^^^^^^^^^^^^^^^^^^^^^^
Z:\home\kevin\STM32CubeIDE\CARRITOBLUEPILL\TXRF\Debug\TXRF.hex(1088): Expected device instantiation or directive here.
:1043E00003F00203002BEED1FB7D012B05D13C4BEA
^^^^^^^^^^^^^^^^^^^^^^^^^^^^^^^^^^^^^^^^^^^
Z:\home\kevin\STM32CubeIDE\CARRITOBLUEPILL\TXRF\Debug\TXRF.hex(1089): Expected device instantiation or directive here.
:1043F000DB693B4A23F08053D3617B68DB69002B88
^^^^^^^^^^^^^^^^^^^^^^^^^^^^^^^^^^^^^^^^^^^
Z:\home\kevin\STM32CubeIDE\CARRITOBLUEPILL\TXRF\Debug\TXRF.hex(1090): Expected device instantiation or directive here.
:1044000000F08780364B5B6803F00C03082B61D00B
^^^^^^^^^^^^^^^^^^^^^^^^^^^^^^^^^^^^^^^^^^^
Z:\home\kevin\STM32CubeIDE\CARRITOBLUEPILL\TXRF\Debug\TXRF.hex(1091): Expected device instantiation or directive here.
:104410007B68DB69022B46D1334B00221A60FDF723
^^^^^^^^^^^^^^^^^^^^^^^^^^^^^^^^^^^^^^^^^^^
Z:\home\kevin\STM32CubeIDE\CARRITOBLUEPILL\TXRF\Debug\TXRF.hex(1092): Expected device instantiation or directive here.
:104420003BFF386108E0FDF737FF02463B69D31ACE
^^^^^^^^^^^^^^^^^^^^^^^^^^^^^^^^^^^^^^^^^^^
Z:\home\kevin\STM32CubeIDE\CARRITOBLUEPILL\TXRF\Debug\TXRF.hex(1093): Expected device instantiation or directive here.
:10443000022B01D903236DE0294B1B6803F00073A5
^^^^^^^^^^^^^^^^^^^^^^^^^^^^^^^^^^^^^^^^^^^
Z:\home\kevin\STM32CubeIDE\CARRITOBLUEPILL\TXRF\Debug\TXRF.hex(1094): Expected device instantiation or directive here.
:10444000002BF0D17B681B6AB3F5803F08D1244B69
^^^^^^^^^^^^^^^^^^^^^^^^^^^^^^^^^^^^^^^^^^^
Z:\home\kevin\STM32CubeIDE\CARRITOBLUEPILL\TXRF\Debug\TXRF.hex(1095): Expected device instantiation or directive here.
:104450005B6823F400327B689B68214913434B60FF
^^^^^^^^^^^^^^^^^^^^^^^^^^^^^^^^^^^^^^^^^^^
Z:\home\kevin\STM32CubeIDE\CARRITOBLUEPILL\TXRF\Debug\TXRF.hex(1096): Expected device instantiation or directive here.
:104460001F4B5B6823F474127B68196A7B685B6A74
^^^^^^^^^^^^^^^^^^^^^^^^^^^^^^^^^^^^^^^^^^^
Z:\home\kevin\STM32CubeIDE\CARRITOBLUEPILL\TXRF\Debug\TXRF.hex(1097): Expected device instantiation or directive here.
:104470000B431B4913434B601B4B01221A60FDF792
^^^^^^^^^^^^^^^^^^^^^^^^^^^^^^^^^^^^^^^^^^^
Z:\home\kevin\STM32CubeIDE\CARRITOBLUEPILL\TXRF\Debug\TXRF.hex(1098): Expected device instantiation or directive here.
:104480000BFF386108E0FDF707FF02463B69D31ACE
^^^^^^^^^^^^^^^^^^^^^^^^^^^^^^^^^^^^^^^^^^^
Z:\home\kevin\STM32CubeIDE\CARRITOBLUEPILL\TXRF\Debug\TXRF.hex(1099): Expected device instantiation or directive here.
:10449000022B01D903233DE0114B1B6803F000738D
^^^^^^^^^^^^^^^^^^^^^^^^^^^^^^^^^^^^^^^^^^^
Z:\home\kevin\STM32CubeIDE\CARRITOBLUEPILL\TXRF\Debug\TXRF.hex(1100): Expected device instantiation or directive here.
:1044A000002BF0D035E0104B00221A60FDF7F4FE2F
^^^^^^^^^^^^^^^^^^^^^^^^^^^^^^^^^^^^^^^^^^^
Z:\home\kevin\STM32CubeIDE\CARRITOBLUEPILL\TXRF\Debug\TXRF.hex(1101): Expected device instantiation or directive here.
:1044B000386108E0FDF7F0FE02463B69D31A022B93
^^^^^^^^^^^^^^^^^^^^^^^^^^^^^^^^^^^^^^^^^^^
Z:\home\kevin\STM32CubeIDE\CARRITOBLUEPILL\TXRF\Debug\TXRF.hex(1102): Expected device instantiation or directive here.
:1044C00001D9032326E0064B1B6803F00073002B81
^^^^^^^^^^^^^^^^^^^^^^^^^^^^^^^^^^^^^^^^^^^
Z:\home\kevin\STM32CubeIDE\CARRITOBLUEPILL\TXRF\Debug\TXRF.hex(1103): Expected device instantiation or directive here.
:1044D000F0D11EE07B68DB69012B07D1012319E0D5
^^^^^^^^^^^^^^^^^^^^^^^^^^^^^^^^^^^^^^^^^^^
Z:\home\kevin\STM32CubeIDE\CARRITOBLUEPILL\TXRF\Debug\TXRF.hex(1104): Expected device instantiation or directive here.
:1044E0000010024000700040600042420B4B5B68CD
^^^^^^^^^^^^^^^^^^^^^^^^^^^^^^^^^^^^^^^^^^^
Z:\home\kevin\STM32CubeIDE\CARRITOBLUEPILL\TXRF\Debug\TXRF.hex(1105): Expected device instantiation or directive here.
:1044F000FB60FB6803F480327B681B6A9A4206D13A
^^^^^^^^^^^^^^^^^^^^^^^^^^^^^^^^^^^^^^^^^^^
Z:\home\kevin\STM32CubeIDE\CARRITOBLUEPILL\TXRF\Debug\TXRF.hex(1106): Expected device instantiation or directive here.
:10450000FB6803F470127B685B6A9A4201D0012356
^^^^^^^^^^^^^^^^^^^^^^^^^^^^^^^^^^^^^^^^^^^
Z:\home\kevin\STM32CubeIDE\CARRITOBLUEPILL\TXRF\Debug\TXRF.hex(1107): Expected device instantiation or directive here.
:1045100000E0002318461837BD4680BD0010024059
^^^^^^^^^^^^^^^^^^^^^^^^^^^^^^^^^^^^^^^^^^^
Z:\home\kevin\STM32CubeIDE\CARRITOBLUEPILL\TXRF\Debug\TXRF.hex(1108): Expected device instantiation or directive here.
:1045200080B584B000AF786039607B68002B01D122
^^^^^^^^^^^^^^^^^^^^^^^^^^^^^^^^^^^^^^^^^^^
Z:\home\kevin\STM32CubeIDE\CARRITOBLUEPILL\TXRF\Debug\TXRF.hex(1109): Expected device instantiation or directive here.
:104530000123D0E06A4B1B6803F007033A689A42F4
^^^^^^^^^^^^^^^^^^^^^^^^^^^^^^^^^^^^^^^^^^^
Z:\home\kevin\STM32CubeIDE\CARRITOBLUEPILL\TXRF\Debug\TXRF.hex(1110): Expected device instantiation or directive here.
:1045400010D9674B1B6823F0070265493B6813438A
^^^^^^^^^^^^^^^^^^^^^^^^^^^^^^^^^^^^^^^^^^^
Z:\home\kevin\STM32CubeIDE\CARRITOBLUEPILL\TXRF\Debug\TXRF.hex(1111): Expected device instantiation or directive here.
:104550000B60634B1B6803F007033A689A4201D073
^^^^^^^^^^^^^^^^^^^^^^^^^^^^^^^^^^^^^^^^^^^
Z:\home\kevin\STM32CubeIDE\CARRITOBLUEPILL\TXRF\Debug\TXRF.hex(1112): Expected device instantiation or directive here.
:104560000123B8E07B681B6803F00203002B20D016
^^^^^^^^^^^^^^^^^^^^^^^^^^^^^^^^^^^^^^^^^^^
Z:\home\kevin\STM32CubeIDE\CARRITOBLUEPILL\TXRF\Debug\TXRF.hex(1113): Expected device instantiation or directive here.
:104570007B681B6803F00403002B05D0594B5B6874
^^^^^^^^^^^^^^^^^^^^^^^^^^^^^^^^^^^^^^^^^^^
Z:\home\kevin\STM32CubeIDE\CARRITOBLUEPILL\TXRF\Debug\TXRF.hex(1114): Expected device instantiation or directive here.
:10458000584A43F4E06353607B681B6803F00803F8
^^^^^^^^^^^^^^^^^^^^^^^^^^^^^^^^^^^^^^^^^^^
Z:\home\kevin\STM32CubeIDE\CARRITOBLUEPILL\TXRF\Debug\TXRF.hex(1115): Expected device instantiation or directive here.
:10459000002B05D0534B5B68524A43F46053536081
^^^^^^^^^^^^^^^^^^^^^^^^^^^^^^^^^^^^^^^^^^^
Z:\home\kevin\STM32CubeIDE\CARRITOBLUEPILL\TXRF\Debug\TXRF.hex(1116): Expected device instantiation or directive here.
:1045A000504B5B6823F0F0027B689B684D491343D6
^^^^^^^^^^^^^^^^^^^^^^^^^^^^^^^^^^^^^^^^^^^
Z:\home\kevin\STM32CubeIDE\CARRITOBLUEPILL\TXRF\Debug\TXRF.hex(1117): Expected device instantiation or directive here.
:1045B0004B607B681B6803F00103002B40D07B68D5
^^^^^^^^^^^^^^^^^^^^^^^^^^^^^^^^^^^^^^^^^^^
Z:\home\kevin\STM32CubeIDE\CARRITOBLUEPILL\TXRF\Debug\TXRF.hex(1118): Expected device instantiation or directive here.
:1045C0005B68012B07D1474B1B6803F40033002BBA
^^^^^^^^^^^^^^^^^^^^^^^^^^^^^^^^^^^^^^^^^^^
Z:\home\kevin\STM32CubeIDE\CARRITOBLUEPILL\TXRF\Debug\TXRF.hex(1119): Expected device instantiation or directive here.
:1045D00015D101237FE07B685B68022B07D1414B3B
^^^^^^^^^^^^^^^^^^^^^^^^^^^^^^^^^^^^^^^^^^^
Z:\home\kevin\STM32CubeIDE\CARRITOBLUEPILL\TXRF\Debug\TXRF.hex(1120): Expected device instantiation or directive here.
:1045E0001B6803F00073002B09D1012373E03D4BDE
^^^^^^^^^^^^^^^^^^^^^^^^^^^^^^^^^^^^^^^^^^^
Z:\home\kevin\STM32CubeIDE\CARRITOBLUEPILL\TXRF\Debug\TXRF.hex(1121): Expected device instantiation or directive here.
:1045F0001B6803F00203002B01D101236BE0394B50
^^^^^^^^^^^^^^^^^^^^^^^^^^^^^^^^^^^^^^^^^^^
Z:\home\kevin\STM32CubeIDE\CARRITOBLUEPILL\TXRF\Debug\TXRF.hex(1122): Expected device instantiation or directive here.
:104600005B6823F003027B685B68364913434B60A9
^^^^^^^^^^^^^^^^^^^^^^^^^^^^^^^^^^^^^^^^^^^
Z:\home\kevin\STM32CubeIDE\CARRITOBLUEPILL\TXRF\Debug\TXRF.hex(1123): Expected device instantiation or directive here.
:10461000FDF742FEF8600AE0FDF73EFE0246FB6849
^^^^^^^^^^^^^^^^^^^^^^^^^^^^^^^^^^^^^^^^^^^
Z:\home\kevin\STM32CubeIDE\CARRITOBLUEPILL\TXRF\Debug\TXRF.hex(1124): Expected device instantiation or directive here.
:10462000D31A41F28832934201D9032353E02D4B30
^^^^^^^^^^^^^^^^^^^^^^^^^^^^^^^^^^^^^^^^^^^
Z:\home\kevin\STM32CubeIDE\CARRITOBLUEPILL\TXRF\Debug\TXRF.hex(1125): Expected device instantiation or directive here.
:104630005B6803F00C027B685B689B009A42EBD1DD
^^^^^^^^^^^^^^^^^^^^^^^^^^^^^^^^^^^^^^^^^^^
Z:\home\kevin\STM32CubeIDE\CARRITOBLUEPILL\TXRF\Debug\TXRF.hex(1126): Expected device instantiation or directive here.
:10464000274B1B6803F007033A689A4210D2244BA9
^^^^^^^^^^^^^^^^^^^^^^^^^^^^^^^^^^^^^^^^^^^
Z:\home\kevin\STM32CubeIDE\CARRITOBLUEPILL\TXRF\Debug\TXRF.hex(1127): Expected device instantiation or directive here.
:104650001B6823F0070222493B6813430B60204B81
^^^^^^^^^^^^^^^^^^^^^^^^^^^^^^^^^^^^^^^^^^^
Z:\home\kevin\STM32CubeIDE\CARRITOBLUEPILL\TXRF\Debug\TXRF.hex(1128): Expected device instantiation or directive here.
:104660001B6803F007033A689A4201D0012332E045
^^^^^^^^^^^^^^^^^^^^^^^^^^^^^^^^^^^^^^^^^^^
Z:\home\kevin\STM32CubeIDE\CARRITOBLUEPILL\TXRF\Debug\TXRF.hex(1129): Expected device instantiation or directive here.
:104670007B681B6803F00403002B08D0194B5B68B0
^^^^^^^^^^^^^^^^^^^^^^^^^^^^^^^^^^^^^^^^^^^
Z:\home\kevin\STM32CubeIDE\CARRITOBLUEPILL\TXRF\Debug\TXRF.hex(1130): Expected device instantiation or directive here.
:1046800023F4E0627B68DB68164913434B607B6868
^^^^^^^^^^^^^^^^^^^^^^^^^^^^^^^^^^^^^^^^^^^
Z:\home\kevin\STM32CubeIDE\CARRITOBLUEPILL\TXRF\Debug\TXRF.hex(1131): Expected device instantiation or directive here.
:104690001B6803F00803002B09D0124B5B6823F45E
^^^^^^^^^^^^^^^^^^^^^^^^^^^^^^^^^^^^^^^^^^^
Z:\home\kevin\STM32CubeIDE\CARRITOBLUEPILL\TXRF\Debug\TXRF.hex(1132): Expected device instantiation or directive here.
:1046A00060527B681B69DB000E4913434B6000F0CE
^^^^^^^^^^^^^^^^^^^^^^^^^^^^^^^^^^^^^^^^^^^
Z:\home\kevin\STM32CubeIDE\CARRITOBLUEPILL\TXRF\Debug\TXRF.hex(1133): Expected device instantiation or directive here.
:1046B00021F802460B4B5B681B0903F00F030A4904
^^^^^^^^^^^^^^^^^^^^^^^^^^^^^^^^^^^^^^^^^^^
Z:\home\kevin\STM32CubeIDE\CARRITOBLUEPILL\TXRF\Debug\TXRF.hex(1134): Expected device instantiation or directive here.
:1046C000CB5C22FA03F3094A1360094B1B681846B6
^^^^^^^^^^^^^^^^^^^^^^^^^^^^^^^^^^^^^^^^^^^
Z:\home\kevin\STM32CubeIDE\CARRITOBLUEPILL\TXRF\Debug\TXRF.hex(1135): Expected device instantiation or directive here.
:1046D000FDF7A0FD002318461037BD4680BD00BF82
^^^^^^^^^^^^^^^^^^^^^^^^^^^^^^^^^^^^^^^^^^^
Z:\home\kevin\STM32CubeIDE\CARRITOBLUEPILL\TXRF\Debug\TXRF.hex(1136): Expected device instantiation or directive here.
:1046E00000200240001002403C8800080800002022
^^^^^^^^^^^^^^^^^^^^^^^^^^^^^^^^^^^^^^^^^^^
Z:\home\kevin\STM32CubeIDE\CARRITOBLUEPILL\TXRF\Debug\TXRF.hex(1137): Expected device instantiation or directive here.
:1046F0000C00002080B487B000AF0023FB600023D3
^^^^^^^^^^^^^^^^^^^^^^^^^^^^^^^^^^^^^^^^^^^
Z:\home\kevin\STM32CubeIDE\CARRITOBLUEPILL\TXRF\Debug\TXRF.hex(1138): Expected device instantiation or directive here.
:10470000BB6000237B6100237B6000233B611E4B69
^^^^^^^^^^^^^^^^^^^^^^^^^^^^^^^^^^^^^^^^^^^
Z:\home\kevin\STM32CubeIDE\CARRITOBLUEPILL\TXRF\Debug\TXRF.hex(1139): Expected device instantiation or directive here.
:104710005B68FB60FB6803F00C03042B02D0082BE2
^^^^^^^^^^^^^^^^^^^^^^^^^^^^^^^^^^^^^^^^^^^
Z:\home\kevin\STM32CubeIDE\CARRITOBLUEPILL\TXRF\Debug\TXRF.hex(1140): Expected device instantiation or directive here.
:1047200003D027E0194B3B6127E0FB689B0C03F0AB
^^^^^^^^^^^^^^^^^^^^^^^^^^^^^^^^^^^^^^^^^^^
Z:\home\kevin\STM32CubeIDE\CARRITOBLUEPILL\TXRF\Debug\TXRF.hex(1141): Expected device instantiation or directive here.
:104730000F03174AD35C7B60FB6803F48033002BC4
^^^^^^^^^^^^^^^^^^^^^^^^^^^^^^^^^^^^^^^^^^^
Z:\home\kevin\STM32CubeIDE\CARRITOBLUEPILL\TXRF\Debug\TXRF.hex(1142): Expected device instantiation or directive here.
:1047400010D0114B5B685B0C03F00103114AD35C82
^^^^^^^^^^^^^^^^^^^^^^^^^^^^^^^^^^^^^^^^^^^
Z:\home\kevin\STM32CubeIDE\CARRITOBLUEPILL\TXRF\Debug\TXRF.hex(1143): Expected device instantiation or directive here.
:10475000BB607B680D4A03FB02F2BB68B2FBF3F35C
^^^^^^^^^^^^^^^^^^^^^^^^^^^^^^^^^^^^^^^^^^^
Z:\home\kevin\STM32CubeIDE\CARRITOBLUEPILL\TXRF\Debug\TXRF.hex(1144): Expected device instantiation or directive here.
:104760007B6104E07B680C4A02FB03F37B617B699D
^^^^^^^^^^^^^^^^^^^^^^^^^^^^^^^^^^^^^^^^^^^
Z:\home\kevin\STM32CubeIDE\CARRITOBLUEPILL\TXRF\Debug\TXRF.hex(1145): Expected device instantiation or directive here.
:104770003B6102E0054B3B6100BF3B6918461C37BB
^^^^^^^^^^^^^^^^^^^^^^^^^^^^^^^^^^^^^^^^^^^
Z:\home\kevin\STM32CubeIDE\CARRITOBLUEPILL\TXRF\Debug\TXRF.hex(1146): Expected device instantiation or directive here.
:10478000BD4680BC704700BF0010024000127A0096
^^^^^^^^^^^^^^^^^^^^^^^^^^^^^^^^^^^^^^^^^^^
Z:\home\kevin\STM32CubeIDE\CARRITOBLUEPILL\TXRF\Debug\TXRF.hex(1147): Expected device instantiation or directive here.
:10479000548800086488000800093D0080B400AF18
^^^^^^^^^^^^^^^^^^^^^^^^^^^^^^^^^^^^^^^^^^^
Z:\home\kevin\STM32CubeIDE\CARRITOBLUEPILL\TXRF\Debug\TXRF.hex(1148): Expected device instantiation or directive here.
:1047A000024B1B681846BD4680BC704708000020BD
^^^^^^^^^^^^^^^^^^^^^^^^^^^^^^^^^^^^^^^^^^^
Z:\home\kevin\STM32CubeIDE\CARRITOBLUEPILL\TXRF\Debug\TXRF.hex(1149): Expected device instantiation or directive here.
:1047B00080B500AFFFF7F2FF0246054B5B681B0AAE
^^^^^^^^^^^^^^^^^^^^^^^^^^^^^^^^^^^^^^^^^^^
Z:\home\kevin\STM32CubeIDE\CARRITOBLUEPILL\TXRF\Debug\TXRF.hex(1150): Expected device instantiation or directive here.
:1047C00003F007030349CB5C22FA03F3184680BDCC
^^^^^^^^^^^^^^^^^^^^^^^^^^^^^^^^^^^^^^^^^^^
Z:\home\kevin\STM32CubeIDE\CARRITOBLUEPILL\TXRF\Debug\TXRF.hex(1151): Expected device instantiation or directive here.
:1047D000001002404C88000880B500AFFFF7DEFFF4
^^^^^^^^^^^^^^^^^^^^^^^^^^^^^^^^^^^^^^^^^^^
Z:\home\kevin\STM32CubeIDE\CARRITOBLUEPILL\TXRF\Debug\TXRF.hex(1152): Expected device instantiation or directive here.
:1047E0000246054B5B68DB0A03F007030349CB5C19
^^^^^^^^^^^^^^^^^^^^^^^^^^^^^^^^^^^^^^^^^^^
Z:\home\kevin\STM32CubeIDE\CARRITOBLUEPILL\TXRF\Debug\TXRF.hex(1153): Expected device instantiation or directive here.
:1047F00022FA03F3184680BD001002404C880008DE
^^^^^^^^^^^^^^^^^^^^^^^^^^^^^^^^^^^^^^^^^^^
Z:\home\kevin\STM32CubeIDE\CARRITOBLUEPILL\TXRF\Debug\TXRF.hex(1154): Expected device instantiation or directive here.
:1048000080B485B000AF78600A4B1B680A4AA2FBEF
^^^^^^^^^^^^^^^^^^^^^^^^^^^^^^^^^^^^^^^^^^^
Z:\home\kevin\STM32CubeIDE\CARRITOBLUEPILL\TXRF\Debug\TXRF.hex(1155): Expected device instantiation or directive here.
:1048100003235B0A7A6802FB03F3FB6000BFFB68BB
^^^^^^^^^^^^^^^^^^^^^^^^^^^^^^^^^^^^^^^^^^^
Z:\home\kevin\STM32CubeIDE\CARRITOBLUEPILL\TXRF\Debug\TXRF.hex(1156): Expected device instantiation or directive here.
:104820005A1EFA60002BF9D100BF00BF1437BD46F5
^^^^^^^^^^^^^^^^^^^^^^^^^^^^^^^^^^^^^^^^^^^
Z:\home\kevin\STM32CubeIDE\CARRITOBLUEPILL\TXRF\Debug\TXRF.hex(1157): Expected device instantiation or directive here.
:1048300080BC704708000020D34D621080B586B060
^^^^^^^^^^^^^^^^^^^^^^^^^^^^^^^^^^^^^^^^^^^
Z:\home\kevin\STM32CubeIDE\CARRITOBLUEPILL\TXRF\Debug\TXRF.hex(1158): Expected device instantiation or directive here.
:1048400000AF786000233B610023FB607B681B683E
^^^^^^^^^^^^^^^^^^^^^^^^^^^^^^^^^^^^^^^^^^^
Z:\home\kevin\STM32CubeIDE\CARRITOBLUEPILL\TXRF\Debug\TXRF.hex(1159): Expected device instantiation or directive here.
:1048500003F00103002B7DD00023FB754F4BDB6978
^^^^^^^^^^^^^^^^^^^^^^^^^^^^^^^^^^^^^^^^^^^
Z:\home\kevin\STM32CubeIDE\CARRITOBLUEPILL\TXRF\Debug\TXRF.hex(1160): Expected device instantiation or directive here.
:1048600003F08053002B0DD14C4BDB694B4A43F0D6
^^^^^^^^^^^^^^^^^^^^^^^^^^^^^^^^^^^^^^^^^^^
Z:\home\kevin\STM32CubeIDE\CARRITOBLUEPILL\TXRF\Debug\TXRF.hex(1161): Expected device instantiation or directive here.
:104870008053D361494BDB6903F08053BB60BB6855
^^^^^^^^^^^^^^^^^^^^^^^^^^^^^^^^^^^^^^^^^^^
Z:\home\kevin\STM32CubeIDE\CARRITOBLUEPILL\TXRF\Debug\TXRF.hex(1162): Expected device instantiation or directive here.
:104880000123FB75464B1B6803F48073002B18D182
^^^^^^^^^^^^^^^^^^^^^^^^^^^^^^^^^^^^^^^^^^^
Z:\home\kevin\STM32CubeIDE\CARRITOBLUEPILL\TXRF\Debug\TXRF.hex(1163): Expected device instantiation or directive here.
:10489000434B1B68424A43F480731360FDF7FCFCF2
^^^^^^^^^^^^^^^^^^^^^^^^^^^^^^^^^^^^^^^^^^^
Z:\home\kevin\STM32CubeIDE\CARRITOBLUEPILL\TXRF\Debug\TXRF.hex(1164): Expected device instantiation or directive here.
:1048A000386108E0FDF7F8FC02463B69D31A642B37
^^^^^^^^^^^^^^^^^^^^^^^^^^^^^^^^^^^^^^^^^^^
Z:\home\kevin\STM32CubeIDE\CARRITOBLUEPILL\TXRF\Debug\TXRF.hex(1165): Expected device instantiation or directive here.
:1048B00001D903236DE03A4B1B6803F48073002B8E
^^^^^^^^^^^^^^^^^^^^^^^^^^^^^^^^^^^^^^^^^^^
Z:\home\kevin\STM32CubeIDE\CARRITOBLUEPILL\TXRF\Debug\TXRF.hex(1166): Expected device instantiation or directive here.
:1048C000F0D0364B1B6A03F44073FB60FB68002B8F
^^^^^^^^^^^^^^^^^^^^^^^^^^^^^^^^^^^^^^^^^^^
Z:\home\kevin\STM32CubeIDE\CARRITOBLUEPILL\TXRF\Debug\TXRF.hex(1167): Expected device instantiation or directive here.
:1048D0002ED07B685B6803F44073FA689A4227D055
^^^^^^^^^^^^^^^^^^^^^^^^^^^^^^^^^^^^^^^^^^^
Z:\home\kevin\STM32CubeIDE\CARRITOBLUEPILL\TXRF\Debug\TXRF.hex(1168): Expected device instantiation or directive here.
:1048E0002E4B1B6A23F44073FB602E4B01221A608F
^^^^^^^^^^^^^^^^^^^^^^^^^^^^^^^^^^^^^^^^^^^
Z:\home\kevin\STM32CubeIDE\CARRITOBLUEPILL\TXRF\Debug\TXRF.hex(1169): Expected device instantiation or directive here.
:1048F0002C4B00221A60294AFB681362FB6803F004
^^^^^^^^^^^^^^^^^^^^^^^^^^^^^^^^^^^^^^^^^^^
Z:\home\kevin\STM32CubeIDE\CARRITOBLUEPILL\TXRF\Debug\TXRF.hex(1170): Expected device instantiation or directive here.
:104900000103002B14D0FDF7C7FC38610AE0FDF766
^^^^^^^^^^^^^^^^^^^^^^^^^^^^^^^^^^^^^^^^^^^
Z:\home\kevin\STM32CubeIDE\CARRITOBLUEPILL\TXRF\Debug\TXRF.hex(1171): Expected device instantiation or directive here.
:10491000C3FC02463B69D31A41F28832934201D963
^^^^^^^^^^^^^^^^^^^^^^^^^^^^^^^^^^^^^^^^^^^
Z:\home\kevin\STM32CubeIDE\CARRITOBLUEPILL\TXRF\Debug\TXRF.hex(1172): Expected device instantiation or directive here.
:10492000032336E01D4B1B6A03F00203002BEED07D
^^^^^^^^^^^^^^^^^^^^^^^^^^^^^^^^^^^^^^^^^^^
Z:\home\kevin\STM32CubeIDE\CARRITOBLUEPILL\TXRF\Debug\TXRF.hex(1173): Expected device instantiation or directive here.
:104930001A4B1B6A23F440727B685B681749134368
^^^^^^^^^^^^^^^^^^^^^^^^^^^^^^^^^^^^^^^^^^^
Z:\home\kevin\STM32CubeIDE\CARRITOBLUEPILL\TXRF\Debug\TXRF.hex(1174): Expected device instantiation or directive here.
:104940000B62FB7D012B05D1144BDB69134A23F06D
^^^^^^^^^^^^^^^^^^^^^^^^^^^^^^^^^^^^^^^^^^^
Z:\home\kevin\STM32CubeIDE\CARRITOBLUEPILL\TXRF\Debug\TXRF.hex(1175): Expected device instantiation or directive here.
:104950008053D3617B681B6803F00203002B08D0EF
^^^^^^^^^^^^^^^^^^^^^^^^^^^^^^^^^^^^^^^^^^^
Z:\home\kevin\STM32CubeIDE\CARRITOBLUEPILL\TXRF\Debug\TXRF.hex(1176): Expected device instantiation or directive here.
:104960000E4B5B6823F440427B689B680B49134302
^^^^^^^^^^^^^^^^^^^^^^^^^^^^^^^^^^^^^^^^^^^
Z:\home\kevin\STM32CubeIDE\CARRITOBLUEPILL\TXRF\Debug\TXRF.hex(1177): Expected device instantiation or directive here.
:104970004B607B681B6803F01003002B08D0074BCB
^^^^^^^^^^^^^^^^^^^^^^^^^^^^^^^^^^^^^^^^^^^
Z:\home\kevin\STM32CubeIDE\CARRITOBLUEPILL\TXRF\Debug\TXRF.hex(1178): Expected device instantiation or directive here.
:104980005B6823F480027B68DB68044913434B6057
^^^^^^^^^^^^^^^^^^^^^^^^^^^^^^^^^^^^^^^^^^^
Z:\home\kevin\STM32CubeIDE\CARRITOBLUEPILL\TXRF\Debug\TXRF.hex(1179): Expected device instantiation or directive here.
:10499000002318461837BD4680BD00BF00100240F6
^^^^^^^^^^^^^^^^^^^^^^^^^^^^^^^^^^^^^^^^^^^
Z:\home\kevin\STM32CubeIDE\CARRITOBLUEPILL\TXRF\Debug\TXRF.hex(1180): Expected device instantiation or directive here.
:1049A000007000404004424280B582B000AF7860A1
^^^^^^^^^^^^^^^^^^^^^^^^^^^^^^^^^^^^^^^^^^^
Z:\home\kevin\STM32CubeIDE\CARRITOBLUEPILL\TXRF\Debug\TXRF.hex(1181): Expected device instantiation or directive here.
:1049B0007B68002B01D1012376E07B685B6A002BCA
^^^^^^^^^^^^^^^^^^^^^^^^^^^^^^^^^^^^^^^^^^^
Z:\home\kevin\STM32CubeIDE\CARRITOBLUEPILL\TXRF\Debug\TXRF.hex(1182): Expected device instantiation or directive here.
:1049C00008D17B685B68B3F5827F09D07B680022E1
^^^^^^^^^^^^^^^^^^^^^^^^^^^^^^^^^^^^^^^^^^^
Z:\home\kevin\STM32CubeIDE\CARRITOBLUEPILL\TXRF\Debug\TXRF.hex(1183): Expected device instantiation or directive here.
:1049D000DA6105E07B6800221A617B6800225A6177
^^^^^^^^^^^^^^^^^^^^^^^^^^^^^^^^^^^^^^^^^^^
Z:\home\kevin\STM32CubeIDE\CARRITOBLUEPILL\TXRF\Debug\TXRF.hex(1184): Expected device instantiation or directive here.
:1049E0007B6800229A627B6893F85130DBB2002B1F
^^^^^^^^^^^^^^^^^^^^^^^^^^^^^^^^^^^^^^^^^^^
Z:\home\kevin\STM32CubeIDE\CARRITOBLUEPILL\TXRF\Debug\TXRF.hex(1185): Expected device instantiation or directive here.
:1049F00006D17B68002283F850207868FDF732FAF0
^^^^^^^^^^^^^^^^^^^^^^^^^^^^^^^^^^^^^^^^^^^
Z:\home\kevin\STM32CubeIDE\CARRITOBLUEPILL\TXRF\Debug\TXRF.hex(1186): Expected device instantiation or directive here.
:104A00007B68022283F851207B681B681A687B68E8
^^^^^^^^^^^^^^^^^^^^^^^^^^^^^^^^^^^^^^^^^^^
Z:\home\kevin\STM32CubeIDE\CARRITOBLUEPILL\TXRF\Debug\TXRF.hex(1187): Expected device instantiation or directive here.
:104A10001B6822F040021A607B685B6803F48272B4
^^^^^^^^^^^^^^^^^^^^^^^^^^^^^^^^^^^^^^^^^^^
Z:\home\kevin\STM32CubeIDE\CARRITOBLUEPILL\TXRF\Debug\TXRF.hex(1188): Expected device instantiation or directive here.
:104A20007B689B6803F404431A437B68DB6803F4E8
^^^^^^^^^^^^^^^^^^^^^^^^^^^^^^^^^^^^^^^^^^^
Z:\home\kevin\STM32CubeIDE\CARRITOBLUEPILL\TXRF\Debug\TXRF.hex(1189): Expected device instantiation or directive here.
:104A300000631A437B681B6903F002031A437B6817
^^^^^^^^^^^^^^^^^^^^^^^^^^^^^^^^^^^^^^^^^^^
Z:\home\kevin\STM32CubeIDE\CARRITOBLUEPILL\TXRF\Debug\TXRF.hex(1190): Expected device instantiation or directive here.
:104A40005B6903F001031A437B689B6903F40073FD
^^^^^^^^^^^^^^^^^^^^^^^^^^^^^^^^^^^^^^^^^^^
Z:\home\kevin\STM32CubeIDE\CARRITOBLUEPILL\TXRF\Debug\TXRF.hex(1191): Expected device instantiation or directive here.
:104A50001A437B68DB6903F038031A437B681B6ADF
^^^^^^^^^^^^^^^^^^^^^^^^^^^^^^^^^^^^^^^^^^^
Z:\home\kevin\STM32CubeIDE\CARRITOBLUEPILL\TXRF\Debug\TXRF.hex(1192): Expected device instantiation or directive here.
:104A600003F0800342EA03017B689B6A03F400526F
^^^^^^^^^^^^^^^^^^^^^^^^^^^^^^^^^^^^^^^^^^^
Z:\home\kevin\STM32CubeIDE\CARRITOBLUEPILL\TXRF\Debug\TXRF.hex(1193): Expected device instantiation or directive here.
:104A70007B681B680A431A607B689B691A0C7B6819
^^^^^^^^^^^^^^^^^^^^^^^^^^^^^^^^^^^^^^^^^^^
Z:\home\kevin\STM32CubeIDE\CARRITOBLUEPILL\TXRF\Debug\TXRF.hex(1194): Expected device instantiation or directive here.
:104A80001B6802F004025A607B681B68DA697B6865
^^^^^^^^^^^^^^^^^^^^^^^^^^^^^^^^^^^^^^^^^^^
Z:\home\kevin\STM32CubeIDE\CARRITOBLUEPILL\TXRF\Debug\TXRF.hex(1195): Expected device instantiation or directive here.
:104A90001B6822F40062DA617B6800225A657B6839
^^^^^^^^^^^^^^^^^^^^^^^^^^^^^^^^^^^^^^^^^^^
Z:\home\kevin\STM32CubeIDE\CARRITOBLUEPILL\TXRF\Debug\TXRF.hex(1196): Expected device instantiation or directive here.
:104AA000012283F85120002318460837BD4680BDF7
^^^^^^^^^^^^^^^^^^^^^^^^^^^^^^^^^^^^^^^^^^^
Z:\home\kevin\STM32CubeIDE\CARRITOBLUEPILL\TXRF\Debug\TXRF.hex(1197): Expected device instantiation or directive here.
:104AB00080B588B000AFF860B9603B601346FB80FA
^^^^^^^^^^^^^^^^^^^^^^^^^^^^^^^^^^^^^^^^^^^
Z:\home\kevin\STM32CubeIDE\CARRITOBLUEPILL\TXRF\Debug\TXRF.hex(1198): Expected device instantiation or directive here.
:104AC000FDF7EAFBF861FB887B83FB6893F85130C4
^^^^^^^^^^^^^^^^^^^^^^^^^^^^^^^^^^^^^^^^^^^
Z:\home\kevin\STM32CubeIDE\CARRITOBLUEPILL\TXRF\Debug\TXRF.hex(1199): Expected device instantiation or directive here.
:104AD000DBB2012B01D002232AE1BB68002B02D0FC
^^^^^^^^^^^^^^^^^^^^^^^^^^^^^^^^^^^^^^^^^^^
Z:\home\kevin\STM32CubeIDE\CARRITOBLUEPILL\TXRF\Debug\TXRF.hex(1200): Expected device instantiation or directive here.
:104AE000FB88002B01D1012322E1FB6893F85030B1
^^^^^^^^^^^^^^^^^^^^^^^^^^^^^^^^^^^^^^^^^^^
Z:\home\kevin\STM32CubeIDE\CARRITOBLUEPILL\TXRF\Debug\TXRF.hex(1201): Expected device instantiation or directive here.
:104AF000012B01D102231BE1FB68012283F8502026
^^^^^^^^^^^^^^^^^^^^^^^^^^^^^^^^^^^^^^^^^^^
Z:\home\kevin\STM32CubeIDE\CARRITOBLUEPILL\TXRF\Debug\TXRF.hex(1202): Expected device instantiation or directive here.
:104B0000FB68032283F85120FB6800225A65FB688A
^^^^^^^^^^^^^^^^^^^^^^^^^^^^^^^^^^^^^^^^^^^
Z:\home\kevin\STM32CubeIDE\CARRITOBLUEPILL\TXRF\Debug\TXRF.hex(1203): Expected device instantiation or directive here.
:104B1000BA681A63FB68FA889A86FB68FA88DA86AC
^^^^^^^^^^^^^^^^^^^^^^^^^^^^^^^^^^^^^^^^^^^
Z:\home\kevin\STM32CubeIDE\CARRITOBLUEPILL\TXRF\Debug\TXRF.hex(1204): Expected device instantiation or directive here.
:104B2000FB6800229A63FB6800229A87FB680022D8
^^^^^^^^^^^^^^^^^^^^^^^^^^^^^^^^^^^^^^^^^^^
Z:\home\kevin\STM32CubeIDE\CARRITOBLUEPILL\TXRF\Debug\TXRF.hex(1205): Expected device instantiation or directive here.
:104B3000DA87FB6800225A64FB6800221A64FB686B
^^^^^^^^^^^^^^^^^^^^^^^^^^^^^^^^^^^^^^^^^^^
Z:\home\kevin\STM32CubeIDE\CARRITOBLUEPILL\TXRF\Debug\TXRF.hex(1206): Expected device instantiation or directive here.
:104B40009B68B3F5004F0FD1FB681B681A68FB68C0
^^^^^^^^^^^^^^^^^^^^^^^^^^^^^^^^^^^^^^^^^^^
Z:\home\kevin\STM32CubeIDE\CARRITOBLUEPILL\TXRF\Debug\TXRF.hex(1207): Expected device instantiation or directive here.
:104B50001B6822F040021A60FB681B681A68FB6839
^^^^^^^^^^^^^^^^^^^^^^^^^^^^^^^^^^^^^^^^^^^
Z:\home\kevin\STM32CubeIDE\CARRITOBLUEPILL\TXRF\Debug\TXRF.hex(1208): Expected device instantiation or directive here.
:104B60001B6842F480421A60FB681B681B6803F0F4
^^^^^^^^^^^^^^^^^^^^^^^^^^^^^^^^^^^^^^^^^^^
Z:\home\kevin\STM32CubeIDE\CARRITOBLUEPILL\TXRF\Debug\TXRF.hex(1209): Expected device instantiation or directive here.
:104B70004003402B07D0FB681B681A68FB681B6862
^^^^^^^^^^^^^^^^^^^^^^^^^^^^^^^^^^^^^^^^^^^
Z:\home\kevin\STM32CubeIDE\CARRITOBLUEPILL\TXRF\Debug\TXRF.hex(1210): Expected device instantiation or directive here.
:104B800042F040021A60FB68DB68B3F5006F52D157
^^^^^^^^^^^^^^^^^^^^^^^^^^^^^^^^^^^^^^^^^^^
Z:\home\kevin\STM32CubeIDE\CARRITOBLUEPILL\TXRF\Debug\TXRF.hex(1211): Expected device instantiation or directive here.
:104B9000FB685B68002B02D07B8B012B45D1FB6847
^^^^^^^^^^^^^^^^^^^^^^^^^^^^^^^^^^^^^^^^^^^
Z:\home\kevin\STM32CubeIDE\CARRITOBLUEPILL\TXRF\Debug\TXRF.hex(1212): Expected device instantiation or directive here.
:104BA0001B6B1A88FB681B68DA60FB681B6B9A1C1E
^^^^^^^^^^^^^^^^^^^^^^^^^^^^^^^^^^^^^^^^^^^
Z:\home\kevin\STM32CubeIDE\CARRITOBLUEPILL\TXRF\Debug\TXRF.hex(1213): Expected device instantiation or directive here.
:104BB000FB681A63FB68DB8E9BB2013B9AB2FB6811
^^^^^^^^^^^^^^^^^^^^^^^^^^^^^^^^^^^^^^^^^^^
Z:\home\kevin\STM32CubeIDE\CARRITOBLUEPILL\TXRF\Debug\TXRF.hex(1214): Expected device instantiation or directive here.
:104BC000DA8632E0FB681B689B6803F00203022B65
^^^^^^^^^^^^^^^^^^^^^^^^^^^^^^^^^^^^^^^^^^^
Z:\home\kevin\STM32CubeIDE\CARRITOBLUEPILL\TXRF\Debug\TXRF.hex(1215): Expected device instantiation or directive here.
:104BD00012D1FB681B6B1A88FB681B68DA60FB68E4
^^^^^^^^^^^^^^^^^^^^^^^^^^^^^^^^^^^^^^^^^^^
Z:\home\kevin\STM32CubeIDE\CARRITOBLUEPILL\TXRF\Debug\TXRF.hex(1216): Expected device instantiation or directive here.
:104BE0001B6B9A1CFB681A63FB68DB8E9BB2013B54
^^^^^^^^^^^^^^^^^^^^^^^^^^^^^^^^^^^^^^^^^^^
Z:\home\kevin\STM32CubeIDE\CARRITOBLUEPILL\TXRF\Debug\TXRF.hex(1217): Expected device instantiation or directive here.
:104BF0009AB2FB68DA8618E0FDF74EFB0246FB69C5
^^^^^^^^^^^^^^^^^^^^^^^^^^^^^^^^^^^^^^^^^^^
Z:\home\kevin\STM32CubeIDE\CARRITOBLUEPILL\TXRF\Debug\TXRF.hex(1218): Expected device instantiation or directive here.
:104C0000D31A3A689A4203D83B68B3F1FF3F02D106
^^^^^^^^^^^^^^^^^^^^^^^^^^^^^^^^^^^^^^^^^^^
Z:\home\kevin\STM32CubeIDE\CARRITOBLUEPILL\TXRF\Debug\TXRF.hex(1219): Expected device instantiation or directive here.
:104C10003B68002B09D1FB68012283F85120FB6817
^^^^^^^^^^^^^^^^^^^^^^^^^^^^^^^^^^^^^^^^^^^
Z:\home\kevin\STM32CubeIDE\CARRITOBLUEPILL\TXRF\Debug\TXRF.hex(1220): Expected device instantiation or directive here.
:104C2000002283F85020032382E0FB68DB8E9BB2D6
^^^^^^^^^^^^^^^^^^^^^^^^^^^^^^^^^^^^^^^^^^^
Z:\home\kevin\STM32CubeIDE\CARRITOBLUEPILL\TXRF\Debug\TXRF.hex(1221): Expected device instantiation or directive here.
:104C3000002BC7D153E0FB685B68002B02D07B8B55
^^^^^^^^^^^^^^^^^^^^^^^^^^^^^^^^^^^^^^^^^^^
Z:\home\kevin\STM32CubeIDE\CARRITOBLUEPILL\TXRF\Debug\TXRF.hex(1222): Expected device instantiation or directive here.
:104C4000012B47D1FB681A6BFB681B680C33127889
^^^^^^^^^^^^^^^^^^^^^^^^^^^^^^^^^^^^^^^^^^^
Z:\home\kevin\STM32CubeIDE\CARRITOBLUEPILL\TXRF\Debug\TXRF.hex(1223): Expected device instantiation or directive here.
:104C50001A70FB681B6B5A1CFB681A63FB68DB8EBF
^^^^^^^^^^^^^^^^^^^^^^^^^^^^^^^^^^^^^^^^^^^
Z:\home\kevin\STM32CubeIDE\CARRITOBLUEPILL\TXRF\Debug\TXRF.hex(1224): Expected device instantiation or directive here.
:104C60009BB2013B9AB2FB68DA8633E0FB681B68B3
^^^^^^^^^^^^^^^^^^^^^^^^^^^^^^^^^^^^^^^^^^^
Z:\home\kevin\STM32CubeIDE\CARRITOBLUEPILL\TXRF\Debug\TXRF.hex(1225): Expected device instantiation or directive here.
:104C70009B6803F00203022B13D1FB681A6BFB68DD
^^^^^^^^^^^^^^^^^^^^^^^^^^^^^^^^^^^^^^^^^^^
Z:\home\kevin\STM32CubeIDE\CARRITOBLUEPILL\TXRF\Debug\TXRF.hex(1226): Expected device instantiation or directive here.
:104C80001B680C3312781A70FB681B6B5A1CFB688C
^^^^^^^^^^^^^^^^^^^^^^^^^^^^^^^^^^^^^^^^^^^
Z:\home\kevin\STM32CubeIDE\CARRITOBLUEPILL\TXRF\Debug\TXRF.hex(1227): Expected device instantiation or directive here.
:104C90001A63FB68DB8E9BB2013B9AB2FB68DA8633
^^^^^^^^^^^^^^^^^^^^^^^^^^^^^^^^^^^^^^^^^^^
Z:\home\kevin\STM32CubeIDE\CARRITOBLUEPILL\TXRF\Debug\TXRF.hex(1228): Expected device instantiation or directive here.
:104CA00018E0FDF7F9FA0246FB69D31A3A689A420E
^^^^^^^^^^^^^^^^^^^^^^^^^^^^^^^^^^^^^^^^^^^
Z:\home\kevin\STM32CubeIDE\CARRITOBLUEPILL\TXRF\Debug\TXRF.hex(1229): Expected device instantiation or directive here.
:104CB00003D83B68B3F1FF3F02D13B68002B09D119
^^^^^^^^^^^^^^^^^^^^^^^^^^^^^^^^^^^^^^^^^^^
Z:\home\kevin\STM32CubeIDE\CARRITOBLUEPILL\TXRF\Debug\TXRF.hex(1230): Expected device instantiation or directive here.
:104CC000FB68012283F85120FB68002283F8502002
^^^^^^^^^^^^^^^^^^^^^^^^^^^^^^^^^^^^^^^^^^^
Z:\home\kevin\STM32CubeIDE\CARRITOBLUEPILL\TXRF\Debug\TXRF.hex(1231): Expected device instantiation or directive here.
:104CD00003232DE0FB68DB8E9BB2002BC6D1FA6963
^^^^^^^^^^^^^^^^^^^^^^^^^^^^^^^^^^^^^^^^^^^
Z:\home\kevin\STM32CubeIDE\CARRITOBLUEPILL\TXRF\Debug\TXRF.hex(1232): Expected device instantiation or directive here.
:104CE0003968F86800F0C8FC0346002B02D0FB6866
^^^^^^^^^^^^^^^^^^^^^^^^^^^^^^^^^^^^^^^^^^^
Z:\home\kevin\STM32CubeIDE\CARRITOBLUEPILL\TXRF\Debug\TXRF.hex(1233): Expected device instantiation or directive here.
:104CF00020225A65FB689B68002B0AD100237B6148
^^^^^^^^^^^^^^^^^^^^^^^^^^^^^^^^^^^^^^^^^^^
Z:\home\kevin\STM32CubeIDE\CARRITOBLUEPILL\TXRF\Debug\TXRF.hex(1234): Expected device instantiation or directive here.
:104D0000FB681B68DB687B61FB681B689B687B61D9
^^^^^^^^^^^^^^^^^^^^^^^^^^^^^^^^^^^^^^^^^^^
Z:\home\kevin\STM32CubeIDE\CARRITOBLUEPILL\TXRF\Debug\TXRF.hex(1235): Expected device instantiation or directive here.
:104D10007B69FB68012283F85120FB68002283F83D
^^^^^^^^^^^^^^^^^^^^^^^^^^^^^^^^^^^^^^^^^^^
Z:\home\kevin\STM32CubeIDE\CARRITOBLUEPILL\TXRF\Debug\TXRF.hex(1236): Expected device instantiation or directive here.
:104D20005020FB685B6D002B01D0012300E00023C5
^^^^^^^^^^^^^^^^^^^^^^^^^^^^^^^^^^^^^^^^^^^
Z:\home\kevin\STM32CubeIDE\CARRITOBLUEPILL\TXRF\Debug\TXRF.hex(1237): Expected device instantiation or directive here.
:104D300018462037BD4680BD80B588B002AFF86008
^^^^^^^^^^^^^^^^^^^^^^^^^^^^^^^^^^^^^^^^^^^
Z:\home\kevin\STM32CubeIDE\CARRITOBLUEPILL\TXRF\Debug\TXRF.hex(1238): Expected device instantiation or directive here.
:104D4000B9603B601346FB80FB6893F85130DBB2DF
^^^^^^^^^^^^^^^^^^^^^^^^^^^^^^^^^^^^^^^^^^^
Z:\home\kevin\STM32CubeIDE\CARRITOBLUEPILL\TXRF\Debug\TXRF.hex(1239): Expected device instantiation or directive here.
:104D5000012B01D0022304E1FB685B68B3F5827F7D
^^^^^^^^^^^^^^^^^^^^^^^^^^^^^^^^^^^^^^^^^^^
Z:\home\kevin\STM32CubeIDE\CARRITOBLUEPILL\TXRF\Debug\TXRF.hex(1240): Expected device instantiation or directive here.
:104D600012D1FB689B68002B0ED1FB68042283F8EC
^^^^^^^^^^^^^^^^^^^^^^^^^^^^^^^^^^^^^^^^^^^
Z:\home\kevin\STM32CubeIDE\CARRITOBLUEPILL\TXRF\Debug\TXRF.hex(1241): Expected device instantiation or directive here.
:104D70005120FA883B6800931346BA68B968F8680E
^^^^^^^^^^^^^^^^^^^^^^^^^^^^^^^^^^^^^^^^^^^
Z:\home\kevin\STM32CubeIDE\CARRITOBLUEPILL\TXRF\Debug\TXRF.hex(1242): Expected device instantiation or directive here.
:104D800000F0F3F80346ECE0FDF786FA7861BB68C3
^^^^^^^^^^^^^^^^^^^^^^^^^^^^^^^^^^^^^^^^^^^
Z:\home\kevin\STM32CubeIDE\CARRITOBLUEPILL\TXRF\Debug\TXRF.hex(1243): Expected device instantiation or directive here.
:104D9000002B02D0FB88002B01D10123E1E0FB684E
^^^^^^^^^^^^^^^^^^^^^^^^^^^^^^^^^^^^^^^^^^^
Z:\home\kevin\STM32CubeIDE\CARRITOBLUEPILL\TXRF\Debug\TXRF.hex(1244): Expected device instantiation or directive here.
:104DA00093F85030012B01D10223DAE0FB68012295
^^^^^^^^^^^^^^^^^^^^^^^^^^^^^^^^^^^^^^^^^^^
Z:\home\kevin\STM32CubeIDE\CARRITOBLUEPILL\TXRF\Debug\TXRF.hex(1245): Expected device instantiation or directive here.
:104DB00083F85020FB68042283F85120FB6800220E
^^^^^^^^^^^^^^^^^^^^^^^^^^^^^^^^^^^^^^^^^^^
Z:\home\kevin\STM32CubeIDE\CARRITOBLUEPILL\TXRF\Debug\TXRF.hex(1246): Expected device instantiation or directive here.
:104DC0005A65FB68BA689A63FB68FA889A87FB6839
^^^^^^^^^^^^^^^^^^^^^^^^^^^^^^^^^^^^^^^^^^^
Z:\home\kevin\STM32CubeIDE\CARRITOBLUEPILL\TXRF\Debug\TXRF.hex(1247): Expected device instantiation or directive here.
:104DD000FA88DA87FB6800221A63FB6800229A8649
^^^^^^^^^^^^^^^^^^^^^^^^^^^^^^^^^^^^^^^^^^^
Z:\home\kevin\STM32CubeIDE\CARRITOBLUEPILL\TXRF\Debug\TXRF.hex(1248): Expected device instantiation or directive here.
:104DE000FB680022DA86FB6800221A64FB68002256
^^^^^^^^^^^^^^^^^^^^^^^^^^^^^^^^^^^^^^^^^^^
Z:\home\kevin\STM32CubeIDE\CARRITOBLUEPILL\TXRF\Debug\TXRF.hex(1249): Expected device instantiation or directive here.
:104DF0005A64FB689B68B3F5004F0FD1FB681B68D2
^^^^^^^^^^^^^^^^^^^^^^^^^^^^^^^^^^^^^^^^^^^
Z:\home\kevin\STM32CubeIDE\CARRITOBLUEPILL\TXRF\Debug\TXRF.hex(1250): Expected device instantiation or directive here.
:104E00001A68FB681B6822F040021A60FB681B6886
^^^^^^^^^^^^^^^^^^^^^^^^^^^^^^^^^^^^^^^^^^^
Z:\home\kevin\STM32CubeIDE\CARRITOBLUEPILL\TXRF\Debug\TXRF.hex(1251): Expected device instantiation or directive here.
:104E10001A68FB681B6822F480421A60FB681B68F2
^^^^^^^^^^^^^^^^^^^^^^^^^^^^^^^^^^^^^^^^^^^
Z:\home\kevin\STM32CubeIDE\CARRITOBLUEPILL\TXRF\Debug\TXRF.hex(1252): Expected device instantiation or directive here.
:104E20001B6803F04003402B07D0FB681B681A681F
^^^^^^^^^^^^^^^^^^^^^^^^^^^^^^^^^^^^^^^^^^^
Z:\home\kevin\STM32CubeIDE\CARRITOBLUEPILL\TXRF\Debug\TXRF.hex(1253): Expected device instantiation or directive here.
:104E3000FB681B6842F040021A60FB68DB68002BCD
^^^^^^^^^^^^^^^^^^^^^^^^^^^^^^^^^^^^^^^^^^^
Z:\home\kevin\STM32CubeIDE\CARRITOBLUEPILL\TXRF\Debug\TXRF.hex(1254): Expected device instantiation or directive here.
:104E400070D135E0FB681B689B6803F00103012B00
^^^^^^^^^^^^^^^^^^^^^^^^^^^^^^^^^^^^^^^^^^^
Z:\home\kevin\STM32CubeIDE\CARRITOBLUEPILL\TXRF\Debug\TXRF.hex(1255): Expected device instantiation or directive here.
:104E500015D1FB681B6803F10C02FB689B6B127891
^^^^^^^^^^^^^^^^^^^^^^^^^^^^^^^^^^^^^^^^^^^
Z:\home\kevin\STM32CubeIDE\CARRITOBLUEPILL\TXRF\Debug\TXRF.hex(1256): Expected device instantiation or directive here.
:104E6000D2B21A70FB689B6B5A1CFB689A63FB6892
^^^^^^^^^^^^^^^^^^^^^^^^^^^^^^^^^^^^^^^^^^^
Z:\home\kevin\STM32CubeIDE\CARRITOBLUEPILL\TXRF\Debug\TXRF.hex(1257): Expected device instantiation or directive here.
:104E7000DB8F9BB2013B9AB2FB68DA8718E0FDF743
^^^^^^^^^^^^^^^^^^^^^^^^^^^^^^^^^^^^^^^^^^^
Z:\home\kevin\STM32CubeIDE\CARRITOBLUEPILL\TXRF\Debug\TXRF.hex(1258): Expected device instantiation or directive here.
:104E80000BFA02467B69D31A3A689A4203D83B6808
^^^^^^^^^^^^^^^^^^^^^^^^^^^^^^^^^^^^^^^^^^^
Z:\home\kevin\STM32CubeIDE\CARRITOBLUEPILL\TXRF\Debug\TXRF.hex(1259): Expected device instantiation or directive here.
:104E9000B3F1FF3F02D13B68002B09D1FB6801222F
^^^^^^^^^^^^^^^^^^^^^^^^^^^^^^^^^^^^^^^^^^^
Z:\home\kevin\STM32CubeIDE\CARRITOBLUEPILL\TXRF\Debug\TXRF.hex(1260): Expected device instantiation or directive here.
:104EA00083F85120FB68002283F85020032358E048
^^^^^^^^^^^^^^^^^^^^^^^^^^^^^^^^^^^^^^^^^^^
Z:\home\kevin\STM32CubeIDE\CARRITOBLUEPILL\TXRF\Debug\TXRF.hex(1261): Expected device instantiation or directive here.
:104EB000FB68DB8F9BB2002BC4D138E0FB681B681A
^^^^^^^^^^^^^^^^^^^^^^^^^^^^^^^^^^^^^^^^^^^
Z:\home\kevin\STM32CubeIDE\CARRITOBLUEPILL\TXRF\Debug\TXRF.hex(1262): Expected device instantiation or directive here.
:104EC0009B6803F00103012B13D1FB681B68DA68B0
^^^^^^^^^^^^^^^^^^^^^^^^^^^^^^^^^^^^^^^^^^^
Z:\home\kevin\STM32CubeIDE\CARRITOBLUEPILL\TXRF\Debug\TXRF.hex(1263): Expected device instantiation or directive here.
:104ED000FB689B6B92B21A80FB689B6B9A1CFB6809
^^^^^^^^^^^^^^^^^^^^^^^^^^^^^^^^^^^^^^^^^^^
Z:\home\kevin\STM32CubeIDE\CARRITOBLUEPILL\TXRF\Debug\TXRF.hex(1264): Expected device instantiation or directive here.
:104EE0009A63FB68DB8F9BB2013B9AB2FB68DA875F
^^^^^^^^^^^^^^^^^^^^^^^^^^^^^^^^^^^^^^^^^^^
Z:\home\kevin\STM32CubeIDE\CARRITOBLUEPILL\TXRF\Debug\TXRF.hex(1265): Expected device instantiation or directive here.
:104EF00018E0FDF7D1F902467B69D31A3A689A4265
^^^^^^^^^^^^^^^^^^^^^^^^^^^^^^^^^^^^^^^^^^^
Z:\home\kevin\STM32CubeIDE\CARRITOBLUEPILL\TXRF\Debug\TXRF.hex(1266): Expected device instantiation or directive here.
:104F000003D83B68B3F1FF3F02D13B68002B09D1C6
^^^^^^^^^^^^^^^^^^^^^^^^^^^^^^^^^^^^^^^^^^^
Z:\home\kevin\STM32CubeIDE\CARRITOBLUEPILL\TXRF\Debug\TXRF.hex(1267): Expected device instantiation or directive here.
:104F1000FB68012283F85120FB68002283F85020AF
^^^^^^^^^^^^^^^^^^^^^^^^^^^^^^^^^^^^^^^^^^^
Z:\home\kevin\STM32CubeIDE\CARRITOBLUEPILL\TXRF\Debug\TXRF.hex(1268): Expected device instantiation or directive here.
:104F200003231EE0FB68DB8F9BB2002BC6D17A699E
^^^^^^^^^^^^^^^^^^^^^^^^^^^^^^^^^^^^^^^^^^^
Z:\home\kevin\STM32CubeIDE\CARRITOBLUEPILL\TXRF\Debug\TXRF.hex(1269): Expected device instantiation or directive here.
:104F30003968F86800F04EFB0346002B02D0FB688E
^^^^^^^^^^^^^^^^^^^^^^^^^^^^^^^^^^^^^^^^^^^
Z:\home\kevin\STM32CubeIDE\CARRITOBLUEPILL\TXRF\Debug\TXRF.hex(1270): Expected device instantiation or directive here.
:104F400020225A65FB68012283F85120FB68002269
^^^^^^^^^^^^^^^^^^^^^^^^^^^^^^^^^^^^^^^^^^^
Z:\home\kevin\STM32CubeIDE\CARRITOBLUEPILL\TXRF\Debug\TXRF.hex(1271): Expected device instantiation or directive here.
:104F500083F85020FB685B6D002B01D0012300E03B
^^^^^^^^^^^^^^^^^^^^^^^^^^^^^^^^^^^^^^^^^^^
Z:\home\kevin\STM32CubeIDE\CARRITOBLUEPILL\TXRF\Debug\TXRF.hex(1272): Expected device instantiation or directive here.
:104F6000002318461837BD4680BD80B58AB000AF13
^^^^^^^^^^^^^^^^^^^^^^^^^^^^^^^^^^^^^^^^^^^
Z:\home\kevin\STM32CubeIDE\CARRITOBLUEPILL\TXRF\Debug\TXRF.hex(1273): Expected device instantiation or directive here.
:104F7000F860B9607A607B8001237B62FDF78CF971
^^^^^^^^^^^^^^^^^^^^^^^^^^^^^^^^^^^^^^^^^^^
Z:\home\kevin\STM32CubeIDE\CARRITOBLUEPILL\TXRF\Debug\TXRF.hex(1274): Expected device instantiation or directive here.
:104F80003862FB6893F85130FB77FB685B68BB6164
^^^^^^^^^^^^^^^^^^^^^^^^^^^^^^^^^^^^^^^^^^^
Z:\home\kevin\STM32CubeIDE\CARRITOBLUEPILL\TXRF\Debug\TXRF.hex(1275): Expected device instantiation or directive here.
:104F90007B88FB82FB7F012B0CD0BB69B3F5827F42
^^^^^^^^^^^^^^^^^^^^^^^^^^^^^^^^^^^^^^^^^^^
Z:\home\kevin\STM32CubeIDE\CARRITOBLUEPILL\TXRF\Debug\TXRF.hex(1276): Expected device instantiation or directive here.
:104FA00006D1FB689B68002B02D1FB7F042B01D04C
^^^^^^^^^^^^^^^^^^^^^^^^^^^^^^^^^^^^^^^^^^^
Z:\home\kevin\STM32CubeIDE\CARRITOBLUEPILL\TXRF\Debug\TXRF.hex(1277): Expected device instantiation or directive here.
:104FB00002237FE1BB68002B05D07B68002B02D069
^^^^^^^^^^^^^^^^^^^^^^^^^^^^^^^^^^^^^^^^^^^
Z:\home\kevin\STM32CubeIDE\CARRITOBLUEPILL\TXRF\Debug\TXRF.hex(1278): Expected device instantiation or directive here.
:104FC0007B88002B01D1012374E1FB6893F85030FA
^^^^^^^^^^^^^^^^^^^^^^^^^^^^^^^^^^^^^^^^^^^
Z:\home\kevin\STM32CubeIDE\CARRITOBLUEPILL\TXRF\Debug\TXRF.hex(1279): Expected device instantiation or directive here.
:104FD000012B01D102236DE1FB68012283F85020EF
^^^^^^^^^^^^^^^^^^^^^^^^^^^^^^^^^^^^^^^^^^^
Z:\home\kevin\STM32CubeIDE\CARRITOBLUEPILL\TXRF\Debug\TXRF.hex(1280): Expected device instantiation or directive here.
:104FE000FB6893F85130DBB2042B03D0FB68052239
^^^^^^^^^^^^^^^^^^^^^^^^^^^^^^^^^^^^^^^^^^^
Z:\home\kevin\STM32CubeIDE\CARRITOBLUEPILL\TXRF\Debug\TXRF.hex(1281): Expected device instantiation or directive here.
:104FF00083F85120FB6800225A65FB687A689A633F
^^^^^^^^^^^^^^^^^^^^^^^^^^^^^^^^^^^^^^^^^^^
Z:\home\kevin\STM32CubeIDE\CARRITOBLUEPILL\TXRF\Debug\TXRF.hex(1282): Expected device instantiation or directive here.
:10500000FB687A88DA87FB687A889A87FB68BA68CF
^^^^^^^^^^^^^^^^^^^^^^^^^^^^^^^^^^^^^^^^^^^
Z:\home\kevin\STM32CubeIDE\CARRITOBLUEPILL\TXRF\Debug\TXRF.hex(1283): Expected device instantiation or directive here.
:105010001A63FB687A88DA86FB687A889A86FB6866
^^^^^^^^^^^^^^^^^^^^^^^^^^^^^^^^^^^^^^^^^^^
Z:\home\kevin\STM32CubeIDE\CARRITOBLUEPILL\TXRF\Debug\TXRF.hex(1284): Expected device instantiation or directive here.
:1050200000221A64FB6800225A64FB681B681B6834
^^^^^^^^^^^^^^^^^^^^^^^^^^^^^^^^^^^^^^^^^^^
Z:\home\kevin\STM32CubeIDE\CARRITOBLUEPILL\TXRF\Debug\TXRF.hex(1285): Expected device instantiation or directive here.
:1050300003F04003402B07D0FB681B681A68FB682D
^^^^^^^^^^^^^^^^^^^^^^^^^^^^^^^^^^^^^^^^^^^
Z:\home\kevin\STM32CubeIDE\CARRITOBLUEPILL\TXRF\Debug\TXRF.hex(1286): Expected device instantiation or directive here.
:105040001B6842F040021A60FB68DB68B3F5006F32
^^^^^^^^^^^^^^^^^^^^^^^^^^^^^^^^^^^^^^^^^^^
Z:\home\kevin\STM32CubeIDE\CARRITOBLUEPILL\TXRF\Debug\TXRF.hex(1287): Expected device instantiation or directive here.
:105050007ED1FB685B68002B02D0FB8A012B6CD1F0
^^^^^^^^^^^^^^^^^^^^^^^^^^^^^^^^^^^^^^^^^^^
Z:\home\kevin\STM32CubeIDE\CARRITOBLUEPILL\TXRF\Debug\TXRF.hex(1288): Expected device instantiation or directive here.
:10506000FB681B6B1A88FB681B68DA60FB681B6BAC
^^^^^^^^^^^^^^^^^^^^^^^^^^^^^^^^^^^^^^^^^^^
Z:\home\kevin\STM32CubeIDE\CARRITOBLUEPILL\TXRF\Debug\TXRF.hex(1289): Expected device instantiation or directive here.
:105070009A1CFB681A63FB68DB8E9BB2013B9AB2F9
^^^^^^^^^^^^^^^^^^^^^^^^^^^^^^^^^^^^^^^^^^^
Z:\home\kevin\STM32CubeIDE\CARRITOBLUEPILL\TXRF\Debug\TXRF.hex(1290): Expected device instantiation or directive here.
:10508000FB68DA8659E0FB681B689B6803F0020343
^^^^^^^^^^^^^^^^^^^^^^^^^^^^^^^^^^^^^^^^^^^
Z:\home\kevin\STM32CubeIDE\CARRITOBLUEPILL\TXRF\Debug\TXRF.hex(1291): Expected device instantiation or directive here.
:10509000022B1BD1FB68DB8E9BB2002B16D07B6AE8
^^^^^^^^^^^^^^^^^^^^^^^^^^^^^^^^^^^^^^^^^^^
Z:\home\kevin\STM32CubeIDE\CARRITOBLUEPILL\TXRF\Debug\TXRF.hex(1292): Expected device instantiation or directive here.
:1050A000012B13D1FB681B6B1A88FB681B68DA6045
^^^^^^^^^^^^^^^^^^^^^^^^^^^^^^^^^^^^^^^^^^^
Z:\home\kevin\STM32CubeIDE\CARRITOBLUEPILL\TXRF\Debug\TXRF.hex(1293): Expected device instantiation or directive here.
:1050B000FB681B6B9A1CFB681A63FB68DB8E9BB258
^^^^^^^^^^^^^^^^^^^^^^^^^^^^^^^^^^^^^^^^^^^
Z:\home\kevin\STM32CubeIDE\CARRITOBLUEPILL\TXRF\Debug\TXRF.hex(1294): Expected device instantiation or directive here.
:1050C000013B9AB2FB68DA8600237B62FB681B68AF
^^^^^^^^^^^^^^^^^^^^^^^^^^^^^^^^^^^^^^^^^^^
Z:\home\kevin\STM32CubeIDE\CARRITOBLUEPILL\TXRF\Debug\TXRF.hex(1295): Expected device instantiation or directive here.
:1050D0009B6803F00103012B19D1FB68DB8F9BB2A6
^^^^^^^^^^^^^^^^^^^^^^^^^^^^^^^^^^^^^^^^^^^
Z:\home\kevin\STM32CubeIDE\CARRITOBLUEPILL\TXRF\Debug\TXRF.hex(1296): Expected device instantiation or directive here.
:1050E000002B14D0FB681B68DA68FB689B6B92B2DC
^^^^^^^^^^^^^^^^^^^^^^^^^^^^^^^^^^^^^^^^^^^
Z:\home\kevin\STM32CubeIDE\CARRITOBLUEPILL\TXRF\Debug\TXRF.hex(1297): Expected device instantiation or directive here.
:1050F0001A80FB689B6B9A1CFB689A63FB68DB8FCA
^^^^^^^^^^^^^^^^^^^^^^^^^^^^^^^^^^^^^^^^^^^
Z:\home\kevin\STM32CubeIDE\CARRITOBLUEPILL\TXRF\Debug\TXRF.hex(1298): Expected device instantiation or directive here.
:105100009BB2013B9AB2FB68DA8701237B62FDF711
^^^^^^^^^^^^^^^^^^^^^^^^^^^^^^^^^^^^^^^^^^^
Z:\home\kevin\STM32CubeIDE\CARRITOBLUEPILL\TXRF\Debug\TXRF.hex(1299): Expected device instantiation or directive here.
:10511000C3F802463B6AD31A3A6B9A420DD83B6BEE
^^^^^^^^^^^^^^^^^^^^^^^^^^^^^^^^^^^^^^^^^^^
Z:\home\kevin\STM32CubeIDE\CARRITOBLUEPILL\TXRF\Debug\TXRF.hex(1300): Expected device instantiation or directive here.
:10512000B3F1FF3F09D0FB68012283F85120FB68EF
^^^^^^^^^^^^^^^^^^^^^^^^^^^^^^^^^^^^^^^^^^^
Z:\home\kevin\STM32CubeIDE\CARRITOBLUEPILL\TXRF\Debug\TXRF.hex(1301): Expected device instantiation or directive here.
:10513000002283F850200323BCE0FB68DB8E9BB287
^^^^^^^^^^^^^^^^^^^^^^^^^^^^^^^^^^^^^^^^^^^
Z:\home\kevin\STM32CubeIDE\CARRITOBLUEPILL\TXRF\Debug\TXRF.hex(1302): Expected device instantiation or directive here.
:10514000002BA0D1FB68DB8F9BB2002B9BD182E0B0
^^^^^^^^^^^^^^^^^^^^^^^^^^^^^^^^^^^^^^^^^^^
Z:\home\kevin\STM32CubeIDE\CARRITOBLUEPILL\TXRF\Debug\TXRF.hex(1303): Expected device instantiation or directive here.
:10515000FB685B68002B02D0FB8A012B71D1FB68D6
^^^^^^^^^^^^^^^^^^^^^^^^^^^^^^^^^^^^^^^^^^^
Z:\home\kevin\STM32CubeIDE\CARRITOBLUEPILL\TXRF\Debug\TXRF.hex(1304): Expected device instantiation or directive here.
:105160001A6BFB681B680C3312781A70FB681B6B98
^^^^^^^^^^^^^^^^^^^^^^^^^^^^^^^^^^^^^^^^^^^
Z:\home\kevin\STM32CubeIDE\CARRITOBLUEPILL\TXRF\Debug\TXRF.hex(1305): Expected device instantiation or directive here.
:105170005A1CFB681A63FB68DB8E9BB2013B9AB238
^^^^^^^^^^^^^^^^^^^^^^^^^^^^^^^^^^^^^^^^^^^
Z:\home\kevin\STM32CubeIDE\CARRITOBLUEPILL\TXRF\Debug\TXRF.hex(1306): Expected device instantiation or directive here.
:10518000FB68DA865DE0FB681B689B6803F002033E
^^^^^^^^^^^^^^^^^^^^^^^^^^^^^^^^^^^^^^^^^^^
Z:\home\kevin\STM32CubeIDE\CARRITOBLUEPILL\TXRF\Debug\TXRF.hex(1307): Expected device instantiation or directive here.
:10519000022B1CD1FB68DB8E9BB2002B17D07B6AE5
^^^^^^^^^^^^^^^^^^^^^^^^^^^^^^^^^^^^^^^^^^^
Z:\home\kevin\STM32CubeIDE\CARRITOBLUEPILL\TXRF\Debug\TXRF.hex(1308): Expected device instantiation or directive here.
:1051A000012B14D1FB681A6BFB681B680C33127857
^^^^^^^^^^^^^^^^^^^^^^^^^^^^^^^^^^^^^^^^^^^
Z:\home\kevin\STM32CubeIDE\CARRITOBLUEPILL\TXRF\Debug\TXRF.hex(1309): Expected device instantiation or directive here.
:1051B0001A70FB681B6B5A1CFB681A63FB68DB8E5A
^^^^^^^^^^^^^^^^^^^^^^^^^^^^^^^^^^^^^^^^^^^
Z:\home\kevin\STM32CubeIDE\CARRITOBLUEPILL\TXRF\Debug\TXRF.hex(1310): Expected device instantiation or directive here.
:1051C0009BB2013B9AB2FB68DA8600237B62FB68E4
^^^^^^^^^^^^^^^^^^^^^^^^^^^^^^^^^^^^^^^^^^^
Z:\home\kevin\STM32CubeIDE\CARRITOBLUEPILL\TXRF\Debug\TXRF.hex(1311): Expected device instantiation or directive here.
:1051D0001B689B6803F00103012B19D1FB68DB8F6F
^^^^^^^^^^^^^^^^^^^^^^^^^^^^^^^^^^^^^^^^^^^
Z:\home\kevin\STM32CubeIDE\CARRITOBLUEPILL\TXRF\Debug\TXRF.hex(1312): Expected device instantiation or directive here.
:1051E0009BB2002B14D0FB681B68DA68FB689B6BD2
^^^^^^^^^^^^^^^^^^^^^^^^^^^^^^^^^^^^^^^^^^^
Z:\home\kevin\STM32CubeIDE\CARRITOBLUEPILL\TXRF\Debug\TXRF.hex(1313): Expected device instantiation or directive here.
:1051F000D2B21A70FB689B6B5A1CFB689A63FB68FF
^^^^^^^^^^^^^^^^^^^^^^^^^^^^^^^^^^^^^^^^^^^
Z:\home\kevin\STM32CubeIDE\CARRITOBLUEPILL\TXRF\Debug\TXRF.hex(1314): Expected device instantiation or directive here.
:10520000DB8F9BB2013B9AB2FB68DA8701237B629A
^^^^^^^^^^^^^^^^^^^^^^^^^^^^^^^^^^^^^^^^^^^
Z:\home\kevin\STM32CubeIDE\CARRITOBLUEPILL\TXRF\Debug\TXRF.hex(1315): Expected device instantiation or directive here.
:10521000FDF742F802463B6AD31A3A6B9A4203D82A
^^^^^^^^^^^^^^^^^^^^^^^^^^^^^^^^^^^^^^^^^^^
Z:\home\kevin\STM32CubeIDE\CARRITOBLUEPILL\TXRF\Debug\TXRF.hex(1316): Expected device instantiation or directive here.
:105220003B6BB3F1FF3F02D13B6B002B09D1FB6815
^^^^^^^^^^^^^^^^^^^^^^^^^^^^^^^^^^^^^^^^^^^
Z:\home\kevin\STM32CubeIDE\CARRITOBLUEPILL\TXRF\Debug\TXRF.hex(1317): Expected device instantiation or directive here.
:10523000012283F85120FB68002283F850200323C9
^^^^^^^^^^^^^^^^^^^^^^^^^^^^^^^^^^^^^^^^^^^
Z:\home\kevin\STM32CubeIDE\CARRITOBLUEPILL\TXRF\Debug\TXRF.hex(1318): Expected device instantiation or directive here.
:1052400038E0FB68DB8E9BB2002B9CD1FB68DB8FC8
^^^^^^^^^^^^^^^^^^^^^^^^^^^^^^^^^^^^^^^^^^^
Z:\home\kevin\STM32CubeIDE\CARRITOBLUEPILL\TXRF\Debug\TXRF.hex(1319): Expected device instantiation or directive here.
:105250009BB2002B97D13A6A396BF86800F00CFAD0
^^^^^^^^^^^^^^^^^^^^^^^^^^^^^^^^^^^^^^^^^^^
Z:\home\kevin\STM32CubeIDE\CARRITOBLUEPILL\TXRF\Debug\TXRF.hex(1320): Expected device instantiation or directive here.
:105260000346002B08D0FB6820225A65FB68002209
^^^^^^^^^^^^^^^^^^^^^^^^^^^^^^^^^^^^^^^^^^^
Z:\home\kevin\STM32CubeIDE\CARRITOBLUEPILL\TXRF\Debug\TXRF.hex(1321): Expected device instantiation or directive here.
:1052700083F8502001231DE0FB689B68002B0AD1B6
^^^^^^^^^^^^^^^^^^^^^^^^^^^^^^^^^^^^^^^^^^^
Z:\home\kevin\STM32CubeIDE\CARRITOBLUEPILL\TXRF\Debug\TXRF.hex(1322): Expected device instantiation or directive here.
:1052800000233B61FB681B68DB683B61FB681B68B4
^^^^^^^^^^^^^^^^^^^^^^^^^^^^^^^^^^^^^^^^^^^
Z:\home\kevin\STM32CubeIDE\CARRITOBLUEPILL\TXRF\Debug\TXRF.hex(1323): Expected device instantiation or directive here.
:105290009B683B613B69FB68012283F85120FB68F6
^^^^^^^^^^^^^^^^^^^^^^^^^^^^^^^^^^^^^^^^^^^
Z:\home\kevin\STM32CubeIDE\CARRITOBLUEPILL\TXRF\Debug\TXRF.hex(1324): Expected device instantiation or directive here.
:1052A000002283F85020FB685B6D002B01D00123A6
^^^^^^^^^^^^^^^^^^^^^^^^^^^^^^^^^^^^^^^^^^^
Z:\home\kevin\STM32CubeIDE\CARRITOBLUEPILL\TXRF\Debug\TXRF.hex(1325): Expected device instantiation or directive here.
:1052B00000E0002318462837BD4680BD80B588B081
^^^^^^^^^^^^^^^^^^^^^^^^^^^^^^^^^^^^^^^^^^^
Z:\home\kevin\STM32CubeIDE\CARRITOBLUEPILL\TXRF\Debug\TXRF.hex(1326): Expected device instantiation or directive here.
:1052C00000AF78607B681B685B68FB617B681B686C
^^^^^^^^^^^^^^^^^^^^^^^^^^^^^^^^^^^^^^^^^^^
Z:\home\kevin\STM32CubeIDE\CARRITOBLUEPILL\TXRF\Debug\TXRF.hex(1327): Expected device instantiation or directive here.
:1052D0009B68BB61BB699B0903F00103002B0FD1E5
^^^^^^^^^^^^^^^^^^^^^^^^^^^^^^^^^^^^^^^^^^^
Z:\home\kevin\STM32CubeIDE\CARRITOBLUEPILL\TXRF\Debug\TXRF.hex(1328): Expected device instantiation or directive here.
:1052E000BB6903F00103002B0AD0FB699B0903F0A3
^^^^^^^^^^^^^^^^^^^^^^^^^^^^^^^^^^^^^^^^^^^
Z:\home\kevin\STM32CubeIDE\CARRITOBLUEPILL\TXRF\Debug\TXRF.hex(1329): Expected device instantiation or directive here.
:1052F0000103002B04D07B681B6C78689847BEE0E4
^^^^^^^^^^^^^^^^^^^^^^^^^^^^^^^^^^^^^^^^^^^
Z:\home\kevin\STM32CubeIDE\CARRITOBLUEPILL\TXRF\Debug\TXRF.hex(1330): Expected device instantiation or directive here.
:10530000BB695B0803F00103002B0AD0FB69DB09D2
^^^^^^^^^^^^^^^^^^^^^^^^^^^^^^^^^^^^^^^^^^^
Z:\home\kevin\STM32CubeIDE\CARRITOBLUEPILL\TXRF\Debug\TXRF.hex(1331): Expected device instantiation or directive here.
:1053100003F00103002B04D07B685B6C786898472E
^^^^^^^^^^^^^^^^^^^^^^^^^^^^^^^^^^^^^^^^^^^
Z:\home\kevin\STM32CubeIDE\CARRITOBLUEPILL\TXRF\Debug\TXRF.hex(1332): Expected device instantiation or directive here.
:10532000ADE0BB695B0903F00103002B06D1BB694B
^^^^^^^^^^^^^^^^^^^^^^^^^^^^^^^^^^^^^^^^^^^
Z:\home\kevin\STM32CubeIDE\CARRITOBLUEPILL\TXRF\Debug\TXRF.hex(1333): Expected device instantiation or directive here.
:105330009B0903F00103002B00F0A180FB695B09CE
^^^^^^^^^^^^^^^^^^^^^^^^^^^^^^^^^^^^^^^^^^^
Z:\home\kevin\STM32CubeIDE\CARRITOBLUEPILL\TXRF\Debug\TXRF.hex(1334): Expected device instantiation or directive here.
:1053400003F00103002B00F09A80BB699B0903F076
^^^^^^^^^^^^^^^^^^^^^^^^^^^^^^^^^^^^^^^^^^^
Z:\home\kevin\STM32CubeIDE\CARRITOBLUEPILL\TXRF\Debug\TXRF.hex(1335): Expected device instantiation or directive here.
:105350000103002B23D07B6893F85130DBB2032B81
^^^^^^^^^^^^^^^^^^^^^^^^^^^^^^^^^^^^^^^^^^^
Z:\home\kevin\STM32CubeIDE\CARRITOBLUEPILL\TXRF\Debug\TXRF.hex(1336): Expected device instantiation or directive here.
:1053600011D07B685B6D43F004027B685A650023B3
^^^^^^^^^^^^^^^^^^^^^^^^^^^^^^^^^^^^^^^^^^^
Z:\home\kevin\STM32CubeIDE\CARRITOBLUEPILL\TXRF\Debug\TXRF.hex(1337): Expected device instantiation or directive here.
:105370007B617B681B68DB687B617B681B689B6863
^^^^^^^^^^^^^^^^^^^^^^^^^^^^^^^^^^^^^^^^^^^
Z:\home\kevin\STM32CubeIDE\CARRITOBLUEPILL\TXRF\Debug\TXRF.hex(1338): Expected device instantiation or directive here.
:105380007B617B690BE000233B617B681B68DB680A
^^^^^^^^^^^^^^^^^^^^^^^^^^^^^^^^^^^^^^^^^^^
Z:\home\kevin\STM32CubeIDE\CARRITOBLUEPILL\TXRF\Debug\TXRF.hex(1339): Expected device instantiation or directive here.
:105390003B617B681B689B683B613B696FE0BB6955
^^^^^^^^^^^^^^^^^^^^^^^^^^^^^^^^^^^^^^^^^^^
Z:\home\kevin\STM32CubeIDE\CARRITOBLUEPILL\TXRF\Debug\TXRF.hex(1340): Expected device instantiation or directive here.
:1053A0005B0903F00103002B14D07B685B6D43F0B5
^^^^^^^^^^^^^^^^^^^^^^^^^^^^^^^^^^^^^^^^^^^
Z:\home\kevin\STM32CubeIDE\CARRITOBLUEPILL\TXRF\Debug\TXRF.hex(1341): Expected device instantiation or directive here.
:1053B00001027B685A650023FB607B681B689B6861
^^^^^^^^^^^^^^^^^^^^^^^^^^^^^^^^^^^^^^^^^^^
Z:\home\kevin\STM32CubeIDE\CARRITOBLUEPILL\TXRF\Debug\TXRF.hex(1342): Expected device instantiation or directive here.
:1053C000FB607B681B681A687B681B6822F04002E0
^^^^^^^^^^^^^^^^^^^^^^^^^^^^^^^^^^^^^^^^^^^
Z:\home\kevin\STM32CubeIDE\CARRITOBLUEPILL\TXRF\Debug\TXRF.hex(1343): Expected device instantiation or directive here.
:1053D0001A60FB687B685B6D002B4FD07B681B6895
^^^^^^^^^^^^^^^^^^^^^^^^^^^^^^^^^^^^^^^^^^^
Z:\home\kevin\STM32CubeIDE\CARRITOBLUEPILL\TXRF\Debug\TXRF.hex(1344): Expected device instantiation or directive here.
:1053E0005A687B681B6822F0E0025A607B680122E1
^^^^^^^^^^^^^^^^^^^^^^^^^^^^^^^^^^^^^^^^^^^
Z:\home\kevin\STM32CubeIDE\CARRITOBLUEPILL\TXRF\Debug\TXRF.hex(1345): Expected device instantiation or directive here.
:1053F00083F85120FB6903F00203002B04D1FB6901
^^^^^^^^^^^^^^^^^^^^^^^^^^^^^^^^^^^^^^^^^^^
Z:\home\kevin\STM32CubeIDE\CARRITOBLUEPILL\TXRF\Debug\TXRF.hex(1346): Expected device instantiation or directive here.
:1054000003F00103002B34D07B681B685A687B686B
^^^^^^^^^^^^^^^^^^^^^^^^^^^^^^^^^^^^^^^^^^^
Z:\home\kevin\STM32CubeIDE\CARRITOBLUEPILL\TXRF\Debug\TXRF.hex(1347): Expected device instantiation or directive here.
:105410001B6822F003025A607B68DB6C002B11D002
^^^^^^^^^^^^^^^^^^^^^^^^^^^^^^^^^^^^^^^^^^^
Z:\home\kevin\STM32CubeIDE\CARRITOBLUEPILL\TXRF\Debug\TXRF.hex(1348): Expected device instantiation or directive here.
:105420007B68DB6C174A5A637B68DB6C1846FDF7B8
^^^^^^^^^^^^^^^^^^^^^^^^^^^^^^^^^^^^^^^^^^^
Z:\home\kevin\STM32CubeIDE\CARRITOBLUEPILL\TXRF\Debug\TXRF.hex(1349): Expected device instantiation or directive here.
:1054300095FB0346002B05D07B685B6D43F0400273
^^^^^^^^^^^^^^^^^^^^^^^^^^^^^^^^^^^^^^^^^^^
Z:\home\kevin\STM32CubeIDE\CARRITOBLUEPILL\TXRF\Debug\TXRF.hex(1350): Expected device instantiation or directive here.
:105440007B685A657B689B6C002B16D07B689B6CD5
^^^^^^^^^^^^^^^^^^^^^^^^^^^^^^^^^^^^^^^^^^^
Z:\home\kevin\STM32CubeIDE\CARRITOBLUEPILL\TXRF\Debug\TXRF.hex(1351): Expected device instantiation or directive here.
:105450000C4A5A637B689B6C1846FDF77FFB03463A
^^^^^^^^^^^^^^^^^^^^^^^^^^^^^^^^^^^^^^^^^^^
Z:\home\kevin\STM32CubeIDE\CARRITOBLUEPILL\TXRF\Debug\TXRF.hex(1352): Expected device instantiation or directive here.
:10546000002B0AD07B685B6D43F040027B685A6575
^^^^^^^^^^^^^^^^^^^^^^^^^^^^^^^^^^^^^^^^^^^
Z:\home\kevin\STM32CubeIDE\CARRITOBLUEPILL\TXRF\Debug\TXRF.hex(1353): Expected device instantiation or directive here.
:1054700003E0786800F008F800E000BF00BF2037C4
^^^^^^^^^^^^^^^^^^^^^^^^^^^^^^^^^^^^^^^^^^^
Z:\home\kevin\STM32CubeIDE\CARRITOBLUEPILL\TXRF\Debug\TXRF.hex(1354): Expected device instantiation or directive here.
:10548000BD4680BD9B54000880B483B000AF7860F7
^^^^^^^^^^^^^^^^^^^^^^^^^^^^^^^^^^^^^^^^^^^
Z:\home\kevin\STM32CubeIDE\CARRITOBLUEPILL\TXRF\Debug\TXRF.hex(1355): Expected device instantiation or directive here.
:1054900000BF0C37BD4680BC704780B584B000AFFC
^^^^^^^^^^^^^^^^^^^^^^^^^^^^^^^^^^^^^^^^^^^
Z:\home\kevin\STM32CubeIDE\CARRITOBLUEPILL\TXRF\Debug\TXRF.hex(1356): Expected device instantiation or directive here.
:1054A00078607B685B6AFB60FB680022DA87FB68D8
^^^^^^^^^^^^^^^^^^^^^^^^^^^^^^^^^^^^^^^^^^^
Z:\home\kevin\STM32CubeIDE\CARRITOBLUEPILL\TXRF\Debug\TXRF.hex(1357): Expected device instantiation or directive here.
:1054B0000022DA86F868FFF7E7FF00BF1037BD4625
^^^^^^^^^^^^^^^^^^^^^^^^^^^^^^^^^^^^^^^^^^^
Z:\home\kevin\STM32CubeIDE\CARRITOBLUEPILL\TXRF\Debug\TXRF.hex(1358): Expected device instantiation or directive here.
:1054C00080BD000080B588B000AFF860B9603B6077
^^^^^^^^^^^^^^^^^^^^^^^^^^^^^^^^^^^^^^^^^^^
Z:\home\kevin\STM32CubeIDE\CARRITOBLUEPILL\TXRF\Debug\TXRF.hex(1359): Expected device instantiation or directive here.
:1054D0001346FB71FCF7E0FE0246BB6A9B1A3A6872
^^^^^^^^^^^^^^^^^^^^^^^^^^^^^^^^^^^^^^^^^^^
Z:\home\kevin\STM32CubeIDE\CARRITOBLUEPILL\TXRF\Debug\TXRF.hex(1360): Expected device instantiation or directive here.
:1054E0001344FB61FCF7D8FEB861394B1B685B01C4
^^^^^^^^^^^^^^^^^^^^^^^^^^^^^^^^^^^^^^^^^^^
Z:\home\kevin\STM32CubeIDE\CARRITOBLUEPILL\TXRF\Debug\TXRF.hex(1361): Expected device instantiation or directive here.
:1054F0001B0DFA6902FB03F37B6154E03B68B3F1D7
^^^^^^^^^^^^^^^^^^^^^^^^^^^^^^^^^^^^^^^^^^^
Z:\home\kevin\STM32CubeIDE\CARRITOBLUEPILL\TXRF\Debug\TXRF.hex(1362): Expected device instantiation or directive here.
:10550000FF3F50D0FCF7C8FE0246BB69D31AFA69C8
^^^^^^^^^^^^^^^^^^^^^^^^^^^^^^^^^^^^^^^^^^^
Z:\home\kevin\STM32CubeIDE\CARRITOBLUEPILL\TXRF\Debug\TXRF.hex(1363): Expected device instantiation or directive here.
:105510009A4202D9FB69002B3DD1FB681B685A688F
^^^^^^^^^^^^^^^^^^^^^^^^^^^^^^^^^^^^^^^^^^^
Z:\home\kevin\STM32CubeIDE\CARRITOBLUEPILL\TXRF\Debug\TXRF.hex(1364): Expected device instantiation or directive here.
:10552000FB681B6822F0E0025A60FB685B68B3F519
^^^^^^^^^^^^^^^^^^^^^^^^^^^^^^^^^^^^^^^^^^^
Z:\home\kevin\STM32CubeIDE\CARRITOBLUEPILL\TXRF\Debug\TXRF.hex(1365): Expected device instantiation or directive here.
:10553000827F11D1FB689B68B3F5004F04D0FB68F4
^^^^^^^^^^^^^^^^^^^^^^^^^^^^^^^^^^^^^^^^^^^
Z:\home\kevin\STM32CubeIDE\CARRITOBLUEPILL\TXRF\Debug\TXRF.hex(1366): Expected device instantiation or directive here.
:105540009B68B3F5806F07D1FB681B681A68FB681E
^^^^^^^^^^^^^^^^^^^^^^^^^^^^^^^^^^^^^^^^^^^
Z:\home\kevin\STM32CubeIDE\CARRITOBLUEPILL\TXRF\Debug\TXRF.hex(1367): Expected device instantiation or directive here.
:105550001B6822F040021A60FB689B6AB3F5005F8B
^^^^^^^^^^^^^^^^^^^^^^^^^^^^^^^^^^^^^^^^^^^
Z:\home\kevin\STM32CubeIDE\CARRITOBLUEPILL\TXRF\Debug\TXRF.hex(1368): Expected device instantiation or directive here.
:105560000FD1FB681B681A68FB681B6822F40052A5
^^^^^^^^^^^^^^^^^^^^^^^^^^^^^^^^^^^^^^^^^^^
Z:\home\kevin\STM32CubeIDE\CARRITOBLUEPILL\TXRF\Debug\TXRF.hex(1369): Expected device instantiation or directive here.
:105570001A60FB681B681A68FB681B6842F40052DB
^^^^^^^^^^^^^^^^^^^^^^^^^^^^^^^^^^^^^^^^^^^
Z:\home\kevin\STM32CubeIDE\CARRITOBLUEPILL\TXRF\Debug\TXRF.hex(1370): Expected device instantiation or directive here.
:105580001A60FB68012283F85120FB68002283F82F
^^^^^^^^^^^^^^^^^^^^^^^^^^^^^^^^^^^^^^^^^^^
Z:\home\kevin\STM32CubeIDE\CARRITOBLUEPILL\TXRF\Debug\TXRF.hex(1371): Expected device instantiation or directive here.
:105590005020032317E07B69002B01D10023FB611E
^^^^^^^^^^^^^^^^^^^^^^^^^^^^^^^^^^^^^^^^^^^
Z:\home\kevin\STM32CubeIDE\CARRITOBLUEPILL\TXRF\Debug\TXRF.hex(1372): Expected device instantiation or directive here.
:1055A0007B69013B7B61FB681B689A68BB681340A1
^^^^^^^^^^^^^^^^^^^^^^^^^^^^^^^^^^^^^^^^^^^
Z:\home\kevin\STM32CubeIDE\CARRITOBLUEPILL\TXRF\Debug\TXRF.hex(1373): Expected device instantiation or directive here.
:1055B000BA689A420CBF01230023DBB21A46FB797A
^^^^^^^^^^^^^^^^^^^^^^^^^^^^^^^^^^^^^^^^^^^
Z:\home\kevin\STM32CubeIDE\CARRITOBLUEPILL\TXRF\Debug\TXRF.hex(1374): Expected device instantiation or directive here.
:1055C0009A429BD1002318462037BD4680BD00BFBC
^^^^^^^^^^^^^^^^^^^^^^^^^^^^^^^^^^^^^^^^^^^
Z:\home\kevin\STM32CubeIDE\CARRITOBLUEPILL\TXRF\Debug\TXRF.hex(1375): Expected device instantiation or directive here.
:1055D0000800002080B586B002AFF860B9607A603C
^^^^^^^^^^^^^^^^^^^^^^^^^^^^^^^^^^^^^^^^^^^
Z:\home\kevin\STM32CubeIDE\CARRITOBLUEPILL\TXRF\Debug\TXRF.hex(1376): Expected device instantiation or directive here.
:1055E000FB685B68B3F5827F11D1FB689B68B3F5FC
^^^^^^^^^^^^^^^^^^^^^^^^^^^^^^^^^^^^^^^^^^^
Z:\home\kevin\STM32CubeIDE\CARRITOBLUEPILL\TXRF\Debug\TXRF.hex(1377): Expected device instantiation or directive here.
:1055F000004F04D0FB689B68B3F5806F07D1FB6850
^^^^^^^^^^^^^^^^^^^^^^^^^^^^^^^^^^^^^^^^^^^
Z:\home\kevin\STM32CubeIDE\CARRITOBLUEPILL\TXRF\Debug\TXRF.hex(1378): Expected device instantiation or directive here.
:105600001B681A68FB681B6822F040021A60FB687E
^^^^^^^^^^^^^^^^^^^^^^^^^^^^^^^^^^^^^^^^^^^
Z:\home\kevin\STM32CubeIDE\CARRITOBLUEPILL\TXRF\Debug\TXRF.hex(1379): Expected device instantiation or directive here.
:105610005B68B3F5827F17D1FB689B68B3F5806F39
^^^^^^^^^^^^^^^^^^^^^^^^^^^^^^^^^^^^^^^^^^^
Z:\home\kevin\STM32CubeIDE\CARRITOBLUEPILL\TXRF\Debug\TXRF.hex(1380): Expected device instantiation or directive here.
:1056200012D17B680093BB6800220121F868FFF764
^^^^^^^^^^^^^^^^^^^^^^^^^^^^^^^^^^^^^^^^^^^
Z:\home\kevin\STM32CubeIDE\CARRITOBLUEPILL\TXRF\Debug\TXRF.hex(1381): Expected device instantiation or directive here.
:1056300049FF0346002B1AD0FB685B6D43F0200244
^^^^^^^^^^^^^^^^^^^^^^^^^^^^^^^^^^^^^^^^^^^
Z:\home\kevin\STM32CubeIDE\CARRITOBLUEPILL\TXRF\Debug\TXRF.hex(1382): Expected device instantiation or directive here.
:10564000FB685A65032313E07B680093BB68002264
^^^^^^^^^^^^^^^^^^^^^^^^^^^^^^^^^^^^^^^^^^^
Z:\home\kevin\STM32CubeIDE\CARRITOBLUEPILL\TXRF\Debug\TXRF.hex(1383): Expected device instantiation or directive here.
:105650008021F868FFF736FF0346002B07D0FB6870
^^^^^^^^^^^^^^^^^^^^^^^^^^^^^^^^^^^^^^^^^^^
Z:\home\kevin\STM32CubeIDE\CARRITOBLUEPILL\TXRF\Debug\TXRF.hex(1384): Expected device instantiation or directive here.
:105660005B6D43F02002FB685A65032300E00023D2
^^^^^^^^^^^^^^^^^^^^^^^^^^^^^^^^^^^^^^^^^^^
Z:\home\kevin\STM32CubeIDE\CARRITOBLUEPILL\TXRF\Debug\TXRF.hex(1385): Expected device instantiation or directive here.
:1056700018461037BD4680BD80B586B002AFF860D1
^^^^^^^^^^^^^^^^^^^^^^^^^^^^^^^^^^^^^^^^^^^
Z:\home\kevin\STM32CubeIDE\CARRITOBLUEPILL\TXRF\Debug\TXRF.hex(1386): Expected device instantiation or directive here.
:10568000B9607A607B680093BB6801220221F868E8
^^^^^^^^^^^^^^^^^^^^^^^^^^^^^^^^^^^^^^^^^^^
Z:\home\kevin\STM32CubeIDE\CARRITOBLUEPILL\TXRF\Debug\TXRF.hex(1387): Expected device instantiation or directive here.
:10569000FFF718FF0346002B07D0FB685B6D43F054
^^^^^^^^^^^^^^^^^^^^^^^^^^^^^^^^^^^^^^^^^^^
Z:\home\kevin\STM32CubeIDE\CARRITOBLUEPILL\TXRF\Debug\TXRF.hex(1388): Expected device instantiation or directive here.
:1056A0002002FB685A65032313E07B680093BB6804
^^^^^^^^^^^^^^^^^^^^^^^^^^^^^^^^^^^^^^^^^^^
Z:\home\kevin\STM32CubeIDE\CARRITOBLUEPILL\TXRF\Debug\TXRF.hex(1389): Expected device instantiation or directive here.
:1056B00000228021F868FFF705FF0346002B07D082
^^^^^^^^^^^^^^^^^^^^^^^^^^^^^^^^^^^^^^^^^^^
Z:\home\kevin\STM32CubeIDE\CARRITOBLUEPILL\TXRF\Debug\TXRF.hex(1390): Expected device instantiation or directive here.
:1056C000FB685B6D43F02002FB685A65032300E032
^^^^^^^^^^^^^^^^^^^^^^^^^^^^^^^^^^^^^^^^^^^
Z:\home\kevin\STM32CubeIDE\CARRITOBLUEPILL\TXRF\Debug\TXRF.hex(1391): Expected device instantiation or directive here.
:1056D000002318461037BD4680BD80B582B000AFAC
^^^^^^^^^^^^^^^^^^^^^^^^^^^^^^^^^^^^^^^^^^^
Z:\home\kevin\STM32CubeIDE\CARRITOBLUEPILL\TXRF\Debug\TXRF.hex(1392): Expected device instantiation or directive here.
:1056E00078607B68002B01D1012342E07B6893F84E
^^^^^^^^^^^^^^^^^^^^^^^^^^^^^^^^^^^^^^^^^^^
Z:\home\kevin\STM32CubeIDE\CARRITOBLUEPILL\TXRF\Debug\TXRF.hex(1393): Expected device instantiation or directive here.
:1056F0004130DBB2002B06D17B68002283F84020CA
^^^^^^^^^^^^^^^^^^^^^^^^^^^^^^^^^^^^^^^^^^^
Z:\home\kevin\STM32CubeIDE\CARRITOBLUEPILL\TXRF\Debug\TXRF.hex(1394): Expected device instantiation or directive here.
:105700007868FCF703FC7B68242283F841207B68DF
^^^^^^^^^^^^^^^^^^^^^^^^^^^^^^^^^^^^^^^^^^^
Z:\home\kevin\STM32CubeIDE\CARRITOBLUEPILL\TXRF\Debug\TXRF.hex(1395): Expected device instantiation or directive here.
:105710001B68DA687B681B6822F40052DA607868DC
^^^^^^^^^^^^^^^^^^^^^^^^^^^^^^^^^^^^^^^^^^^
Z:\home\kevin\STM32CubeIDE\CARRITOBLUEPILL\TXRF\Debug\TXRF.hex(1396): Expected device instantiation or directive here.
:1057200000F072F97B681B681A697B681B6822F4B9
^^^^^^^^^^^^^^^^^^^^^^^^^^^^^^^^^^^^^^^^^^^
Z:\home\kevin\STM32CubeIDE\CARRITOBLUEPILL\TXRF\Debug\TXRF.hex(1397): Expected device instantiation or directive here.
:1057300090421A617B681B685A697B681B6822F07B
^^^^^^^^^^^^^^^^^^^^^^^^^^^^^^^^^^^^^^^^^^^
Z:\home\kevin\STM32CubeIDE\CARRITOBLUEPILL\TXRF\Debug\TXRF.hex(1398): Expected device instantiation or directive here.
:105740002A025A617B681B68DA687B681B6842F42E
^^^^^^^^^^^^^^^^^^^^^^^^^^^^^^^^^^^^^^^^^^^
Z:\home\kevin\STM32CubeIDE\CARRITOBLUEPILL\TXRF\Debug\TXRF.hex(1399): Expected device instantiation or directive here.
:105750000052DA607B6800225A647B68202283F85A
^^^^^^^^^^^^^^^^^^^^^^^^^^^^^^^^^^^^^^^^^^^
Z:\home\kevin\STM32CubeIDE\CARRITOBLUEPILL\TXRF\Debug\TXRF.hex(1400): Expected device instantiation or directive here.
:1057600041207B68202283F842207B6800225A6314
^^^^^^^^^^^^^^^^^^^^^^^^^^^^^^^^^^^^^^^^^^^
Z:\home\kevin\STM32CubeIDE\CARRITOBLUEPILL\TXRF\Debug\TXRF.hex(1401): Expected device instantiation or directive here.
:10577000002318460837BD4680BD80B58AB002AF09
^^^^^^^^^^^^^^^^^^^^^^^^^^^^^^^^^^^^^^^^^^^
Z:\home\kevin\STM32CubeIDE\CARRITOBLUEPILL\TXRF\Debug\TXRF.hex(1402): Expected device instantiation or directive here.
:10578000F860B9603B601346FB8000237B61FB68D7
^^^^^^^^^^^^^^^^^^^^^^^^^^^^^^^^^^^^^^^^^^^
Z:\home\kevin\STM32CubeIDE\CARRITOBLUEPILL\TXRF\Debug\TXRF.hex(1403): Expected device instantiation or directive here.
:1057900093F84130DBB2202B75D1BB68002B02D0CF
^^^^^^^^^^^^^^^^^^^^^^^^^^^^^^^^^^^^^^^^^^^
Z:\home\kevin\STM32CubeIDE\CARRITOBLUEPILL\TXRF\Debug\TXRF.hex(1404): Expected device instantiation or directive here.
:1057A000FB88002B01D101236EE0FB6800225A64C4
^^^^^^^^^^^^^^^^^^^^^^^^^^^^^^^^^^^^^^^^^^^
Z:\home\kevin\STM32CubeIDE\CARRITOBLUEPILL\TXRF\Debug\TXRF.hex(1405): Expected device instantiation or directive here.
:1057B000FB68212283F84120FCF76EFD7861FB68CD
^^^^^^^^^^^^^^^^^^^^^^^^^^^^^^^^^^^^^^^^^^^
Z:\home\kevin\STM32CubeIDE\CARRITOBLUEPILL\TXRF\Debug\TXRF.hex(1406): Expected device instantiation or directive here.
:1057C000FA889A84FB68FA88DA84FB689B68B3F5E8
^^^^^^^^^^^^^^^^^^^^^^^^^^^^^^^^^^^^^^^^^^^
Z:\home\kevin\STM32CubeIDE\CARRITOBLUEPILL\TXRF\Debug\TXRF.hex(1407): Expected device instantiation or directive here.
:1057D000805F08D1FB681B69002B04D10023FB61AB
^^^^^^^^^^^^^^^^^^^^^^^^^^^^^^^^^^^^^^^^^^^
Z:\home\kevin\STM32CubeIDE\CARRITOBLUEPILL\TXRF\Debug\TXRF.hex(1408): Expected device instantiation or directive here.
:1057E000BB68BB6103E0BB68FB610023BB612EE0CB
^^^^^^^^^^^^^^^^^^^^^^^^^^^^^^^^^^^^^^^^^^^
Z:\home\kevin\STM32CubeIDE\CARRITOBLUEPILL\TXRF\Debug\TXRF.hex(1409): Expected device instantiation or directive here.
:1057F0003B6800937B6900228021F86800F048F83C
^^^^^^^^^^^^^^^^^^^^^^^^^^^^^^^^^^^^^^^^^^^
Z:\home\kevin\STM32CubeIDE\CARRITOBLUEPILL\TXRF\Debug\TXRF.hex(1410): Expected device instantiation or directive here.
:105800000346002B05D0FB68202283F841200323A8
^^^^^^^^^^^^^^^^^^^^^^^^^^^^^^^^^^^^^^^^^^^
Z:\home\kevin\STM32CubeIDE\CARRITOBLUEPILL\TXRF\Debug\TXRF.hex(1411): Expected device instantiation or directive here.
:105810003AE0FB69002B0BD1BB691B881A46FB6879
^^^^^^^^^^^^^^^^^^^^^^^^^^^^^^^^^^^^^^^^^^^
Z:\home\kevin\STM32CubeIDE\CARRITOBLUEPILL\TXRF\Debug\TXRF.hex(1412): Expected device instantiation or directive here.
:105820001B68C2F308025A60BB690233BB6107E020
^^^^^^^^^^^^^^^^^^^^^^^^^^^^^^^^^^^^^^^^^^^
Z:\home\kevin\STM32CubeIDE\CARRITOBLUEPILL\TXRF\Debug\TXRF.hex(1413): Expected device instantiation or directive here.
:10583000FB691A78FB681B685A60FB690133FB61DE
^^^^^^^^^^^^^^^^^^^^^^^^^^^^^^^^^^^^^^^^^^^
Z:\home\kevin\STM32CubeIDE\CARRITOBLUEPILL\TXRF\Debug\TXRF.hex(1414): Expected device instantiation or directive here.
:10584000FB68DB8C9BB2013B9AB2FB68DA84FB6895
^^^^^^^^^^^^^^^^^^^^^^^^^^^^^^^^^^^^^^^^^^^
Z:\home\kevin\STM32CubeIDE\CARRITOBLUEPILL\TXRF\Debug\TXRF.hex(1415): Expected device instantiation or directive here.
:10585000DB8C9BB2002BCBD13B6800937B69002291
^^^^^^^^^^^^^^^^^^^^^^^^^^^^^^^^^^^^^^^^^^^
Z:\home\kevin\STM32CubeIDE\CARRITOBLUEPILL\TXRF\Debug\TXRF.hex(1416): Expected device instantiation or directive here.
:105860004021F86800F014F80346002B05D0FB68CF
^^^^^^^^^^^^^^^^^^^^^^^^^^^^^^^^^^^^^^^^^^^
Z:\home\kevin\STM32CubeIDE\CARRITOBLUEPILL\TXRF\Debug\TXRF.hex(1417): Expected device instantiation or directive here.
:10587000202283F84120032306E0FB68202283F8DE
^^^^^^^^^^^^^^^^^^^^^^^^^^^^^^^^^^^^^^^^^^^
Z:\home\kevin\STM32CubeIDE\CARRITOBLUEPILL\TXRF\Debug\TXRF.hex(1418): Expected device instantiation or directive here.
:105880004120002300E0022318462037BD4680BD9A
^^^^^^^^^^^^^^^^^^^^^^^^^^^^^^^^^^^^^^^^^^^
Z:\home\kevin\STM32CubeIDE\CARRITOBLUEPILL\TXRF\Debug\TXRF.hex(1419): Expected device instantiation or directive here.
:1058900080B586B000AFF860B9603B601346FB711D
^^^^^^^^^^^^^^^^^^^^^^^^^^^^^^^^^^^^^^^^^^^
Z:\home\kevin\STM32CubeIDE\CARRITOBLUEPILL\TXRF\Debug\TXRF.hex(1420): Expected device instantiation or directive here.
:1058A0003BE03B6AB3F1FF3F37D0FCF7F5FC024623
^^^^^^^^^^^^^^^^^^^^^^^^^^^^^^^^^^^^^^^^^^^
Z:\home\kevin\STM32CubeIDE\CARRITOBLUEPILL\TXRF\Debug\TXRF.hex(1421): Expected device instantiation or directive here.
:1058B0003B68D31A3A6A9A4202D33B6A002B01D161
^^^^^^^^^^^^^^^^^^^^^^^^^^^^^^^^^^^^^^^^^^^
Z:\home\kevin\STM32CubeIDE\CARRITOBLUEPILL\TXRF\Debug\TXRF.hex(1422): Expected device instantiation or directive here.
:1058C00003233AE0FB681B68DB6803F00403002B4A
^^^^^^^^^^^^^^^^^^^^^^^^^^^^^^^^^^^^^^^^^^^
Z:\home\kevin\STM32CubeIDE\CARRITOBLUEPILL\TXRF\Debug\TXRF.hex(1423): Expected device instantiation or directive here.
:1058D00023D0BB68802B20D0BB68402B1DD0FB6839
^^^^^^^^^^^^^^^^^^^^^^^^^^^^^^^^^^^^^^^^^^^
Z:\home\kevin\STM32CubeIDE\CARRITOBLUEPILL\TXRF\Debug\TXRF.hex(1424): Expected device instantiation or directive here.
:1058E0001B681B6803F00803082B16D100237B619B
^^^^^^^^^^^^^^^^^^^^^^^^^^^^^^^^^^^^^^^^^^^
Z:\home\kevin\STM32CubeIDE\CARRITOBLUEPILL\TXRF\Debug\TXRF.hex(1425): Expected device instantiation or directive here.
:1058F000FB681B681B687B61FB681B685B687B61DE
^^^^^^^^^^^^^^^^^^^^^^^^^^^^^^^^^^^^^^^^^^^
Z:\home\kevin\STM32CubeIDE\CARRITOBLUEPILL\TXRF\Debug\TXRF.hex(1426): Expected device instantiation or directive here.
:105900007B69F86800F01DF8FB6808225A64FB68A0
^^^^^^^^^^^^^^^^^^^^^^^^^^^^^^^^^^^^^^^^^^^
Z:\home\kevin\STM32CubeIDE\CARRITOBLUEPILL\TXRF\Debug\TXRF.hex(1427): Expected device instantiation or directive here.
:10591000002283F8402001230FE0FB681B681A680F
^^^^^^^^^^^^^^^^^^^^^^^^^^^^^^^^^^^^^^^^^^^
Z:\home\kevin\STM32CubeIDE\CARRITOBLUEPILL\TXRF\Debug\TXRF.hex(1428): Expected device instantiation or directive here.
:10592000BB681340BA689A420CBF01230023DBB264
^^^^^^^^^^^^^^^^^^^^^^^^^^^^^^^^^^^^^^^^^^^
Z:\home\kevin\STM32CubeIDE\CARRITOBLUEPILL\TXRF\Debug\TXRF.hex(1429): Expected device instantiation or directive here.
:105930001A46FB799A42B4D0002318461837BD4660
^^^^^^^^^^^^^^^^^^^^^^^^^^^^^^^^^^^^^^^^^^^
Z:\home\kevin\STM32CubeIDE\CARRITOBLUEPILL\TXRF\Debug\TXRF.hex(1430): Expected device instantiation or directive here.
:1059400080BD80B495B000AF78607B681B680C3375
^^^^^^^^^^^^^^^^^^^^^^^^^^^^^^^^^^^^^^^^^^^
Z:\home\kevin\STM32CubeIDE\CARRITOBLUEPILL\TXRF\Debug\TXRF.hex(1431): Expected device instantiation or directive here.
:105950007B637B6B53E8003F3B633B6B23F49073AB
^^^^^^^^^^^^^^^^^^^^^^^^^^^^^^^^^^^^^^^^^^^
Z:\home\kevin\STM32CubeIDE\CARRITOBLUEPILL\TXRF\Debug\TXRF.hex(1432): Expected device instantiation or directive here.
:10596000FB647B681B680C33FA6C3A64FB63F96B6D
^^^^^^^^^^^^^^^^^^^^^^^^^^^^^^^^^^^^^^^^^^^
Z:\home\kevin\STM32CubeIDE\CARRITOBLUEPILL\TXRF\Debug\TXRF.hex(1433): Expected device instantiation or directive here.
:105970003A6C41E80023BB63BB6B002BE5D17B682D
^^^^^^^^^^^^^^^^^^^^^^^^^^^^^^^^^^^^^^^^^^^
Z:\home\kevin\STM32CubeIDE\CARRITOBLUEPILL\TXRF\Debug\TXRF.hex(1434): Expected device instantiation or directive here.
:105980001B6814333B623B6A53E8003FFB61FB69D1
^^^^^^^^^^^^^^^^^^^^^^^^^^^^^^^^^^^^^^^^^^^
Z:\home\kevin\STM32CubeIDE\CARRITOBLUEPILL\TXRF\Debug\TXRF.hex(1435): Expected device instantiation or directive here.
:1059900023F00103BB647B681B681433BA6CFA62A2
^^^^^^^^^^^^^^^^^^^^^^^^^^^^^^^^^^^^^^^^^^^
Z:\home\kevin\STM32CubeIDE\CARRITOBLUEPILL\TXRF\Debug\TXRF.hex(1436): Expected device instantiation or directive here.
:1059A000BB62B96AFA6A41E800237B627B6A002B1A
^^^^^^^^^^^^^^^^^^^^^^^^^^^^^^^^^^^^^^^^^^^
Z:\home\kevin\STM32CubeIDE\CARRITOBLUEPILL\TXRF\Debug\TXRF.hex(1437): Expected device instantiation or directive here.
:1059B000E5D17B681B6B012B19D17B681B680C330D
^^^^^^^^^^^^^^^^^^^^^^^^^^^^^^^^^^^^^^^^^^^
Z:\home\kevin\STM32CubeIDE\CARRITOBLUEPILL\TXRF\Debug\TXRF.hex(1438): Expected device instantiation or directive here.
:1059C000FB60FB6853E8003FBB60BB6823F010033B
^^^^^^^^^^^^^^^^^^^^^^^^^^^^^^^^^^^^^^^^^^^
Z:\home\kevin\STM32CubeIDE\CARRITOBLUEPILL\TXRF\Debug\TXRF.hex(1439): Expected device instantiation or directive here.
:1059D0007B647B681B680C337A6CBA617B61796984
^^^^^^^^^^^^^^^^^^^^^^^^^^^^^^^^^^^^^^^^^^^
Z:\home\kevin\STM32CubeIDE\CARRITOBLUEPILL\TXRF\Debug\TXRF.hex(1440): Expected device instantiation or directive here.
:1059E000BA6941E800233B613B69002BE5D17B6844
^^^^^^^^^^^^^^^^^^^^^^^^^^^^^^^^^^^^^^^^^^^
Z:\home\kevin\STM32CubeIDE\CARRITOBLUEPILL\TXRF\Debug\TXRF.hex(1441): Expected device instantiation or directive here.
:1059F000202283F842207B6800221A6300BF5437BC
^^^^^^^^^^^^^^^^^^^^^^^^^^^^^^^^^^^^^^^^^^^
Z:\home\kevin\STM32CubeIDE\CARRITOBLUEPILL\TXRF\Debug\TXRF.hex(1442): Expected device instantiation or directive here.
:105A0000BD4680BC7047000080B584B000AF7860B0
^^^^^^^^^^^^^^^^^^^^^^^^^^^^^^^^^^^^^^^^^^^
Z:\home\kevin\STM32CubeIDE\CARRITOBLUEPILL\TXRF\Debug\TXRF.hex(1443): Expected device instantiation or directive here.
:105A10007B681B681B6923F440517B68DA687B68EC
^^^^^^^^^^^^^^^^^^^^^^^^^^^^^^^^^^^^^^^^^^^
Z:\home\kevin\STM32CubeIDE\CARRITOBLUEPILL\TXRF\Debug\TXRF.hex(1444): Expected device instantiation or directive here.
:105A20001B680A431A617B689A687B681B691A4382
^^^^^^^^^^^^^^^^^^^^^^^^^^^^^^^^^^^^^^^^^^^
Z:\home\kevin\STM32CubeIDE\CARRITOBLUEPILL\TXRF\Debug\TXRF.hex(1445): Expected device instantiation or directive here.
:105A30007B685B691343BB607B681B68DB6823F48E
^^^^^^^^^^^^^^^^^^^^^^^^^^^^^^^^^^^^^^^^^^^
Z:\home\kevin\STM32CubeIDE\CARRITOBLUEPILL\TXRF\Debug\TXRF.hex(1446): Expected device instantiation or directive here.
:105A4000B05323F00C037A681268B9680B43D36033
^^^^^^^^^^^^^^^^^^^^^^^^^^^^^^^^^^^^^^^^^^^
Z:\home\kevin\STM32CubeIDE\CARRITOBLUEPILL\TXRF\Debug\TXRF.hex(1447): Expected device instantiation or directive here.
:105A50007B681B685B6923F440717B689A697B688B
^^^^^^^^^^^^^^^^^^^^^^^^^^^^^^^^^^^^^^^^^^^
Z:\home\kevin\STM32CubeIDE\CARRITOBLUEPILL\TXRF\Debug\TXRF.hex(1448): Expected device instantiation or directive here.
:105A60001B680A435A617B681B682C4A934203D126
^^^^^^^^^^^^^^^^^^^^^^^^^^^^^^^^^^^^^^^^^^^
Z:\home\kevin\STM32CubeIDE\CARRITOBLUEPILL\TXRF\Debug\TXRF.hex(1449): Expected device instantiation or directive here.
:105A7000FEF7B2FEF86002E0FEF79AFEF860FA6800
^^^^^^^^^^^^^^^^^^^^^^^^^^^^^^^^^^^^^^^^^^^
Z:\home\kevin\STM32CubeIDE\CARRITOBLUEPILL\TXRF\Debug\TXRF.hex(1450): Expected device instantiation or directive here.
:105A800013469B0013449A001A447B685B689B0092
^^^^^^^^^^^^^^^^^^^^^^^^^^^^^^^^^^^^^^^^^^^
Z:\home\kevin\STM32CubeIDE\CARRITOBLUEPILL\TXRF\Debug\TXRF.hex(1451): Expected device instantiation or directive here.
:105A9000B2FBF3F3224AA2FB03235B091901FA6864
^^^^^^^^^^^^^^^^^^^^^^^^^^^^^^^^^^^^^^^^^^^
Z:\home\kevin\STM32CubeIDE\CARRITOBLUEPILL\TXRF\Debug\TXRF.hex(1452): Expected device instantiation or directive here.
:105AA00013469B0013449A001A447B685B689B0072
^^^^^^^^^^^^^^^^^^^^^^^^^^^^^^^^^^^^^^^^^^^
Z:\home\kevin\STM32CubeIDE\CARRITOBLUEPILL\TXRF\Debug\TXRF.hex(1453): Expected device instantiation or directive here.
:105AB000B2FBF3F21A4BA3FB02035B09642000FB69
^^^^^^^^^^^^^^^^^^^^^^^^^^^^^^^^^^^^^^^^^^^
Z:\home\kevin\STM32CubeIDE\CARRITOBLUEPILL\TXRF\Debug\TXRF.hex(1454): Expected device instantiation or directive here.
:105AC00003F3D31A1B013233154AA2FB03235B09EC
^^^^^^^^^^^^^^^^^^^^^^^^^^^^^^^^^^^^^^^^^^^
Z:\home\kevin\STM32CubeIDE\CARRITOBLUEPILL\TXRF\Debug\TXRF.hex(1455): Expected device instantiation or directive here.
:105AD00003F0F0031944FA6813469B0013449A003C
^^^^^^^^^^^^^^^^^^^^^^^^^^^^^^^^^^^^^^^^^^^
Z:\home\kevin\STM32CubeIDE\CARRITOBLUEPILL\TXRF\Debug\TXRF.hex(1456): Expected device instantiation or directive here.
:105AE0001A447B685B689B00B2FBF3F20C4BA3FB90
^^^^^^^^^^^^^^^^^^^^^^^^^^^^^^^^^^^^^^^^^^^
Z:\home\kevin\STM32CubeIDE\CARRITOBLUEPILL\TXRF\Debug\TXRF.hex(1457): Expected device instantiation or directive here.
:105AF00002035B09642000FB03F3D31A1B0132335A
^^^^^^^^^^^^^^^^^^^^^^^^^^^^^^^^^^^^^^^^^^^
Z:\home\kevin\STM32CubeIDE\CARRITOBLUEPILL\TXRF\Debug\TXRF.hex(1458): Expected device instantiation or directive here.
:105B0000074AA2FB03235B0903F00F027B681B68B3
^^^^^^^^^^^^^^^^^^^^^^^^^^^^^^^^^^^^^^^^^^^
Z:\home\kevin\STM32CubeIDE\CARRITOBLUEPILL\TXRF\Debug\TXRF.hex(1459): Expected device instantiation or directive here.
:105B10000A449A6000BF1037BD4680BD003801407E
^^^^^^^^^^^^^^^^^^^^^^^^^^^^^^^^^^^^^^^^^^^
Z:\home\kevin\STM32CubeIDE\CARRITOBLUEPILL\TXRF\Debug\TXRF.hex(1460): Expected device instantiation or directive here.
:105B20001F85EB51002B2DE9F0471D46BBBF03F14C
^^^^^^^^^^^^^^^^^^^^^^^^^^^^^^^^^^^^^^^^^^^
Z:\home\kevin\STM32CubeIDE\CARRITOBLUEPILL\TXRF\Debug\TXRF.hex(1461): Expected device instantiation or directive here.
:105B300000431D4600232D2388B01446B8BF1446E9
^^^^^^^^^^^^^^^^^^^^^^^^^^^^^^^^^^^^^^^^^^^
Z:\home\kevin\STM32CubeIDE\CARRITOBLUEPILL\TXRF\Debug\TXRF.hex(1462): Expected device instantiation or directive here.
:105B4000129A109E1370149BDDF84CA023F02008CD
^^^^^^^^^^^^^^^^^^^^^^^^^^^^^^^^^^^^^^^^^^^
Z:\home\kevin\STM32CubeIDE\CARRITOBLUEPILL\TXRF\Debug\TXRF.hex(1463): Expected device instantiation or directive here.
:105B5000B8F1460F05D0B8F1450F00D10136022348
^^^^^^^^^^^^^^^^^^^^^^^^^^^^^^^^^^^^^^^^^^^
Z:\home\kevin\STM32CubeIDE\CARRITOBLUEPILL\TXRF\Debug\TXRF.hex(1464): Expected device instantiation or directive here.
:105B600000E0032307AA049206AACDE902A2CDE928
^^^^^^^^^^^^^^^^^^^^^^^^^^^^^^^^^^^^^^^^^^^
Z:\home\kevin\STM32CubeIDE\CARRITOBLUEPILL\TXRF\Debug\TXRF.hex(1465): Expected device instantiation or directive here.
:105B7000003622462B4600F083FEB8F1470F074659
^^^^^^^^^^^^^^^^^^^^^^^^^^^^^^^^^^^^^^^^^^^
Z:\home\kevin\STM32CubeIDE\CARRITOBLUEPILL\TXRF\Debug\TXRF.hex(1466): Expected device instantiation or directive here.
:105B800019D1119BDB070ED500EB0609002200237B
^^^^^^^^^^^^^^^^^^^^^^^^^^^^^^^^^^^^^^^^^^^
Z:\home\kevin\STM32CubeIDE\CARRITOBLUEPILL\TXRF\Debug\TXRF.hex(1467): Expected device instantiation or directive here.
:105B900020462946FAF708FF08B1CDF81C903022BC
^^^^^^^^^^^^^^^^^^^^^^^^^^^^^^^^^^^^^^^^^^^
Z:\home\kevin\STM32CubeIDE\CARRITOBLUEPILL\TXRF\Debug\TXRF.hex(1468): Expected device instantiation or directive here.
:105BA000079B4B451ED33846079B159ADB1B13609A
^^^^^^^^^^^^^^^^^^^^^^^^^^^^^^^^^^^^^^^^^^^
Z:\home\kevin\STM32CubeIDE\CARRITOBLUEPILL\TXRF\Debug\TXRF.hex(1469): Expected device instantiation or directive here.
:105BB00008B0BDE8F087B8F1460F00EB0609E5D163
^^^^^^^^^^^^^^^^^^^^^^^^^^^^^^^^^^^^^^^^^^^
Z:\home\kevin\STM32CubeIDE\CARRITOBLUEPILL\TXRF\Debug\TXRF.hex(1470): Expected device instantiation or directive here.
:105BC0000378302B0AD10022002320462946FAF719
^^^^^^^^^^^^^^^^^^^^^^^^^^^^^^^^^^^^^^^^^^^
Z:\home\kevin\STM32CubeIDE\CARRITOBLUEPILL\TXRF\Debug\TXRF.hex(1471): Expected device instantiation or directive here.
:105BD000EBFE18B9C6F10106CAF80060DAF8003029
^^^^^^^^^^^^^^^^^^^^^^^^^^^^^^^^^^^^^^^^^^^
Z:\home\kevin\STM32CubeIDE\CARRITOBLUEPILL\TXRF\Debug\TXRF.hex(1472): Expected device instantiation or directive here.
:105BE0009944D3E7591C07911A70D9E7F7B50029F2
^^^^^^^^^^^^^^^^^^^^^^^^^^^^^^^^^^^^^^^^^^^
Z:\home\kevin\STM32CubeIDE\CARRITOBLUEPILL\TXRF\Debug\TXRF.hex(1473): Expected device instantiation or directive here.
:105BF000B6BF2D232B23494209290270437029DDAA
^^^^^^^^^^^^^^^^^^^^^^^^^^^^^^^^^^^^^^^^^^^
Z:\home\kevin\STM32CubeIDE\CARRITOBLUEPILL\TXRF\Debug\TXRF.hex(1474): Expected device instantiation or directive here.
:105C00000DF107031D460A27B1FBF7F61A4607FBFD
^^^^^^^^^^^^^^^^^^^^^^^^^^^^^^^^^^^^^^^^^^^
Z:\home\kevin\STM32CubeIDE\CARRITOBLUEPILL\TXRF\Debug\TXRF.hex(1475): Expected device instantiation or directive here.
:105C10001614303402F8014C0C46632C314603F163
^^^^^^^^^^^^^^^^^^^^^^^^^^^^^^^^^^^^^^^^^^^
Z:\home\kevin\STM32CubeIDE\CARRITOBLUEPILL\TXRF\Debug\TXRF.hex(1476): Expected device instantiation or directive here.
:105C2000FF33F1DC3031941E03F8011C2346411C84
^^^^^^^^^^^^^^^^^^^^^^^^^^^^^^^^^^^^^^^^^^^
Z:\home\kevin\STM32CubeIDE\CARRITOBLUEPILL\TXRF\Debug\TXRF.hex(1477): Expected device instantiation or directive here.
:105C3000AB420AD30DF109039B1AAC4288BF002383
^^^^^^^^^^^^^^^^^^^^^^^^^^^^^^^^^^^^^^^^^^^
Z:\home\kevin\STM32CubeIDE\CARRITOBLUEPILL\TXRF\Debug\TXRF.hex(1478): Expected device instantiation or directive here.
:105C400002330344181A03B0F0BD13F8016B01F8D6
^^^^^^^^^^^^^^^^^^^^^^^^^^^^^^^^^^^^^^^^^^^
Z:\home\kevin\STM32CubeIDE\CARRITOBLUEPILL\TXRF\Debug\TXRF.hex(1479): Expected device instantiation or directive here.
:105C5000016FEDE7302330318370C170031DF1E730
^^^^^^^^^^^^^^^^^^^^^^^^^^^^^^^^^^^^^^^^^^^
Z:\home\kevin\STM32CubeIDE\CARRITOBLUEPILL\TXRF\Debug\TXRF.hex(1480): Expected device instantiation or directive here.
:105C60002DE9F04F91B00C46DDF8688016461F46CE
^^^^^^^^^^^^^^^^^^^^^^^^^^^^^^^^^^^^^^^^^^^
Z:\home\kevin\STM32CubeIDE\CARRITOBLUEPILL\TXRF\Debug\TXRF.hex(1481): Expected device instantiation or directive here.
:105C7000054600F0F5FC036818460893FAF768FA41
^^^^^^^^^^^^^^^^^^^^^^^^^^^^^^^^^^^^^^^^^^^
Z:\home\kevin\STM32CubeIDE\CARRITOBLUEPILL\TXRF\Debug\TXRF.hex(1482): Expected device instantiation or directive here.
:105C800000230E93D8F800300990073323F0070360
^^^^^^^^^^^^^^^^^^^^^^^^^^^^^^^^^^^^^^^^^^^
Z:\home\kevin\STM32CubeIDE\CARRITOBLUEPILL\TXRF\Debug\TXRF.hex(1483): Expected device instantiation or directive here.
:105C900003F1080294F818A0D4F800B0C8F8002066
^^^^^^^^^^^^^^^^^^^^^^^^^^^^^^^^^^^^^^^^^^^
Z:\home\kevin\STM32CubeIDE\CARRITOBLUEPILL\TXRF\Debug\TXRF.hex(1484): Expected device instantiation or directive here.
:105CA000D3E9008929F000430B93CDF828804FF009
^^^^^^^^^^^^^^^^^^^^^^^^^^^^^^^^^^^^^^^^^^^
Z:\home\kevin\STM32CubeIDE\CARRITOBLUEPILL\TXRF\Debug\TXRF.hex(1485): Expected device instantiation or directive here.
:105CB000FF32DDE90A01C4E912899C4BFAF7A6FE1E
^^^^^^^^^^^^^^^^^^^^^^^^^^^^^^^^^^^^^^^^^^^
Z:\home\kevin\STM32CubeIDE\CARRITOBLUEPILL\TXRF\Debug\TXRF.hex(1486): Expected device instantiation or directive here.
:105CC00070BBDDE90A014FF0FF32984BFAF780FE16
^^^^^^^^^^^^^^^^^^^^^^^^^^^^^^^^^^^^^^^^^^^
Z:\home\kevin\STM32CubeIDE\CARRITOBLUEPILL\TXRF\Debug\TXRF.hex(1487): Expected device instantiation or directive here.
:105CD00030BB0022002340464946FAF76FFE10B160
^^^^^^^^^^^^^^^^^^^^^^^^^^^^^^^^^^^^^^^^^^^
Z:\home\kevin\STM32CubeIDE\CARRITOBLUEPILL\TXRF\Debug\TXRF.hex(1488): Expected device instantiation or directive here.
:105CE0002D2384F84330924A924BBAF1470F8CBF70
^^^^^^^^^^^^^^^^^^^^^^^^^^^^^^^^^^^^^^^^^^^
Z:\home\kevin\STM32CubeIDE\CARRITOBLUEPILL\TXRF\Debug\TXRF.hex(1489): Expected device instantiation or directive here.
:105CF0009046984603234FF0000923612BF00403DC
^^^^^^^^^^^^^^^^^^^^^^^^^^^^^^^^^^^^^^^^^^^
Z:\home\kevin\STM32CubeIDE\CARRITOBLUEPILL\TXRF\Debug\TXRF.hex(1490): Expected device instantiation or directive here.
:105D0000236033462146284600970FAA00F0D4F9B5
^^^^^^^^^^^^^^^^^^^^^^^^^^^^^^^^^^^^^^^^^^^
Z:\home\kevin\STM32CubeIDE\CARRITOBLUEPILL\TXRF\Debug\TXRF.hex(1491): Expected device instantiation or directive here.
:105D1000013040F090804FF0FF3011B0BDE8F08FBF
^^^^^^^^^^^^^^^^^^^^^^^^^^^^^^^^^^^^^^^^^^^
Z:\home\kevin\STM32CubeIDE\CARRITOBLUEPILL\TXRF\Debug\TXRF.hex(1492): Expected device instantiation or directive here.
:105D200042464B4640464946FAF770FE48B14B465C
^^^^^^^^^^^^^^^^^^^^^^^^^^^^^^^^^^^^^^^^^^^
Z:\home\kevin\STM32CubeIDE\CARRITOBLUEPILL\TXRF\Debug\TXRF.hex(1493): Expected device instantiation or directive here.
:105D3000002BB8BF2D23804AB8BF84F843307F4B77
^^^^^^^^^^^^^^^^^^^^^^^^^^^^^^^^^^^^^^^^^^^
Z:\home\kevin\STM32CubeIDE\CARRITOBLUEPILL\TXRF\Debug\TXRF.hex(1494): Expected device instantiation or directive here.
:105D4000D3E763680AF0DF015A1C3FD10623636082
^^^^^^^^^^^^^^^^^^^^^^^^^^^^^^^^^^^^^^^^^^^
Z:\home\kevin\STM32CubeIDE\CARRITOBLUEPILL\TXRF\Debug\TXRF.hex(1495): Expected device instantiation or directive here.
:105D500000224BF48063236006920EAACDE904A2D0
^^^^^^^^^^^^^^^^^^^^^^^^^^^^^^^^^^^^^^^^^^^
Z:\home\kevin\STM32CubeIDE\CARRITOBLUEPILL\TXRF\Debug\TXRF.hex(1496): Expected device instantiation or directive here.
:105D60000DAA03920DF13302CDE901326368424678
^^^^^^^^^^^^^^^^^^^^^^^^^^^^^^^^^^^^^^^^^^^
Z:\home\kevin\STM32CubeIDE\CARRITOBLUEPILL\TXRF\Debug\TXRF.hex(1497): Expected device instantiation or directive here.
:105D7000009328464B460A91FFF7D4FE0A998046C5
^^^^^^^^^^^^^^^^^^^^^^^^^^^^^^^^^^^^^^^^^^^
Z:\home\kevin\STM32CubeIDE\CARRITOBLUEPILL\TXRF\Debug\TXRF.hex(1498): Expected device instantiation or directive here.
:105D800047290D9928D1C81C02DB6368994240DD80
^^^^^^^^^^^^^^^^^^^^^^^^^^^^^^^^^^^^^^^^^^^
Z:\home\kevin\STM32CubeIDE\CARRITOBLUEPILL\TXRF\Debug\TXRF.hex(1499): Expected device instantiation or directive here.
:105D9000AAF1020A5FFA8AFA5246013904F1500068
^^^^^^^^^^^^^^^^^^^^^^^^^^^^^^^^^^^^^^^^^^^
Z:\home\kevin\STM32CubeIDE\CARRITOBLUEPILL\TXRF\Debug\TXRF.hex(1500): Expected device instantiation or directive here.
:105DA0000D91FFF723FF0E9A81461318012A2361F4
^^^^^^^^^^^^^^^^^^^^^^^^^^^^^^^^^^^^^^^^^^^
Z:\home\kevin\STM32CubeIDE\CARRITOBLUEPILL\TXRF\Debug\TXRF.hex(1501): Expected device instantiation or directive here.
:105DB00002DC2268D20701D5013323619DF833301C
^^^^^^^^^^^^^^^^^^^^^^^^^^^^^^^^^^^^^^^^^^^
Z:\home\kevin\STM32CubeIDE\CARRITOBLUEPILL\TXRF\Debug\TXRF.hex(1502): Expected device instantiation or directive here.
:105DC000002B9ED02D2384F843309AE74729BFD17A
^^^^^^^^^^^^^^^^^^^^^^^^^^^^^^^^^^^^^^^^^^^
Z:\home\kevin\STM32CubeIDE\CARRITOBLUEPILL\TXRF\Debug\TXRF.hex(1503): Expected device instantiation or directive here.
:105DD000002BBDD10123BAE7BAF1650FDCD9BAF1C6
^^^^^^^^^^^^^^^^^^^^^^^^^^^^^^^^^^^^^^^^^^^
Z:\home\kevin\STM32CubeIDE\CARRITOBLUEPILL\TXRF\Debug\TXRF.hex(1504): Expected device instantiation or directive here.
:105DE000660F18D1002963680BDD216113B92268A1
^^^^^^^^^^^^^^^^^^^^^^^^^^^^^^^^^^^^^^^^^^^
Z:\home\kevin\STM32CubeIDE\CARRITOBLUEPILL\TXRF\Debug\TXRF.hex(1505): Expected device instantiation or directive here.
:105DF000D00702D501330B4423614FF00009A165A0
^^^^^^^^^^^^^^^^^^^^^^^^^^^^^^^^^^^^^^^^^^^
Z:\home\kevin\STM32CubeIDE\CARRITOBLUEPILL\TXRF\Debug\TXRF.hex(1506): Expected device instantiation or directive here.
:105E0000DCE713B92268D20701D50233F4E7012396
^^^^^^^^^^^^^^^^^^^^^^^^^^^^^^^^^^^^^^^^^^^
Z:\home\kevin\STM32CubeIDE\CARRITOBLUEPILL\TXRF\Debug\TXRF.hex(1507): Expected device instantiation or directive here.
:105E1000F2E74FF0670A0E9B994205DB2368216188
^^^^^^^^^^^^^^^^^^^^^^^^^^^^^^^^^^^^^^^^^^^
Z:\home\kevin\STM32CubeIDE\CARRITOBLUEPILL\TXRF\Debug\TXRF.hex(1508): Expected device instantiation or directive here.
:105E2000D807EAD54B1CE7E70029CCBF0122C1F116
^^^^^^^^^^^^^^^^^^^^^^^^^^^^^^^^^^^^^^^^^^^
Z:\home\kevin\STM32CubeIDE\CARRITOBLUEPILL\TXRF\Debug\TXRF.hex(1509): Expected device instantiation or directive here.
:105E300002021344E0E723685A0507D42369424667
^^^^^^^^^^^^^^^^^^^^^^^^^^^^^^^^^^^^^^^^^^^
Z:\home\kevin\STM32CubeIDE\CARRITOBLUEPILL\TXRF\Debug\TXRF.hex(1510): Expected device instantiation or directive here.
:105E400031462846B84701302BD164E7BAF1650FD7
^^^^^^^^^^^^^^^^^^^^^^^^^^^^^^^^^^^^^^^^^^^
Z:\home\kevin\STM32CubeIDE\CARRITOBLUEPILL\TXRF\Debug\TXRF.hex(1511): Expected device instantiation or directive here.
:105E500040F2DC80D4E9120100220023FAF7A4FD0D
^^^^^^^^^^^^^^^^^^^^^^^^^^^^^^^^^^^^^^^^^^^
Z:\home\kevin\STM32CubeIDE\CARRITOBLUEPILL\TXRF\Debug\TXRF.hex(1512): Expected device instantiation or directive here.
:105E6000002833D0012331462846354AB84701304F
^^^^^^^^^^^^^^^^^^^^^^^^^^^^^^^^^^^^^^^^^^^
Z:\home\kevin\STM32CubeIDE\CARRITOBLUEPILL\TXRF\Debug\TXRF.hex(1513): Expected device instantiation or directive here.
:105E70003FF451AFDDE90D38434502DB2368D80715
^^^^^^^^^^^^^^^^^^^^^^^^^^^^^^^^^^^^^^^^^^^
Z:\home\kevin\STM32CubeIDE\CARRITOBLUEPILL\TXRF\Debug\TXRF.hex(1514): Expected device instantiation or directive here.
:105E80000FD5DDE9082331462846B84701303FF4F5
^^^^^^^^^^^^^^^^^^^^^^^^^^^^^^^^^^^^^^^^^^^
Z:\home\kevin\STM32CubeIDE\CARRITOBLUEPILL\TXRF\Debug\TXRF.hex(1515): Expected device instantiation or directive here.
:105E900042AF4FF0000908F1FF3804F11A0AC84573
^^^^^^^^^^^^^^^^^^^^^^^^^^^^^^^^^^^^^^^^^^^
Z:\home\kevin\STM32CubeIDE\CARRITOBLUEPILL\TXRF\Debug\TXRF.hex(1516): Expected device instantiation or directive here.
:105EA00009DC23689B0700F10281E0680F9B9842A0
^^^^^^^^^^^^^^^^^^^^^^^^^^^^^^^^^^^^^^^^^^^
Z:\home\kevin\STM32CubeIDE\CARRITOBLUEPILL\TXRF\Debug\TXRF.hex(1517): Expected device instantiation or directive here.
:105EB000B8BF184631E70123524631462846B84755
^^^^^^^^^^^^^^^^^^^^^^^^^^^^^^^^^^^^^^^^^^^
Z:\home\kevin\STM32CubeIDE\CARRITOBLUEPILL\TXRF\Debug\TXRF.hex(1518): Expected device instantiation or directive here.
:105EC00001303FF428AF09F10109E8E70D9B002BF1
^^^^^^^^^^^^^^^^^^^^^^^^^^^^^^^^^^^^^^^^^^^
Z:\home\kevin\STM32CubeIDE\CARRITOBLUEPILL\TXRF\Debug\TXRF.hex(1519): Expected device instantiation or directive here.
:105ED00038DC012331462846194AB84701303FF4DF
^^^^^^^^^^^^^^^^^^^^^^^^^^^^^^^^^^^^^^^^^^^
Z:\home\kevin\STM32CubeIDE\CARRITOBLUEPILL\TXRF\Debug\TXRF.hex(1520): Expected device instantiation or directive here.
:105EE0001AAFDDE90D3959EA030302D12368D90756
^^^^^^^^^^^^^^^^^^^^^^^^^^^^^^^^^^^^^^^^^^^
Z:\home\kevin\STM32CubeIDE\CARRITOBLUEPILL\TXRF\Debug\TXRF.hex(1521): Expected device instantiation or directive here.
:105EF000D7D5DDE9082331462846B84701303FF4BD
^^^^^^^^^^^^^^^^^^^^^^^^^^^^^^^^^^^^^^^^^^^
Z:\home\kevin\STM32CubeIDE\CARRITOBLUEPILL\TXRF\Debug\TXRF.hex(1522): Expected device instantiation or directive here.
:105F00000AAF4FF0000A04F11A0B0D9B5B42534598
^^^^^^^^^^^^^^^^^^^^^^^^^^^^^^^^^^^^^^^^^^^
Z:\home\kevin\STM32CubeIDE\CARRITOBLUEPILL\TXRF\Debug\TXRF.hex(1523): Expected device instantiation or directive here.
:105F100001DC4B4693E701235A4631462846B847F1
^^^^^^^^^^^^^^^^^^^^^^^^^^^^^^^^^^^^^^^^^^^
Z:\home\kevin\STM32CubeIDE\CARRITOBLUEPILL\TXRF\Debug\TXRF.hex(1524): Expected device instantiation or directive here.
:105F200001303FF4F8AE0AF1010AEEE7FFFFEF7F20
^^^^^^^^^^^^^^^^^^^^^^^^^^^^^^^^^^^^^^^^^^^
Z:\home\kevin\STM32CubeIDE\CARRITOBLUEPILL\TXRF\Debug\TXRF.hex(1525): Expected device instantiation or directive here.
:105F30006A88000866880008728800086E88000871
^^^^^^^^^^^^^^^^^^^^^^^^^^^^^^^^^^^^^^^^^^^
Z:\home\kevin\STM32CubeIDE\CARRITOBLUEPILL\TXRF\Debug\TXRF.hex(1526): Expected device instantiation or directive here.
:105F400076880008A36DDDF838A05345A8BF5346F6
^^^^^^^^^^^^^^^^^^^^^^^^^^^^^^^^^^^^^^^^^^^
Z:\home\kevin\STM32CubeIDE\CARRITOBLUEPILL\TXRF\Debug\TXRF.hex(1527): Expected device instantiation or directive here.
:105F5000002B994636DC4FF0000B29EAE97904F171
^^^^^^^^^^^^^^^^^^^^^^^^^^^^^^^^^^^^^^^^^^^
Z:\home\kevin\STM32CubeIDE\CARRITOBLUEPILL\TXRF\Debug\TXRF.hex(1528): Expected device instantiation or directive here.
:105F60001A02A36D0A93A3EB09035B4531DC0D9B79
^^^^^^^^^^^^^^^^^^^^^^^^^^^^^^^^^^^^^^^^^^^
Z:\home\kevin\STM32CubeIDE\CARRITOBLUEPILL\TXRF\Debug\TXRF.hex(1529): Expected device instantiation or directive here.
:105F70009A453ADC2368DA0737D40D9BAAEB03096C
^^^^^^^^^^^^^^^^^^^^^^^^^^^^^^^^^^^^^^^^^^^
Z:\home\kevin\STM32CubeIDE\CARRITOBLUEPILL\TXRF\Debug\TXRF.hex(1530): Expected device instantiation or directive here.
:105F80000A9BAAEB03039945A8BF9946B9F1000FF4
^^^^^^^^^^^^^^^^^^^^^^^^^^^^^^^^^^^^^^^^^^^
Z:\home\kevin\STM32CubeIDE\CARRITOBLUEPILL\TXRF\Debug\TXRF.hex(1531): Expected device instantiation or directive here.
:105F900033DC4FF0000829EAE97904F11A0B0D9B74
^^^^^^^^^^^^^^^^^^^^^^^^^^^^^^^^^^^^^^^^^^^
Z:\home\kevin\STM32CubeIDE\CARRITOBLUEPILL\TXRF\Debug\TXRF.hex(1532): Expected device instantiation or directive here.
:105FA000AAEB0303A3EB090343457FF77AAF012371
^^^^^^^^^^^^^^^^^^^^^^^^^^^^^^^^^^^^^^^^^^^
Z:\home\kevin\STM32CubeIDE\CARRITOBLUEPILL\TXRF\Debug\TXRF.hex(1533): Expected device instantiation or directive here.
:105FB0005A4631462846B84701303FF4ACAE08F1A6
^^^^^^^^^^^^^^^^^^^^^^^^^^^^^^^^^^^^^^^^^^^
Z:\home\kevin\STM32CubeIDE\CARRITOBLUEPILL\TXRF\Debug\TXRF.hex(1534): Expected device instantiation or directive here.
:105FC0000108ECE7424631462846B8470130C2D1C5
^^^^^^^^^^^^^^^^^^^^^^^^^^^^^^^^^^^^^^^^^^^
Z:\home\kevin\STM32CubeIDE\CARRITOBLUEPILL\TXRF\Debug\TXRF.hex(1535): Expected device instantiation or directive here.
:105FD000A1E60123314628460A92B84701303FF432
^^^^^^^^^^^^^^^^^^^^^^^^^^^^^^^^^^^^^^^^^^^
Z:\home\kevin\STM32CubeIDE\CARRITOBLUEPILL\TXRF\Debug\TXRF.hex(1536): Expected device instantiation or directive here.
:105FE0009AAE0A9A0BF1010BBBE73146DDE90823B3
^^^^^^^^^^^^^^^^^^^^^^^^^^^^^^^^^^^^^^^^^^^
Z:\home\kevin\STM32CubeIDE\CARRITOBLUEPILL\TXRF\Debug\TXRF.hex(1537): Expected device instantiation or directive here.
:105FF0002846B8470130C0D18DE60A9A4B46314653
^^^^^^^^^^^^^^^^^^^^^^^^^^^^^^^^^^^^^^^^^^^
Z:\home\kevin\STM32CubeIDE\CARRITOBLUEPILL\TXRF\Debug\TXRF.hex(1538): Expected device instantiation or directive here.
:1060000028464244B8470130C3D184E6DDF838A0C1
^^^^^^^^^^^^^^^^^^^^^^^^^^^^^^^^^^^^^^^^^^^
Z:\home\kevin\STM32CubeIDE\CARRITOBLUEPILL\TXRF\Debug\TXRF.hex(1539): Expected device instantiation or directive here.
:10601000BAF1010F01DCDB0736D5012342463146D8
^^^^^^^^^^^^^^^^^^^^^^^^^^^^^^^^^^^^^^^^^^^
Z:\home\kevin\STM32CubeIDE\CARRITOBLUEPILL\TXRF\Debug\TXRF.hex(1540): Expected device instantiation or directive here.
:106020002846B84701303FF476AEDDE90823314613
^^^^^^^^^^^^^^^^^^^^^^^^^^^^^^^^^^^^^^^^^^^
Z:\home\kevin\STM32CubeIDE\CARRITOBLUEPILL\TXRF\Debug\TXRF.hex(1541): Expected device instantiation or directive here.
:106030002846B84701303FF46EAED4E91201002281
^^^^^^^^^^^^^^^^^^^^^^^^^^^^^^^^^^^^^^^^^^^
Z:\home\kevin\STM32CubeIDE\CARRITOBLUEPILL\TXRF\Debug\TXRF.hex(1542): Expected device instantiation or directive here.
:1060400000230AF1FF3AFAF7AFFCC0B9534608F152
^^^^^^^^^^^^^^^^^^^^^^^^^^^^^^^^^^^^^^^^^^^
Z:\home\kevin\STM32CubeIDE\CARRITOBLUEPILL\TXRF\Debug\TXRF.hex(1543): Expected device instantiation or directive here.
:10605000010231462846B84701300CD15BE60123E6
^^^^^^^^^^^^^^^^^^^^^^^^^^^^^^^^^^^^^^^^^^^
Z:\home\kevin\STM32CubeIDE\CARRITOBLUEPILL\TXRF\Debug\TXRF.hex(1544): Expected device instantiation or directive here.
:106060005A4631462846B84701303FF454AE08F14D
^^^^^^^^^^^^^^^^^^^^^^^^^^^^^^^^^^^^^^^^^^^
Z:\home\kevin\STM32CubeIDE\CARRITOBLUEPILL\TXRF\Debug\TXRF.hex(1545): Expected device instantiation or directive here.
:106070000108D045F3DB4B4604F15002E0E64FF057
^^^^^^^^^^^^^^^^^^^^^^^^^^^^^^^^^^^^^^^^^^^
Z:\home\kevin\STM32CubeIDE\CARRITOBLUEPILL\TXRF\Debug\TXRF.hex(1546): Expected device instantiation or directive here.
:10608000000804F11A0BF4E701234246E1E701237B
^^^^^^^^^^^^^^^^^^^^^^^^^^^^^^^^^^^^^^^^^^^
Z:\home\kevin\STM32CubeIDE\CARRITOBLUEPILL\TXRF\Debug\TXRF.hex(1547): Expected device instantiation or directive here.
:106090004A4631462846B84701303FF43CAE08F145
^^^^^^^^^^^^^^^^^^^^^^^^^^^^^^^^^^^^^^^^^^^
Z:\home\kevin\STM32CubeIDE\CARRITOBLUEPILL\TXRF\Debug\TXRF.hex(1548): Expected device instantiation or directive here.
:1060A0000108E3680F995B1A4345F0DCFDE64FF009
^^^^^^^^^^^^^^^^^^^^^^^^^^^^^^^^^^^^^^^^^^^
Z:\home\kevin\STM32CubeIDE\CARRITOBLUEPILL\TXRF\Debug\TXRF.hex(1549): Expected device instantiation or directive here.
:1060B000000804F11909F4E72DE9F047164698465F
^^^^^^^^^^^^^^^^^^^^^^^^^^^^^^^^^^^^^^^^^^^
Z:\home\kevin\STM32CubeIDE\CARRITOBLUEPILL\TXRF\Debug\TXRF.hex(1550): Expected device instantiation or directive here.
:1060C0008A680B6907469342B8BF1346336091F85C
^^^^^^^^^^^^^^^^^^^^^^^^^^^^^^^^^^^^^^^^^^^
Z:\home\kevin\STM32CubeIDE\CARRITOBLUEPILL\TXRF\Debug\TXRF.hex(1551): Expected device instantiation or directive here.
:1060D00043200C46DDF820900AB101333360236879
^^^^^^^^^^^^^^^^^^^^^^^^^^^^^^^^^^^^^^^^^^^
Z:\home\kevin\STM32CubeIDE\CARRITOBLUEPILL\TXRF\Debug\TXRF.hex(1552): Expected device instantiation or directive here.
:1060E000990642BF336802333360256815F0060510
^^^^^^^^^^^^^^^^^^^^^^^^^^^^^^^^^^^^^^^^^^^
Z:\home\kevin\STM32CubeIDE\CARRITOBLUEPILL\TXRF\Debug\TXRF.hex(1553): Expected device instantiation or directive here.
:1060F00006D104F1190AE36832689B1AAB422BDC23
^^^^^^^^^^^^^^^^^^^^^^^^^^^^^^^^^^^^^^^^^^^
Z:\home\kevin\STM32CubeIDE\CARRITOBLUEPILL\TXRF\Debug\TXRF.hex(1554): Expected device instantiation or directive here.
:1061000094F843302268003B18BF0123920630D434
^^^^^^^^^^^^^^^^^^^^^^^^^^^^^^^^^^^^^^^^^^^
Z:\home\kevin\STM32CubeIDE\CARRITOBLUEPILL\TXRF\Debug\TXRF.hex(1555): Expected device instantiation or directive here.
:106110004146384604F14302C847013023D0236882
^^^^^^^^^^^^^^^^^^^^^^^^^^^^^^^^^^^^^^^^^^^
Z:\home\kevin\STM32CubeIDE\CARRITOBLUEPILL\TXRF\Debug\TXRF.hex(1556): Expected device instantiation or directive here.
:10612000226903F00603042B14BF002533684FF0E7
^^^^^^^^^^^^^^^^^^^^^^^^^^^^^^^^^^^^^^^^^^^
Z:\home\kevin\STM32CubeIDE\CARRITOBLUEPILL\TXRF\Debug\TXRF.hex(1557): Expected device instantiation or directive here.
:10613000000608BFE56804F11A0408BFED1A54F818
^^^^^^^^^^^^^^^^^^^^^^^^^^^^^^^^^^^^^^^^^^^
Z:\home\kevin\STM32CubeIDE\CARRITOBLUEPILL\TXRF\Debug\TXRF.hex(1558): Expected device instantiation or directive here.
:10614000123C08BF25EAE5759342C4BF9B1AED18BF
^^^^^^^^^^^^^^^^^^^^^^^^^^^^^^^^^^^^^^^^^^^
Z:\home\kevin\STM32CubeIDE\CARRITOBLUEPILL\TXRF\Debug\TXRF.hex(1559): Expected device instantiation or directive here.
:10615000B5421AD1002008E0012352464146384694
^^^^^^^^^^^^^^^^^^^^^^^^^^^^^^^^^^^^^^^^^^^
Z:\home\kevin\STM32CubeIDE\CARRITOBLUEPILL\TXRF\Debug\TXRF.hex(1560): Expected device instantiation or directive here.
:10616000C847013003D14FF0FF30BDE8F08701355B
^^^^^^^^^^^^^^^^^^^^^^^^^^^^^^^^^^^^^^^^^^^
Z:\home\kevin\STM32CubeIDE\CARRITOBLUEPILL\TXRF\Debug\TXRF.hex(1561): Expected device instantiation or directive here.
:10617000C1E73020E11881F843005A1C94F845101B
^^^^^^^^^^^^^^^^^^^^^^^^^^^^^^^^^^^^^^^^^^^
Z:\home\kevin\STM32CubeIDE\CARRITOBLUEPILL\TXRF\Debug\TXRF.hex(1562): Expected device instantiation or directive here.
:106180002244023382F84310C2E7012322464146EB
^^^^^^^^^^^^^^^^^^^^^^^^^^^^^^^^^^^^^^^^^^^
Z:\home\kevin\STM32CubeIDE\CARRITOBLUEPILL\TXRF\Debug\TXRF.hex(1563): Expected device instantiation or directive here.
:106190003846C8470130E6D00136D9E72DE9FF4738
^^^^^^^^^^^^^^^^^^^^^^^^^^^^^^^^^^^^^^^^^^^
Z:\home\kevin\STM32CubeIDE\CARRITOBLUEPILL\TXRF\Debug\TXRF.hex(1564): Expected device instantiation or directive here.
:1061A0000F7E9146782F80460C469A460C9E01F150
^^^^^^^^^^^^^^^^^^^^^^^^^^^^^^^^^^^^^^^^^^^
Z:\home\kevin\STM32CubeIDE\CARRITOBLUEPILL\TXRF\Debug\TXRF.hex(1565): Expected device instantiation or directive here.
:1061B000430207D8622F0AD8002F00F0D180582F51
^^^^^^^^^^^^^^^^^^^^^^^^^^^^^^^^^^^^^^^^^^^
Z:\home\kevin\STM32CubeIDE\CARRITOBLUEPILL\TXRF\Debug\TXRF.hex(1566): Expected device instantiation or directive here.
:1061C00000F0B88004F1420684F842703AE0A7F18A
^^^^^^^^^^^^^^^^^^^^^^^^^^^^^^^^^^^^^^^^^^^
Z:\home\kevin\STM32CubeIDE\CARRITOBLUEPILL\TXRF\Debug\TXRF.hex(1567): Expected device instantiation or directive here.
:1061D0006303152BF6D801A151F823F035620008AE
^^^^^^^^^^^^^^^^^^^^^^^^^^^^^^^^^^^^^^^^^^^
Z:\home\kevin\STM32CubeIDE\CARRITOBLUEPILL\TXRF\Debug\TXRF.hex(1568): Expected device instantiation or directive here.
:1061E00049620008C5610008C5610008C561000872
^^^^^^^^^^^^^^^^^^^^^^^^^^^^^^^^^^^^^^^^^^^
Z:\home\kevin\STM32CubeIDE\CARRITOBLUEPILL\TXRF\Debug\TXRF.hex(1569): Expected device instantiation or directive here.
:1061F000C561000849620008C5610008C561000862
^^^^^^^^^^^^^^^^^^^^^^^^^^^^^^^^^^^^^^^^^^^
Z:\home\kevin\STM32CubeIDE\CARRITOBLUEPILL\TXRF\Debug\TXRF.hex(1570): Expected device instantiation or directive here.
:10620000C5610008C56100084763000873620008A3
^^^^^^^^^^^^^^^^^^^^^^^^^^^^^^^^^^^^^^^^^^^
Z:\home\kevin\STM32CubeIDE\CARRITOBLUEPILL\TXRF\Debug\TXRF.hex(1571): Expected device instantiation or directive here.
:1062100001630008C5610008C561000869630008E2
^^^^^^^^^^^^^^^^^^^^^^^^^^^^^^^^^^^^^^^^^^^
Z:\home\kevin\STM32CubeIDE\CARRITOBLUEPILL\TXRF\Debug\TXRF.hex(1572): Expected device instantiation or directive here.
:10622000C561000873620008C5610008C561000807
^^^^^^^^^^^^^^^^^^^^^^^^^^^^^^^^^^^^^^^^^^^
Z:\home\kevin\STM32CubeIDE\CARRITOBLUEPILL\TXRF\Debug\TXRF.hex(1573): Expected device instantiation or directive here.
:106230000963000833681A1D1B68326004F14206C6
^^^^^^^^^^^^^^^^^^^^^^^^^^^^^^^^^^^^^^^^^^^
Z:\home\kevin\STM32CubeIDE\CARRITOBLUEPILL\TXRF\Debug\TXRF.hex(1574): Expected device instantiation or directive here.
:1062400084F8423001239CE033682068191D3160D6
^^^^^^^^^^^^^^^^^^^^^^^^^^^^^^^^^^^^^^^^^^^
Z:\home\kevin\STM32CubeIDE\CARRITOBLUEPILL\TXRF\Debug\TXRF.hex(1575): Expected device instantiation or directive here.
:10625000060601D51D6803E04506FBD5B3F90050DD
^^^^^^^^^^^^^^^^^^^^^^^^^^^^^^^^^^^^^^^^^^^
Z:\home\kevin\STM32CubeIDE\CARRITOBLUEPILL\TXRF\Debug\TXRF.hex(1576): Expected device instantiation or directive here.
:10626000002D03DA2D236D4284F843300A23584869
^^^^^^^^^^^^^^^^^^^^^^^^^^^^^^^^^^^^^^^^^^^
Z:\home\kevin\STM32CubeIDE\CARRITOBLUEPILL\TXRF\Debug\TXRF.hex(1577): Expected device instantiation or directive here.
:1062700011E021683368080653F8045B02D449062C
^^^^^^^^^^^^^^^^^^^^^^^^^^^^^^^^^^^^^^^^^^^
Z:\home\kevin\STM32CubeIDE\CARRITOBLUEPILL\TXRF\Debug\TXRF.hex(1578): Expected device instantiation or directive here.
:1062800048BFADB26F2F336014BF0A2308235048B4
^^^^^^^^^^^^^^^^^^^^^^^^^^^^^^^^^^^^^^^^^^^
Z:\home\kevin\STM32CubeIDE\CARRITOBLUEPILL\TXRF\Debug\TXRF.hex(1579): Expected device instantiation or directive here.
:10629000002184F843106668002EA66005DB2168A3
^^^^^^^^^^^^^^^^^^^^^^^^^^^^^^^^^^^^^^^^^^^
Z:\home\kevin\STM32CubeIDE\CARRITOBLUEPILL\TXRF\Debug\TXRF.hex(1580): Expected device instantiation or directive here.
:1062A0002E4321F0040121604BD01646B5FBF3F1DB
^^^^^^^^^^^^^^^^^^^^^^^^^^^^^^^^^^^^^^^^^^^
Z:\home\kevin\STM32CubeIDE\CARRITOBLUEPILL\TXRF\Debug\TXRF.hex(1581): Expected device instantiation or directive here.
:1062B00003FB1157C75D06F8017D2F46BB420D4613
^^^^^^^^^^^^^^^^^^^^^^^^^^^^^^^^^^^^^^^^^^^
Z:\home\kevin\STM32CubeIDE\CARRITOBLUEPILL\TXRF\Debug\TXRF.hex(1582): Expected device instantiation or directive here.
:1062C000F4D9082B0BD12368DF0708D5236961684F
^^^^^^^^^^^^^^^^^^^^^^^^^^^^^^^^^^^^^^^^^^^
Z:\home\kevin\STM32CubeIDE\CARRITOBLUEPILL\TXRF\Debug\TXRF.hex(1583): Expected device instantiation or directive here.
:1062D0009942DEBF302306F8013C06F1FF36921BDF
^^^^^^^^^^^^^^^^^^^^^^^^^^^^^^^^^^^^^^^^^^^
Z:\home\kevin\STM32CubeIDE\CARRITOBLUEPILL\TXRF\Debug\TXRF.hex(1584): Expected device instantiation or directive here.
:1062E00022614B4621464046CDF800A003AAFFF7A5
^^^^^^^^^^^^^^^^^^^^^^^^^^^^^^^^^^^^^^^^^^^
Z:\home\kevin\STM32CubeIDE\CARRITOBLUEPILL\TXRF\Debug\TXRF.hex(1585): Expected device instantiation or directive here.
:1062F000E3FE01304AD14FF0FF3004B0BDE8F08733
^^^^^^^^^^^^^^^^^^^^^^^^^^^^^^^^^^^^^^^^^^^
Z:\home\kevin\STM32CubeIDE\CARRITOBLUEPILL\TXRF\Debug\TXRF.hex(1586): Expected device instantiation or directive here.
:10630000236843F0200323607827324884F84570DF
^^^^^^^^^^^^^^^^^^^^^^^^^^^^^^^^^^^^^^^^^^^
Z:\home\kevin\STM32CubeIDE\CARRITOBLUEPILL\TXRF\Debug\TXRF.hex(1587): Expected device instantiation or directive here.
:10631000236831681F0651F8045B02D45F0648BF4A
^^^^^^^^^^^^^^^^^^^^^^^^^^^^^^^^^^^^^^^^^^^
Z:\home\kevin\STM32CubeIDE\CARRITOBLUEPILL\TXRF\Debug\TXRF.hex(1588): Expected device instantiation or directive here.
:10632000ADB23160D90744BF43F0200323601DB1F3
^^^^^^^^^^^^^^^^^^^^^^^^^^^^^^^^^^^^^^^^^^^
Z:\home\kevin\STM32CubeIDE\CARRITOBLUEPILL\TXRF\Debug\TXRF.hex(1589): Expected device instantiation or directive here.
:106330001023ADE72648E9E7236823F02003236014
^^^^^^^^^^^^^^^^^^^^^^^^^^^^^^^^^^^^^^^^^^^
Z:\home\kevin\STM32CubeIDE\CARRITOBLUEPILL\TXRF\Debug\TXRF.hex(1590): Expected device instantiation or directive here.
:10634000F6E71646BDE733682568181D61693060B9
^^^^^^^^^^^^^^^^^^^^^^^^^^^^^^^^^^^^^^^^^^^
Z:\home\kevin\STM32CubeIDE\CARRITOBLUEPILL\TXRF\Debug\TXRF.hex(1591): Expected device instantiation or directive here.
:106350002E061B6801D5196002E06806FBD519807E
^^^^^^^^^^^^^^^^^^^^^^^^^^^^^^^^^^^^^^^^^^^
Z:\home\kevin\STM32CubeIDE\CARRITOBLUEPILL\TXRF\Debug\TXRF.hex(1592): Expected device instantiation or directive here.
:10636000002316462361BCE7336800211A1D326002
^^^^^^^^^^^^^^^^^^^^^^^^^^^^^^^^^^^^^^^^^^^
Z:\home\kevin\STM32CubeIDE\CARRITOBLUEPILL\TXRF\Debug\TXRF.hex(1593): Expected device instantiation or directive here.
:106370001E686268304600F0EAF908B1801B606070
^^^^^^^^^^^^^^^^^^^^^^^^^^^^^^^^^^^^^^^^^^^
Z:\home\kevin\STM32CubeIDE\CARRITOBLUEPILL\TXRF\Debug\TXRF.hex(1594): Expected device instantiation or directive here.
:1063800063682361002384F84330AAE73246494614
^^^^^^^^^^^^^^^^^^^^^^^^^^^^^^^^^^^^^^^^^^^
Z:\home\kevin\STM32CubeIDE\CARRITOBLUEPILL\TXRF\Debug\TXRF.hex(1595): Expected device instantiation or directive here.
:1063900040462369D0470130ADD023689B0713D412
^^^^^^^^^^^^^^^^^^^^^^^^^^^^^^^^^^^^^^^^^^^
Z:\home\kevin\STM32CubeIDE\CARRITOBLUEPILL\TXRF\Debug\TXRF.hex(1596): Expected device instantiation or directive here.
:1063A000E068039B9842B8BF1846A6E7012332462F
^^^^^^^^^^^^^^^^^^^^^^^^^^^^^^^^^^^^^^^^^^^
Z:\home\kevin\STM32CubeIDE\CARRITOBLUEPILL\TXRF\Debug\TXRF.hex(1597): Expected device instantiation or directive here.
:1063B00049464046D04701309DD00135E3680399F6
^^^^^^^^^^^^^^^^^^^^^^^^^^^^^^^^^^^^^^^^^^^
Z:\home\kevin\STM32CubeIDE\CARRITOBLUEPILL\TXRF\Debug\TXRF.hex(1598): Expected device instantiation or directive here.
:1063C0005B1AAB42F2DCEBE7002504F11906F5E7B6
^^^^^^^^^^^^^^^^^^^^^^^^^^^^^^^^^^^^^^^^^^^
Z:\home\kevin\STM32CubeIDE\CARRITOBLUEPILL\TXRF\Debug\TXRF.hex(1599): Expected device instantiation or directive here.
:1063D0007888000889880008002310B50446C0E9C1
^^^^^^^^^^^^^^^^^^^^^^^^^^^^^^^^^^^^^^^^^^^
Z:\home\kevin\STM32CubeIDE\CARRITOBLUEPILL\TXRF\Debug\TXRF.hex(1600): Expected device instantiation or directive here.
:1063E0000033C0E90433836081814366C2818361E5
^^^^^^^^^^^^^^^^^^^^^^^^^^^^^^^^^^^^^^^^^^^
Z:\home\kevin\STM32CubeIDE\CARRITOBLUEPILL\TXRF\Debug\TXRF.hex(1601): Expected device instantiation or directive here.
:1063F000194608225C3000F02AF90D4B24626362D2
^^^^^^^^^^^^^^^^^^^^^^^^^^^^^^^^^^^^^^^^^^^
Z:\home\kevin\STM32CubeIDE\CARRITOBLUEPILL\TXRF\Debug\TXRF.hex(1602): Expected device instantiation or directive here.
:106400000C4BA3620C4BE3620C4B23630C4B9C4282
^^^^^^^^^^^^^^^^^^^^^^^^^^^^^^^^^^^^^^^^^^^
Z:\home\kevin\STM32CubeIDE\CARRITOBLUEPILL\TXRF\Debug\TXRF.hex(1603): Expected device instantiation or directive here.
:1064100006D003F16802944202D0D0339C4205D1E9
^^^^^^^^^^^^^^^^^^^^^^^^^^^^^^^^^^^^^^^^^^^
Z:\home\kevin\STM32CubeIDE\CARRITOBLUEPILL\TXRF\Debug\TXRF.hex(1604): Expected device instantiation or directive here.
:1064200004F15800BDE8104000F08EB910BD00BF67
^^^^^^^^^^^^^^^^^^^^^^^^^^^^^^^^^^^^^^^^^^^
Z:\home\kevin\STM32CubeIDE\CARRITOBLUEPILL\TXRF\Debug\TXRF.hex(1605): Expected device instantiation or directive here.
:10643000C9650008EB650008236600084766000888
^^^^^^^^^^^^^^^^^^^^^^^^^^^^^^^^^^^^^^^^^^^
Z:\home\kevin\STM32CubeIDE\CARRITOBLUEPILL\TXRF\Debug\TXRF.hex(1606): Expected device instantiation or directive here.
:1064400050030020024A0349034800F069B800BF26
^^^^^^^^^^^^^^^^^^^^^^^^^^^^^^^^^^^^^^^^^^^
Z:\home\kevin\STM32CubeIDE\CARRITOBLUEPILL\TXRF\Debug\TXRF.hex(1607): Expected device instantiation or directive here.
:1064500014000020C98000082400002041680C4B73
^^^^^^^^^^^^^^^^^^^^^^^^^^^^^^^^^^^^^^^^^^^
Z:\home\kevin\STM32CubeIDE\CARRITOBLUEPILL\TXRF\Debug\TXRF.hex(1608): Expected device instantiation or directive here.
:1064600010B59942044601D001F02EFEA168094BF7
^^^^^^^^^^^^^^^^^^^^^^^^^^^^^^^^^^^^^^^^^^^
Z:\home\kevin\STM32CubeIDE\CARRITOBLUEPILL\TXRF\Debug\TXRF.hex(1609): Expected device instantiation or directive here.
:10647000994202D0204601F027FEE168064B99427E
^^^^^^^^^^^^^^^^^^^^^^^^^^^^^^^^^^^^^^^^^^^
Z:\home\kevin\STM32CubeIDE\CARRITOBLUEPILL\TXRF\Debug\TXRF.hex(1610): Expected device instantiation or directive here.
:1064800004D02046BDE8104001F01EBE10BD00BF84
^^^^^^^^^^^^^^^^^^^^^^^^^^^^^^^^^^^^^^^^^^^
Z:\home\kevin\STM32CubeIDE\CARRITOBLUEPILL\TXRF\Debug\TXRF.hex(1611): Expected device instantiation or directive here.
:1064900050030020B80300202004002010B50B4B4F
^^^^^^^^^^^^^^^^^^^^^^^^^^^^^^^^^^^^^^^^^^^
Z:\home\kevin\STM32CubeIDE\CARRITOBLUEPILL\TXRF\Debug\TXRF.hex(1612): Expected device instantiation or directive here.
:1064A0000B4C0C4A20461A6004210022FFF794FF8F
^^^^^^^^^^^^^^^^^^^^^^^^^^^^^^^^^^^^^^^^^^^
Z:\home\kevin\STM32CubeIDE\CARRITOBLUEPILL\TXRF\Debug\TXRF.hex(1613): Expected device instantiation or directive here.
:1064B00004F1680001220921FFF78EFF04F1D000EA
^^^^^^^^^^^^^^^^^^^^^^^^^^^^^^^^^^^^^^^^^^^
Z:\home\kevin\STM32CubeIDE\CARRITOBLUEPILL\TXRF\Debug\TXRF.hex(1614): Expected device instantiation or directive here.
:1064C0000222BDE810401221FFF786BF8804002099
^^^^^^^^^^^^^^^^^^^^^^^^^^^^^^^^^^^^^^^^^^^
Z:\home\kevin\STM32CubeIDE\CARRITOBLUEPILL\TXRF\Debug\TXRF.hex(1615): Expected device instantiation or directive here.
:1064D0005003002045640008014800F036B900BFB1
^^^^^^^^^^^^^^^^^^^^^^^^^^^^^^^^^^^^^^^^^^^
Z:\home\kevin\STM32CubeIDE\CARRITOBLUEPILL\TXRF\Debug\TXRF.hex(1616): Expected device instantiation or directive here.
:1064E00091040020014800F031B900BF9104002060
^^^^^^^^^^^^^^^^^^^^^^^^^^^^^^^^^^^^^^^^^^^
Z:\home\kevin\STM32CubeIDE\CARRITOBLUEPILL\TXRF\Debug\TXRF.hex(1617): Expected device instantiation or directive here.
:1064F00010B50446FFF7F0FF236A1BB1BDE810405A
^^^^^^^^^^^^^^^^^^^^^^^^^^^^^^^^^^^^^^^^^^^
Z:\home\kevin\STM32CubeIDE\CARRITOBLUEPILL\TXRF\Debug\TXRF.hex(1618): Expected device instantiation or directive here.
:10650000FFF7F0BF044B2362044B1B68002BF5D14F
^^^^^^^^^^^^^^^^^^^^^^^^^^^^^^^^^^^^^^^^^^^
Z:\home\kevin\STM32CubeIDE\CARRITOBLUEPILL\TXRF\Debug\TXRF.hex(1619): Expected device instantiation or directive here.
:10651000FFF7C4FFF2E700BF5D64000888040020B5
^^^^^^^^^^^^^^^^^^^^^^^^^^^^^^^^^^^^^^^^^^^
Z:\home\kevin\STM32CubeIDE\CARRITOBLUEPILL\TXRF\Debug\TXRF.hex(1620): Expected device instantiation or directive here.
:106520002DE9F8430746884614460026D4E901952C
^^^^^^^^^^^^^^^^^^^^^^^^^^^^^^^^^^^^^^^^^^^
Z:\home\kevin\STM32CubeIDE\CARRITOBLUEPILL\TXRF\Debug\TXRF.hex(1621): Expected device instantiation or directive here.
:10653000B9F1010905D52468002CF7D13046BDE832
^^^^^^^^^^^^^^^^^^^^^^^^^^^^^^^^^^^^^^^^^^^
Z:\home\kevin\STM32CubeIDE\CARRITOBLUEPILL\TXRF\Debug\TXRF.hex(1622): Expected device instantiation or directive here.
:10654000F883AB89012B07D9B5F90E30013303D09D
^^^^^^^^^^^^^^^^^^^^^^^^^^^^^^^^^^^^^^^^^^^
Z:\home\kevin\STM32CubeIDE\CARRITOBLUEPILL\TXRF\Debug\TXRF.hex(1623): Expected device instantiation or directive here.
:1065500029463846C04706436835E9E70CB430B5EC
^^^^^^^^^^^^^^^^^^^^^^^^^^^^^^^^^^^^^^^^^^^
Z:\home\kevin\STM32CubeIDE\CARRITOBLUEPILL\TXRF\Debug\TXRF.hex(1624): Expected device instantiation or directive here.
:10656000184B0C1E1D689DB008DA8B234FF0FF30CE
^^^^^^^^^^^^^^^^^^^^^^^^^^^^^^^^^^^^^^^^^^^
Z:\home\kevin\STM32CubeIDE\CARRITOBLUEPILL\TXRF\Debug\TXRF.hex(1625): Expected device instantiation or directive here.
:106570002B601DB0BDE8304002B070474FF402738D
^^^^^^^^^^^^^^^^^^^^^^^^^^^^^^^^^^^^^^^^^^^
Z:\home\kevin\STM32CubeIDE\CARRITOBLUEPILL\TXRF\Debug\TXRF.hex(1626): Expected device instantiation or directive here.
:10658000ADF814304FF000031B930CBF234604F109
^^^^^^^^^^^^^^^^^^^^^^^^^^^^^^^^^^^^^^^^^^^
Z:\home\kevin\STM32CubeIDE\CARRITOBLUEPILL\TXRF\Debug\TXRF.hex(1627): Expected device instantiation or directive here.
:10659000FF33049307934FF6FF7302900690ADF814
^^^^^^^^^^^^^^^^^^^^^^^^^^^^^^^^^^^^^^^^^^^
Z:\home\kevin\STM32CubeIDE\CARRITOBLUEPILL\TXRF\Debug\TXRF.hex(1628): Expected device instantiation or directive here.
:1065A0001630284621AB209A02A9019301F010FC75
^^^^^^^^^^^^^^^^^^^^^^^^^^^^^^^^^^^^^^^^^^^
Z:\home\kevin\STM32CubeIDE\CARRITOBLUEPILL\TXRF\Debug\TXRF.hex(1629): Expected device instantiation or directive here.
:1065B000431CBCBF8B232B60002CDAD00022029B33
^^^^^^^^^^^^^^^^^^^^^^^^^^^^^^^^^^^^^^^^^^^
Z:\home\kevin\STM32CubeIDE\CARRITOBLUEPILL\TXRF\Debug\TXRF.hex(1630): Expected device instantiation or directive here.
:1065C0001A70D6E72000002010B50C46B1F90E1065
^^^^^^^^^^^^^^^^^^^^^^^^^^^^^^^^^^^^^^^^^^^
Z:\home\kevin\STM32CubeIDE\CARRITOBLUEPILL\TXRF\Debug\TXRF.hex(1631): Expected device instantiation or directive here.
:1065D00000F06CF80028ABBF636DA3891B1823F48F
^^^^^^^^^^^^^^^^^^^^^^^^^^^^^^^^^^^^^^^^^^^
Z:\home\kevin\STM32CubeIDE\CARRITOBLUEPILL\TXRF\Debug\TXRF.hex(1632): Expected device instantiation or directive here.
:1065E0008053ACBF6365A38110BD2DE9F0411F4608
^^^^^^^^^^^^^^^^^^^^^^^^^^^^^^^^^^^^^^^^^^^
Z:\home\kevin\STM32CubeIDE\CARRITOBLUEPILL\TXRF\Debug\TXRF.hex(1633): Expected device instantiation or directive here.
:1065F0008B890546DB050C46164605D5022300228D
^^^^^^^^^^^^^^^^^^^^^^^^^^^^^^^^^^^^^^^^^^^
Z:\home\kevin\STM32CubeIDE\CARRITOBLUEPILL\TXRF\Debug\TXRF.hex(1634): Expected device instantiation or directive here.
:10660000B1F90E1000F040F8A389324623F480530C
^^^^^^^^^^^^^^^^^^^^^^^^^^^^^^^^^^^^^^^^^^^
Z:\home\kevin\STM32CubeIDE\CARRITOBLUEPILL\TXRF\Debug\TXRF.hex(1635): Expected device instantiation or directive here.
:10661000A38128463B46B4F90E10BDE8F04100F0D6
^^^^^^^^^^^^^^^^^^^^^^^^^^^^^^^^^^^^^^^^^^^
Z:\home\kevin\STM32CubeIDE\CARRITOBLUEPILL\TXRF\Debug\TXRF.hex(1636): Expected device instantiation or directive here.
:1066200057B810B50C46B1F90E1000F02DF8431C08
^^^^^^^^^^^^^^^^^^^^^^^^^^^^^^^^^^^^^^^^^^^
Z:\home\kevin\STM32CubeIDE\CARRITOBLUEPILL\TXRF\Debug\TXRF.hex(1637): Expected device instantiation or directive here.
:10663000A38915BF606523F4805343F48053A3817D
^^^^^^^^^^^^^^^^^^^^^^^^^^^^^^^^^^^^^^^^^^^
Z:\home\kevin\STM32CubeIDE\CARRITOBLUEPILL\TXRF\Debug\TXRF.hex(1638): Expected device instantiation or directive here.
:1066400018BFA38110BDB1F90E1000F00DB80346BC
^^^^^^^^^^^^^^^^^^^^^^^^^^^^^^^^^^^^^^^^^^^
Z:\home\kevin\STM32CubeIDE\CARRITOBLUEPILL\TXRF\Debug\TXRF.hex(1639): Expected device instantiation or directive here.
:106650000244934200D1704703F8011BF9E70000A0
^^^^^^^^^^^^^^^^^^^^^^^^^^^^^^^^^^^^^^^^^^^
Z:\home\kevin\STM32CubeIDE\CARRITOBLUEPILL\TXRF\Debug\TXRF.hex(1640): Expected device instantiation or directive here.
:10666000004870476001002038B50023054D0446FE
^^^^^^^^^^^^^^^^^^^^^^^^^^^^^^^^^^^^^^^^^^^
Z:\home\kevin\STM32CubeIDE\CARRITOBLUEPILL\TXRF\Debug\TXRF.hex(1641): Expected device instantiation or directive here.
:1066700008462B60FBF725FD431C02D12B6803B1B4
^^^^^^^^^^^^^^^^^^^^^^^^^^^^^^^^^^^^^^^^^^^
Z:\home\kevin\STM32CubeIDE\CARRITOBLUEPILL\TXRF\Debug\TXRF.hex(1642): Expected device instantiation or directive here.
:10668000236038BD8C04002038B504460846114606
^^^^^^^^^^^^^^^^^^^^^^^^^^^^^^^^^^^^^^^^^^^
Z:\home\kevin\STM32CubeIDE\CARRITOBLUEPILL\TXRF\Debug\TXRF.hex(1643): Expected device instantiation or directive here.
:106690000022054D2A601A46FBF737FD431C02D144
^^^^^^^^^^^^^^^^^^^^^^^^^^^^^^^^^^^^^^^^^^^
Z:\home\kevin\STM32CubeIDE\CARRITOBLUEPILL\TXRF\Debug\TXRF.hex(1644): Expected device instantiation or directive here.
:1066A0002B6803B1236038BD8C04002038B5044644
^^^^^^^^^^^^^^^^^^^^^^^^^^^^^^^^^^^^^^^^^^^
Z:\home\kevin\STM32CubeIDE\CARRITOBLUEPILL\TXRF\Debug\TXRF.hex(1645): Expected device instantiation or directive here.
:1066B000084611460022054D2A601A46FBF7C8FC21
^^^^^^^^^^^^^^^^^^^^^^^^^^^^^^^^^^^^^^^^^^^
Z:\home\kevin\STM32CubeIDE\CARRITOBLUEPILL\TXRF\Debug\TXRF.hex(1646): Expected device instantiation or directive here.
:1066C000431C02D12B6803B1236038BD8C04002029
^^^^^^^^^^^^^^^^^^^^^^^^^^^^^^^^^^^^^^^^^^^
Z:\home\kevin\STM32CubeIDE\CARRITOBLUEPILL\TXRF\Debug\TXRF.hex(1647): Expected device instantiation or directive here.
:1066D00038B50446084611460022054D2A601A4680
^^^^^^^^^^^^^^^^^^^^^^^^^^^^^^^^^^^^^^^^^^^
Z:\home\kevin\STM32CubeIDE\CARRITOBLUEPILL\TXRF\Debug\TXRF.hex(1648): Expected device instantiation or directive here.
:1066E000FBF7D3FC431C02D12B6803B1236038BDF8
^^^^^^^^^^^^^^^^^^^^^^^^^^^^^^^^^^^^^^^^^^^
Z:\home\kevin\STM32CubeIDE\CARRITOBLUEPILL\TXRF\Debug\TXRF.hex(1649): Expected device instantiation or directive here.
:1066F0008C040020014B1868704700BF2000002068
^^^^^^^^^^^^^^^^^^^^^^^^^^^^^^^^^^^^^^^^^^^
Z:\home\kevin\STM32CubeIDE\CARRITOBLUEPILL\TXRF\Debug\TXRF.hex(1650): Expected device instantiation or directive here.
:1067000070B500260C4D0D4C641BA410A64209D197
^^^^^^^^^^^^^^^^^^^^^^^^^^^^^^^^^^^^^^^^^^^
Z:\home\kevin\STM32CubeIDE\CARRITOBLUEPILL\TXRF\Debug\TXRF.hex(1651): Expected device instantiation or directive here.
:1067100002F076F800260A4D0A4C641BA410A6422B
^^^^^^^^^^^^^^^^^^^^^^^^^^^^^^^^^^^^^^^^^^^
Z:\home\kevin\STM32CubeIDE\CARRITOBLUEPILL\TXRF\Debug\TXRF.hex(1652): Expected device instantiation or directive here.
:1067200005D170BD55F8043B98470136EEE755F8A2
^^^^^^^^^^^^^^^^^^^^^^^^^^^^^^^^^^^^^^^^^^^
Z:\home\kevin\STM32CubeIDE\CARRITOBLUEPILL\TXRF\Debug\TXRF.hex(1653): Expected device instantiation or directive here.
:10673000043B98470136F2E7E48B0008E48B00083D
^^^^^^^^^^^^^^^^^^^^^^^^^^^^^^^^^^^^^^^^^^^
Z:\home\kevin\STM32CubeIDE\CARRITOBLUEPILL\TXRF\Debug\TXRF.hex(1654): Expected device instantiation or directive here.
:10674000E48B0008E88B00087047704770470346E9
^^^^^^^^^^^^^^^^^^^^^^^^^^^^^^^^^^^^^^^^^^^
Z:\home\kevin\STM32CubeIDE\CARRITOBLUEPILL\TXRF\Debug\TXRF.hex(1655): Expected device instantiation or directive here.
:1067500010B5C9B202449342184601D1002003E0AB
^^^^^^^^^^^^^^^^^^^^^^^^^^^^^^^^^^^^^^^^^^^
Z:\home\kevin\STM32CubeIDE\CARRITOBLUEPILL\TXRF\Debug\TXRF.hex(1656): Expected device instantiation or directive here.
:10676000047801338C42F6D110BD2DE9F74F03694F
^^^^^^^^^^^^^^^^^^^^^^^^^^^^^^^^^^^^^^^^^^^
Z:\home\kevin\STM32CubeIDE\CARRITOBLUEPILL\TXRF\Debug\TXRF.hex(1657): Expected device instantiation or directive here.
:106770000C690746A3427EDB013CA30000F114052F
^^^^^^^^^^^^^^^^^^^^^^^^^^^^^^^^^^^^^^^^^^^
Z:\home\kevin\STM32CubeIDE\CARRITOBLUEPILL\TXRF\Debug\TXRF.hex(1658): Expected device instantiation or directive here.
:1067800001F11408009305EB8403019358F82430B9
^^^^^^^^^^^^^^^^^^^^^^^^^^^^^^^^^^^^^^^^^^^
Z:\home\kevin\STM32CubeIDE\CARRITOBLUEPILL\TXRF\Debug\TXRF.hex(1659): Expected device instantiation or directive here.
:1067900055F8242001339A42B2FBF3F608EB840942
^^^^^^^^^^^^^^^^^^^^^^^^^^^^^^^^^^^^^^^^^^^
Z:\home\kevin\STM32CubeIDE\CARRITOBLUEPILL\TXRF\Debug\TXRF.hex(1660): Expected device instantiation or directive here.
:1067A0002ED34FF0000AC446AE46D3465CF8043BF5
^^^^^^^^^^^^^^^^^^^^^^^^^^^^^^^^^^^^^^^^^^^
Z:\home\kevin\STM32CubeIDE\CARRITOBLUEPILL\TXRF\Debug\TXRF.hex(1661): Expected device instantiation or directive here.
:1067B00098B206FB00A01B0C020C06FB0323DEF8BC
^^^^^^^^^^^^^^^^^^^^^^^^^^^^^^^^^^^^^^^^^^^
Z:\home\kevin\STM32CubeIDE\CARRITOBLUEPILL\TXRF\Debug\TXRF.hex(1662): Expected device instantiation or directive here.
:1067C000002080B292B2121A5A44DEF800004FEA5A
^^^^^^^^^^^^^^^^^^^^^^^^^^^^^^^^^^^^^^^^^^^
Z:\home\kevin\STM32CubeIDE\CARRITOBLUEPILL\TXRF\Debug\TXRF.hex(1663): Expected device instantiation or directive here.
:1067D000134A9BB2C3EB224303EB104392B242EA4B
^^^^^^^^^^^^^^^^^^^^^^^^^^^^^^^^^^^^^^^^^^^
Z:\home\kevin\STM32CubeIDE\CARRITOBLUEPILL\TXRF\Debug\TXRF.hex(1664): Expected device instantiation or directive here.
:1067E0000342E1454FEA234B4EF8042BDED2009BD7
^^^^^^^^^^^^^^^^^^^^^^^^^^^^^^^^^^^^^^^^^^^
Z:\home\kevin\STM32CubeIDE\CARRITOBLUEPILL\TXRF\Debug\TXRF.hex(1665): Expected device instantiation or directive here.
:1067F000EB582BB9019B043B9D421A462FD33C61B9
^^^^^^^^^^^^^^^^^^^^^^^^^^^^^^^^^^^^^^^^^^^
Z:\home\kevin\STM32CubeIDE\CARRITOBLUEPILL\TXRF\Debug\TXRF.hex(1666): Expected device instantiation or directive here.
:10680000384601F081F9002825DB2946002058F898
^^^^^^^^^^^^^^^^^^^^^^^^^^^^^^^^^^^^^^^^^^^
Z:\home\kevin\STM32CubeIDE\CARRITOBLUEPILL\TXRF\Debug\TXRF.hex(1667): Expected device instantiation or directive here.
:10681000042BD1F800C01FFA82FE1FFA8CF3A3EB01
^^^^^^^^^^^^^^^^^^^^^^^^^^^^^^^^^^^^^^^^^^^
Z:\home\kevin\STM32CubeIDE\CARRITOBLUEPILL\TXRF\Debug\TXRF.hex(1668): Expected device instantiation or directive here.
:106820000E030344120CC2EB234202EB1C429BB248
^^^^^^^^^^^^^^^^^^^^^^^^^^^^^^^^^^^^^^^^^^^
Z:\home\kevin\STM32CubeIDE\CARRITOBLUEPILL\TXRF\Debug\TXRF.hex(1669): Expected device instantiation or directive here.
:1068300043EA0243C1454FEA224041F8043BE6D215
^^^^^^^^^^^^^^^^^^^^^^^^^^^^^^^^^^^^^^^^^^^
Z:\home\kevin\STM32CubeIDE\CARRITOBLUEPILL\TXRF\Debug\TXRF.hex(1670): Expected device instantiation or directive here.
:1068400055F8242005EB840322B9043B9D421A46E7
^^^^^^^^^^^^^^^^^^^^^^^^^^^^^^^^^^^^^^^^^^^
Z:\home\kevin\STM32CubeIDE\CARRITOBLUEPILL\TXRF\Debug\TXRF.hex(1671): Expected device instantiation or directive here.
:106850000BD33C610136304603B0BDE8F08F1268BF
^^^^^^^^^^^^^^^^^^^^^^^^^^^^^^^^^^^^^^^^^^^
Z:\home\kevin\STM32CubeIDE\CARRITOBLUEPILL\TXRF\Debug\TXRF.hex(1672): Expected device instantiation or directive here.
:10686000043B002ACBD1013CC6E71268043B002A56
^^^^^^^^^^^^^^^^^^^^^^^^^^^^^^^^^^^^^^^^^^^
Z:\home\kevin\STM32CubeIDE\CARRITOBLUEPILL\TXRF\Debug\TXRF.hex(1673): Expected device instantiation or directive here.
:10687000EFD1013CEAE70020EEE700000000000055
^^^^^^^^^^^^^^^^^^^^^^^^^^^^^^^^^^^^^^^^^^^
Z:\home\kevin\STM32CubeIDE\CARRITOBLUEPILL\TXRF\Debug\TXRF.hex(1674): Expected device instantiation or directive here.
:106880002DE9F04F14461D46C76997B08146CDE902
^^^^^^^^^^^^^^^^^^^^^^^^^^^^^^^^^^^^^^^^^^^
Z:\home\kevin\STM32CubeIDE\CARRITOBLUEPILL\TXRF\Debug\TXRF.hex(1675): Expected device instantiation or directive here.
:106890000645239E7FB9102000F00EFE0246C9F87F
^^^^^^^^^^^^^^^^^^^^^^^^^^^^^^^^^^^^^^^^^^^
Z:\home\kevin\STM32CubeIDE\CARRITOBLUEPILL\TXRF\Debug\TXRF.hex(1676): Expected device instantiation or directive here.
:1068A0001C0020B9EF21AC4BAC4801F06DFCC0E9F5
^^^^^^^^^^^^^^^^^^^^^^^^^^^^^^^^^^^^^^^^^^^
Z:\home\kevin\STM32CubeIDE\CARRITOBLUEPILL\TXRF\Debug\TXRF.hex(1677): Expected device instantiation or directive here.
:1068B00001770760C760D9F81C30196859B15A6868
^^^^^^^^^^^^^^^^^^^^^^^^^^^^^^^^^^^^^^^^^^^
Z:\home\kevin\STM32CubeIDE\CARRITOBLUEPILL\TXRF\Debug\TXRF.hex(1678): Expected device instantiation or directive here.
:1068C000012393404A608B60484600F0EBFE0022B3
^^^^^^^^^^^^^^^^^^^^^^^^^^^^^^^^^^^^^^^^^^^
Z:\home\kevin\STM32CubeIDE\CARRITOBLUEPILL\TXRF\Debug\TXRF.hex(1679): Expected device instantiation or directive here.
:1068D000D9F81C301A602B1EAFBF0023012223F011
^^^^^^^^^^^^^^^^^^^^^^^^^^^^^^^^^^^^^^^^^^^
Z:\home\kevin\STM32CubeIDE\CARRITOBLUEPILL\TXRF\Debug\TXRF.hex(1680): Expected device instantiation or directive here.
:1068E00000430793A8BF3360DDF81C809C4BB8BF02
^^^^^^^^^^^^^^^^^^^^^^^^^^^^^^^^^^^^^^^^^^^
Z:\home\kevin\STM32CubeIDE\CARRITOBLUEPILL\TXRF\Debug\TXRF.hex(1681): Expected device instantiation or directive here.
:1068F000326033EA080312D142F20F73229A136016
^^^^^^^^^^^^^^^^^^^^^^^^^^^^^^^^^^^^^^^^^^^
Z:\home\kevin\STM32CubeIDE\CARRITOBLUEPILL\TXRF\Debug\TXRF.hex(1682): Expected device instantiation or directive here.
:10690000C8F31303234300F05E85249BDFF854A2F1
^^^^^^^^^^^^^^^^^^^^^^^^^^^^^^^^^^^^^^^^^^^
Z:\home\kevin\STM32CubeIDE\CARRITOBLUEPILL\TXRF\Debug\TXRF.hex(1683): Expected device instantiation or directive here.
:10691000002B00F060850AF1030300F05ABDDDE9A9
^^^^^^^^^^^^^^^^^^^^^^^^^^^^^^^^^^^^^^^^^^^
Z:\home\kevin\STM32CubeIDE\CARRITOBLUEPILL\TXRF\Debug\TXRF.hex(1684): Expected device instantiation or directive here.
:106920000623CDE90C23DDE90C0100220023FAF750
^^^^^^^^^^^^^^^^^^^^^^^^^^^^^^^^^^^^^^^^^^^
Z:\home\kevin\STM32CubeIDE\CARRITOBLUEPILL\TXRF\Debug\TXRF.hex(1685): Expected device instantiation or directive here.
:106930003BF8074658B10123229A1360249B13B1F8
^^^^^^^^^^^^^^^^^^^^^^^^^^^^^^^^^^^^^^^^^^^
Z:\home\kevin\STM32CubeIDE\CARRITOBLUEPILL\TXRF\Debug\TXRF.hex(1686): Expected device instantiation or directive here.
:10694000894B249A1360DFF824A200F044BD14ABF5
^^^^^^^^^^^^^^^^^^^^^^^^^^^^^^^^^^^^^^^^^^^
Z:\home\kevin\STM32CubeIDE\CARRITOBLUEPILL\TXRF\Debug\TXRF.hex(1687): Expected device instantiation or directive here.
:10695000019315AB00934846DDE90C2301F084F95F
^^^^^^^^^^^^^^^^^^^^^^^^^^^^^^^^^^^^^^^^^^^
Z:\home\kevin\STM32CubeIDE\CARRITOBLUEPILL\TXRF\Debug\TXRF.hex(1688): Expected device instantiation or directive here.
:10696000C8F30A560390002E78D0DDE90C010D9B88
^^^^^^^^^^^^^^^^^^^^^^^^^^^^^^^^^^^^^^^^^^^
Z:\home\kevin\STM32CubeIDE\CARRITOBLUEPILL\TXRF\Debug\TXRF.hex(1689): Expected device instantiation or directive here.
:10697000A6F2FF36C3F3130343F07F5343F44013EF
^^^^^^^^^^^^^^^^^^^^^^^^^^^^^^^^^^^^^^^^^^^
Z:\home\kevin\STM32CubeIDE\CARRITOBLUEPILL\TXRF\Debug\TXRF.hex(1690): Expected device instantiation or directive here.
:106980001297194600227A4BF9F7EEFB6CA3D3E974
^^^^^^^^^^^^^^^^^^^^^^^^^^^^^^^^^^^^^^^^^^^
Z:\home\kevin\STM32CubeIDE\CARRITOBLUEPILL\TXRF\Debug\TXRF.hex(1691): Expected device instantiation or directive here.
:106990000023F9F7A1FD6CA3D3E90023F9F7E6FB87
^^^^^^^^^^^^^^^^^^^^^^^^^^^^^^^^^^^^^^^^^^^
Z:\home\kevin\STM32CubeIDE\CARRITOBLUEPILL\TXRF\Debug\TXRF.hex(1692): Expected device instantiation or directive here.
:1069A000044630460D46F9F72DFD69A3D3E90023CF
^^^^^^^^^^^^^^^^^^^^^^^^^^^^^^^^^^^^^^^^^^^
Z:\home\kevin\STM32CubeIDE\CARRITOBLUEPILL\TXRF\Debug\TXRF.hex(1693): Expected device instantiation or directive here.
:1069B000F9F792FD02460B4620462946F9F7D6FB29
^^^^^^^^^^^^^^^^^^^^^^^^^^^^^^^^^^^^^^^^^^^
Z:\home\kevin\STM32CubeIDE\CARRITOBLUEPILL\TXRF\Debug\TXRF.hex(1694): Expected device instantiation or directive here.
:1069C00004460D46FAF738F8002207460023204611
^^^^^^^^^^^^^^^^^^^^^^^^^^^^^^^^^^^^^^^^^^^
Z:\home\kevin\STM32CubeIDE\CARRITOBLUEPILL\TXRF\Debug\TXRF.hex(1695): Expected device instantiation or directive here.
:1069D0002946F9F7F3FF40B13846F9F713FD22468F
^^^^^^^^^^^^^^^^^^^^^^^^^^^^^^^^^^^^^^^^^^^
Z:\home\kevin\STM32CubeIDE\CARRITOBLUEPILL\TXRF\Debug\TXRF.hex(1696): Expected device instantiation or directive here.
:1069E0002B46F9F7E1FF00B9013F162F54D8DDE936
^^^^^^^^^^^^^^^^^^^^^^^^^^^^^^^^^^^^^^^^^^^
Z:\home\kevin\STM32CubeIDE\CARRITOBLUEPILL\TXRF\Debug\TXRF.hex(1697): Expected device instantiation or directive here.
:1069F0000C01604B03EBC703D3E90023F9F7DEFF7B
^^^^^^^^^^^^^^^^^^^^^^^^^^^^^^^^^^^^^^^^^^^
Z:\home\kevin\STM32CubeIDE\CARRITOBLUEPILL\TXRF\Debug\TXRF.hex(1698): Expected device instantiation or directive here.
:106A000000284BD00023013F0F93149B9B1B5A1E61
^^^^^^^^^^^^^^^^^^^^^^^^^^^^^^^^^^^^^^^^^^^
Z:\home\kevin\STM32CubeIDE\CARRITOBLUEPILL\TXRF\Debug\TXRF.hex(1699): Expected device instantiation or directive here.
:106A100049BFC3F10103002304930023099254BF2B
^^^^^^^^^^^^^^^^^^^^^^^^^^^^^^^^^^^^^^^^^^^
Z:\home\kevin\STM32CubeIDE\CARRITOBLUEPILL\TXRF\Debug\TXRF.hex(1700): Expected device instantiation or directive here.
:106A200004930993002F3BDB099B0E973B4409938A
^^^^^^^^^^^^^^^^^^^^^^^^^^^^^^^^^^^^^^^^^^^
Z:\home\kevin\STM32CubeIDE\CARRITOBLUEPILL\TXRF\Debug\TXRF.hex(1701): Expected device instantiation or directive here.
:106A300000230A93209B092B65D8052BC4BF043B78
^^^^^^^^^^^^^^^^^^^^^^^^^^^^^^^^^^^^^^^^^^^
Z:\home\kevin\STM32CubeIDE\CARRITOBLUEPILL\TXRF\Debug\TXRF.hex(1702): Expected device instantiation or directive here.
:106A40002093209BC8BF0024A3F10203D8BF0124D8
^^^^^^^^^^^^^^^^^^^^^^^^^^^^^^^^^^^^^^^^^^^
Z:\home\kevin\STM32CubeIDE\CARRITOBLUEPILL\TXRF\Debug\TXRF.hex(1703): Expected device instantiation or directive here.
:106A5000032B64D8DFE803F05355382CDDE91463C9
^^^^^^^^^^^^^^^^^^^^^^^^^^^^^^^^^^^^^^^^^^^
Z:\home\kevin\STM32CubeIDE\CARRITOBLUEPILL\TXRF\Debug\TXRF.hex(1704): Expected device instantiation or directive here.
:106A60001E4406F23243202BC1BFC3F1400308FA93
^^^^^^^^^^^^^^^^^^^^^^^^^^^^^^^^^^^^^^^^^^^
Z:\home\kevin\STM32CubeIDE\CARRITOBLUEPILL\TXRF\Debug\TXRF.hex(1705): Expected device instantiation or directive here.
:106A700003F806F2124324FA03F3D6BFC3F120034E
^^^^^^^^^^^^^^^^^^^^^^^^^^^^^^^^^^^^^^^^^^^
Z:\home\kevin\STM32CubeIDE\CARRITOBLUEPILL\TXRF\Debug\TXRF.hex(1706): Expected device instantiation or directive here.
:106A800048EA030004FA03F0F9F7ACFC0122A1F193
^^^^^^^^^^^^^^^^^^^^^^^^^^^^^^^^^^^^^^^^^^^
Z:\home\kevin\STM32CubeIDE\CARRITOBLUEPILL\TXRF\Debug\TXRF.hex(1707): Expected device instantiation or directive here.
:106A9000F873013E129274E70123B5E70F90B4E753
^^^^^^^^^^^^^^^^^^^^^^^^^^^^^^^^^^^^^^^^^^^
Z:\home\kevin\STM32CubeIDE\CARRITOBLUEPILL\TXRF\Debug\TXRF.hex(1708): Expected device instantiation or directive here.
:106AA000049BDB1B04937B420A9300230E93C1E7F4
^^^^^^^^^^^^^^^^^^^^^^^^^^^^^^^^^^^^^^^^^^^
Z:\home\kevin\STM32CubeIDE\CARRITOBLUEPILL\TXRF\Debug\TXRF.hex(1709): Expected device instantiation or directive here.
:106AB00001230B93219B07EB030B0BF10103012B2C
^^^^^^^^^^^^^^^^^^^^^^^^^^^^^^^^^^^^^^^^^^^
Z:\home\kevin\STM32CubeIDE\CARRITOBLUEPILL\TXRF\Debug\TXRF.hex(1710): Expected device instantiation or directive here.
:106AC0000893B8BF012306E001230B93219B002B01
^^^^^^^^^^^^^^^^^^^^^^^^^^^^^^^^^^^^^^^^^^^
Z:\home\kevin\STM32CubeIDE\CARRITOBLUEPILL\TXRF\Debug\TXRF.hex(1711): Expected device instantiation or directive here.
:106AD00028DD9B46089300210422D9F81C0002F10E
^^^^^^^^^^^^^^^^^^^^^^^^^^^^^^^^^^^^^^^^^^^
Z:\home\kevin\STM32CubeIDE\CARRITOBLUEPILL\TXRF\Debug\TXRF.hex(1712): Expected device instantiation or directive here.
:106AE00014059D4226D94160484600F09BFD824630
^^^^^^^^^^^^^^^^^^^^^^^^^^^^^^^^^^^^^^^^^^^
Z:\home\kevin\STM32CubeIDE\CARRITOBLUEPILL\TXRF\Debug\TXRF.hex(1713): Expected device instantiation or directive here.
:106AF000002843D1024640F2AF111F4BD4E60023D9
^^^^^^^^^^^^^^^^^^^^^^^^^^^^^^^^^^^^^^^^^^^
Z:\home\kevin\STM32CubeIDE\CARRITOBLUEPILL\TXRF\Debug\TXRF.hex(1714): Expected device instantiation or directive here.
:106B0000E3E70023D5E7012400230B9420934FF003
^^^^^^^^^^^^^^^^^^^^^^^^^^^^^^^^^^^^^^^^^^^
Z:\home\kevin\STM32CubeIDE\CARRITOBLUEPILL\TXRF\Debug\TXRF.hex(1715): Expected device instantiation or directive here.
:106B1000FF3B00221223CDF820B02192DBE70123B6
^^^^^^^^^^^^^^^^^^^^^^^^^^^^^^^^^^^^^^^^^^^
Z:\home\kevin\STM32CubeIDE\CARRITOBLUEPILL\TXRF\Debug\TXRF.hex(1716): Expected device instantiation or directive here.
:106B20000B93F4E74FF0010B5B46CDF820B0CDF8A6
^^^^^^^^^^^^^^^^^^^^^^^^^^^^^^^^^^^^^^^^^^^
Z:\home\kevin\STM32CubeIDE\CARRITOBLUEPILL\TXRF\Debug\TXRF.hex(1717): Expected device instantiation or directive here.
:106B300084B0D0E701315200D1E700BFAFF300804D
^^^^^^^^^^^^^^^^^^^^^^^^^^^^^^^^^^^^^^^^^^^
Z:\home\kevin\STM32CubeIDE\CARRITOBLUEPILL\TXRF\Debug\TXRF.hex(1718): Expected device instantiation or directive here.
:106B400061436F63A787D23FB3C8608B288AC63F73
^^^^^^^^^^^^^^^^^^^^^^^^^^^^^^^^^^^^^^^^^^^
Z:\home\kevin\STM32CubeIDE\CARRITOBLUEPILL\TXRF\Debug\TXRF.hex(1719): Expected device instantiation or directive here.
:106B5000FB799F501344D33FA7880008BE880008E4
^^^^^^^^^^^^^^^^^^^^^^^^^^^^^^^^^^^^^^^^^^^
Z:\home\kevin\STM32CubeIDE\CARRITOBLUEPILL\TXRF\Debug\TXRF.hex(1720): Expected device instantiation or directive here.
:106B60000000F07FA3880008778800087688000876
^^^^^^^^^^^^^^^^^^^^^^^^^^^^^^^^^^^^^^^^^^^
Z:\home\kevin\STM32CubeIDE\CARRITOBLUEPILL\TXRF\Debug\TXRF.hex(1721): Expected device instantiation or directive here.
:106B70000000F83F108A000816890008D9F81C3078
^^^^^^^^^^^^^^^^^^^^^^^^^^^^^^^^^^^^^^^^^^^
Z:\home\kevin\STM32CubeIDE\CARRITOBLUEPILL\TXRF\Debug\TXRF.hex(1722): Expected device instantiation or directive here.
:106B80001860089B0E2B00F2A180002C00F09E8064
^^^^^^^^^^^^^^^^^^^^^^^^^^^^^^^^^^^^^^^^^^^
Z:\home\kevin\STM32CubeIDE\CARRITOBLUEPILL\TXRF\Debug\TXRF.hex(1723): Expected device instantiation or directive here.
:106B9000002F33DD9C4B07F00F0203EBC203F80517
^^^^^^^^^^^^^^^^^^^^^^^^^^^^^^^^^^^^^^^^^^^
Z:\home\kevin\STM32CubeIDE\CARRITOBLUEPILL\TXRF\Debug\TXRF.hex(1724): Expected device instantiation or directive here.
:106BA000D3E90034CDE910344FEA271416D5DDE9D6
^^^^^^^^^^^^^^^^^^^^^^^^^^^^^^^^^^^^^^^^^^^
Z:\home\kevin\STM32CubeIDE\CARRITOBLUEPILL\TXRF\Debug\TXRF.hex(1725): Expected device instantiation or directive here.
:106BB0000C01964B0326D3E90823F9F7B7FDCDE97D
^^^^^^^^^^^^^^^^^^^^^^^^^^^^^^^^^^^^^^^^^^^
Z:\home\kevin\STM32CubeIDE\CARRITOBLUEPILL\TXRF\Debug\TXRF.hex(1726): Expected device instantiation or directive here.
:106BC000060104F00F04914D54B9DDE91023DDE90D
^^^^^^^^^^^^^^^^^^^^^^^^^^^^^^^^^^^^^^^^^^^
Z:\home\kevin\STM32CubeIDE\CARRITOBLUEPILL\TXRF\Debug\TXRF.hex(1727): Expected device instantiation or directive here.
:106BD0000601F9F7ABFDCDE9060128E00226F2E750
^^^^^^^^^^^^^^^^^^^^^^^^^^^^^^^^^^^^^^^^^^^
Z:\home\kevin\STM32CubeIDE\CARRITOBLUEPILL\TXRF\Debug\TXRF.hex(1728): Expected device instantiation or directive here.
:106BE000E10708D5DDE91001D5E90023F9F774FCC8
^^^^^^^^^^^^^^^^^^^^^^^^^^^^^^^^^^^^^^^^^^^
Z:\home\kevin\STM32CubeIDE\CARRITOBLUEPILL\TXRF\Debug\TXRF.hex(1729): Expected device instantiation or directive here.
:106BF000CDE91001013664100835E5E700F0AF80FB
^^^^^^^^^^^^^^^^^^^^^^^^^^^^^^^^^^^^^^^^^^^
Z:\home\kevin\STM32CubeIDE\CARRITOBLUEPILL\TXRF\Debug\TXRF.hex(1730): Expected device instantiation or directive here.
:106C0000DDE90C017C42804B04F00F0203EBC20370
^^^^^^^^^^^^^^^^^^^^^^^^^^^^^^^^^^^^^^^^^^^
Z:\home\kevin\STM32CubeIDE\CARRITOBLUEPILL\TXRF\Debug\TXRF.hex(1731): Expected device instantiation or directive here.
:106C1000D3E90023F9F760FC02260023CDE9060141
^^^^^^^^^^^^^^^^^^^^^^^^^^^^^^^^^^^^^^^^^^^
Z:\home\kevin\STM32CubeIDE\CARRITOBLUEPILL\TXRF\Debug\TXRF.hex(1732): Expected device instantiation or directive here.
:106C20007A4D2411002C40F08F80002BD3D1DDE968
^^^^^^^^^^^^^^^^^^^^^^^^^^^^^^^^^^^^^^^^^^^
Z:\home\kevin\STM32CubeIDE\CARRITOBLUEPILL\TXRF\Debug\TXRF.hex(1733): Expected device instantiation or directive here.
:106C300006450F9B002B00F0948000222046294639
^^^^^^^^^^^^^^^^^^^^^^^^^^^^^^^^^^^^^^^^^^^
Z:\home\kevin\STM32CubeIDE\CARRITOBLUEPILL\TXRF\Debug\TXRF.hex(1734): Expected device instantiation or directive here.
:106C4000734BF9F7BBFE002800F08B80089B002BEC
^^^^^^^^^^^^^^^^^^^^^^^^^^^^^^^^^^^^^^^^^^^
Z:\home\kevin\STM32CubeIDE\CARRITOBLUEPILL\TXRF\Debug\TXRF.hex(1735): Expected device instantiation or directive here.
:106C500000F08780BBF1000F34DD2046002229467A
^^^^^^^^^^^^^^^^^^^^^^^^^^^^^^^^^^^^^^^^^^^
Z:\home\kevin\STM32CubeIDE\CARRITOBLUEPILL\TXRF\Debug\TXRF.hex(1736): Expected device instantiation or directive here.
:106C60006C4BF9F739FC5C46CDE9060107F1FF38BA
^^^^^^^^^^^^^^^^^^^^^^^^^^^^^^^^^^^^^^^^^^^
Z:\home\kevin\STM32CubeIDE\CARRITOBLUEPILL\TXRF\Debug\TXRF.hex(1737): Expected device instantiation or directive here.
:106C700001363046F9F7C6FBDDE90623F9F72CFCAF
^^^^^^^^^^^^^^^^^^^^^^^^^^^^^^^^^^^^^^^^^^^
Z:\home\kevin\STM32CubeIDE\CARRITOBLUEPILL\TXRF\Debug\TXRF.hex(1738): Expected device instantiation or directive here.
:106C80000022654BF9F772FA0546A1F15076002C07
^^^^^^^^^^^^^^^^^^^^^^^^^^^^^^^^^^^^^^^^^^^
Z:\home\kevin\STM32CubeIDE\CARRITOBLUEPILL\TXRF\Debug\TXRF.hex(1739): Expected device instantiation or directive here.
:106C90006AD1DDE906010022604BF9F765FA024688
^^^^^^^^^^^^^^^^^^^^^^^^^^^^^^^^^^^^^^^^^^^
Z:\home\kevin\STM32CubeIDE\CARRITOBLUEPILL\TXRF\Debug\TXRF.hex(1740): Expected device instantiation or directive here.
:106CA0000B46CDE906232A463346F9F7A5FE002810
^^^^^^^^^^^^^^^^^^^^^^^^^^^^^^^^^^^^^^^^^^^
Z:\home\kevin\STM32CubeIDE\CARRITOBLUEPILL\TXRF\Debug\TXRF.hex(1741): Expected device instantiation or directive here.
:106CB00040F09882DDE906012A4606F10043F9F723
^^^^^^^^^^^^^^^^^^^^^^^^^^^^^^^^^^^^^^^^^^^
Z:\home\kevin\STM32CubeIDE\CARRITOBLUEPILL\TXRF\Debug\TXRF.hex(1742): Expected device instantiation or directive here.
:106CC0007DFE38BBDDE90C34CDE90634159B002B85
^^^^^^^^^^^^^^^^^^^^^^^^^^^^^^^^^^^^^^^^^^^
Z:\home\kevin\STM32CubeIDE\CARRITOBLUEPILL\TXRF\Debug\TXRF.hex(1743): Expected device instantiation or directive here.
:106CD000C0F257810E2F00F354814B4B03EBC703D7
^^^^^^^^^^^^^^^^^^^^^^^^^^^^^^^^^^^^^^^^^^^
Z:\home\kevin\STM32CubeIDE\CARRITOBLUEPILL\TXRF\Debug\TXRF.hex(1744): Expected device instantiation or directive here.
:106CE000D3E90034CDE90434219B002B80F2E58008
^^^^^^^^^^^^^^^^^^^^^^^^^^^^^^^^^^^^^^^^^^^
Z:\home\kevin\STM32CubeIDE\CARRITOBLUEPILL\TXRF\Debug\TXRF.hex(1745): Expected device instantiation or directive here.
:106CF000089B002B00F3E1800CD1DDE904010022A8
^^^^^^^^^^^^^^^^^^^^^^^^^^^^^^^^^^^^^^^^^^^
Z:\home\kevin\STM32CubeIDE\CARRITOBLUEPILL\TXRF\Debug\TXRF.hex(1746): Expected device instantiation or directive here.
:106D0000464BF9F7E9FBDDE90623F9F76BFE0028AE
^^^^^^^^^^^^^^^^^^^^^^^^^^^^^^^^^^^^^^^^^^^
Z:\home\kevin\STM32CubeIDE\CARRITOBLUEPILL\TXRF\Debug\TXRF.hex(1747): Expected device instantiation or directive here.
:106D100000F0668200242546219B56466FEA030850
^^^^^^^^^^^^^^^^^^^^^^^^^^^^^^^^^^^^^^^^^^^
Z:\home\kevin\STM32CubeIDE\CARRITOBLUEPILL\TXRF\Debug\TXRF.hex(1748): Expected device instantiation or directive here.
:106D200000272146484600F0BDFC002D00F0BD8044
^^^^^^^^^^^^^^^^^^^^^^^^^^^^^^^^^^^^^^^^^^^
Z:\home\kevin\STM32CubeIDE\CARRITOBLUEPILL\TXRF\Debug\TXRF.hex(1749): Expected device instantiation or directive here.
:106D30002FB1AF4203D03946484600F0B3FC294694
^^^^^^^^^^^^^^^^^^^^^^^^^^^^^^^^^^^^^^^^^^^
Z:\home\kevin\STM32CubeIDE\CARRITOBLUEPILL\TXRF\Debug\TXRF.hex(1750): Expected device instantiation or directive here.
:106D4000484600F0AFFCB0E0E20705D5D5E90023E6
^^^^^^^^^^^^^^^^^^^^^^^^^^^^^^^^^^^^^^^^^^^
Z:\home\kevin\STM32CubeIDE\CARRITOBLUEPILL\TXRF\Debug\TXRF.hex(1751): Expected device instantiation or directive here.
:106D5000F9F7C2FB012301366410083562E7022609
^^^^^^^^^^^^^^^^^^^^^^^^^^^^^^^^^^^^^^^^^^^
Z:\home\kevin\STM32CubeIDE\CARRITOBLUEPILL\TXRF\Debug\TXRF.hex(1752): Expected device instantiation or directive here.
:106D600065E7B846089C84E7274B0B9903EBC403FF
^^^^^^^^^^^^^^^^^^^^^^^^^^^^^^^^^^^^^^^^^^^
Z:\home\kevin\STM32CubeIDE\CARRITOBLUEPILL\TXRF\Debug\TXRF.hex(1753): Expected device instantiation or directive here.
:106D700053E902235444002954D000202849F9F74C
^^^^^^^^^^^^^^^^^^^^^^^^^^^^^^^^^^^^^^^^^^^
Z:\home\kevin\STM32CubeIDE\CARRITOBLUEPILL\TXRF\Debug\TXRF.hex(1754): Expected device instantiation or directive here.
:106D8000D5FC33462A46F9F7EFF95646CDE910010E
^^^^^^^^^^^^^^^^^^^^^^^^^^^^^^^^^^^^^^^^^^^
Z:\home\kevin\STM32CubeIDE\CARRITOBLUEPILL\TXRF\Debug\TXRF.hex(1755): Expected device instantiation or directive here.
:106D9000DDE90601F9F750FE0546F9F733FB024637
^^^^^^^^^^^^^^^^^^^^^^^^^^^^^^^^^^^^^^^^^^^
Z:\home\kevin\STM32CubeIDE\CARRITOBLUEPILL\TXRF\Debug\TXRF.hex(1756): Expected device instantiation or directive here.
:106DA0000B46DDE90601F9F7DFF902460B463035FF
^^^^^^^^^^^^^^^^^^^^^^^^^^^^^^^^^^^^^^^^^^^
Z:\home\kevin\STM32CubeIDE\CARRITOBLUEPILL\TXRF\Debug\TXRF.hex(1757): Expected device instantiation or directive here.
:106DB000CDE90623DDE9102306F8015BF9F7FEFDB6
^^^^^^^^^^^^^^^^^^^^^^^^^^^^^^^^^^^^^^^^^^^
Z:\home\kevin\STM32CubeIDE\CARRITOBLUEPILL\TXRF\Debug\TXRF.hex(1758): Expected device instantiation or directive here.
:106DC000002872D1DDE9062300201149F9F7CCF93A
^^^^^^^^^^^^^^^^^^^^^^^^^^^^^^^^^^^^^^^^^^^
Z:\home\kevin\STM32CubeIDE\CARRITOBLUEPILL\TXRF\Debug\TXRF.hex(1759): Expected device instantiation or directive here.
:106DD000DDE91023F9F7F2FD002840F0B480A64267
^^^^^^^^^^^^^^^^^^^^^^^^^^^^^^^^^^^^^^^^^^^
Z:\home\kevin\STM32CubeIDE\CARRITOBLUEPILL\TXRF\Debug\TXRF.hex(1760): Expected device instantiation or directive here.
:106DE0003FF470AFDDE9100100220A4BF9F774FBA4
^^^^^^^^^^^^^^^^^^^^^^^^^^^^^^^^^^^^^^^^^^^
Z:\home\kevin\STM32CubeIDE\CARRITOBLUEPILL\TXRF\Debug\TXRF.hex(1761): Expected device instantiation or directive here.
:106DF0000022CDE91001DDE90601064BF9F76CFB35
^^^^^^^^^^^^^^^^^^^^^^^^^^^^^^^^^^^^^^^^^^^
Z:\home\kevin\STM32CubeIDE\CARRITOBLUEPILL\TXRF\Debug\TXRF.hex(1762): Expected device instantiation or directive here.
:106E0000CDE90601C4E700BF108A0008E889000840
^^^^^^^^^^^^^^^^^^^^^^^^^^^^^^^^^^^^^^^^^^^
Z:\home\kevin\STM32CubeIDE\CARRITOBLUEPILL\TXRF\Debug\TXRF.hex(1763): Expected device instantiation or directive here.
:106E10000000F03F0000244000001C40000014402F
^^^^^^^^^^^^^^^^^^^^^^^^^^^^^^^^^^^^^^^^^^^
Z:\home\kevin\STM32CubeIDE\CARRITOBLUEPILL\TXRF\Debug\TXRF.hex(1764): Expected device instantiation or directive here.
:106E20000000E03F31462846F9F756FB5646CDE9CB
^^^^^^^^^^^^^^^^^^^^^^^^^^^^^^^^^^^^^^^^^^^
Z:\home\kevin\STM32CubeIDE\CARRITOBLUEPILL\TXRF\Debug\TXRF.hex(1765): Expected device instantiation or directive here.
:106E300010011394DDE90601F9F7FEFD0546F9F7A7
^^^^^^^^^^^^^^^^^^^^^^^^^^^^^^^^^^^^^^^^^^^
Z:\home\kevin\STM32CubeIDE\CARRITOBLUEPILL\TXRF\Debug\TXRF.hex(1766): Expected device instantiation or directive here.
:106E4000E1FA02460B46DDE90601F9F78DF9024643
^^^^^^^^^^^^^^^^^^^^^^^^^^^^^^^^^^^^^^^^^^^
Z:\home\kevin\STM32CubeIDE\CARRITOBLUEPILL\TXRF\Debug\TXRF.hex(1767): Expected device instantiation or directive here.
:106E50000B46303506F8015BA642CDE906234FF01C
^^^^^^^^^^^^^^^^^^^^^^^^^^^^^^^^^^^^^^^^^^^
Z:\home\kevin\STM32CubeIDE\CARRITOBLUEPILL\TXRF\Debug\TXRF.hex(1768): Expected device instantiation or directive here.
:106E6000000224D1DDE91001AE4BF9F77FF90246AB
^^^^^^^^^^^^^^^^^^^^^^^^^^^^^^^^^^^^^^^^^^^
Z:\home\kevin\STM32CubeIDE\CARRITOBLUEPILL\TXRF\Debug\TXRF.hex(1769): Expected device instantiation or directive here.
:106E70000B46DDE90601F9F7BFFD002863D1DDE926
^^^^^^^^^^^^^^^^^^^^^^^^^^^^^^^^^^^^^^^^^^^
Z:\home\kevin\STM32CubeIDE\CARRITOBLUEPILL\TXRF\Debug\TXRF.hex(1770): Expected device instantiation or directive here.
:106E800010230020A749F9F76FF902460B46DDE908
^^^^^^^^^^^^^^^^^^^^^^^^^^^^^^^^^^^^^^^^^^^
Z:\home\kevin\STM32CubeIDE\CARRITOBLUEPILL\TXRF\Debug\TXRF.hex(1771): Expected device instantiation or directive here.
:106E90000601F9F793FD00283FF414AF139E731E0B
^^^^^^^^^^^^^^^^^^^^^^^^^^^^^^^^^^^^^^^^^^^
Z:\home\kevin\STM32CubeIDE\CARRITOBLUEPILL\TXRF\Debug\TXRF.hex(1772): Expected device instantiation or directive here.
:106EA000139316F8013C302BF8D047463BE09E4B3D
^^^^^^^^^^^^^^^^^^^^^^^^^^^^^^^^^^^^^^^^^^^
Z:\home\kevin\STM32CubeIDE\CARRITOBLUEPILL\TXRF\Debug\TXRF.hex(1773): Expected device instantiation or directive here.
:106EB000F9F712FBCDE90601BCE75646DDE90645C8
^^^^^^^^^^^^^^^^^^^^^^^^^^^^^^^^^^^^^^^^^^^
Z:\home\kevin\STM32CubeIDE\CARRITOBLUEPILL\TXRF\Debug\TXRF.hex(1774): Expected device instantiation or directive here.
:106EC000DDE9042320462946F9F730FCF9F7B4FD43
^^^^^^^^^^^^^^^^^^^^^^^^^^^^^^^^^^^^^^^^^^^
Z:\home\kevin\STM32CubeIDE\CARRITOBLUEPILL\TXRF\Debug\TXRF.hex(1775): Expected device instantiation or directive here.
:106ED0008046F9F797FADDE90423F9F7FDFA02464F
^^^^^^^^^^^^^^^^^^^^^^^^^^^^^^^^^^^^^^^^^^^
Z:\home\kevin\STM32CubeIDE\CARRITOBLUEPILL\TXRF\Debug\TXRF.hex(1776): Expected device instantiation or directive here.
:106EE0000B4620462946F9F73FF908F13004089D82
^^^^^^^^^^^^^^^^^^^^^^^^^^^^^^^^^^^^^^^^^^^
Z:\home\kevin\STM32CubeIDE\CARRITOBLUEPILL\TXRF\Debug\TXRF.hex(1777): Expected device instantiation or directive here.
:106EF00006F8014BA6EB0A04A54202460B4633D125
^^^^^^^^^^^^^^^^^^^^^^^^^^^^^^^^^^^^^^^^^^^
Z:\home\kevin\STM32CubeIDE\CARRITOBLUEPILL\TXRF\Debug\TXRF.hex(1778): Expected device instantiation or directive here.
:106F0000F9F734F9DDE9042304460D46F9F774FD79
^^^^^^^^^^^^^^^^^^^^^^^^^^^^^^^^^^^^^^^^^^^
Z:\home\kevin\STM32CubeIDE\CARRITOBLUEPILL\TXRF\Debug\TXRF.hex(1779): Expected device instantiation or directive here.
:106F1000C0B9DDE9042320462946F9F745FD10B143
^^^^^^^^^^^^^^^^^^^^^^^^^^^^^^^^^^^^^^^^^^^
Z:\home\kevin\STM32CubeIDE\CARRITOBLUEPILL\TXRF\Debug\TXRF.hex(1780): Expected device instantiation or directive here.
:106F200018F0010F0ED14846039900F0BBFB002377
^^^^^^^^^^^^^^^^^^^^^^^^^^^^^^^^^^^^^^^^^^^
Z:\home\kevin\STM32CubeIDE\CARRITOBLUEPILL\TXRF\Debug\TXRF.hex(1781): Expected device instantiation or directive here.
:106F30003370229B01371F60249B002B00F04B8293
^^^^^^^^^^^^^^^^^^^^^^^^^^^^^^^^^^^^^^^^^^^
Z:\home\kevin\STM32CubeIDE\CARRITOBLUEPILL\TXRF\Debug\TXRF.hex(1782): Expected device instantiation or directive here.
:106F40001E6048E2B84633461E4613F8012D392A22
^^^^^^^^^^^^^^^^^^^^^^^^^^^^^^^^^^^^^^^^^^^
Z:\home\kevin\STM32CubeIDE\CARRITOBLUEPILL\TXRF\Debug\TXRF.hex(1783): Expected device instantiation or directive here.
:106F500006D19A45F8D1302208F101088AF80020BC
^^^^^^^^^^^^^^^^^^^^^^^^^^^^^^^^^^^^^^^^^^^
Z:\home\kevin\STM32CubeIDE\CARRITOBLUEPILL\TXRF\Debug\TXRF.hex(1784): Expected device instantiation or directive here.
:106F60001A7801321A70A0E700226F4BF9F7B4FAD1
^^^^^^^^^^^^^^^^^^^^^^^^^^^^^^^^^^^^^^^^^^^
Z:\home\kevin\STM32CubeIDE\CARRITOBLUEPILL\TXRF\Debug\TXRF.hex(1785): Expected device instantiation or directive here.
:106F70000022002304460D46F9F716FD00289FD095
^^^^^^^^^^^^^^^^^^^^^^^^^^^^^^^^^^^^^^^^^^^
Z:\home\kevin\STM32CubeIDE\CARRITOBLUEPILL\TXRF\Debug\TXRF.hex(1786): Expected device instantiation or directive here.
:106F8000D1E70B9A002A00F0EA80209A012A00F348
^^^^^^^^^^^^^^^^^^^^^^^^^^^^^^^^^^^^^^^^^^^
Z:\home\kevin\STM32CubeIDE\CARRITOBLUEPILL\TXRF\Debug\TXRF.hex(1787): Expected device instantiation or directive here.
:106F9000CD80129A002A00F0C18003F233430A9C8C
^^^^^^^^^^^^^^^^^^^^^^^^^^^^^^^^^^^^^^^^^^^
Z:\home\kevin\STM32CubeIDE\CARRITOBLUEPILL\TXRF\Debug\TXRF.hex(1788): Expected device instantiation or directive here.
:106FA000049E049A01211A440492099A48461A44FC
^^^^^^^^^^^^^^^^^^^^^^^^^^^^^^^^^^^^^^^^^^^
Z:\home\kevin\STM32CubeIDE\CARRITOBLUEPILL\TXRF\Debug\TXRF.hex(1789): Expected device instantiation or directive here.
:106FB000099200F02BFC054666B1099B002B09DD08
^^^^^^^^^^^^^^^^^^^^^^^^^^^^^^^^^^^^^^^^^^^
Z:\home\kevin\STM32CubeIDE\CARRITOBLUEPILL\TXRF\Debug\TXRF.hex(1790): Expected device instantiation or directive here.
:106FC000B342A8BF3346049AF61AD21A0492099A19
^^^^^^^^^^^^^^^^^^^^^^^^^^^^^^^^^^^^^^^^^^^
Z:\home\kevin\STM32CubeIDE\CARRITOBLUEPILL\TXRF\Debug\TXRF.hex(1791): Expected device instantiation or directive here.
:106FD000D31A09930A9B0BB30B9B002B00F0C680BE
^^^^^^^^^^^^^^^^^^^^^^^^^^^^^^^^^^^^^^^^^^^
Z:\home\kevin\STM32CubeIDE\CARRITOBLUEPILL\TXRF\Debug\TXRF.hex(1792): Expected device instantiation or directive here.
:106FE000002C00F0C08029462246484600F0C6FC2E
^^^^^^^^^^^^^^^^^^^^^^^^^^^^^^^^^^^^^^^^^^^
Z:\home\kevin\STM32CubeIDE\CARRITOBLUEPILL\TXRF\Debug\TXRF.hex(1793): Expected device instantiation or directive here.
:106FF000039A01460546484600F01EFC0399804668
^^^^^^^^^^^^^^^^^^^^^^^^^^^^^^^^^^^^^^^^^^^
Z:\home\kevin\STM32CubeIDE\CARRITOBLUEPILL\TXRF\Debug\TXRF.hex(1794): Expected device instantiation or directive here.
:10700000484600F04FFB0A9B1B1B0A9300F0B1801F
^^^^^^^^^^^^^^^^^^^^^^^^^^^^^^^^^^^^^^^^^^^
Z:\home\kevin\STM32CubeIDE\CARRITOBLUEPILL\TXRF\Debug\TXRF.hex(1795): Expected device instantiation or directive here.
:1070100041460A9A484600F0B1FC039001214846D7
^^^^^^^^^^^^^^^^^^^^^^^^^^^^^^^^^^^^^^^^^^^
Z:\home\kevin\STM32CubeIDE\CARRITOBLUEPILL\TXRF\Debug\TXRF.hex(1796): Expected device instantiation or directive here.
:1070200000F0F4FB0E9B0446002B00F0D8811A46BA
^^^^^^^^^^^^^^^^^^^^^^^^^^^^^^^^^^^^^^^^^^^
Z:\home\kevin\STM32CubeIDE\CARRITOBLUEPILL\TXRF\Debug\TXRF.hex(1797): Expected device instantiation or directive here.
:107030000146484600F0A2FC209B0446012B00F3C9
^^^^^^^^^^^^^^^^^^^^^^^^^^^^^^^^^^^^^^^^^^^
Z:\home\kevin\STM32CubeIDE\CARRITOBLUEPILL\TXRF\Debug\TXRF.hex(1798): Expected device instantiation or directive here.
:107040009F80069B002B40F09780079BC3F31303A0
^^^^^^^^^^^^^^^^^^^^^^^^^^^^^^^^^^^^^^^^^^^
Z:\home\kevin\STM32CubeIDE\CARRITOBLUEPILL\TXRF\Debug\TXRF.hex(1799): Expected device instantiation or directive here.
:10705000002B40F09380079B23F000431B0D1B0582
^^^^^^^^^^^^^^^^^^^^^^^^^^^^^^^^^^^^^^^^^^^
Z:\home\kevin\STM32CubeIDE\CARRITOBLUEPILL\TXRF\Debug\TXRF.hex(1800): Expected device instantiation or directive here.
:1070600033B1049B01330493099B0133099301233A
^^^^^^^^^^^^^^^^^^^^^^^^^^^^^^^^^^^^^^^^^^^
Z:\home\kevin\STM32CubeIDE\CARRITOBLUEPILL\TXRF\Debug\TXRF.hex(1801): Expected device instantiation or directive here.
:107070000A930E9B002B00F0B881236904EB830375
^^^^^^^^^^^^^^^^^^^^^^^^^^^^^^^^^^^^^^^^^^^
Z:\home\kevin\STM32CubeIDE\CARRITOBLUEPILL\TXRF\Debug\TXRF.hex(1802): Expected device instantiation or directive here.
:10708000186900F077FBC0F12000099B184410F04C
^^^^^^^^^^^^^^^^^^^^^^^^^^^^^^^^^^^^^^^^^^^
Z:\home\kevin\STM32CubeIDE\CARRITOBLUEPILL\TXRF\Debug\TXRF.hex(1803): Expected device instantiation or directive here.
:107090001F0000F08280C0F12003042B73DD049BED
^^^^^^^^^^^^^^^^^^^^^^^^^^^^^^^^^^^^^^^^^^^
Z:\home\kevin\STM32CubeIDE\CARRITOBLUEPILL\TXRF\Debug\TXRF.hex(1804): Expected device instantiation or directive here.
:1070A000C0F11C0003440493099B06440344099364
^^^^^^^^^^^^^^^^^^^^^^^^^^^^^^^^^^^^^^^^^^^
Z:\home\kevin\STM32CubeIDE\CARRITOBLUEPILL\TXRF\Debug\TXRF.hex(1805): Expected device instantiation or directive here.
:1070B000049B002B05DD1A464846039900F0B8FCF6
^^^^^^^^^^^^^^^^^^^^^^^^^^^^^^^^^^^^^^^^^^^
Z:\home\kevin\STM32CubeIDE\CARRITOBLUEPILL\TXRF\Debug\TXRF.hex(1806): Expected device instantiation or directive here.
:1070C0000390099B002B05DD21461A46484600F037
^^^^^^^^^^^^^^^^^^^^^^^^^^^^^^^^^^^^^^^^^^^
Z:\home\kevin\STM32CubeIDE\CARRITOBLUEPILL\TXRF\Debug\TXRF.hex(1807): Expected device instantiation or directive here.
:1070D000AFFC04460F9B002B61D02146039800F0C3
^^^^^^^^^^^^^^^^^^^^^^^^^^^^^^^^^^^^^^^^^^^
Z:\home\kevin\STM32CubeIDE\CARRITOBLUEPILL\TXRF\Debug\TXRF.hex(1808): Expected device instantiation or directive here.
:1070E00013FD00285BDA00230A224846039900F0CA
^^^^^^^^^^^^^^^^^^^^^^^^^^^^^^^^^^^^^^^^^^^
Z:\home\kevin\STM32CubeIDE\CARRITOBLUEPILL\TXRF\Debug\TXRF.hex(1809): Expected device instantiation or directive here.
:1070F000FBFA0B9B07F1FF380390002B00F0778120
^^^^^^^^^^^^^^^^^^^^^^^^^^^^^^^^^^^^^^^^^^^
Z:\home\kevin\STM32CubeIDE\CARRITOBLUEPILL\TXRF\Debug\TXRF.hex(1810): Expected device instantiation or directive here.
:10710000294600230A22484600F0EEFABBF1000FA0
^^^^^^^^^^^^^^^^^^^^^^^^^^^^^^^^^^^^^^^^^^^
Z:\home\kevin\STM32CubeIDE\CARRITOBLUEPILL\TXRF\Debug\TXRF.hex(1811): Expected device instantiation or directive here.
:1071100005466FDC209B022B49DC6BE0149BC3F11E
^^^^^^^^^^^^^^^^^^^^^^^^^^^^^^^^^^^^^^^^^^^
Z:\home\kevin\STM32CubeIDE\CARRITOBLUEPILL\TXRF\Debug\TXRF.hex(1812): Expected device instantiation or directive here.
:1071200036033CE70000E03F00002440089B5C1E63
^^^^^^^^^^^^^^^^^^^^^^^^^^^^^^^^^^^^^^^^^^^
Z:\home\kevin\STM32CubeIDE\CARRITOBLUEPILL\TXRF\Debug\TXRF.hex(1813): Expected device instantiation or directive here.
:107130000A9BA34209DB1C1B089B002BBFF630AF48
^^^^^^^^^^^^^^^^^^^^^^^^^^^^^^^^^^^^^^^^^^^
Z:\home\kevin\STM32CubeIDE\CARRITOBLUEPILL\TXRF\Debug\TXRF.hex(1814): Expected device instantiation or directive here.
:10714000049B089A9E1A00232BE70A9B0E9AE31AC7
^^^^^^^^^^^^^^^^^^^^^^^^^^^^^^^^^^^^^^^^^^^
Z:\home\kevin\STM32CubeIDE\CARRITOBLUEPILL\TXRF\Debug\TXRF.hex(1815): Expected device instantiation or directive here.
:107150001A440A94049E0024089B0E9221E70A9C7C
^^^^^^^^^^^^^^^^^^^^^^^^^^^^^^^^^^^^^^^^^^^
Z:\home\kevin\STM32CubeIDE\CARRITOBLUEPILL\TXRF\Debug\TXRF.hex(1816): Expected device instantiation or directive here.
:10716000049E0B9D28E7DDF80C8051E70A9A0399ED
^^^^^^^^^^^^^^^^^^^^^^^^^^^^^^^^^^^^^^^^^^^
Z:\home\kevin\STM32CubeIDE\CARRITOBLUEPILL\TXRF\Debug\TXRF.hex(1817): Expected device instantiation or directive here.
:1071700050E7CDF80C8051E7002379E7069B77E7CD
^^^^^^^^^^^^^^^^^^^^^^^^^^^^^^^^^^^^^^^^^^^
Z:\home\kevin\STM32CubeIDE\CARRITOBLUEPILL\TXRF\Debug\TXRF.hex(1818): Expected device instantiation or directive here.
:1071800000230A9379E793D0049A1C331A4404929B
^^^^^^^^^^^^^^^^^^^^^^^^^^^^^^^^^^^^^^^^^^^
Z:\home\kevin\STM32CubeIDE\CARRITOBLUEPILL\TXRF\Debug\TXRF.hex(1819): Expected device instantiation or directive here.
:10719000099A1E441A4409928AE70346F4E7089BB9
^^^^^^^^^^^^^^^^^^^^^^^^^^^^^^^^^^^^^^^^^^^
Z:\home\kevin\STM32CubeIDE\CARRITOBLUEPILL\TXRF\Debug\TXRF.hex(1820): Expected device instantiation or directive here.
:1071A000B846002B20DC9B46209B022B1EDDBBF14A
^^^^^^^^^^^^^^^^^^^^^^^^^^^^^^^^^^^^^^^^^^^
Z:\home\kevin\STM32CubeIDE\CARRITOBLUEPILL\TXRF\Debug\TXRF.hex(1821): Expected device instantiation or directive here.
:1071B000000F7FF4B1AD21465B460522484600F042
^^^^^^^^^^^^^^^^^^^^^^^^^^^^^^^^^^^^^^^^^^^
Z:\home\kevin\STM32CubeIDE\CARRITOBLUEPILL\TXRF\Debug\TXRF.hex(1822): Expected device instantiation or directive here.
:1071C00093FA01460446039800F09EFC00287FF7DE
^^^^^^^^^^^^^^^^^^^^^^^^^^^^^^^^^^^^^^^^^^^
Z:\home\kevin\STM32CubeIDE\CARRITOBLUEPILL\TXRF\Debug\TXRF.hex(1823): Expected device instantiation or directive here.
:1071D000A3AD5646312308F1010806F8013B9FE5AF
^^^^^^^^^^^^^^^^^^^^^^^^^^^^^^^^^^^^^^^^^^^
Z:\home\kevin\STM32CubeIDE\CARRITOBLUEPILL\TXRF\Debug\TXRF.hex(1824): Expected device instantiation or directive here.
:1071E000B846089C2546F4E7DDF820B00B9B002B41
^^^^^^^^^^^^^^^^^^^^^^^^^^^^^^^^^^^^^^^^^^^
Z:\home\kevin\STM32CubeIDE\CARRITOBLUEPILL\TXRF\Debug\TXRF.hex(1825): Expected device instantiation or directive here.
:1071F00000F00181002E05DD29463246484600F0A8
^^^^^^^^^^^^^^^^^^^^^^^^^^^^^^^^^^^^^^^^^^^
Z:\home\kevin\STM32CubeIDE\CARRITOBLUEPILL\TXRF\Debug\TXRF.hex(1826): Expected device instantiation or directive here.
:1072000017FC05460A9B002B5CD04846696800F0D5
^^^^^^^^^^^^^^^^^^^^^^^^^^^^^^^^^^^^^^^^^^^
Z:\home\kevin\STM32CubeIDE\CARRITOBLUEPILL\TXRF\Debug\TXRF.hex(1827): Expected device instantiation or directive here.
:1072100009FA064628B9024640F2EF21804BFFF7F3
^^^^^^^^^^^^^^^^^^^^^^^^^^^^^^^^^^^^^^^^^^^
Z:\home\kevin\STM32CubeIDE\CARRITOBLUEPILL\TXRF\Debug\TXRF.hex(1828): Expected device instantiation or directive here.
:1072200043BB2A6905F10C01023292000C3000F0D8
^^^^^^^^^^^^^^^^^^^^^^^^^^^^^^^^^^^^^^^^^^^
Z:\home\kevin\STM32CubeIDE\CARRITOBLUEPILL\TXRF\Debug\TXRF.hex(1829): Expected device instantiation or directive here.
:107230009DFF01223146484600F0FAFB2F460546E5
^^^^^^^^^^^^^^^^^^^^^^^^^^^^^^^^^^^^^^^^^^^
Z:\home\kevin\STM32CubeIDE\CARRITOBLUEPILL\TXRF\Debug\TXRF.hex(1830): Expected device instantiation or directive here.
:107240000AF1010304930AEB0B030A93069B03F074
^^^^^^^^^^^^^^^^^^^^^^^^^^^^^^^^^^^^^^^^^^^
Z:\home\kevin\STM32CubeIDE\CARRITOBLUEPILL\TXRF\Debug\TXRF.hex(1831): Expected device instantiation or directive here.
:1072500001030993049B2146039803F1FF3BFFF7C9
^^^^^^^^^^^^^^^^^^^^^^^^^^^^^^^^^^^^^^^^^^^
Z:\home\kevin\STM32CubeIDE\CARRITOBLUEPILL\TXRF\Debug\TXRF.hex(1832): Expected device instantiation or directive here.
:1072600084FA034639463033069003980B9300F0B6
^^^^^^^^^^^^^^^^^^^^^^^^^^^^^^^^^^^^^^^^^^^
Z:\home\kevin\STM32CubeIDE\CARRITOBLUEPILL\TXRF\Debug\TXRF.hex(1833): Expected device instantiation or directive here.
:107270004BFC2A4608902146484600F061FCC26853
^^^^^^^^^^^^^^^^^^^^^^^^^^^^^^^^^^^^^^^^^^^
Z:\home\kevin\STM32CubeIDE\CARRITOBLUEPILL\TXRF\Debug\TXRF.hex(1834): Expected device instantiation or directive here.
:1072800006460B9B02BB0146039800F03DFC0246FC
^^^^^^^^^^^^^^^^^^^^^^^^^^^^^^^^^^^^^^^^^^^
Z:\home\kevin\STM32CubeIDE\CARRITOBLUEPILL\TXRF\Debug\TXRF.hex(1835): Expected device instantiation or directive here.
:107290000B9B31464846CDE90B3200F003FA209BA8
^^^^^^^^^^^^^^^^^^^^^^^^^^^^^^^^^^^^^^^^^^^
Z:\home\kevin\STM32CubeIDE\CARRITOBLUEPILL\TXRF\Debug\TXRF.hex(1836): Expected device instantiation or directive here.
:1072A0000C9A049E42EA0301099B19430B9B0DD1E2
^^^^^^^^^^^^^^^^^^^^^^^^^^^^^^^^^^^^^^^^^^^
Z:\home\kevin\STM32CubeIDE\CARRITOBLUEPILL\TXRF\Debug\TXRF.hex(1837): Expected device instantiation or directive here.
:1072B000392B27D0089A002A01DD069B31338BF841
^^^^^^^^^^^^^^^^^^^^^^^^^^^^^^^^^^^^^^^^^^^
Z:\home\kevin\STM32CubeIDE\CARRITOBLUEPILL\TXRF\Debug\TXRF.hex(1838): Expected device instantiation or directive here.
:1072C00000302EE52846B9E70122E2E708990029B7
^^^^^^^^^^^^^^^^^^^^^^^^^^^^^^^^^^^^^^^^^^^
Z:\home\kevin\STM32CubeIDE\CARRITOBLUEPILL\TXRF\Debug\TXRF.hex(1839): Expected device instantiation or directive here.
:1072D00004DB209801430998014320D1002AEEDD08
^^^^^^^^^^^^^^^^^^^^^^^^^^^^^^^^^^^^^^^^^^^
Z:\home\kevin\STM32CubeIDE\CARRITOBLUEPILL\TXRF\Debug\TXRF.hex(1840): Expected device instantiation or directive here.
:1072E000012203994846049300F0A2FB2146039033
^^^^^^^^^^^^^^^^^^^^^^^^^^^^^^^^^^^^^^^^^^^
Z:\home\kevin\STM32CubeIDE\CARRITOBLUEPILL\TXRF\Debug\TXRF.hex(1841): Expected device instantiation or directive here.
:1072F00000F00AFC0028049B02DCE0D1DA07DED5AE
^^^^^^^^^^^^^^^^^^^^^^^^^^^^^^^^^^^^^^^^^^^
Z:\home\kevin\STM32CubeIDE\CARRITOBLUEPILL\TXRF\Debug\TXRF.hex(1842): Expected device instantiation or directive here.
:10730000392BDAD139238BF8003033461E4616F874
^^^^^^^^^^^^^^^^^^^^^^^^^^^^^^^^^^^^^^^^^^^
Z:\home\kevin\STM32CubeIDE\CARRITOBLUEPILL\TXRF\Debug\TXRF.hex(1843): Expected device instantiation or directive here.
:10731000012C013B392A4ED001321A7001E5002AB6
^^^^^^^^^^^^^^^^^^^^^^^^^^^^^^^^^^^^^^^^^^^
Z:\home\kevin\STM32CubeIDE\CARRITOBLUEPILL\TXRF\Debug\TXRF.hex(1844): Expected device instantiation or directive here.
:1073200003DD392BEED00133C9E7049A0A9902F83C
^^^^^^^^^^^^^^^^^^^^^^^^^^^^^^^^^^^^^^^^^^^
Z:\home\kevin\STM32CubeIDE\CARRITOBLUEPILL\TXRF\Debug\TXRF.hex(1845): Expected device instantiation or directive here.
:10733000013C8A4228D000230A220399484600F0E3
^^^^^^^^^^^^^^^^^^^^^^^^^^^^^^^^^^^^^^^^^^^
Z:\home\kevin\STM32CubeIDE\CARRITOBLUEPILL\TXRF\Debug\TXRF.hex(1846): Expected device instantiation or directive here.
:10734000D3F9AF4203904FF000034FF00A023946E1
^^^^^^^^^^^^^^^^^^^^^^^^^^^^^^^^^^^^^^^^^^^
Z:\home\kevin\STM32CubeIDE\CARRITOBLUEPILL\TXRF\Debug\TXRF.hex(1847): Expected device instantiation or directive here.
:10735000484607D100F0C8F907460546049B0133AB
^^^^^^^^^^^^^^^^^^^^^^^^^^^^^^^^^^^^^^^^^^^
Z:\home\kevin\STM32CubeIDE\CARRITOBLUEPILL\TXRF\Debug\TXRF.hex(1848): Expected device instantiation or directive here.
:10736000049377E700F0C0F92946074600230A2274
^^^^^^^^^^^^^^^^^^^^^^^^^^^^^^^^^^^^^^^^^^^
Z:\home\kevin\STM32CubeIDE\CARRITOBLUEPILL\TXRF\Debug\TXRF.hex(1849): Expected device instantiation or directive here.
:10737000484600F0B9F90546F0E7BBF1000FCCBF75
^^^^^^^^^^^^^^^^^^^^^^^^^^^^^^^^^^^^^^^^^^^
Z:\home\kevin\STM32CubeIDE\CARRITOBLUEPILL\TXRF\Debug\TXRF.hex(1850): Expected device instantiation or directive here.
:107380005E4601260027564401220399484604938D
^^^^^^^^^^^^^^^^^^^^^^^^^^^^^^^^^^^^^^^^^^^
Z:\home\kevin\STM32CubeIDE\CARRITOBLUEPILL\TXRF\Debug\TXRF.hex(1851): Expected device instantiation or directive here.
:1073900000F04EFB2146039000F0B6FB0028B4DC61
^^^^^^^^^^^^^^^^^^^^^^^^^^^^^^^^^^^^^^^^^^^
Z:\home\kevin\STM32CubeIDE\CARRITOBLUEPILL\TXRF\Debug\TXRF.hex(1852): Expected device instantiation or directive here.
:1073A00002D1049BDB07B0D433461E4613F8012DEF
^^^^^^^^^^^^^^^^^^^^^^^^^^^^^^^^^^^^^^^^^^^
Z:\home\kevin\STM32CubeIDE\CARRITOBLUEPILL\TXRF\Debug\TXRF.hex(1853): Expected device instantiation or directive here.
:1073B000302AFAD0B5E49A45A8D1312308F1010862
^^^^^^^^^^^^^^^^^^^^^^^^^^^^^^^^^^^^^^^^^^^
Z:\home\kevin\STM32CubeIDE\CARRITOBLUEPILL\TXRF\Debug\TXRF.hex(1854): Expected device instantiation or directive here.
:1073C0008AF80030ADE4249BDFF858A01BB10AF125
^^^^^^^^^^^^^^^^^^^^^^^^^^^^^^^^^^^^^^^^^^^
Z:\home\kevin\STM32CubeIDE\CARRITOBLUEPILL\TXRF\Debug\TXRF.hex(1855): Expected device instantiation or directive here.
:1073D0000803249A1360504617B0BDE8F08F209B35
^^^^^^^^^^^^^^^^^^^^^^^^^^^^^^^^^^^^^^^^^^^
Z:\home\kevin\STM32CubeIDE\CARRITOBLUEPILL\TXRF\Debug\TXRF.hex(1856): Expected device instantiation or directive here.
:1073E000012B7FF72EAE0E9B0A9301204DE6BBF1D9
^^^^^^^^^^^^^^^^^^^^^^^^^^^^^^^^^^^^^^^^^^^
Z:\home\kevin\STM32CubeIDE\CARRITOBLUEPILL\TXRF\Debug\TXRF.hex(1857): Expected device instantiation or directive here.
:1073F000000F7FF7D9AE564621460398FFF7B5F93F
^^^^^^^^^^^^^^^^^^^^^^^^^^^^^^^^^^^^^^^^^^^
Z:\home\kevin\STM32CubeIDE\CARRITOBLUEPILL\TXRF\Debug\TXRF.hex(1858): Expected device instantiation or directive here.
:1074000000F1300306F8013BA6EB0A029345B4DD18
^^^^^^^^^^^^^^^^^^^^^^^^^^^^^^^^^^^^^^^^^^^
Z:\home\kevin\STM32CubeIDE\CARRITOBLUEPILL\TXRF\Debug\TXRF.hex(1859): Expected device instantiation or directive here.
:1074100000230A224846039900F066F90390EBE73F
^^^^^^^^^^^^^^^^^^^^^^^^^^^^^^^^^^^^^^^^^^^
Z:\home\kevin\STM32CubeIDE\CARRITOBLUEPILL\TXRF\Debug\TXRF.hex(1860): Expected device instantiation or directive here.
:10742000168900089A88000838B50546002940D01A
^^^^^^^^^^^^^^^^^^^^^^^^^^^^^^^^^^^^^^^^^^^
Z:\home\kevin\STM32CubeIDE\CARRITOBLUEPILL\TXRF\Debug\TXRF.hex(1861): Expected device instantiation or directive here.
:1074300051F8043C0C1F002BB8BFE41800F0E6F82C
^^^^^^^^^^^^^^^^^^^^^^^^^^^^^^^^^^^^^^^^^^^
Z:\home\kevin\STM32CubeIDE\CARRITOBLUEPILL\TXRF\Debug\TXRF.hex(1862): Expected device instantiation or directive here.
:107440001C4A136833B9636014602846BDE83840AD
^^^^^^^^^^^^^^^^^^^^^^^^^^^^^^^^^^^^^^^^^^^
Z:\home\kevin\STM32CubeIDE\CARRITOBLUEPILL\TXRF\Debug\TXRF.hex(1863): Expected device instantiation or directive here.
:1074500000F0E2B8A34208D9206821188B4201BF8E
^^^^^^^^^^^^^^^^^^^^^^^^^^^^^^^^^^^^^^^^^^^
Z:\home\kevin\STM32CubeIDE\CARRITOBLUEPILL\TXRF\Debug\TXRF.hex(1864): Expected device instantiation or directive here.
:1074600019685B6809182160EDE71A465B680BB183
^^^^^^^^^^^^^^^^^^^^^^^^^^^^^^^^^^^^^^^^^^^
Z:\home\kevin\STM32CubeIDE\CARRITOBLUEPILL\TXRF\Debug\TXRF.hex(1865): Expected device instantiation or directive here.
:10747000A342FAD911685018A0420BD120680144E8
^^^^^^^^^^^^^^^^^^^^^^^^^^^^^^^^^^^^^^^^^^^
Z:\home\kevin\STM32CubeIDE\CARRITOBLUEPILL\TXRF\Debug\TXRF.hex(1866): Expected device instantiation or directive here.
:10748000501883421160E0D118685B6808441060AE
^^^^^^^^^^^^^^^^^^^^^^^^^^^^^^^^^^^^^^^^^^^
Z:\home\kevin\STM32CubeIDE\CARRITOBLUEPILL\TXRF\Debug\TXRF.hex(1867): Expected device instantiation or directive here.
:107490005360DAE702D90C232B60D6E72068211865
^^^^^^^^^^^^^^^^^^^^^^^^^^^^^^^^^^^^^^^^^^^
Z:\home\kevin\STM32CubeIDE\CARRITOBLUEPILL\TXRF\Debug\TXRF.hex(1868): Expected device instantiation or directive here.
:1074A0008B4201BF19685B680918216063605460F2
^^^^^^^^^^^^^^^^^^^^^^^^^^^^^^^^^^^^^^^^^^^
Z:\home\kevin\STM32CubeIDE\CARRITOBLUEPILL\TXRF\Debug\TXRF.hex(1869): Expected device instantiation or directive here.
:1074B000CBE738BD98040020024B0146186800F065
^^^^^^^^^^^^^^^^^^^^^^^^^^^^^^^^^^^^^^^^^^^
Z:\home\kevin\STM32CubeIDE\CARRITOBLUEPILL\TXRF\Debug\TXRF.hex(1870): Expected device instantiation or directive here.
:1074C00025B800BF2000002070B50F4E0C46316873
^^^^^^^^^^^^^^^^^^^^^^^^^^^^^^^^^^^^^^^^^^^
Z:\home\kevin\STM32CubeIDE\CARRITOBLUEPILL\TXRF\Debug\TXRF.hex(1871): Expected device instantiation or directive here.
:1074D000054611B900F03AFE30602146284600F01A
^^^^^^^^^^^^^^^^^^^^^^^^^^^^^^^^^^^^^^^^^^^
Z:\home\kevin\STM32CubeIDE\CARRITOBLUEPILL\TXRF\Debug\TXRF.hex(1872): Expected device instantiation or directive here.
:1074E00035FE431C03D14FF0FF34204670BDC41C51
^^^^^^^^^^^^^^^^^^^^^^^^^^^^^^^^^^^^^^^^^^^
Z:\home\kevin\STM32CubeIDE\CARRITOBLUEPILL\TXRF\Debug\TXRF.hex(1873): Expected device instantiation or directive here.
:1074F00024F00304A042F8D0211A284600F026FE0A
^^^^^^^^^^^^^^^^^^^^^^^^^^^^^^^^^^^^^^^^^^^
Z:\home\kevin\STM32CubeIDE\CARRITOBLUEPILL\TXRF\Debug\TXRF.hex(1874): Expected device instantiation or directive here.
:107500000130F2D1EFE700BF940400202DE9F843E9
^^^^^^^^^^^^^^^^^^^^^^^^^^^^^^^^^^^^^^^^^^^
Z:\home\kevin\STM32CubeIDE\CARRITOBLUEPILL\TXRF\Debug\TXRF.hex(1875): Expected device instantiation or directive here.
:10751000CD1C25F0030508350C2D38BF0C25002D9A
^^^^^^^^^^^^^^^^^^^^^^^^^^^^^^^^^^^^^^^^^^^
Z:\home\kevin\STM32CubeIDE\CARRITOBLUEPILL\TXRF\Debug\TXRF.hex(1876): Expected device instantiation or directive here.
:10752000064601DBA94204D90C2333600020BDE8E4
^^^^^^^^^^^^^^^^^^^^^^^^^^^^^^^^^^^^^^^^^^^
Z:\home\kevin\STM32CubeIDE\CARRITOBLUEPILL\TXRF\Debug\TXRF.hex(1877): Expected device instantiation or directive here.
:10753000F883DFF8D48000F069F8D8F800301C46F2
^^^^^^^^^^^^^^^^^^^^^^^^^^^^^^^^^^^^^^^^^^^
Z:\home\kevin\STM32CubeIDE\CARRITOBLUEPILL\TXRF\Debug\TXRF.hex(1878): Expected device instantiation or directive here.
:1075400044BB29463046FFF7BFFF431C044658D1D1
^^^^^^^^^^^^^^^^^^^^^^^^^^^^^^^^^^^^^^^^^^^
Z:\home\kevin\STM32CubeIDE\CARRITOBLUEPILL\TXRF\Debug\TXRF.hex(1879): Expected device instantiation or directive here.
:10755000D8F800402746002F43D1002C4BD0236899
^^^^^^^^^^^^^^^^^^^^^^^^^^^^^^^^^^^^^^^^^^^
Z:\home\kevin\STM32CubeIDE\CARRITOBLUEPILL\TXRF\Debug\TXRF.hex(1880): Expected device instantiation or directive here.
:107560003946304604EB030900F0F0FD814542D175
^^^^^^^^^^^^^^^^^^^^^^^^^^^^^^^^^^^^^^^^^^^
Z:\home\kevin\STM32CubeIDE\CARRITOBLUEPILL\TXRF\Debug\TXRF.hex(1881): Expected device instantiation or directive here.
:10757000216830466D1A2946FFF7A6FF01303AD040
^^^^^^^^^^^^^^^^^^^^^^^^^^^^^^^^^^^^^^^^^^^
Z:\home\kevin\STM32CubeIDE\CARRITOBLUEPILL\TXRF\Debug\TXRF.hex(1882): Expected device instantiation or directive here.
:1075800023682B442360D8F800305A6862BBC8F8DF
^^^^^^^^^^^^^^^^^^^^^^^^^^^^^^^^^^^^^^^^^^^
Z:\home\kevin\STM32CubeIDE\CARRITOBLUEPILL\TXRF\Debug\TXRF.hex(1883): Expected device instantiation or directive here.
:1075900000700FE02268521B20D40B2A17D9611902
^^^^^^^^^^^^^^^^^^^^^^^^^^^^^^^^^^^^^^^^^^^
Z:\home\kevin\STM32CubeIDE\CARRITOBLUEPILL\TXRF\Debug\TXRF.hex(1884): Expected device instantiation or directive here.
:1075A000A342256018BF5960636808BFC8F800107F
^^^^^^^^^^^^^^^^^^^^^^^^^^^^^^^^^^^^^^^^^^^
Z:\home\kevin\STM32CubeIDE\CARRITOBLUEPILL\TXRF\Debug\TXRF.hex(1885): Expected device instantiation or directive here.
:1075B00062514B60304600F02FF804F10B00231DA0
^^^^^^^^^^^^^^^^^^^^^^^^^^^^^^^^^^^^^^^^^^^
Z:\home\kevin\STM32CubeIDE\CARRITOBLUEPILL\TXRF\Debug\TXRF.hex(1886): Expected device instantiation or directive here.
:1075C00020F00700C21A1CBF1B1AA350AFE7626865
^^^^^^^^^^^^^^^^^^^^^^^^^^^^^^^^^^^^^^^^^^^
Z:\home\kevin\STM32CubeIDE\CARRITOBLUEPILL\TXRF\Debug\TXRF.hex(1887): Expected device instantiation or directive here.
:1075D000A3420CBFC8F800205A60EBE7234664685A
^^^^^^^^^^^^^^^^^^^^^^^^^^^^^^^^^^^^^^^^^^^
Z:\home\kevin\STM32CubeIDE\CARRITOBLUEPILL\TXRF\Debug\TXRF.hex(1888): Expected device instantiation or directive here.
:1075E000AEE73C467F68B6E71A465B68A342FBD12C
^^^^^^^^^^^^^^^^^^^^^^^^^^^^^^^^^^^^^^^^^^^
Z:\home\kevin\STM32CubeIDE\CARRITOBLUEPILL\TXRF\Debug\TXRF.hex(1889): Expected device instantiation or directive here.
:1075F00000235360DEE70C233046336000F00CF8C4
^^^^^^^^^^^^^^^^^^^^^^^^^^^^^^^^^^^^^^^^^^^
Z:\home\kevin\STM32CubeIDE\CARRITOBLUEPILL\TXRF\Debug\TXRF.hex(1890): Expected device instantiation or directive here.
:1076000094E70560D6E700BF980400200148FFF723
^^^^^^^^^^^^^^^^^^^^^^^^^^^^^^^^^^^^^^^^^^^
Z:\home\kevin\STM32CubeIDE\CARRITOBLUEPILL\TXRF\Debug\TXRF.hex(1891): Expected device instantiation or directive here.
:107610009CB800BF900400200148FFF797B800BF56
^^^^^^^^^^^^^^^^^^^^^^^^^^^^^^^^^^^^^^^^^^^
Z:\home\kevin\STM32CubeIDE\CARRITOBLUEPILL\TXRF\Debug\TXRF.hex(1892): Expected device instantiation or directive here.
:107620009004002070B5C66904460D4676B9102056
^^^^^^^^^^^^^^^^^^^^^^^^^^^^^^^^^^^^^^^^^^^
Z:\home\kevin\STM32CubeIDE\CARRITOBLUEPILL\TXRF\Debug\TXRF.hex(1893): Expected device instantiation or directive here.
:10763000FFF742FF0246E06120B96B21174B184863
^^^^^^^^^^^^^^^^^^^^^^^^^^^^^^^^^^^^^^^^^^^
Z:\home\kevin\STM32CubeIDE\CARRITOBLUEPILL\TXRF\Debug\TXRF.hex(1894): Expected device instantiation or directive here.
:1076400000F0A2FDC0E901660660C660E669F36865
^^^^^^^^^^^^^^^^^^^^^^^^^^^^^^^^^^^^^^^^^^^
Z:\home\kevin\STM32CubeIDE\CARRITOBLUEPILL\TXRF\Debug\TXRF.hex(1895): Expected device instantiation or directive here.
:1076500083B1E369DB6853F82500B8B9012101FA69
^^^^^^^^^^^^^^^^^^^^^^^^^^^^^^^^^^^^^^^^^^^
Z:\home\kevin\STM32CubeIDE\CARRITOBLUEPILL\TXRF\Debug\TXRF.hex(1896): Expected device instantiation or directive here.
:1076600005F6721D2046920000F0ACFD60B1C0E945
^^^^^^^^^^^^^^^^^^^^^^^^^^^^^^^^^^^^^^^^^^^
Z:\home\kevin\STM32CubeIDE\CARRITOBLUEPILL\TXRF\Debug\TXRF.hex(1897): Expected device instantiation or directive here.
:1076700001560EE021220421204600F0A3FDE3691B
^^^^^^^^^^^^^^^^^^^^^^^^^^^^^^^^^^^^^^^^^^^
Z:\home\kevin\STM32CubeIDE\CARRITOBLUEPILL\TXRF\Debug\TXRF.hex(1898): Expected device instantiation or directive here.
:10768000F060DB68002BE4D1002070BD026843F895
^^^^^^^^^^^^^^^^^^^^^^^^^^^^^^^^^^^^^^^^^^^
Z:\home\kevin\STM32CubeIDE\CARRITOBLUEPILL\TXRF\Debug\TXRF.hex(1899): Expected device instantiation or directive here.
:1076900025200023C0E90333F7E700BFA7880008CF
^^^^^^^^^^^^^^^^^^^^^^^^^^^^^^^^^^^^^^^^^^^
Z:\home\kevin\STM32CubeIDE\CARRITOBLUEPILL\TXRF\Debug\TXRF.hex(1900): Expected device instantiation or directive here.
:1076A0002789000870B5C66905460C4676B91020D2
^^^^^^^^^^^^^^^^^^^^^^^^^^^^^^^^^^^^^^^^^^^
Z:\home\kevin\STM32CubeIDE\CARRITOBLUEPILL\TXRF\Debug\TXRF.hex(1901): Expected device instantiation or directive here.
:1076B000FFF702FF0246E86120B98F21084B094815
^^^^^^^^^^^^^^^^^^^^^^^^^^^^^^^^^^^^^^^^^^^
Z:\home\kevin\STM32CubeIDE\CARRITOBLUEPILL\TXRF\Debug\TXRF.hex(1902): Expected device instantiation or directive here.
:1076C00000F062FDC0E901660660C6603CB1EB698E
^^^^^^^^^^^^^^^^^^^^^^^^^^^^^^^^^^^^^^^^^^^
Z:\home\kevin\STM32CubeIDE\CARRITOBLUEPILL\TXRF\Debug\TXRF.hex(1903): Expected device instantiation or directive here.
:1076D0006268DB6853F82210216043F8224070BDD5
^^^^^^^^^^^^^^^^^^^^^^^^^^^^^^^^^^^^^^^^^^^
Z:\home\kevin\STM32CubeIDE\CARRITOBLUEPILL\TXRF\Debug\TXRF.hex(1904): Expected device instantiation or directive here.
:1076E000A7880008278900082DE9F04107460C46C5
^^^^^^^^^^^^^^^^^^^^^^^^^^^^^^^^^^^^^^^^^^^
Z:\home\kevin\STM32CubeIDE\CARRITOBLUEPILL\TXRF\Debug\TXRF.hex(1905): Expected device instantiation or directive here.
:1076F0001E4600200D6901F1140CDCF80030013049
^^^^^^^^^^^^^^^^^^^^^^^^^^^^^^^^^^^^^^^^^^^
Z:\home\kevin\STM32CubeIDE\CARRITOBLUEPILL\TXRF\Debug\TXRF.hex(1906): Expected device instantiation or directive here.
:1077000099B202FB01611E0C0B0C02FB063389B21D
^^^^^^^^^^^^^^^^^^^^^^^^^^^^^^^^^^^^^^^^^^^
Z:\home\kevin\STM32CubeIDE\CARRITOBLUEPILL\TXRF\Debug\TXRF.hex(1907): Expected device instantiation or directive here.
:1077100001EB034185424FEA13464CF8041BECDCB5
^^^^^^^^^^^^^^^^^^^^^^^^^^^^^^^^^^^^^^^^^^^
Z:\home\kevin\STM32CubeIDE\CARRITOBLUEPILL\TXRF\Debug\TXRF.hex(1908): Expected device instantiation or directive here.
:107720000EB3A368AB4219DC616838460131FFF73C
^^^^^^^^^^^^^^^^^^^^^^^^^^^^^^^^^^^^^^^^^^^
Z:\home\kevin\STM32CubeIDE\CARRITOBLUEPILL\TXRF\Debug\TXRF.hex(1909): Expected device instantiation or directive here.
:1077300079FF804628B90246BA210C4B0C4800F06C
^^^^^^^^^^^^^^^^^^^^^^^^^^^^^^^^^^^^^^^^^^^
Z:\home\kevin\STM32CubeIDE\CARRITOBLUEPILL\TXRF\Debug\TXRF.hex(1910): Expected device instantiation or directive here.
:1077400023FD226904F10C01023292000C3000F09A
^^^^^^^^^^^^^^^^^^^^^^^^^^^^^^^^^^^^^^^^^^^
Z:\home\kevin\STM32CubeIDE\CARRITOBLUEPILL\TXRF\Debug\TXRF.hex(1911): Expected device instantiation or directive here.
:107750000DFD21463846FFF7A5FF444604EB85039F
^^^^^^^^^^^^^^^^^^^^^^^^^^^^^^^^^^^^^^^^^^^
Z:\home\kevin\STM32CubeIDE\CARRITOBLUEPILL\TXRF\Debug\TXRF.hex(1912): Expected device instantiation or directive here.
:1077600001355E6125612046BDE8F081168900087B
^^^^^^^^^^^^^^^^^^^^^^^^^^^^^^^^^^^^^^^^^^^
Z:\home\kevin\STM32CubeIDE\CARRITOBLUEPILL\TXRF\Debug\TXRF.hex(1913): Expected device instantiation or directive here.
:10777000278900080346B0F5803F3ABF0304102074
^^^^^^^^^^^^^^^^^^^^^^^^^^^^^^^^^^^^^^^^^^^
Z:\home\kevin\STM32CubeIDE\CARRITOBLUEPILL\TXRF\Debug\TXRF.hex(1914): Expected device instantiation or directive here.
:107780000020B3F1807F3CBF1B020830B3F1805F63
^^^^^^^^^^^^^^^^^^^^^^^^^^^^^^^^^^^^^^^^^^^
Z:\home\kevin\STM32CubeIDE\CARRITOBLUEPILL\TXRF\Debug\TXRF.hex(1915): Expected device instantiation or directive here.
:107790003CBF1B010430B3F1804F3CBF9B00023063
^^^^^^^^^^^^^^^^^^^^^^^^^^^^^^^^^^^^^^^^^^^
Z:\home\kevin\STM32CubeIDE\CARRITOBLUEPILL\TXRF\Debug\TXRF.hex(1916): Expected device instantiation or directive here.
:1077A000002B05DB13F0804F00F1010008BF202003
^^^^^^^^^^^^^^^^^^^^^^^^^^^^^^^^^^^^^^^^^^^
Z:\home\kevin\STM32CubeIDE\CARRITOBLUEPILL\TXRF\Debug\TXRF.hex(1917): Expected device instantiation or directive here.
:1077B00070470368024613F007000BD0D90721D4A5
^^^^^^^^^^^^^^^^^^^^^^^^^^^^^^^^^^^^^^^^^^^
Z:\home\kevin\STM32CubeIDE\CARRITOBLUEPILL\TXRF\Debug\TXRF.hex(1918): Expected device instantiation or directive here.
:1077C000980749BF5B089B08012013605CBF02203B
^^^^^^^^^^^^^^^^^^^^^^^^^^^^^^^^^^^^^^^^^^^
Z:\home\kevin\STM32CubeIDE\CARRITOBLUEPILL\TXRF\Debug\TXRF.hex(1919): Expected device instantiation or directive here.
:1077D0001360704799B209B910201B0CD9B209B9CE
^^^^^^^^^^^^^^^^^^^^^^^^^^^^^^^^^^^^^^^^^^^
Z:\home\kevin\STM32CubeIDE\CARRITOBLUEPILL\TXRF\Debug\TXRF.hex(1920): Expected device instantiation or directive here.
:1077E00008301B0A190704BF1B090430990704BF9E
^^^^^^^^^^^^^^^^^^^^^^^^^^^^^^^^^^^^^^^^^^^
Z:\home\kevin\STM32CubeIDE\CARRITOBLUEPILL\TXRF\Debug\TXRF.hex(1921): Expected device instantiation or directive here.
:1077F0009B080230D90703D45B0800F1010003D0D5
^^^^^^^^^^^^^^^^^^^^^^^^^^^^^^^^^^^^^^^^^^^
Z:\home\kevin\STM32CubeIDE\CARRITOBLUEPILL\TXRF\Debug\TXRF.hex(1922): Expected device instantiation or directive here.
:1078000013607047002070472020704710B50C4669
^^^^^^^^^^^^^^^^^^^^^^^^^^^^^^^^^^^^^^^^^^^
Z:\home\kevin\STM32CubeIDE\CARRITOBLUEPILL\TXRF\Debug\TXRF.hex(1923): Expected device instantiation or directive here.
:107810000121FFF707FF024628B940F24511044B4A
^^^^^^^^^^^^^^^^^^^^^^^^^^^^^^^^^^^^^^^^^^^
Z:\home\kevin\STM32CubeIDE\CARRITOBLUEPILL\TXRF\Debug\TXRF.hex(1924): Expected device instantiation or directive here.
:10782000044800F0B1FC01234461036110BD00BFB6
^^^^^^^^^^^^^^^^^^^^^^^^^^^^^^^^^^^^^^^^^^^
Z:\home\kevin\STM32CubeIDE\CARRITOBLUEPILL\TXRF\Debug\TXRF.hex(1925): Expected device instantiation or directive here.
:1078300016890008278900082DE9F04F17460A69C4
^^^^^^^^^^^^^^^^^^^^^^^^^^^^^^^^^^^^^^^^^^^
Z:\home\kevin\STM32CubeIDE\CARRITOBLUEPILL\TXRF\Debug\TXRF.hex(1926): Expected device instantiation or directive here.
:107840003B6989469A42A2BF3B460F4699463D692D
^^^^^^^^^^^^^^^^^^^^^^^^^^^^^^^^^^^^^^^^^^^
Z:\home\kevin\STM32CubeIDE\CARRITOBLUEPILL\TXRF\Debug\TXRF.hex(1927): Expected device instantiation or directive here.
:10785000D9F810A0BB68796805EB0A06B34285B079
^^^^^^^^^^^^^^^^^^^^^^^^^^^^^^^^^^^^^^^^^^^
Z:\home\kevin\STM32CubeIDE\CARRITOBLUEPILL\TXRF\Debug\TXRF.hex(1928): Expected device instantiation or directive here.
:10786000B8BF0131FFF7DEFE30B902464FF4B17107
^^^^^^^^^^^^^^^^^^^^^^^^^^^^^^^^^^^^^^^^^^^
Z:\home\kevin\STM32CubeIDE\CARRITOBLUEPILL\TXRF\Debug\TXRF.hex(1929): Expected device instantiation or directive here.
:10787000404B414800F088FC00F1140423460022EC
^^^^^^^^^^^^^^^^^^^^^^^^^^^^^^^^^^^^^^^^^^^
Z:\home\kevin\STM32CubeIDE\CARRITOBLUEPILL\TXRF\Debug\TXRF.hex(1930): Expected device instantiation or directive here.
:1078800004EB860E734520D307F1140809F11401A7
^^^^^^^^^^^^^^^^^^^^^^^^^^^^^^^^^^^^^^^^^^^
Z:\home\kevin\STM32CubeIDE\CARRITOBLUEPILL\TXRF\Debug\TXRF.hex(1931): Expected device instantiation or directive here.
:1078900008EB850501EB8A030293EB1B153B23F0F4
^^^^^^^^^^^^^^^^^^^^^^^^^^^^^^^^^^^^^^^^^^^
Z:\home\kevin\STM32CubeIDE\CARRITOBLUEPILL\TXRF\Debug\TXRF.hex(1932): Expected device instantiation or directive here.
:1078A000030304331537BD4238BF04230193029B01
^^^^^^^^^^^^^^^^^^^^^^^^^^^^^^^^^^^^^^^^^^^
Z:\home\kevin\STM32CubeIDE\CARRITOBLUEPILL\TXRF\Debug\TXRF.hex(1933): Expected device instantiation or directive here.
:1078B00003918B420CD8002E03DD5EF8043D002BB3
^^^^^^^^^^^^^^^^^^^^^^^^^^^^^^^^^^^^^^^^^^^
Z:\home\kevin\STM32CubeIDE\CARRITOBLUEPILL\TXRF\Debug\TXRF.hex(1934): Expected device instantiation or directive here.
:1078C00055D0066105B0BDE8F08F43F8042BD9E729
^^^^^^^^^^^^^^^^^^^^^^^^^^^^^^^^^^^^^^^^^^^
Z:\home\kevin\STM32CubeIDE\CARRITOBLUEPILL\TXRF\Debug\TXRF.hex(1935): Expected device instantiation or directive here.
:1078D000B1F800A0BAF1000F1FD0C446A14600279E
^^^^^^^^^^^^^^^^^^^^^^^^^^^^^^^^^^^^^^^^^^^
Z:\home\kevin\STM32CubeIDE\CARRITOBLUEPILL\TXRF\Debug\TXRF.hex(1936): Expected device instantiation or directive here.
:1078E0005CF8042BD9F800301FFA82FB9BB20AFB2C
^^^^^^^^^^^^^^^^^^^^^^^^^^^^^^^^^^^^^^^^^^^
Z:\home\kevin\STM32CubeIDE\CARRITOBLUEPILL\TXRF\Debug\TXRF.hex(1937): Expected device instantiation or directive here.
:1078F0000B333B44D9F80070120C3F0C0AFB0272A8
^^^^^^^^^^^^^^^^^^^^^^^^^^^^^^^^^^^^^^^^^^^
Z:\home\kevin\STM32CubeIDE\CARRITOBLUEPILL\TXRF\Debug\TXRF.hex(1938): Expected device instantiation or directive here.
:1079000002EB13429BB243EA024365454FEA12473A
^^^^^^^^^^^^^^^^^^^^^^^^^^^^^^^^^^^^^^^^^^^
Z:\home\kevin\STM32CubeIDE\CARRITOBLUEPILL\TXRF\Debug\TXRF.hex(1939): Expected device instantiation or directive here.
:1079100049F8043BE4D8019BE750039B0431B3F8DA
^^^^^^^^^^^^^^^^^^^^^^^^^^^^^^^^^^^^^^^^^^^
Z:\home\kevin\STM32CubeIDE\CARRITOBLUEPILL\TXRF\Debug\TXRF.hex(1940): Expected device instantiation or directive here.
:107920000290B9F1000F20D04746A4464FF0000A5C
^^^^^^^^^^^^^^^^^^^^^^^^^^^^^^^^^^^^^^^^^^^
Z:\home\kevin\STM32CubeIDE\CARRITOBLUEPILL\TXRF\Debug\TXRF.hex(1941): Expected device instantiation or directive here.
:107930002368B7F800B0BCF802209BB209FB0B2209
^^^^^^^^^^^^^^^^^^^^^^^^^^^^^^^^^^^^^^^^^^^
Z:\home\kevin\STM32CubeIDE\CARRITOBLUEPILL\TXRF\Debug\TXRF.hex(1942): Expected device instantiation or directive here.
:10794000524443EA02434CF8043B57F8043B4FEAE5
^^^^^^^^^^^^^^^^^^^^^^^^^^^^^^^^^^^^^^^^^^^
Z:\home\kevin\STM32CubeIDE\CARRITOBLUEPILL\TXRF\Debug\TXRF.hex(1943): Expected device instantiation or directive here.
:10795000134ABCF80030BD4209FB0A3303EB124363
^^^^^^^^^^^^^^^^^^^^^^^^^^^^^^^^^^^^^^^^^^^
Z:\home\kevin\STM32CubeIDE\CARRITOBLUEPILL\TXRF\Debug\TXRF.hex(1944): Expected device instantiation or directive here.
:107960004FEA134AE5D8019AA35004349FE7013E39
^^^^^^^^^^^^^^^^^^^^^^^^^^^^^^^^^^^^^^^^^^^
Z:\home\kevin\STM32CubeIDE\CARRITOBLUEPILL\TXRF\Debug\TXRF.hex(1945): Expected device instantiation or directive here.
:10797000A1E700BF16890008278900082DE9F84310
^^^^^^^^^^^^^^^^^^^^^^^^^^^^^^^^^^^^^^^^^^^
Z:\home\kevin\STM32CubeIDE\CARRITOBLUEPILL\TXRF\Debug\TXRF.hex(1946): Expected device instantiation or directive here.
:10798000154612F0030207460E4607D0254C013A71
^^^^^^^^^^^^^^^^^^^^^^^^^^^^^^^^^^^^^^^^^^^
Z:\home\kevin\STM32CubeIDE\CARRITOBLUEPILL\TXRF\Debug\TXRF.hex(1947): Expected device instantiation or directive here.
:10799000002354F82220FFF7A7FE0646AD103DD085
^^^^^^^^^^^^^^^^^^^^^^^^^^^^^^^^^^^^^^^^^^^
Z:\home\kevin\STM32CubeIDE\CARRITOBLUEPILL\TXRF\Debug\TXRF.hex(1948): Expected device instantiation or directive here.
:1079A000FC697CB91020FFF787FD0246F86128B911
^^^^^^^^^^^^^^^^^^^^^^^^^^^^^^^^^^^^^^^^^^^
Z:\home\kevin\STM32CubeIDE\CARRITOBLUEPILL\TXRF\Debug\TXRF.hex(1949): Expected device instantiation or directive here.
:1079B00040F2B3111C4B1D4800F0E6FBC0E9014446
^^^^^^^^^^^^^^^^^^^^^^^^^^^^^^^^^^^^^^^^^^^
Z:\home\kevin\STM32CubeIDE\CARRITOBLUEPILL\TXRF\Debug\TXRF.hex(1950): Expected device instantiation or directive here.
:1079C0000460C460D7F81C80D8F808404CB940F275
^^^^^^^^^^^^^^^^^^^^^^^^^^^^^^^^^^^^^^^^^^^
Z:\home\kevin\STM32CubeIDE\CARRITOBLUEPILL\TXRF\Debug\TXRF.hex(1951): Expected device instantiation or directive here.
:1079D00071213846FFF71AFF00230446C8F8080053
^^^^^^^^^^^^^^^^^^^^^^^^^^^^^^^^^^^^^^^^^^^
Z:\home\kevin\STM32CubeIDE\CARRITOBLUEPILL\TXRF\Debug\TXRF.hex(1952): Expected device instantiation or directive here.
:1079E00003604FF00009EB070AD5314622463846BE
^^^^^^^^^^^^^^^^^^^^^^^^^^^^^^^^^^^^^^^^^^^
Z:\home\kevin\STM32CubeIDE\CARRITOBLUEPILL\TXRF\Debug\TXRF.hex(1953): Expected device instantiation or directive here.
:1079F000FFF722FF804631463846FFF753FE4646E2
^^^^^^^^^^^^^^^^^^^^^^^^^^^^^^^^^^^^^^^^^^^
Z:\home\kevin\STM32CubeIDE\CARRITOBLUEPILL\TXRF\Debug\TXRF.hex(1954): Expected device instantiation or directive here.
:107A00006D100BD0206838B9224621463846FFF762
^^^^^^^^^^^^^^^^^^^^^^^^^^^^^^^^^^^^^^^^^^^
Z:\home\kevin\STM32CubeIDE\CARRITOBLUEPILL\TXRF\Debug\TXRF.hex(1955): Expected device instantiation or directive here.
:107A100013FF2060C0F800900446E4E73046BDE85C
^^^^^^^^^^^^^^^^^^^^^^^^^^^^^^^^^^^^^^^^^^^
Z:\home\kevin\STM32CubeIDE\CARRITOBLUEPILL\TXRF\Debug\TXRF.hex(1956): Expected device instantiation or directive here.
:107A2000F88300BFD8890008A788000827890008C4
^^^^^^^^^^^^^^^^^^^^^^^^^^^^^^^^^^^^^^^^^^^
Z:\home\kevin\STM32CubeIDE\CARRITOBLUEPILL\TXRF\Debug\TXRF.hex(1957): Expected device instantiation or directive here.
:107A30002DE9F0470C46074691462369496803EB58
^^^^^^^^^^^^^^^^^^^^^^^^^^^^^^^^^^^^^^^^^^^
Z:\home\kevin\STM32CubeIDE\CARRITOBLUEPILL\TXRF\Debug\TXRF.hex(1958): Expected device instantiation or directive here.
:107A40006218A3684FEA621A08F10106B3420BDB21
^^^^^^^^^^^^^^^^^^^^^^^^^^^^^^^^^^^^^^^^^^^
Z:\home\kevin\STM32CubeIDE\CARRITOBLUEPILL\TXRF\Debug\TXRF.hex(1959): Expected device instantiation or directive here.
:107A50003846FFF7E7FD054648B902464FF4EF7197
^^^^^^^^^^^^^^^^^^^^^^^^^^^^^^^^^^^^^^^^^^^
Z:\home\kevin\STM32CubeIDE\CARRITOBLUEPILL\TXRF\Debug\TXRF.hex(1960): Expected device instantiation or directive here.
:107A6000274B284800F090FB01315B00EEE7002334
^^^^^^^^^^^^^^^^^^^^^^^^^^^^^^^^^^^^^^^^^^^
Z:\home\kevin\STM32CubeIDE\CARRITOBLUEPILL\TXRF\Debug\TXRF.hex(1961): Expected device instantiation or directive here.
:107A700000F1140100F110021846534533DB206970
^^^^^^^^^^^^^^^^^^^^^^^^^^^^^^^^^^^^^^^^^^^
Z:\home\kevin\STM32CubeIDE\CARRITOBLUEPILL\TXRF\Debug\TXRF.hex(1962): Expected device instantiation or directive here.
:107A80002AEAEA7A04F1140319F01F0901EB8A01CA
^^^^^^^^^^^^^^^^^^^^^^^^^^^^^^^^^^^^^^^^^^^
Z:\home\kevin\STM32CubeIDE\CARRITOBLUEPILL\TXRF\Debug\TXRF.hex(1963): Expected device instantiation or directive here.
:107A900003EB800C2BD08A460022C9F1200E186817
^^^^^^^^^^^^^^^^^^^^^^^^^^^^^^^^^^^^^^^^^^^
Z:\home\kevin\STM32CubeIDE\CARRITOBLUEPILL\TXRF\Debug\TXRF.hex(1964): Expected device instantiation or directive here.
:107AA00000FA09F010434AF8040B53F8042B9C45E4
^^^^^^^^^^^^^^^^^^^^^^^^^^^^^^^^^^^^^^^^^^^
Z:\home\kevin\STM32CubeIDE\CARRITOBLUEPILL\TXRF\Debug\TXRF.hex(1965): Expected device instantiation or directive here.
:107AB00022FA0EF2F3D8ACEB0403153B23F00303D8
^^^^^^^^^^^^^^^^^^^^^^^^^^^^^^^^^^^^^^^^^^^
Z:\home\kevin\STM32CubeIDE\CARRITOBLUEPILL\TXRF\Debug\TXRF.hex(1966): Expected device instantiation or directive here.
:107AC000043304F11500604588BF0423CA500AB18D
^^^^^^^^^^^^^^^^^^^^^^^^^^^^^^^^^^^^^^^^^^^
Z:\home\kevin\STM32CubeIDE\CARRITOBLUEPILL\TXRF\Debug\TXRF.hex(1967): Expected device instantiation or directive here.
:107AD00008F10206013E384621462E61FFF7E2FD1D
^^^^^^^^^^^^^^^^^^^^^^^^^^^^^^^^^^^^^^^^^^^
Z:\home\kevin\STM32CubeIDE\CARRITOBLUEPILL\TXRF\Debug\TXRF.hex(1968): Expected device instantiation or directive here.
:107AE0002846BDE8F08742F8040F0133C5E70439A2
^^^^^^^^^^^^^^^^^^^^^^^^^^^^^^^^^^^^^^^^^^^
Z:\home\kevin\STM32CubeIDE\CARRITOBLUEPILL\TXRF\Debug\TXRF.hex(1969): Expected device instantiation or directive here.
:107AF00053F8042B9C4541F8042FF9D8EAE700BF5E
^^^^^^^^^^^^^^^^^^^^^^^^^^^^^^^^^^^^^^^^^^^
Z:\home\kevin\STM32CubeIDE\CARRITOBLUEPILL\TXRF\Debug\TXRF.hex(1970): Expected device instantiation or directive here.
:107B0000168900082789000803460A69006930B50C
^^^^^^^^^^^^^^^^^^^^^^^^^^^^^^^^^^^^^^^^^^^
Z:\home\kevin\STM32CubeIDE\CARRITOBLUEPILL\TXRF\Debug\TXRF.hex(1971): Expected device instantiation or directive here.
:107B1000801A0ED11433143103EB820401EB82017D
^^^^^^^^^^^^^^^^^^^^^^^^^^^^^^^^^^^^^^^^^^^
Z:\home\kevin\STM32CubeIDE\CARRITOBLUEPILL\TXRF\Debug\TXRF.hex(1972): Expected device instantiation or directive here.
:107B200054F8045D51F8042D954203D005D24FF06E
^^^^^^^^^^^^^^^^^^^^^^^^^^^^^^^^^^^^^^^^^^^
Z:\home\kevin\STM32CubeIDE\CARRITOBLUEPILL\TXRF\Debug\TXRF.hex(1973): Expected device instantiation or directive here.
:107B3000FF3030BDA342F3D3FBE70120F9E700009B
^^^^^^^^^^^^^^^^^^^^^^^^^^^^^^^^^^^^^^^^^^^
Z:\home\kevin\STM32CubeIDE\CARRITOBLUEPILL\TXRF\Debug\TXRF.hex(1974): Expected device instantiation or directive here.
:107B40002DE9F74F89460646114648461446FFF789
^^^^^^^^^^^^^^^^^^^^^^^^^^^^^^^^^^^^^^^^^^^
Z:\home\kevin\STM32CubeIDE\CARRITOBLUEPILL\TXRF\Debug\TXRF.hex(1975): Expected device instantiation or directive here.
:107B5000DBFF051E12D129463046FFF763FD0246C2
^^^^^^^^^^^^^^^^^^^^^^^^^^^^^^^^^^^^^^^^^^^
Z:\home\kevin\STM32CubeIDE\CARRITOBLUEPILL\TXRF\Debug\TXRF.hex(1976): Expected device instantiation or directive here.
:107B600028B940F237213E4B3E4800F00DFB01237F
^^^^^^^^^^^^^^^^^^^^^^^^^^^^^^^^^^^^^^^^^^^
Z:\home\kevin\STM32CubeIDE\CARRITOBLUEPILL\TXRF\Debug\TXRF.hex(1977): Expected device instantiation or directive here.
:107B7000C0E90435104603B0BDE8F08FBCBF4B46EA
^^^^^^^^^^^^^^^^^^^^^^^^^^^^^^^^^^^^^^^^^^^
Z:\home\kevin\STM32CubeIDE\CARRITOBLUEPILL\TXRF\Debug\TXRF.hex(1978): Expected device instantiation or directive here.
:107B8000A1463046D9F80410BABF1C46012500258D
^^^^^^^^^^^^^^^^^^^^^^^^^^^^^^^^^^^^^^^^^^^
Z:\home\kevin\STM32CubeIDE\CARRITOBLUEPILL\TXRF\Debug\TXRF.hex(1979): Expected device instantiation or directive here.
:107B9000FFF748FD024618B940F24521304BE3E7B4
^^^^^^^^^^^^^^^^^^^^^^^^^^^^^^^^^^^^^^^^^^^
Z:\home\kevin\STM32CubeIDE\CARRITOBLUEPILL\TXRF\Debug\TXRF.hex(1980): Expected device instantiation or directive here.
:107BA00000F1140BD9F8107009F11003C5604FF003
^^^^^^^^^^^^^^^^^^^^^^^^^^^^^^^^^^^^^^^^^^^
Z:\home\kevin\STM32CubeIDE\CARRITOBLUEPILL\TXRF\Debug\TXRF.hex(1981): Expected device instantiation or directive here.
:107BB000000C09F11405D946266904F1140E05EBF1
^^^^^^^^^^^^^^^^^^^^^^^^^^^^^^^^^^^^^^^^^^^
Z:\home\kevin\STM32CubeIDE\CARRITOBLUEPILL\TXRF\Debug\TXRF.hex(1982): Expected device instantiation or directive here.
:107BC00087080EEB86060193019B5EF8040B53F8C1
^^^^^^^^^^^^^^^^^^^^^^^^^^^^^^^^^^^^^^^^^^^
Z:\home\kevin\STM32CubeIDE\CARRITOBLUEPILL\TXRF\Debug\TXRF.hex(1983): Expected device instantiation or directive here.
:107BD00004AF81B201931FFA8AF35B1A000C63446D
^^^^^^^^^^^^^^^^^^^^^^^^^^^^^^^^^^^^^^^^^^^
Z:\home\kevin\STM32CubeIDE\CARRITOBLUEPILL\TXRF\Debug\TXRF.hex(1984): Expected device instantiation or directive here.
:107BE000C0EB1A4000EB23409BB243EA00437645CA
^^^^^^^^^^^^^^^^^^^^^^^^^^^^^^^^^^^^^^^^^^^
Z:\home\kevin\STM32CubeIDE\CARRITOBLUEPILL\TXRF\Debug\TXRF.hex(1985): Expected device instantiation or directive here.
:107BF0004FEA204C49F8043BE6D8331B153B23F0F1
^^^^^^^^^^^^^^^^^^^^^^^^^^^^^^^^^^^^^^^^^^^
Z:\home\kevin\STM32CubeIDE\CARRITOBLUEPILL\TXRF\Debug\TXRF.hex(1986): Expected device instantiation or directive here.
:107C0000030315340433A64238BF04231D445B44E8
^^^^^^^^^^^^^^^^^^^^^^^^^^^^^^^^^^^^^^^^^^^
Z:\home\kevin\STM32CubeIDE\CARRITOBLUEPILL\TXRF\Debug\TXRF.hex(1987): Expected device instantiation or directive here.
:107C10001E462C4644450ED308F10301491B21F0B2
^^^^^^^^^^^^^^^^^^^^^^^^^^^^^^^^^^^^^^^^^^^
Z:\home\kevin\STM32CubeIDE\CARRITOBLUEPILL\TXRF\Debug\TXRF.hex(1988): Expected device instantiation or directive here.
:107C20000301033DA84538BF00210B4453F8041D50
^^^^^^^^^^^^^^^^^^^^^^^^^^^^^^^^^^^^^^^^^^^
Z:\home\kevin\STM32CubeIDE\CARRITOBLUEPILL\TXRF\Debug\TXRF.hex(1989): Expected device instantiation or directive here.
:107C300099B117619EE7E64654F8041B1FFA81FCD0
^^^^^^^^^^^^^^^^^^^^^^^^^^^^^^^^^^^^^^^^^^^
Z:\home\kevin\STM32CubeIDE\CARRITOBLUEPILL\TXRF\Debug\TXRF.hex(1990): Expected device instantiation or directive here.
:107C4000F444080C714400EB2C4089B241EA004135
^^^^^^^^^^^^^^^^^^^^^^^^^^^^^^^^^^^^^^^^^^^
Z:\home\kevin\STM32CubeIDE\CARRITOBLUEPILL\TXRF\Debug\TXRF.hex(1991): Expected device instantiation or directive here.
:107C50004FEA204C46F8041BDCE7013FE6E700BF93
^^^^^^^^^^^^^^^^^^^^^^^^^^^^^^^^^^^^^^^^^^^
Z:\home\kevin\STM32CubeIDE\CARRITOBLUEPILL\TXRF\Debug\TXRF.hex(1992): Expected device instantiation or directive here.
:107C600016890008278900082DE9734301219046F1
^^^^^^^^^^^^^^^^^^^^^^^^^^^^^^^^^^^^^^^^^^^
Z:\home\kevin\STM32CubeIDE\CARRITOBLUEPILL\TXRF\Debug\TXRF.hex(1993): Expected device instantiation or directive here.
:107C70009946089EFFF7D6FC044630B9024640F20A
^^^^^^^^^^^^^^^^^^^^^^^^^^^^^^^^^^^^^^^^^^^
Z:\home\kevin\STM32CubeIDE\CARRITOBLUEPILL\TXRF\Debug\TXRF.hex(1994): Expected device instantiation or directive here.
:107C80000F31234B234800F07FFAC9F30A55C9F39B
^^^^^^^^^^^^^^^^^^^^^^^^^^^^^^^^^^^^^^^^^^^
Z:\home\kevin\STM32CubeIDE\CARRITOBLUEPILL\TXRF\Debug\TXRF.hex(1995): Expected device instantiation or directive here.
:107C900013030DB143F480130193B8F1000324D012
^^^^^^^^^^^^^^^^^^^^^^^^^^^^^^^^^^^^^^^^^^^
Z:\home\kevin\STM32CubeIDE\CARRITOBLUEPILL\TXRF\Debug\TXRF.hex(1996): Expected device instantiation or directive here.
:107CA00068460093FFF785FDDDE90012D8B1C0F109
^^^^^^^^^^^^^^^^^^^^^^^^^^^^^^^^^^^^^^^^^^^
Z:\home\kevin\STM32CubeIDE\CARRITOBLUEPILL\TXRF\Debug\TXRF.hex(1997): Expected device instantiation or directive here.
:107CB000200302FA03F30B43C24063610192019B6C
^^^^^^^^^^^^^^^^^^^^^^^^^^^^^^^^^^^^^^^^^^^
Z:\home\kevin\STM32CubeIDE\CARRITOBLUEPILL\TXRF\Debug\TXRF.hex(1998): Expected device instantiation or directive here.
:107CC000002B0CBF01220222A3612261ADB1A5F2FB
^^^^^^^^^^^^^^^^^^^^^^^^^^^^^^^^^^^^^^^^^^^
Z:\home\kevin\STM32CubeIDE\CARRITOBLUEPILL\TXRF\Debug\TXRF.hex(1999): Expected device instantiation or directive here.
:107CD000334505443560C0F13500099B18602046E6
^^^^^^^^^^^^^^^^^^^^^^^^^^^^^^^^^^^^^^^^^^^
Z:\home\kevin\STM32CubeIDE\CARRITOBLUEPILL\TXRF\Debug\TXRF.hex(2000): Expected device instantiation or directive here.
:107CE00002B0BDE870836161E9E701A8FFF761FDBB
^^^^^^^^^^^^^^^^^^^^^^^^^^^^^^^^^^^^^^^^^^^
Z:\home\kevin\STM32CubeIDE\CARRITOBLUEPILL\TXRF\Debug\TXRF.hex(2001): Expected device instantiation or directive here.
:107CF000019B012263612030E7E7A0F2324004EBF0
^^^^^^^^^^^^^^^^^^^^^^^^^^^^^^^^^^^^^^^^^^^
Z:\home\kevin\STM32CubeIDE\CARRITOBLUEPILL\TXRF\Debug\TXRF.hex(2002): Expected device instantiation or directive here.
:107D0000820330601869FFF735FDC0EB4210E4E7ED
^^^^^^^^^^^^^^^^^^^^^^^^^^^^^^^^^^^^^^^^^^^
Z:\home\kevin\STM32CubeIDE\CARRITOBLUEPILL\TXRF\Debug\TXRF.hex(2003): Expected device instantiation or directive here.
:107D100016890008278900082DE9F0471F468E685C
^^^^^^^^^^^^^^^^^^^^^^^^^^^^^^^^^^^^^^^^^^^
Z:\home\kevin\STM32CubeIDE\CARRITOBLUEPILL\TXRF\Debug\TXRF.hex(2004): Expected device instantiation or directive here.
:107D20008246BE420C4690460B682DD8B1F90C2015
^^^^^^^^^^^^^^^^^^^^^^^^^^^^^^^^^^^^^^^^^^^
Z:\home\kevin\STM32CubeIDE\CARRITOBLUEPILL\TXRF\Debug\TXRF.hex(2005): Expected device instantiation or directive here.
:107D300012F4906F26D06569096905EB4505A3EB40
^^^^^^^^^^^^^^^^^^^^^^^^^^^^^^^^^^^^^^^^^^^
Z:\home\kevin\STM32CubeIDE\CARRITOBLUEPILL\TXRF\Debug\TXRF.hex(2006): Expected device instantiation or directive here.
:107D4000010905EBD5757B1C4B446D109D4238BF76
^^^^^^^^^^^^^^^^^^^^^^^^^^^^^^^^^^^^^^^^^^^
Z:\home\kevin\STM32CubeIDE\CARRITOBLUEPILL\TXRF\Debug\TXRF.hex(2007): Expected device instantiation or directive here.
:107D50001D46530527D52946FFF7D8FB064660B3D5
^^^^^^^^^^^^^^^^^^^^^^^^^^^^^^^^^^^^^^^^^^^
Z:\home\kevin\STM32CubeIDE\CARRITOBLUEPILL\TXRF\Debug\TXRF.hex(2008): Expected device instantiation or directive here.
:107D60004A46216900F002FAA38923F4906343F0A4
^^^^^^^^^^^^^^^^^^^^^^^^^^^^^^^^^^^^^^^^^^^
Z:\home\kevin\STM32CubeIDE\CARRITOBLUEPILL\TXRF\Debug\TXRF.hex(2009): Expected device instantiation or directive here.
:107D70008003A38126614E4426603E466561A5EBE3
^^^^^^^^^^^^^^^^^^^^^^^^^^^^^^^^^^^^^^^^^^^
Z:\home\kevin\STM32CubeIDE\CARRITOBLUEPILL\TXRF\Debug\TXRF.hex(2010): Expected device instantiation or directive here.
:107D80000905A560BE4200D93E46324641462068FC
^^^^^^^^^^^^^^^^^^^^^^^^^^^^^^^^^^^^^^^^^^^
Z:\home\kevin\STM32CubeIDE\CARRITOBLUEPILL\TXRF\Debug\TXRF.hex(2011): Expected device instantiation or directive here.
:107D900000F0C2F90020A3689B1BA3602368334452
^^^^^^^^^^^^^^^^^^^^^^^^^^^^^^^^^^^^^^^^^^^
Z:\home\kevin\STM32CubeIDE\CARRITOBLUEPILL\TXRF\Debug\TXRF.hex(2012): Expected device instantiation or directive here.
:107DA0002360BDE8F0872A4600F032FA0646002834
^^^^^^^^^^^^^^^^^^^^^^^^^^^^^^^^^^^^^^^^^^^
Z:\home\kevin\STM32CubeIDE\CARRITOBLUEPILL\TXRF\Debug\TXRF.hex(2013): Expected device instantiation or directive here.
:107DB000E0D150462169FFF737FB0C23CAF80030A9
^^^^^^^^^^^^^^^^^^^^^^^^^^^^^^^^^^^^^^^^^^^
Z:\home\kevin\STM32CubeIDE\CARRITOBLUEPILL\TXRF\Debug\TXRF.hex(2014): Expected device instantiation or directive here.
:107DC000A3894FF0FF3043F04003A381E9E70000AF
^^^^^^^^^^^^^^^^^^^^^^^^^^^^^^^^^^^^^^^^^^^
Z:\home\kevin\STM32CubeIDE\CARRITOBLUEPILL\TXRF\Debug\TXRF.hex(2015): Expected device instantiation or directive here.
:107DD0002DE9F04F98468B8907461B060D46144641
^^^^^^^^^^^^^^^^^^^^^^^^^^^^^^^^^^^^^^^^^^^
Z:\home\kevin\STM32CubeIDE\CARRITOBLUEPILL\TXRF\Debug\TXRF.hex(2016): Expected device instantiation or directive here.
:107DE0009DB010D50B6973B94021FFF78FFB286058
^^^^^^^^^^^^^^^^^^^^^^^^^^^^^^^^^^^^^^^^^^^
Z:\home\kevin\STM32CubeIDE\CARRITOBLUEPILL\TXRF\Debug\TXRF.hex(2017): Expected device instantiation or directive here.
:107DF000286130B90C233B604FF0FF301DB0BDE867
^^^^^^^^^^^^^^^^^^^^^^^^^^^^^^^^^^^^^^^^^^^
Z:\home\kevin\STM32CubeIDE\CARRITOBLUEPILL\TXRF\Debug\TXRF.hex(2018): Expected device instantiation or directive here.
:107E0000F08F40236B610023099320238DF82930E4
^^^^^^^^^^^^^^^^^^^^^^^^^^^^^^^^^^^^^^^^^^^
Z:\home\kevin\STM32CubeIDE\CARRITOBLUEPILL\TXRF\Debug\TXRF.hex(2019): Expected device instantiation or directive here.
:107E100030234FF00109CDF80C80DFF898818DF800
^^^^^^^^^^^^^^^^^^^^^^^^^^^^^^^^^^^^^^^^^^^
Z:\home\kevin\STM32CubeIDE\CARRITOBLUEPILL\TXRF\Debug\TXRF.hex(2020): Expected device instantiation or directive here.
:107E20002A3023469A4613F8012B0AB1252AF9D1A4
^^^^^^^^^^^^^^^^^^^^^^^^^^^^^^^^^^^^^^^^^^^
Z:\home\kevin\STM32CubeIDE\CARRITOBLUEPILL\TXRF\Debug\TXRF.hex(2021): Expected device instantiation or directive here.
:107E3000BAEB040B0BD05B46224629463846FFF7C7
^^^^^^^^^^^^^^^^^^^^^^^^^^^^^^^^^^^^^^^^^^^
Z:\home\kevin\STM32CubeIDE\CARRITOBLUEPILL\TXRF\Debug\TXRF.hex(2022): Expected device instantiation or directive here.
:107E40006BFF013000F0A780099A5A4409929AF812
^^^^^^^^^^^^^^^^^^^^^^^^^^^^^^^^^^^^^^^^^^^
Z:\home\kevin\STM32CubeIDE\CARRITOBLUEPILL\TXRF\Debug\TXRF.hex(2023): Expected device instantiation or directive here.
:107E50000030002B00F09F8000234FF0FF32CDE96F
^^^^^^^^^^^^^^^^^^^^^^^^^^^^^^^^^^^^^^^^^^^
Z:\home\kevin\STM32CubeIDE\CARRITOBLUEPILL\TXRF\Debug\TXRF.hex(2024): Expected device instantiation or directive here.
:107E600005230AF1010A049307938DF853301A93FE
^^^^^^^^^^^^^^^^^^^^^^^^^^^^^^^^^^^^^^^^^^^
Z:\home\kevin\STM32CubeIDE\CARRITOBLUEPILL\TXRF\Debug\TXRF.hex(2025): Expected device instantiation or directive here.
:107E70005446052214F8011B4E48FEF768FC049A8C
^^^^^^^^^^^^^^^^^^^^^^^^^^^^^^^^^^^^^^^^^^^
Z:\home\kevin\STM32CubeIDE\CARRITOBLUEPILL\TXRF\Debug\TXRF.hex(2026): Expected device instantiation or directive here.
:107E8000D8B9D00644BF20238DF85330110744BF22
^^^^^^^^^^^^^^^^^^^^^^^^^^^^^^^^^^^^^^^^^^^
Z:\home\kevin\STM32CubeIDE\CARRITOBLUEPILL\TXRF\Debug\TXRF.hex(2027): Expected device instantiation or directive here.
:107E90002B238DF853309AF800302A2B15D05446F6
^^^^^^^^^^^^^^^^^^^^^^^^^^^^^^^^^^^^^^^^^^^
Z:\home\kevin\STM32CubeIDE\CARRITOBLUEPILL\TXRF\Debug\TXRF.hex(2028): Expected device instantiation or directive here.
:107EA00000204FF00A0C079A214611F8013B303BA5
^^^^^^^^^^^^^^^^^^^^^^^^^^^^^^^^^^^^^^^^^^^
Z:\home\kevin\STM32CubeIDE\CARRITOBLUEPILL\TXRF\Debug\TXRF.hex(2029): Expected device instantiation or directive here.
:107EB000092B4BD9B0B1079214E0A0EB080309FAE3
^^^^^^^^^^^^^^^^^^^^^^^^^^^^^^^^^^^^^^^^^^^
Z:\home\kevin\STM32CubeIDE\CARRITOBLUEPILL\TXRF\Debug\TXRF.hex(2030): Expected device instantiation or directive here.
:107EC00003F31343A2460493D2E7039B191D1B68D7
^^^^^^^^^^^^^^^^^^^^^^^^^^^^^^^^^^^^^^^^^^^
Z:\home\kevin\STM32CubeIDE\CARRITOBLUEPILL\TXRF\Debug\TXRF.hex(2031): Expected device instantiation or directive here.
:107ED0000391002BBBBF5B4242F002020793079362
^^^^^^^^^^^^^^^^^^^^^^^^^^^^^^^^^^^^^^^^^^^
Z:\home\kevin\STM32CubeIDE\CARRITOBLUEPILL\TXRF\Debug\TXRF.hex(2032): Expected device instantiation or directive here.
:107EE000B8BF049223782E2B0AD163782A2B32D183
^^^^^^^^^^^^^^^^^^^^^^^^^^^^^^^^^^^^^^^^^^^
Z:\home\kevin\STM32CubeIDE\CARRITOBLUEPILL\TXRF\Debug\TXRF.hex(2033): Expected device instantiation or directive here.
:107EF000039B02341A1D1B68039243EAE373059344
^^^^^^^^^^^^^^^^^^^^^^^^^^^^^^^^^^^^^^^^^^^
Z:\home\kevin\STM32CubeIDE\CARRITOBLUEPILL\TXRF\Debug\TXRF.hex(2034): Expected device instantiation or directive here.
:107F0000DFF8B4A0032250462178FEF720FC38B1F8
^^^^^^^^^^^^^^^^^^^^^^^^^^^^^^^^^^^^^^^^^^^
Z:\home\kevin\STM32CubeIDE\CARRITOBLUEPILL\TXRF\Debug\TXRF.hex(2035): Expected device instantiation or directive here.
:107F10004022049BA0EB0A008240134301340493E7
^^^^^^^^^^^^^^^^^^^^^^^^^^^^^^^^^^^^^^^^^^^
Z:\home\kevin\STM32CubeIDE\CARRITOBLUEPILL\TXRF\Debug\TXRF.hex(2036): Expected device instantiation or directive here.
:107F200014F8011B062225488DF82810FEF70FFCD7
^^^^^^^^^^^^^^^^^^^^^^^^^^^^^^^^^^^^^^^^^^^
Z:\home\kevin\STM32CubeIDE\CARRITOBLUEPILL\TXRF\Debug\TXRF.hex(2037): Expected device instantiation or directive here.
:107F3000002836D0224B1BBB039B073323F00703DB
^^^^^^^^^^^^^^^^^^^^^^^^^^^^^^^^^^^^^^^^^^^
Z:\home\kevin\STM32CubeIDE\CARRITOBLUEPILL\TXRF\Debug\TXRF.hex(2038): Expected device instantiation or directive here.
:107F400008330393099B334409936AE70C460120E5
^^^^^^^^^^^^^^^^^^^^^^^^^^^^^^^^^^^^^^^^^^^
Z:\home\kevin\STM32CubeIDE\CARRITOBLUEPILL\TXRF\Debug\TXRF.hex(2039): Expected device instantiation or directive here.
:107F50000CFB0232A8E700234FF00A0C194601344B
^^^^^^^^^^^^^^^^^^^^^^^^^^^^^^^^^^^^^^^^^^^
Z:\home\kevin\STM32CubeIDE\CARRITOBLUEPILL\TXRF\Debug\TXRF.hex(2040): Expected device instantiation or directive here.
:107F60000593204610F8012B303A092A03D9002B3B
^^^^^^^^^^^^^^^^^^^^^^^^^^^^^^^^^^^^^^^^^^^
Z:\home\kevin\STM32CubeIDE\CARRITOBLUEPILL\TXRF\Debug\TXRF.hex(2041): Expected device instantiation or directive here.
:107F7000C6D00591C4E7044601230CFB0121F0E7BC
^^^^^^^^^^^^^^^^^^^^^^^^^^^^^^^^^^^^^^^^^^^
Z:\home\kevin\STM32CubeIDE\CARRITOBLUEPILL\TXRF\Debug\TXRF.hex(2042): Expected device instantiation or directive here.
:107F800003AB00932A4638460E4B04A9FDF768FE62
^^^^^^^^^^^^^^^^^^^^^^^^^^^^^^^^^^^^^^^^^^^
Z:\home\kevin\STM32CubeIDE\CARRITOBLUEPILL\TXRF\Debug\TXRF.hex(2043): Expected device instantiation or directive here.
:107F9000421C0646D6D1AB895B063FF52DAF09984A
^^^^^^^^^^^^^^^^^^^^^^^^^^^^^^^^^^^^^^^^^^^
Z:\home\kevin\STM32CubeIDE\CARRITOBLUEPILL\TXRF\Debug\TXRF.hex(2044): Expected device instantiation or directive here.
:107FA0002CE703AB00932A463846064B04A9FEF79C
^^^^^^^^^^^^^^^^^^^^^^^^^^^^^^^^^^^^^^^^^^^
Z:\home\kevin\STM32CubeIDE\CARRITOBLUEPILL\TXRF\Debug\TXRF.hex(2045): Expected device instantiation or directive here.
:107FB000F5F8EDE780890008868900088A890008BD
^^^^^^^^^^^^^^^^^^^^^^^^^^^^^^^^^^^^^^^^^^^
Z:\home\kevin\STM32CubeIDE\CARRITOBLUEPILL\TXRF\Debug\TXRF.hex(2046): Expected device instantiation or directive here.
:107FC000615C0008197D0008B1F90C20F8B51607AE
^^^^^^^^^^^^^^^^^^^^^^^^^^^^^^^^^^^^^^^^^^^
Z:\home\kevin\STM32CubeIDE\CARRITOBLUEPILL\TXRF\Debug\TXRF.hex(2047): Expected device instantiation or directive here.
:107FD00005460C4654D44B68002B02DC0B6C002B7E
^^^^^^^^^^^^^^^^^^^^^^^^^^^^^^^^^^^^^^^^^^^
Z:\home\kevin\STM32CubeIDE\CARRITOBLUEPILL\TXRF\Debug\TXRF.hex(2048): Expected device instantiation or directive here.
:107FE00048DDE66A002E45D0002312F480522F6847
^^^^^^^^^^^^^^^^^^^^^^^^^^^^^^^^^^^^^^^^^^^
Z:\home\kevin\STM32CubeIDE\CARRITOBLUEPILL\TXRF\Debug\TXRF.hex(2049): Expected device instantiation or directive here.
:107FF000216A2B6030D0626DA389590705D563686B
^^^^^^^^^^^^^^^^^^^^^^^^^^^^^^^^^^^^^^^^^^^
Z:\home\kevin\STM32CubeIDE\CARRITOBLUEPILL\TXRF\Debug\TXRF.hex(2050): Expected device instantiation or directive here.
:10800000D21A636B0BB1236CD21A00232846E66A9E
^^^^^^^^^^^^^^^^^^^^^^^^^^^^^^^^^^^^^^^^^^^
Z:\home\kevin\STM32CubeIDE\CARRITOBLUEPILL\TXRF\Debug\TXRF.hex(2051): Expected device instantiation or directive here.
:10801000216AB047431CA38906D129681D292BD8A2
^^^^^^^^^^^^^^^^^^^^^^^^^^^^^^^^^^^^^^^^^^^
Z:\home\kevin\STM32CubeIDE\CARRITOBLUEPILL\TXRF\Debug\TXRF.hex(2052): Expected device instantiation or directive here.
:10802000284ACA40D60727D5002262602269D904AF
^^^^^^^^^^^^^^^^^^^^^^^^^^^^^^^^^^^^^^^^^^^
Z:\home\kevin\STM32CubeIDE\CARRITOBLUEPILL\TXRF\Debug\TXRF.hex(2053): Expected device instantiation or directive here.
:10803000226004D5421C01D12B6803B96065616BD5
^^^^^^^^^^^^^^^^^^^^^^^^^^^^^^^^^^^^^^^^^^^
Z:\home\kevin\STM32CubeIDE\CARRITOBLUEPILL\TXRF\Debug\TXRF.hex(2054): Expected device instantiation or directive here.
:108040002F60B9B104F14403994202D02846FFF7EA
^^^^^^^^^^^^^^^^^^^^^^^^^^^^^^^^^^^^^^^^^^^
Z:\home\kevin\STM32CubeIDE\CARRITOBLUEPILL\TXRF\Debug\TXRF.hex(2055): Expected device instantiation or directive here.
:10805000EBF9002363630DE001232846B047024695
^^^^^^^^^^^^^^^^^^^^^^^^^^^^^^^^^^^^^^^^^^^
Z:\home\kevin\STM32CubeIDE\CARRITOBLUEPILL\TXRF\Debug\TXRF.hex(2056): Expected device instantiation or directive here.
:10806000501CC9D12B68002BC6D01D2B01D0162B5C
^^^^^^^^^^^^^^^^^^^^^^^^^^^^^^^^^^^^^^^^^^^
Z:\home\kevin\STM32CubeIDE\CARRITOBLUEPILL\TXRF\Debug\TXRF.hex(2057): Expected device instantiation or directive here.
:108070001DD12F60002021E043F040031BB21AE025
^^^^^^^^^^^^^^^^^^^^^^^^^^^^^^^^^^^^^^^^^^^
Z:\home\kevin\STM32CubeIDE\CARRITOBLUEPILL\TXRF\Debug\TXRF.hex(2058): Expected device instantiation or directive here.
:108080000F69002FF6D0930718BF00230E6808BFB2
^^^^^^^^^^^^^^^^^^^^^^^^^^^^^^^^^^^^^^^^^^^
Z:\home\kevin\STM32CubeIDE\CARRITOBLUEPILL\TXRF\Debug\TXRF.hex(2059): Expected device instantiation or directive here.
:108090004B69F61B0F608B60002EEBDD33463A46D2
^^^^^^^^^^^^^^^^^^^^^^^^^^^^^^^^^^^^^^^^^^^
Z:\home\kevin\STM32CubeIDE\CARRITOBLUEPILL\TXRF\Debug\TXRF.hex(2060): Expected device instantiation or directive here.
:1080A0002846216AD4F828C0E047002807DCB4F944
^^^^^^^^^^^^^^^^^^^^^^^^^^^^^^^^^^^^^^^^^^^
Z:\home\kevin\STM32CubeIDE\CARRITOBLUEPILL\TXRF\Debug\TXRF.hex(2061): Expected device instantiation or directive here.
:1080B0000C3043F040034FF0FF30A381F8BD07447C
^^^^^^^^^^^^^^^^^^^^^^^^^^^^^^^^^^^^^^^^^^^
Z:\home\kevin\STM32CubeIDE\CARRITOBLUEPILL\TXRF\Debug\TXRF.hex(2062): Expected device instantiation or directive here.
:1080C000361AE9E70100402038B50B6905460C4631
^^^^^^^^^^^^^^^^^^^^^^^^^^^^^^^^^^^^^^^^^^^
Z:\home\kevin\STM32CubeIDE\CARRITOBLUEPILL\TXRF\Debug\TXRF.hex(2063): Expected device instantiation or directive here.
:1080D00013B90025284638BD18B1036A0BB9FEF75D
^^^^^^^^^^^^^^^^^^^^^^^^^^^^^^^^^^^^^^^^^^^
Z:\home\kevin\STM32CubeIDE\CARRITOBLUEPILL\TXRF\Debug\TXRF.hex(2064): Expected device instantiation or directive here.
:1080E00007FAB4F90C30002BF3D0626ED00704D439
^^^^^^^^^^^^^^^^^^^^^^^^^^^^^^^^^^^^^^^^^^^
Z:\home\kevin\STM32CubeIDE\CARRITOBLUEPILL\TXRF\Debug\TXRF.hex(2065): Expected device instantiation or directive here.
:1080F000990502D4A06DFEF728FB28462146FFF71C
^^^^^^^^^^^^^^^^^^^^^^^^^^^^^^^^^^^^^^^^^^^
Z:\home\kevin\STM32CubeIDE\CARRITOBLUEPILL\TXRF\Debug\TXRF.hex(2066): Expected device instantiation or directive here.
:1081000063FF636E0546DA07E4D4A3899B05E1D4D7
^^^^^^^^^^^^^^^^^^^^^^^^^^^^^^^^^^^^^^^^^^^
Z:\home\kevin\STM32CubeIDE\CARRITOBLUEPILL\TXRF\Debug\TXRF.hex(2067): Expected device instantiation or directive here.
:10811000A06DFEF71BFBDDE7884210B501EB020402
^^^^^^^^^^^^^^^^^^^^^^^^^^^^^^^^^^^^^^^^^^^
Z:\home\kevin\STM32CubeIDE\CARRITOBLUEPILL\TXRF\Debug\TXRF.hex(2068): Expected device instantiation or directive here.
:1081200002D98442234607D8431EA14208D011F841
^^^^^^^^^^^^^^^^^^^^^^^^^^^^^^^^^^^^^^^^^^^
Z:\home\kevin\STM32CubeIDE\CARRITOBLUEPILL\TXRF\Debug\TXRF.hex(2069): Expected device instantiation or directive here.
:10813000012B03F8012FF8E7014602448A4200D1DF
^^^^^^^^^^^^^^^^^^^^^^^^^^^^^^^^^^^^^^^^^^^
Z:\home\kevin\STM32CubeIDE\CARRITOBLUEPILL\TXRF\Debug\TXRF.hex(2070): Expected device instantiation or directive here.
:1081400010BD13F8014D02F8014DF7E738B50023D3
^^^^^^^^^^^^^^^^^^^^^^^^^^^^^^^^^^^^^^^^^^^
Z:\home\kevin\STM32CubeIDE\CARRITOBLUEPILL\TXRF\Debug\TXRF.hex(2071): Expected device instantiation or directive here.
:10815000054D044608462B60F9F7E4FF431C02D1A5
^^^^^^^^^^^^^^^^^^^^^^^^^^^^^^^^^^^^^^^^^^^
Z:\home\kevin\STM32CubeIDE\CARRITOBLUEPILL\TXRF\Debug\TXRF.hex(2072): Expected device instantiation or directive here.
:108160002B6803B1236038BD8C0400200A4491427F
^^^^^^^^^^^^^^^^^^^^^^^^^^^^^^^^^^^^^^^^^^^
Z:\home\kevin\STM32CubeIDE\CARRITOBLUEPILL\TXRF\Debug\TXRF.hex(2073): Expected device instantiation or directive here.
:1081700000F1FF3300D1704710B511F8014B914267
^^^^^^^^^^^^^^^^^^^^^^^^^^^^^^^^^^^^^^^^^^^
Z:\home\kevin\STM32CubeIDE\CARRITOBLUEPILL\TXRF\Debug\TXRF.hex(2074): Expected device instantiation or directive here.
:1081800003F8014FF9D110BD1FB514461A46094B2B
^^^^^^^^^^^^^^^^^^^^^^^^^^^^^^^^^^^^^^^^^^^
Z:\home\kevin\STM32CubeIDE\CARRITOBLUEPILL\TXRF\Debug\TXRF.hex(2075): Expected device instantiation or directive here.
:1081900005461B68D8684CB1074BCDE90134009106
^^^^^^^^^^^^^^^^^^^^^^^^^^^^^^^^^^^^^^^^^^^
Z:\home\kevin\STM32CubeIDE\CARRITOBLUEPILL\TXRF\Debug\TXRF.hex(2076): Expected device instantiation or directive here.
:1081A0002B46064900F070F800F080F8044B1C469E
^^^^^^^^^^^^^^^^^^^^^^^^^^^^^^^^^^^^^^^^^^^
Z:\home\kevin\STM32CubeIDE\CARRITOBLUEPILL\TXRF\Debug\TXRF.hex(2077): Expected device instantiation or directive here.
:1081B000F3E700BF200000209B890008A889000881
^^^^^^^^^^^^^^^^^^^^^^^^^^^^^^^^^^^^^^^^^^^
Z:\home\kevin\STM32CubeIDE\CARRITOBLUEPILL\TXRF\Debug\TXRF.hex(2078): Expected device instantiation or directive here.
:1081C000D689000870B5A1FB025434B92946FFF7DF
^^^^^^^^^^^^^^^^^^^^^^^^^^^^^^^^^^^^^^^^^^^
Z:\home\kevin\STM32CubeIDE\CARRITOBLUEPILL\TXRF\Debug\TXRF.hex(2079): Expected device instantiation or directive here.
:1081D0009DF9064628B9304670BD0C220026026083
^^^^^^^^^^^^^^^^^^^^^^^^^^^^^^^^^^^^^^^^^^^
Z:\home\kevin\STM32CubeIDE\CARRITOBLUEPILL\TXRF\Debug\TXRF.hex(2080): Expected device instantiation or directive here.
:1081E000F9E72A462146FEF732FAF4E782B001B9F0
^^^^^^^^^^^^^^^^^^^^^^^^^^^^^^^^^^^^^^^^^^^
Z:\home\kevin\STM32CubeIDE\CARRITOBLUEPILL\TXRF\Debug\TXRF.hex(2081): Expected device instantiation or directive here.
:1081F00001A942B14BB113780B601278101E18BF61
^^^^^^^^^^^^^^^^^^^^^^^^^^^^^^^^^^^^^^^^^^^
Z:\home\kevin\STM32CubeIDE\CARRITOBLUEPILL\TXRF\Debug\TXRF.hex(2082): Expected device instantiation or directive here.
:10820000012002B070471046FBE76FF00100F8E76D
^^^^^^^^^^^^^^^^^^^^^^^^^^^^^^^^^^^^^^^^^^^
Z:\home\kevin\STM32CubeIDE\CARRITOBLUEPILL\TXRF\Debug\TXRF.hex(2083): Expected device instantiation or directive here.
:108210002DE9F041074614460D4621B91146BDE847
^^^^^^^^^^^^^^^^^^^^^^^^^^^^^^^^^^^^^^^^^^^
Z:\home\kevin\STM32CubeIDE\CARRITOBLUEPILL\TXRF\Debug\TXRF.hex(2084): Expected device instantiation or directive here.
:10822000F041FFF773B92AB9FFF7FEF82546284653
^^^^^^^^^^^^^^^^^^^^^^^^^^^^^^^^^^^^^^^^^^^
Z:\home\kevin\STM32CubeIDE\CARRITOBLUEPILL\TXRF\Debug\TXRF.hex(2085): Expected device instantiation or directive here.
:10823000BDE8F08100F041F88442064602D8B4EB74
^^^^^^^^^^^^^^^^^^^^^^^^^^^^^^^^^^^^^^^^^^^
Z:\home\kevin\STM32CubeIDE\CARRITOBLUEPILL\TXRF\Debug\TXRF.hex(2086): Expected device instantiation or directive here.
:10824000500FF4D821463846FFF760F9804608B948
^^^^^^^^^^^^^^^^^^^^^^^^^^^^^^^^^^^^^^^^^^^
Z:\home\kevin\STM32CubeIDE\CARRITOBLUEPILL\TXRF\Debug\TXRF.hex(2087): Expected device instantiation or directive here.
:108250004546ECE7B4422246294628BF3246FFF79E
^^^^^^^^^^^^^^^^^^^^^^^^^^^^^^^^^^^^^^^^^^^
Z:\home\kevin\STM32CubeIDE\CARRITOBLUEPILL\TXRF\Debug\TXRF.hex(2088): Expected device instantiation or directive here.
:1082600085FF29463846FFF7DFF8F1E70346084661
^^^^^^^^^^^^^^^^^^^^^^^^^^^^^^^^^^^^^^^^^^^
Z:\home\kevin\STM32CubeIDE\CARRITOBLUEPILL\TXRF\Debug\TXRF.hex(2089): Expected device instantiation or directive here.
:1082700041B1FF2A04D98A224FF0FF301A607047BB
^^^^^^^^^^^^^^^^^^^^^^^^^^^^^^^^^^^^^^^^^^^
Z:\home\kevin\STM32CubeIDE\CARRITOBLUEPILL\TXRF\Debug\TXRF.hex(2090): Expected device instantiation or directive here.
:1082800001200A70704700000EB403B5014603AB2D
^^^^^^^^^^^^^^^^^^^^^^^^^^^^^^^^^^^^^^^^^^^
Z:\home\kevin\STM32CubeIDE\CARRITOBLUEPILL\TXRF\Debug\TXRF.hex(2091): Expected device instantiation or directive here.
:10829000054853F8042B0068019300F03DF802B044
^^^^^^^^^^^^^^^^^^^^^^^^^^^^^^^^^^^^^^^^^^^
Z:\home\kevin\STM32CubeIDE\CARRITOBLUEPILL\TXRF\Debug\TXRF.hex(2092): Expected device instantiation or directive here.
:1082A0005DF804EB03B0704720000020062008B5FD
^^^^^^^^^^^^^^^^^^^^^^^^^^^^^^^^^^^^^^^^^^^
Z:\home\kevin\STM32CubeIDE\CARRITOBLUEPILL\TXRF\Debug\TXRF.hex(2093): Expected device instantiation or directive here.
:1082B00000F006FA0120F9F7C0FE51F8043C181F3F
^^^^^^^^^^^^^^^^^^^^^^^^^^^^^^^^^^^^^^^^^^^
Z:\home\kevin\STM32CubeIDE\CARRITOBLUEPILL\TXRF\Debug\TXRF.hex(2094): Expected device instantiation or directive here.
:1082C000002BBCBF0B58C0187047936810B4013B1B
^^^^^^^^^^^^^^^^^^^^^^^^^^^^^^^^^^^^^^^^^^^
Z:\home\kevin\STM32CubeIDE\CARRITOBLUEPILL\TXRF\Debug\TXRF.hex(2095): Expected device instantiation or directive here.
:1082D000002B936007DA9469A34201DB0A2902D1DB
^^^^^^^^^^^^^^^^^^^^^^^^^^^^^^^^^^^^^^^^^^^
Z:\home\kevin\STM32CubeIDE\CARRITOBLUEPILL\TXRF\Debug\TXRF.hex(2096): Expected device instantiation or directive here.
:1082E00010BC00F031B91368581C106019700846B2
^^^^^^^^^^^^^^^^^^^^^^^^^^^^^^^^^^^^^^^^^^^
Z:\home\kevin\STM32CubeIDE\CARRITOBLUEPILL\TXRF\Debug\TXRF.hex(2097): Expected device instantiation or directive here.
:1082F00010BC7047F8B506460F461446D518AC4278
^^^^^^^^^^^^^^^^^^^^^^^^^^^^^^^^^^^^^^^^^^^
Z:\home\kevin\STM32CubeIDE\CARRITOBLUEPILL\TXRF\Debug\TXRF.hex(2098): Expected device instantiation or directive here.
:1083000001D1002007E03A46304614F8011BFFF780
^^^^^^^^^^^^^^^^^^^^^^^^^^^^^^^^^^^^^^^^^^^
Z:\home\kevin\STM32CubeIDE\CARRITOBLUEPILL\TXRF\Debug\TXRF.hex(2099): Expected device instantiation or directive here.
:10831000DCFF431CF3D1F8BD2DE9F04F0D461446A8
^^^^^^^^^^^^^^^^^^^^^^^^^^^^^^^^^^^^^^^^^^^
Z:\home\kevin\STM32CubeIDE\CARRITOBLUEPILL\TXRF\Debug\TXRF.hex(2100): Expected device instantiation or directive here.
:10832000984606469DB018B1036A0BB9FEF7E0F80F
^^^^^^^^^^^^^^^^^^^^^^^^^^^^^^^^^^^^^^^^^^^
Z:\home\kevin\STM32CubeIDE\CARRITOBLUEPILL\TXRF\Debug\TXRF.hex(2101): Expected device instantiation or directive here.
:108330006B6ED90705D4AB899A0502D4A86DFEF7F8
^^^^^^^^^^^^^^^^^^^^^^^^^^^^^^^^^^^^^^^^^^^
Z:\home\kevin\STM32CubeIDE\CARRITOBLUEPILL\TXRF\Debug\TXRF.hex(2102): Expected device instantiation or directive here.
:1083400004FAAB891B0701D52B699BB92946304636
^^^^^^^^^^^^^^^^^^^^^^^^^^^^^^^^^^^^^^^^^^^
Z:\home\kevin\STM32CubeIDE\CARRITOBLUEPILL\TXRF\Debug\TXRF.hex(2103): Expected device instantiation or directive here.
:1083500000F038F970B16B6EDC0704D54FF0FF30D8
^^^^^^^^^^^^^^^^^^^^^^^^^^^^^^^^^^^^^^^^^^^
Z:\home\kevin\STM32CubeIDE\CARRITOBLUEPILL\TXRF\Debug\TXRF.hex(2104): Expected device instantiation or directive here.
:108360001DB0BDE8F08FAB899805F7D4A86DFEF776
^^^^^^^^^^^^^^^^^^^^^^^^^^^^^^^^^^^^^^^^^^^
Z:\home\kevin\STM32CubeIDE\CARRITOBLUEPILL\TXRF\Debug\TXRF.hex(2105): Expected device instantiation or directive here.
:10837000EDF9F3E70023099320238DF8293030230A
^^^^^^^^^^^^^^^^^^^^^^^^^^^^^^^^^^^^^^^^^^^
Z:\home\kevin\STM32CubeIDE\CARRITOBLUEPILL\TXRF\Debug\TXRF.hex(2106): Expected device instantiation or directive here.
:108380004FF00109CDF80C80DFF8A8818DF82A3074
^^^^^^^^^^^^^^^^^^^^^^^^^^^^^^^^^^^^^^^^^^^
Z:\home\kevin\STM32CubeIDE\CARRITOBLUEPILL\TXRF\Debug\TXRF.hex(2107): Expected device instantiation or directive here.
:1083900023469A4613F8012B0AB1252AF9D1BAEBE4
^^^^^^^^^^^^^^^^^^^^^^^^^^^^^^^^^^^^^^^^^^^
Z:\home\kevin\STM32CubeIDE\CARRITOBLUEPILL\TXRF\Debug\TXRF.hex(2108): Expected device instantiation or directive here.
:1083A000040B0BD05B46224629463046FFF7A2FF5E
^^^^^^^^^^^^^^^^^^^^^^^^^^^^^^^^^^^^^^^^^^^
Z:\home\kevin\STM32CubeIDE\CARRITOBLUEPILL\TXRF\Debug\TXRF.hex(2109): Expected device instantiation or directive here.
:1083B000013000F0A780099A5A4409929AF80030D7
^^^^^^^^^^^^^^^^^^^^^^^^^^^^^^^^^^^^^^^^^^^
Z:\home\kevin\STM32CubeIDE\CARRITOBLUEPILL\TXRF\Debug\TXRF.hex(2110): Expected device instantiation or directive here.
:1083C000002B00F09F8000234FF0FF32CDE9052302
^^^^^^^^^^^^^^^^^^^^^^^^^^^^^^^^^^^^^^^^^^^
Z:\home\kevin\STM32CubeIDE\CARRITOBLUEPILL\TXRF\Debug\TXRF.hex(2111): Expected device instantiation or directive here.
:1083D0000AF1010A049307938DF853301A93544617
^^^^^^^^^^^^^^^^^^^^^^^^^^^^^^^^^^^^^^^^^^^
Z:\home\kevin\STM32CubeIDE\CARRITOBLUEPILL\TXRF\Debug\TXRF.hex(2112): Expected device instantiation or directive here.
:1083E000052214F8011B5348FEF7B1F9049AD8B9D5
^^^^^^^^^^^^^^^^^^^^^^^^^^^^^^^^^^^^^^^^^^^
Z:\home\kevin\STM32CubeIDE\CARRITOBLUEPILL\TXRF\Debug\TXRF.hex(2113): Expected device instantiation or directive here.
:1083F000D10644BF20238DF85330130744BF2B23ED
^^^^^^^^^^^^^^^^^^^^^^^^^^^^^^^^^^^^^^^^^^^
Z:\home\kevin\STM32CubeIDE\CARRITOBLUEPILL\TXRF\Debug\TXRF.hex(2114): Expected device instantiation or directive here.
:108400008DF853309AF800302A2B15D054460020AE
^^^^^^^^^^^^^^^^^^^^^^^^^^^^^^^^^^^^^^^^^^^
Z:\home\kevin\STM32CubeIDE\CARRITOBLUEPILL\TXRF\Debug\TXRF.hex(2115): Expected device instantiation or directive here.
:108410004FF00A0C079A214611F8013B303B092B1B
^^^^^^^^^^^^^^^^^^^^^^^^^^^^^^^^^^^^^^^^^^^
Z:\home\kevin\STM32CubeIDE\CARRITOBLUEPILL\TXRF\Debug\TXRF.hex(2116): Expected device instantiation or directive here.
:108420004BD9B0B1079214E0A0EB080309FA03F3AB
^^^^^^^^^^^^^^^^^^^^^^^^^^^^^^^^^^^^^^^^^^^
Z:\home\kevin\STM32CubeIDE\CARRITOBLUEPILL\TXRF\Debug\TXRF.hex(2117): Expected device instantiation or directive here.
:108430001343A2460493D2E7039B191D1B680391C3
^^^^^^^^^^^^^^^^^^^^^^^^^^^^^^^^^^^^^^^^^^^
Z:\home\kevin\STM32CubeIDE\CARRITOBLUEPILL\TXRF\Debug\TXRF.hex(2118): Expected device instantiation or directive here.
:10844000002BBBBF5B4242F0020207930793B8BF09
^^^^^^^^^^^^^^^^^^^^^^^^^^^^^^^^^^^^^^^^^^^
Z:\home\kevin\STM32CubeIDE\CARRITOBLUEPILL\TXRF\Debug\TXRF.hex(2119): Expected device instantiation or directive here.
:10845000049223782E2B0AD163782A2B32D1039BE6
^^^^^^^^^^^^^^^^^^^^^^^^^^^^^^^^^^^^^^^^^^^
Z:\home\kevin\STM32CubeIDE\CARRITOBLUEPILL\TXRF\Debug\TXRF.hex(2120): Expected device instantiation or directive here.
:1084600002341A1D1B68039243EAE3730593DFF895
^^^^^^^^^^^^^^^^^^^^^^^^^^^^^^^^^^^^^^^^^^^
Z:\home\kevin\STM32CubeIDE\CARRITOBLUEPILL\TXRF\Debug\TXRF.hex(2121): Expected device instantiation or directive here.
:10847000C8A0032250462178FEF769F938B140229E
^^^^^^^^^^^^^^^^^^^^^^^^^^^^^^^^^^^^^^^^^^^
Z:\home\kevin\STM32CubeIDE\CARRITOBLUEPILL\TXRF\Debug\TXRF.hex(2122): Expected device instantiation or directive here.
:10848000049BA0EB0A00824013430134049314F8C8
^^^^^^^^^^^^^^^^^^^^^^^^^^^^^^^^^^^^^^^^^^^
Z:\home\kevin\STM32CubeIDE\CARRITOBLUEPILL\TXRF\Debug\TXRF.hex(2123): Expected device instantiation or directive here.
:10849000011B062229488DF82810FEF758F90028FC
^^^^^^^^^^^^^^^^^^^^^^^^^^^^^^^^^^^^^^^^^^^
Z:\home\kevin\STM32CubeIDE\CARRITOBLUEPILL\TXRF\Debug\TXRF.hex(2124): Expected device instantiation or directive here.
:1084A0003FD0274B1BBB039B073323F00703083345
^^^^^^^^^^^^^^^^^^^^^^^^^^^^^^^^^^^^^^^^^^^
Z:\home\kevin\STM32CubeIDE\CARRITOBLUEPILL\TXRF\Debug\TXRF.hex(2125): Expected device instantiation or directive here.
:1084B0000393099B3B4409936AE70C4601200CFB9C
^^^^^^^^^^^^^^^^^^^^^^^^^^^^^^^^^^^^^^^^^^^
Z:\home\kevin\STM32CubeIDE\CARRITOBLUEPILL\TXRF\Debug\TXRF.hex(2126): Expected device instantiation or directive here.
:1084C0000232A8E700234FF00A0C19460134059345
^^^^^^^^^^^^^^^^^^^^^^^^^^^^^^^^^^^^^^^^^^^
Z:\home\kevin\STM32CubeIDE\CARRITOBLUEPILL\TXRF\Debug\TXRF.hex(2127): Expected device instantiation or directive here.
:1084D000204610F8012B303A092A03D9002BC6D0C8
^^^^^^^^^^^^^^^^^^^^^^^^^^^^^^^^^^^^^^^^^^^
Z:\home\kevin\STM32CubeIDE\CARRITOBLUEPILL\TXRF\Debug\TXRF.hex(2128): Expected device instantiation or directive here.
:1084E0000591C4E7044601230CFB0121F0E703AB2F
^^^^^^^^^^^^^^^^^^^^^^^^^^^^^^^^^^^^^^^^^^^
Z:\home\kevin\STM32CubeIDE\CARRITOBLUEPILL\TXRF\Debug\TXRF.hex(2129): Expected device instantiation or directive here.
:1084F00000932A463046134B04A9FDF7B1FB07460B
^^^^^^^^^^^^^^^^^^^^^^^^^^^^^^^^^^^^^^^^^^^
Z:\home\kevin\STM32CubeIDE\CARRITOBLUEPILL\TXRF\Debug\TXRF.hex(2130): Expected device instantiation or directive here.
:10850000781CD6D16B6ED90705D4AB899A0502D4F5
^^^^^^^^^^^^^^^^^^^^^^^^^^^^^^^^^^^^^^^^^^^
Z:\home\kevin\STM32CubeIDE\CARRITOBLUEPILL\TXRF\Debug\TXRF.hex(2131): Expected device instantiation or directive here.
:10851000A86DFEF71BF9AB895B063FF51FAF099805
^^^^^^^^^^^^^^^^^^^^^^^^^^^^^^^^^^^^^^^^^^^
Z:\home\kevin\STM32CubeIDE\CARRITOBLUEPILL\TXRF\Debug\TXRF.hex(2132): Expected device instantiation or directive here.
:108520001EE703AB00932A463046064B04A9FDF72D
^^^^^^^^^^^^^^^^^^^^^^^^^^^^^^^^^^^^^^^^^^^
Z:\home\kevin\STM32CubeIDE\CARRITOBLUEPILL\TXRF\Debug\TXRF.hex(2133): Expected device instantiation or directive here.
:1085300035FEE4E780890008868900088A890008FA
^^^^^^^^^^^^^^^^^^^^^^^^^^^^^^^^^^^^^^^^^^^
Z:\home\kevin\STM32CubeIDE\CARRITOBLUEPILL\TXRF\Debug\TXRF.hex(2134): Expected device instantiation or directive here.
:10854000615C0008F5820008F8B50E461446054641
^^^^^^^^^^^^^^^^^^^^^^^^^^^^^^^^^^^^^^^^^^^
Z:\home\kevin\STM32CubeIDE\CARRITOBLUEPILL\TXRF\Debug\TXRF.hex(2135): Expected device instantiation or directive here.
:1085500018B1036A0BB9FDF7CBFFA369A360A38928
^^^^^^^^^^^^^^^^^^^^^^^^^^^^^^^^^^^^^^^^^^^
Z:\home\kevin\STM32CubeIDE\CARRITOBLUEPILL\TXRF\Debug\TXRF.hex(2136): Expected device instantiation or directive here.
:108560001A0701D5236943B92146284600F02AF8A5
^^^^^^^^^^^^^^^^^^^^^^^^^^^^^^^^^^^^^^^^^^^
Z:\home\kevin\STM32CubeIDE\CARRITOBLUEPILL\TXRF\Debug\TXRF.hex(2137): Expected device instantiation or directive here.
:1085700018B14FF0FF373846F8BD23682269F6B2CC
^^^^^^^^^^^^^^^^^^^^^^^^^^^^^^^^^^^^^^^^^^^
Z:\home\kevin\STM32CubeIDE\CARRITOBLUEPILL\TXRF\Debug\TXRF.hex(2138): Expected device instantiation or directive here.
:10858000981A63693746834205DC21462846FFF77F
^^^^^^^^^^^^^^^^^^^^^^^^^^^^^^^^^^^^^^^^^^^
Z:\home\kevin\STM32CubeIDE\CARRITOBLUEPILL\TXRF\Debug\TXRF.hex(2139): Expected device instantiation or directive here.
:108590009BFD0028EDD1A368013BA36023685A1C12
^^^^^^^^^^^^^^^^^^^^^^^^^^^^^^^^^^^^^^^^^^^
Z:\home\kevin\STM32CubeIDE\CARRITOBLUEPILL\TXRF\Debug\TXRF.hex(2140): Expected device instantiation or directive here.
:1085A00022601E706269431C9A4204D0A389DB07D3
^^^^^^^^^^^^^^^^^^^^^^^^^^^^^^^^^^^^^^^^^^^
Z:\home\kevin\STM32CubeIDE\CARRITOBLUEPILL\TXRF\Debug\TXRF.hex(2141): Expected device instantiation or directive here.
:1085B000E1D50A2EDFD121462846FFF785FD0028A8
^^^^^^^^^^^^^^^^^^^^^^^^^^^^^^^^^^^^^^^^^^^
Z:\home\kevin\STM32CubeIDE\CARRITOBLUEPILL\TXRF\Debug\TXRF.hex(2142): Expected device instantiation or directive here.
:1085C000D9D0D6E738B5294B054618680C4618B1FE
^^^^^^^^^^^^^^^^^^^^^^^^^^^^^^^^^^^^^^^^^^^
Z:\home\kevin\STM32CubeIDE\CARRITOBLUEPILL\TXRF\Debug\TXRF.hex(2143): Expected device instantiation or directive here.
:1085D000036A0BB9FDF78CFFB4F90C30190722D4EC
^^^^^^^^^^^^^^^^^^^^^^^^^^^^^^^^^^^^^^^^^^^
Z:\home\kevin\STM32CubeIDE\CARRITOBLUEPILL\TXRF\Debug\TXRF.hex(2144): Expected device instantiation or directive here.
:1085E000DA0607D409222A6043F040034FF0FF3037
^^^^^^^^^^^^^^^^^^^^^^^^^^^^^^^^^^^^^^^^^^^
Z:\home\kevin\STM32CubeIDE\CARRITOBLUEPILL\TXRF\Debug\TXRF.hex(2145): Expected device instantiation or directive here.
:1085F000A38133E0580712D5616B41B104F1440304
^^^^^^^^^^^^^^^^^^^^^^^^^^^^^^^^^^^^^^^^^^^
Z:\home\kevin\STM32CubeIDE\CARRITOBLUEPILL\TXRF\Debug\TXRF.hex(2146): Expected device instantiation or directive here.
:10860000994202D02846FEF70FFF00236363A38937
^^^^^^^^^^^^^^^^^^^^^^^^^^^^^^^^^^^^^^^^^^^
Z:\home\kevin\STM32CubeIDE\CARRITOBLUEPILL\TXRF\Debug\TXRF.hex(2147): Expected device instantiation or directive here.
:1086100023F02403A3810023636023692360A389DB
^^^^^^^^^^^^^^^^^^^^^^^^^^^^^^^^^^^^^^^^^^^
Z:\home\kevin\STM32CubeIDE\CARRITOBLUEPILL\TXRF\Debug\TXRF.hex(2148): Expected device instantiation or directive here.
:1086200043F00803A38123694BB9A38903F42073A2
^^^^^^^^^^^^^^^^^^^^^^^^^^^^^^^^^^^^^^^^^^^
Z:\home\kevin\STM32CubeIDE\CARRITOBLUEPILL\TXRF\Debug\TXRF.hex(2149): Expected device instantiation or directive here.
:10863000B3F5007F03D02146284600F082F8B4F954
^^^^^^^^^^^^^^^^^^^^^^^^^^^^^^^^^^^^^^^^^^^
Z:\home\kevin\STM32CubeIDE\CARRITOBLUEPILL\TXRF\Debug\TXRF.hex(2150): Expected device instantiation or directive here.
:108640000C3013F001020AD00022A260626952428B
^^^^^^^^^^^^^^^^^^^^^^^^^^^^^^^^^^^^^^^^^^^
Z:\home\kevin\STM32CubeIDE\CARRITOBLUEPILL\TXRF\Debug\TXRF.hex(2151): Expected device instantiation or directive here.
:10865000A261226942B913F08000C5D138BD9907E3
^^^^^^^^^^^^^^^^^^^^^^^^^^^^^^^^^^^^^^^^^^^
Z:\home\kevin\STM32CubeIDE\CARRITOBLUEPILL\TXRF\Debug\TXRF.hex(2152): Expected device instantiation or directive here.
:1086600058BF6269A260F4E70020F7E7200000200D
^^^^^^^^^^^^^^^^^^^^^^^^^^^^^^^^^^^^^^^^^^^
Z:\home\kevin\STM32CubeIDE\CARRITOBLUEPILL\TXRF\Debug\TXRF.hex(2153): Expected device instantiation or directive here.
:108670001F2938B505460C4604D9162303604FF070
^^^^^^^^^^^^^^^^^^^^^^^^^^^^^^^^^^^^^^^^^^^
Z:\home\kevin\STM32CubeIDE\CARRITOBLUEPILL\TXRF\Debug\TXRF.hex(2154): Expected device instantiation or directive here.
:10868000FF3038BDC26B12B152F821304BB92846C9
^^^^^^^^^^^^^^^^^^^^^^^^^^^^^^^^^^^^^^^^^^^
Z:\home\kevin\STM32CubeIDE\CARRITOBLUEPILL\TXRF\Debug\TXRF.hex(2155): Expected device instantiation or directive here.
:1086900000F030F8224601462846BDE8384000F098
^^^^^^^^^^^^^^^^^^^^^^^^^^^^^^^^^^^^^^^^^^^
Z:\home\kevin\STM32CubeIDE\CARRITOBLUEPILL\TXRF\Debug\TXRF.hex(2156): Expected device instantiation or directive here.
:1086A00017B8012B0AD0591C03D1162303600120EF
^^^^^^^^^^^^^^^^^^^^^^^^^^^^^^^^^^^^^^^^^^^
Z:\home\kevin\STM32CubeIDE\CARRITOBLUEPILL\TXRF\Debug\TXRF.hex(2157): Expected device instantiation or directive here.
:1086B000E7E70021204642F8241098470020E0E731
^^^^^^^^^^^^^^^^^^^^^^^^^^^^^^^^^^^^^^^^^^^
Z:\home\kevin\STM32CubeIDE\CARRITOBLUEPILL\TXRF\Debug\TXRF.hex(2158): Expected device instantiation or directive here.
:1086C000024B01461868FFF7D3BF00BF200000200F
^^^^^^^^^^^^^^^^^^^^^^^^^^^^^^^^^^^^^^^^^^^
Z:\home\kevin\STM32CubeIDE\CARRITOBLUEPILL\TXRF\Debug\TXRF.hex(2159): Expected device instantiation or directive here.
:1086D00038B50023064D0446084611462B60F9F7CD
^^^^^^^^^^^^^^^^^^^^^^^^^^^^^^^^^^^^^^^^^^^
Z:\home\kevin\STM32CubeIDE\CARRITOBLUEPILL\TXRF\Debug\TXRF.hex(2160): Expected device instantiation or directive here.
:1086E0009CFC431C02D12B6803B1236038BD00BF42
^^^^^^^^^^^^^^^^^^^^^^^^^^^^^^^^^^^^^^^^^^^
Z:\home\kevin\STM32CubeIDE\CARRITOBLUEPILL\TXRF\Debug\TXRF.hex(2161): Expected device instantiation or directive here.
:1086F0008C040020F9F78ABC70B50C46B1F90E1055
^^^^^^^^^^^^^^^^^^^^^^^^^^^^^^^^^^^^^^^^^^^
Z:\home\kevin\STM32CubeIDE\CARRITOBLUEPILL\TXRF\Debug\TXRF.hex(2162): Expected device instantiation or directive here.
:10870000154600291E4696B00CDAA389002113F005
^^^^^^^^^^^^^^^^^^^^^^^^^^^^^^^^^^^^^^^^^^^
Z:\home\kevin\STM32CubeIDE\CARRITOBLUEPILL\TXRF\Debug\TXRF.hex(2163): Expected device instantiation or directive here.
:10871000800F14BF40234FF48063002031602B6032
^^^^^^^^^^^^^^^^^^^^^^^^^^^^^^^^^^^^^^^^^^^
Z:\home\kevin\STM32CubeIDE\CARRITOBLUEPILL\TXRF\Debug\TXRF.hex(2164): Expected device instantiation or directive here.
:1087200016B070BD6A4600F049F80028EDDB0199EB
^^^^^^^^^^^^^^^^^^^^^^^^^^^^^^^^^^^^^^^^^^^
Z:\home\kevin\STM32CubeIDE\CARRITOBLUEPILL\TXRF\Debug\TXRF.hex(2165): Expected device instantiation or directive here.
:1087300001F47041A1F50053594259414FF480634F
^^^^^^^^^^^^^^^^^^^^^^^^^^^^^^^^^^^^^^^^^^^
Z:\home\kevin\STM32CubeIDE\CARRITOBLUEPILL\TXRF\Debug\TXRF.hex(2166): Expected device instantiation or directive here.
:10874000EBE78B89F7B59D0706460C4607D504F184
^^^^^^^^^^^^^^^^^^^^^^^^^^^^^^^^^^^^^^^^^^^
Z:\home\kevin\STM32CubeIDE\CARRITOBLUEPILL\TXRF\Debug\TXRF.hex(2167): Expected device instantiation or directive here.
:108750004703236023610123636103B0F0BD6A46D0
^^^^^^^^^^^^^^^^^^^^^^^^^^^^^^^^^^^^^^^^^^^
Z:\home\kevin\STM32CubeIDE\CARRITOBLUEPILL\TXRF\Debug\TXRF.hex(2168): Expected device instantiation or directive here.
:1087600001ABFFF7C9FF009F054639463046FEF7CB
^^^^^^^^^^^^^^^^^^^^^^^^^^^^^^^^^^^^^^^^^^^
Z:\home\kevin\STM32CubeIDE\CARRITOBLUEPILL\TXRF\Debug\TXRF.hex(2169): Expected device instantiation or directive here.
:10877000CDFE48B9B4F90C309A05EED423F00303CA
^^^^^^^^^^^^^^^^^^^^^^^^^^^^^^^^^^^^^^^^^^^
Z:\home\kevin\STM32CubeIDE\CARRITOBLUEPILL\TXRF\Debug\TXRF.hex(2170): Expected device instantiation or directive here.
:1087800043F00203A381E2E7A389C4E9040743F0AD
^^^^^^^^^^^^^^^^^^^^^^^^^^^^^^^^^^^^^^^^^^^
Z:\home\kevin\STM32CubeIDE\CARRITOBLUEPILL\TXRF\Debug\TXRF.hex(2171): Expected device instantiation or directive here.
:108790008003A381019B20605BB13046B4F90E10C9
^^^^^^^^^^^^^^^^^^^^^^^^^^^^^^^^^^^^^^^^^^^
Z:\home\kevin\STM32CubeIDE\CARRITOBLUEPILL\TXRF\Debug\TXRF.hex(2172): Expected device instantiation or directive here.
:1087A00000F01EF828B1A38923F0030343F001036E
^^^^^^^^^^^^^^^^^^^^^^^^^^^^^^^^^^^^^^^^^^^
Z:\home\kevin\STM32CubeIDE\CARRITOBLUEPILL\TXRF\Debug\TXRF.hex(2173): Expected device instantiation or directive here.
:1087B000A381A3891D43A581CFE7000038B500231D
^^^^^^^^^^^^^^^^^^^^^^^^^^^^^^^^^^^^^^^^^^^
Z:\home\kevin\STM32CubeIDE\CARRITOBLUEPILL\TXRF\Debug\TXRF.hex(2174): Expected device instantiation or directive here.
:1087C000064D0446084611462B60F9F785FC431C0C
^^^^^^^^^^^^^^^^^^^^^^^^^^^^^^^^^^^^^^^^^^^
Z:\home\kevin\STM32CubeIDE\CARRITOBLUEPILL\TXRF\Debug\TXRF.hex(2175): Expected device instantiation or directive here.
:1087D00002D12B6803B1236038BD00BF8C04002098
^^^^^^^^^^^^^^^^^^^^^^^^^^^^^^^^^^^^^^^^^^^
Z:\home\kevin\STM32CubeIDE\CARRITOBLUEPILL\TXRF\Debug\TXRF.hex(2176): Expected device instantiation or directive here.
:1087E00038B50023054D044608462B60F9F783FC95
^^^^^^^^^^^^^^^^^^^^^^^^^^^^^^^^^^^^^^^^^^^
Z:\home\kevin\STM32CubeIDE\CARRITOBLUEPILL\TXRF\Debug\TXRF.hex(2177): Expected device instantiation or directive here.
:1087F000431C02D12B6803B1236038BD8C040020D8
^^^^^^^^^^^^^^^^^^^^^^^^^^^^^^^^^^^^^^^^^^^
Z:\home\kevin\STM32CubeIDE\CARRITOBLUEPILL\TXRF\Debug\TXRF.hex(2178): Expected device instantiation or directive here.
:10880000F8B500BFF8BC08BC9E467047F8B500BF7D
^^^^^^^^^^^^^^^^^^^^^^^^^^^^^^^^^^^^^^^^^^^
Z:\home\kevin\STM32CubeIDE\CARRITOBLUEPILL\TXRF\Debug\TXRF.hex(2179): Expected device instantiation or directive here.
:08881000F8BC08BC9E4670474D
^^^^^^^^^^^^^^^^^^^^^^^^^^^
Z:\home\kevin\STM32CubeIDE\CARRITOBLUEPILL\TXRF\Debug\TXRF.hex(2180): Expected device instantiation or directive here.
:108818006261743D256420636D643D256420737036
^^^^^^^^^^^^^^^^^^^^^^^^^^^^^^^^^^^^^^^^^^^
Z:\home\kevin\STM32CubeIDE\CARRITOBLUEPILL\TXRF\Debug\TXRF.hex(2181): Expected device instantiation or directive here.
:108828006565643D256420616E676C653D252E3263
^^^^^^^^^^^^^^^^^^^^^^^^^^^^^^^^^^^^^^^^^^^
Z:\home\kevin\STM32CubeIDE\CARRITOBLUEPILL\TXRF\Debug\TXRF.hex(2182): Expected device instantiation or directive here.
:10883800660D0A00000000000000000001020304A9
^^^^^^^^^^^^^^^^^^^^^^^^^^^^^^^^^^^^^^^^^^^
Z:\home\kevin\STM32CubeIDE\CARRITOBLUEPILL\TXRF\Debug\TXRF.hex(2183): Expected device instantiation or directive here.
:1088480006070809000000000102030402030405EA
^^^^^^^^^^^^^^^^^^^^^^^^^^^^^^^^^^^^^^^^^^^
Z:\home\kevin\STM32CubeIDE\CARRITOBLUEPILL\TXRF\Debug\TXRF.hex(2184): Expected device instantiation or directive here.
:10885800060708090A0B0C0D0E0F10100102494EED
^^^^^^^^^^^^^^^^^^^^^^^^^^^^^^^^^^^^^^^^^^^
Z:\home\kevin\STM32CubeIDE\CARRITOBLUEPILL\TXRF\Debug\TXRF.hex(2185): Expected device instantiation or directive here.
:108868004600696E66004E414E006E616E00300033
^^^^^^^^^^^^^^^^^^^^^^^^^^^^^^^^^^^^^^^^^^^
Z:\home\kevin\STM32CubeIDE\CARRITOBLUEPILL\TXRF\Debug\TXRF.hex(2186): Expected device instantiation or directive here.
:10887800303132333435363738394142434445464E
^^^^^^^^^^^^^^^^^^^^^^^^^^^^^^^^^^^^^^^^^^^
Z:\home\kevin\STM32CubeIDE\CARRITOBLUEPILL\TXRF\Debug\TXRF.hex(2187): Expected device instantiation or directive here.
:1088880000303132333435363738396162636465E4
^^^^^^^^^^^^^^^^^^^^^^^^^^^^^^^^^^^^^^^^^^^
Z:\home\kevin\STM32CubeIDE\CARRITOBLUEPILL\TXRF\Debug\TXRF.hex(2188): Expected device instantiation or directive here.
:108898006600496E66696E697479004E614E0052D1
^^^^^^^^^^^^^^^^^^^^^^^^^^^^^^^^^^^^^^^^^^^
Z:\home\kevin\STM32CubeIDE\CARRITOBLUEPILL\TXRF\Debug\TXRF.hex(2189): Expected device instantiation or directive here.
:1088A80045454E54206D616C6C6F6320737563632E
^^^^^^^^^^^^^^^^^^^^^^^^^^^^^^^^^^^^^^^^^^^
Z:\home\kevin\STM32CubeIDE\CARRITOBLUEPILL\TXRF\Debug\TXRF.hex(2190): Expected device instantiation or directive here.
:1088B8006565646564002F6275696C642F676E7501
^^^^^^^^^^^^^^^^^^^^^^^^^^^^^^^^^^^^^^^^^^^
Z:\home\kevin\STM32CubeIDE\CARRITOBLUEPILL\TXRF\Debug\TXRF.hex(2191): Expected device instantiation or directive here.
:1088C8002D746F6F6C732D666F722D73746D3332E8
^^^^^^^^^^^^^^^^^^^^^^^^^^^^^^^^^^^^^^^^^^^
Z:\home\kevin\STM32CubeIDE\CARRITOBLUEPILL\TXRF\Debug\TXRF.hex(2192): Expected device instantiation or directive here.
:1088D8005F31332E332E72656C312E3230323430A4
^^^^^^^^^^^^^^^^^^^^^^^^^^^^^^^^^^^^^^^^^^^
Z:\home\kevin\STM32CubeIDE\CARRITOBLUEPILL\TXRF\Debug\TXRF.hex(2193): Expected device instantiation or directive here.
:1088E8003932362D313731352F7372632F6E6577F4
^^^^^^^^^^^^^^^^^^^^^^^^^^^^^^^^^^^^^^^^^^^
Z:\home\kevin\STM32CubeIDE\CARRITOBLUEPILL\TXRF\Debug\TXRF.hex(2194): Expected device instantiation or directive here.
:1088F8006C69622F6E65776C69622F6C6962632F91
^^^^^^^^^^^^^^^^^^^^^^^^^^^^^^^^^^^^^^^^^^^
Z:\home\kevin\STM32CubeIDE\CARRITOBLUEPILL\TXRF\Debug\TXRF.hex(2195): Expected device instantiation or directive here.
:108908007374646C69622F64746F612E63004261D2
^^^^^^^^^^^^^^^^^^^^^^^^^^^^^^^^^^^^^^^^^^^
Z:\home\kevin\STM32CubeIDE\CARRITOBLUEPILL\TXRF\Debug\TXRF.hex(2196): Expected device instantiation or directive here.
:108918006C6C6F6320737563636565646564002FB1
^^^^^^^^^^^^^^^^^^^^^^^^^^^^^^^^^^^^^^^^^^^
Z:\home\kevin\STM32CubeIDE\CARRITOBLUEPILL\TXRF\Debug\TXRF.hex(2197): Expected device instantiation or directive here.
:108928006275696C642F676E752D746F6F6C732D2B
^^^^^^^^^^^^^^^^^^^^^^^^^^^^^^^^^^^^^^^^^^^
Z:\home\kevin\STM32CubeIDE\CARRITOBLUEPILL\TXRF\Debug\TXRF.hex(2198): Expected device instantiation or directive here.
:10893800666F722D73746D33325F31332E332E723E
^^^^^^^^^^^^^^^^^^^^^^^^^^^^^^^^^^^^^^^^^^^
Z:\home\kevin\STM32CubeIDE\CARRITOBLUEPILL\TXRF\Debug\TXRF.hex(2199): Expected device instantiation or directive here.
:10894800656C312E32303234303932362D31373190
^^^^^^^^^^^^^^^^^^^^^^^^^^^^^^^^^^^^^^^^^^^
Z:\home\kevin\STM32CubeIDE\CARRITOBLUEPILL\TXRF\Debug\TXRF.hex(2200): Expected device instantiation or directive here.
:10895800352F7372632F6E65776C69622F6E65773A
^^^^^^^^^^^^^^^^^^^^^^^^^^^^^^^^^^^^^^^^^^^
Z:\home\kevin\STM32CubeIDE\CARRITOBLUEPILL\TXRF\Debug\TXRF.hex(2201): Expected device instantiation or directive here.
:108968006C69622F6C6962632F7374646C69622F1F
^^^^^^^^^^^^^^^^^^^^^^^^^^^^^^^^^^^^^^^^^^^
Z:\home\kevin\STM32CubeIDE\CARRITOBLUEPILL\TXRF\Debug\TXRF.hex(2202): Expected device instantiation or directive here.
:108978006D707265632E6300232D302B2000686CA8
^^^^^^^^^^^^^^^^^^^^^^^^^^^^^^^^^^^^^^^^^^^
Z:\home\kevin\STM32CubeIDE\CARRITOBLUEPILL\TXRF\Debug\TXRF.hex(2203): Expected device instantiation or directive here.
:108988004C00656667454647004300504F534958B9
^^^^^^^^^^^^^^^^^^^^^^^^^^^^^^^^^^^^^^^^^^^
Z:\home\kevin\STM32CubeIDE\CARRITOBLUEPILL\TXRF\Debug\TXRF.hex(2204): Expected device instantiation or directive here.
:10899800002E002C2066756E6374696F6E3A200095
^^^^^^^^^^^^^^^^^^^^^^^^^^^^^^^^^^^^^^^^^^^
Z:\home\kevin\STM32CubeIDE\CARRITOBLUEPILL\TXRF\Debug\TXRF.hex(2205): Expected device instantiation or directive here.
:1089A800617373657274696F6E2022257322206665
^^^^^^^^^^^^^^^^^^^^^^^^^^^^^^^^^^^^^^^^^^^
Z:\home\kevin\STM32CubeIDE\CARRITOBLUEPILL\TXRF\Debug\TXRF.hex(2206): Expected device instantiation or directive here.
:1089B80061696C65643A2066696C652022257322BA
^^^^^^^^^^^^^^^^^^^^^^^^^^^^^^^^^^^^^^^^^^^
Z:\home\kevin\STM32CubeIDE\CARRITOBLUEPILL\TXRF\Debug\TXRF.hex(2207): Expected device instantiation or directive here.
:1089C8002C206C696E65202564257325730A0000C8
^^^^^^^^^^^^^^^^^^^^^^^^^^^^^^^^^^^^^^^^^^^
Z:\home\kevin\STM32CubeIDE\CARRITOBLUEPILL\TXRF\Debug\TXRF.hex(2208): Expected device instantiation or directive here.
:1089D80005000000190000007D00000000000000F4
^^^^^^^^^^^^^^^^^^^^^^^^^^^^^^^^^^^^^^^^^^^
Z:\home\kevin\STM32CubeIDE\CARRITOBLUEPILL\TXRF\Debug\TXRF.hex(2209): Expected device instantiation or directive here.
:1089E8000080E03779C34143176E05B5B5B89346A3
^^^^^^^^^^^^^^^^^^^^^^^^^^^^^^^^^^^^^^^^^^^
Z:\home\kevin\STM32CubeIDE\CARRITOBLUEPILL\TXRF\Debug\TXRF.hex(2210): Expected device instantiation or directive here.
:1089F800F5F93FE9034F384D321D30F94877825A6F
^^^^^^^^^^^^^^^^^^^^^^^^^^^^^^^^^^^^^^^^^^^
Z:\home\kevin\STM32CubeIDE\CARRITOBLUEPILL\TXRF\Debug\TXRF.hex(2211): Expected device instantiation or directive here.
:108A08003CBF737FDD4F1575000000000000F03F8C
^^^^^^^^^^^^^^^^^^^^^^^^^^^^^^^^^^^^^^^^^^^
Z:\home\kevin\STM32CubeIDE\CARRITOBLUEPILL\TXRF\Debug\TXRF.hex(2212): Expected device instantiation or directive here.
:108A18000000000000002440000000000000594051
^^^^^^^^^^^^^^^^^^^^^^^^^^^^^^^^^^^^^^^^^^^
Z:\home\kevin\STM32CubeIDE\CARRITOBLUEPILL\TXRF\Debug\TXRF.hex(2213): Expected device instantiation or directive here.
:108A28000000000000408F40000000000088C340A4
^^^^^^^^^^^^^^^^^^^^^^^^^^^^^^^^^^^^^^^^^^^
Z:\home\kevin\STM32CubeIDE\CARRITOBLUEPILL\TXRF\Debug\TXRF.hex(2214): Expected device instantiation or directive here.
:108A380000000000006AF8400000000080842E4119
^^^^^^^^^^^^^^^^^^^^^^^^^^^^^^^^^^^^^^^^^^^
Z:\home\kevin\STM32CubeIDE\CARRITOBLUEPILL\TXRF\Debug\TXRF.hex(2215): Expected device instantiation or directive here.
:108A480000000000D01263410000000084D7974165
^^^^^^^^^^^^^^^^^^^^^^^^^^^^^^^^^^^^^^^^^^^
Z:\home\kevin\STM32CubeIDE\CARRITOBLUEPILL\TXRF\Debug\TXRF.hex(2216): Expected device instantiation or directive here.
:108A58000000000065CDCD41000000205FA002426B
^^^^^^^^^^^^^^^^^^^^^^^^^^^^^^^^^^^^^^^^^^^
Z:\home\kevin\STM32CubeIDE\CARRITOBLUEPILL\TXRF\Debug\TXRF.hex(2217): Expected device instantiation or directive here.
:108A6800000000E876483742000000A2941A6D42E0
^^^^^^^^^^^^^^^^^^^^^^^^^^^^^^^^^^^^^^^^^^^
Z:\home\kevin\STM32CubeIDE\CARRITOBLUEPILL\TXRF\Debug\TXRF.hex(2218): Expected device instantiation or directive here.
:108A7800000040E59C30A2420000901EC4BCD642D3
^^^^^^^^^^^^^^^^^^^^^^^^^^^^^^^^^^^^^^^^^^^
Z:\home\kevin\STM32CubeIDE\CARRITOBLUEPILL\TXRF\Debug\TXRF.hex(2219): Expected device instantiation or directive here.
:108A880000003426F56B0C430080E03779C341437E
^^^^^^^^^^^^^^^^^^^^^^^^^^^^^^^^^^^^^^^^^^^
Z:\home\kevin\STM32CubeIDE\CARRITOBLUEPILL\TXRF\Debug\TXRF.hex(2220): Expected device instantiation or directive here.
:108A980000A0D8855734764300C84E676DC1AB43F4
^^^^^^^^^^^^^^^^^^^^^^^^^^^^^^^^^^^^^^^^^^^
Z:\home\kevin\STM32CubeIDE\CARRITOBLUEPILL\TXRF\Debug\TXRF.hex(2221): Expected device instantiation or directive here.
:108AA800003D9160E458E143408CB5781DAF154412
^^^^^^^^^^^^^^^^^^^^^^^^^^^^^^^^^^^^^^^^^^^
Z:\home\kevin\STM32CubeIDE\CARRITOBLUEPILL\TXRF\Debug\TXRF.hex(2222): Expected device instantiation or directive here.
:108AB80050EFE2D6E41A4B4492D54D06CFF08044ED
^^^^^^^^^^^^^^^^^^^^^^^^^^^^^^^^^^^^^^^^^^^
Z:\home\kevin\STM32CubeIDE\CARRITOBLUEPILL\TXRF\Debug\TXRF.hex(2223): Expected device instantiation or directive here.
:108AC800F64AE1C7022DB544B49DD9794378EA4402
^^^^^^^^^^^^^^^^^^^^^^^^^^^^^^^^^^^^^^^^^^^
Z:\home\kevin\STM32CubeIDE\CARRITOBLUEPILL\TXRF\Debug\TXRF.hex(2224): Expected device instantiation or directive here.
:108AD8000020202020202020202028282828282086
^^^^^^^^^^^^^^^^^^^^^^^^^^^^^^^^^^^^^^^^^^^
Z:\home\kevin\STM32CubeIDE\CARRITOBLUEPILL\TXRF\Debug\TXRF.hex(2225): Expected device instantiation or directive here.
:108AE800202020202020202020202020202020207E
^^^^^^^^^^^^^^^^^^^^^^^^^^^^^^^^^^^^^^^^^^^
Z:\home\kevin\STM32CubeIDE\CARRITOBLUEPILL\TXRF\Debug\TXRF.hex(2226): Expected device instantiation or directive here.
:108AF80020881010101010101010101010101010E6
^^^^^^^^^^^^^^^^^^^^^^^^^^^^^^^^^^^^^^^^^^^
Z:\home\kevin\STM32CubeIDE\CARRITOBLUEPILL\TXRF\Debug\TXRF.hex(2227): Expected device instantiation or directive here.
:108B080010040404040404040404041010101010D5
^^^^^^^^^^^^^^^^^^^^^^^^^^^^^^^^^^^^^^^^^^^
Z:\home\kevin\STM32CubeIDE\CARRITOBLUEPILL\TXRF\Debug\TXRF.hex(2228): Expected device instantiation or directive here.
:108B1800101041414141414101010101010101019F
^^^^^^^^^^^^^^^^^^^^^^^^^^^^^^^^^^^^^^^^^^^
Z:\home\kevin\STM32CubeIDE\CARRITOBLUEPILL\TXRF\Debug\TXRF.hex(2229): Expected device instantiation or directive here.
:108B280001010101010101010101010110101010F1
^^^^^^^^^^^^^^^^^^^^^^^^^^^^^^^^^^^^^^^^^^^
Z:\home\kevin\STM32CubeIDE\CARRITOBLUEPILL\TXRF\Debug\TXRF.hex(2230): Expected device instantiation or directive here.
:108B38001010424242424242020202020202020271
^^^^^^^^^^^^^^^^^^^^^^^^^^^^^^^^^^^^^^^^^^^
Z:\home\kevin\STM32CubeIDE\CARRITOBLUEPILL\TXRF\Debug\TXRF.hex(2231): Expected device instantiation or directive here.
:108B480002020202020202020202020210101010C5
^^^^^^^^^^^^^^^^^^^^^^^^^^^^^^^^^^^^^^^^^^^
Z:\home\kevin\STM32CubeIDE\CARRITOBLUEPILL\TXRF\Debug\TXRF.hex(2232): Expected device instantiation or directive here.
:108B580020000000000000000000000000000000ED
^^^^^^^^^^^^^^^^^^^^^^^^^^^^^^^^^^^^^^^^^^^
Z:\home\kevin\STM32CubeIDE\CARRITOBLUEPILL\TXRF\Debug\TXRF.hex(2233): Expected device instantiation or directive here.
:108B680000000000000000000000000000000000FD
^^^^^^^^^^^^^^^^^^^^^^^^^^^^^^^^^^^^^^^^^^^
Z:\home\kevin\STM32CubeIDE\CARRITOBLUEPILL\TXRF\Debug\TXRF.hex(2234): Expected device instantiation or directive here.
:108B780000000000000000000000000000000000ED
^^^^^^^^^^^^^^^^^^^^^^^^^^^^^^^^^^^^^^^^^^^
Z:\home\kevin\STM32CubeIDE\CARRITOBLUEPILL\TXRF\Debug\TXRF.hex(2235): Expected device instantiation or directive here.
:108B880000000000000000000000000000000000DD
^^^^^^^^^^^^^^^^^^^^^^^^^^^^^^^^^^^^^^^^^^^
Z:\home\kevin\STM32CubeIDE\CARRITOBLUEPILL\TXRF\Debug\TXRF.hex(2236): Expected device instantiation or directive here.
:108B980000000000000000000000000000000000CD
^^^^^^^^^^^^^^^^^^^^^^^^^^^^^^^^^^^^^^^^^^^
Z:\home\kevin\STM32CubeIDE\CARRITOBLUEPILL\TXRF\Debug\TXRF.hex(2237): Expected device instantiation or directive here.
:108BA80000000000000000000000000000000000BD
^^^^^^^^^^^^^^^^^^^^^^^^^^^^^^^^^^^^^^^^^^^
Z:\home\kevin\STM32CubeIDE\CARRITOBLUEPILL\TXRF\Debug\TXRF.hex(2238): Expected device instantiation or directive here.
:108BB80000000000000000000000000000000000AD
^^^^^^^^^^^^^^^^^^^^^^^^^^^^^^^^^^^^^^^^^^^
Z:\home\kevin\STM32CubeIDE\CARRITOBLUEPILL\TXRF\Debug\TXRF.hex(2239): Expected device instantiation or directive here.
:108BC800000000000000000000000000000000009D
^^^^^^^^^^^^^^^^^^^^^^^^^^^^^^^^^^^^^^^^^^^
Z:\home\kevin\STM32CubeIDE\CARRITOBLUEPILL\TXRF\Debug\TXRF.hex(2240): Expected device instantiation or directive here.
:048BD8000000000099
^^^^^^^^^^^^^^^^^^^
Z:\home\kevin\STM32CubeIDE\CARRITOBLUEPILL\TXRF\Debug\TXRF.hex(2241): Expected device instantiation or directive here.
:088BDC007475FF7F0100000029
^^^^^^^^^^^^^^^^^^^^^^^^^^^
Z:\home\kevin\STM32CubeIDE\CARRITOBLUEPILL\TXRF\Debug\TXRF.hex(2242): Expected device instantiation or directive here.
:048BE400350100084F
^^^^^^^^^^^^^^^^^^^
Z:\home\kevin\STM32CubeIDE\CARRITOBLUEPILL\TXRF\Debug\TXRF.hex(2243): Expected device instantiation or directive here.
:048BE800110100086F
^^^^^^^^^^^^^^^^^^^
Z:\home\kevin\STM32CubeIDE\CARRITOBLUEPILL\TXRF\Debug\TXRF.hex(2244): Expected device instantiation or directive here.
:108BEC006A75616E3227000000127A0010000000D6
^^^^^^^^^^^^^^^^^^^^^^^^^^^^^^^^^^^^^^^^^^^
Z:\home\kevin\STM32CubeIDE\CARRITOBLUEPILL\TXRF\Debug\TXRF.hex(2245): Expected device instantiation or directive here.
:108BFC0001000000000000000300000050030020F2
^^^^^^^^^^^^^^^^^^^^^^^^^^^^^^^^^^^^^^^^^^^
Z:\home\kevin\STM32CubeIDE\CARRITOBLUEPILL\TXRF\Debug\TXRF.hex(2246): Expected device instantiation or directive here.
:108C0C00240000200000000050030020B8030020C6
^^^^^^^^^^^^^^^^^^^^^^^^^^^^^^^^^^^^^^^^^^^
Z:\home\kevin\STM32CubeIDE\CARRITOBLUEPILL\TXRF\Debug\TXRF.hex(2247): Expected device instantiation or directive here.
:108C1C002004002000000000000000000000000004
^^^^^^^^^^^^^^^^^^^^^^^^^^^^^^^^^^^^^^^^^^^
Z:\home\kevin\STM32CubeIDE\CARRITOBLUEPILL\TXRF\Debug\TXRF.hex(2248): Expected device instantiation or directive here.
:108C2C000000000000000000000000000000000038
^^^^^^^^^^^^^^^^^^^^^^^^^^^^^^^^^^^^^^^^^^^
Z:\home\kevin\STM32CubeIDE\CARRITOBLUEPILL\TXRF\Debug\TXRF.hex(2249): Expected device instantiation or directive here.
:108C3C000000000000000000000000000000000028
^^^^^^^^^^^^^^^^^^^^^^^^^^^^^^^^^^^^^^^^^^^
Z:\home\kevin\STM32CubeIDE\CARRITOBLUEPILL\TXRF\Debug\TXRF.hex(2250): Expected device instantiation or directive here.
:108C4C000000000000000000000000000000000018
^^^^^^^^^^^^^^^^^^^^^^^^^^^^^^^^^^^^^^^^^^^
Z:\home\kevin\STM32CubeIDE\CARRITOBLUEPILL\TXRF\Debug\TXRF.hex(2251): Expected device instantiation or directive here.
:108C5C0043000000000000000000000000000000C5
^^^^^^^^^^^^^^^^^^^^^^^^^^^^^^^^^^^^^^^^^^^
Z:\home\kevin\STM32CubeIDE\CARRITOBLUEPILL\TXRF\Debug\TXRF.hex(2252): Expected device instantiation or directive here.
:108C6C0000000000000000000000000000000000F8
^^^^^^^^^^^^^^^^^^^^^^^^^^^^^^^^^^^^^^^^^^^
Z:\home\kevin\STM32CubeIDE\CARRITOBLUEPILL\TXRF\Debug\TXRF.hex(2253): Expected device instantiation or directive here.
:108C7C0043000000000000000000000000000000A5
^^^^^^^^^^^^^^^^^^^^^^^^^^^^^^^^^^^^^^^^^^^
Z:\home\kevin\STM32CubeIDE\CARRITOBLUEPILL\TXRF\Debug\TXRF.hex(2254): Expected device instantiation or directive here.
:108C8C0000000000000000000000000000000000D8
^^^^^^^^^^^^^^^^^^^^^^^^^^^^^^^^^^^^^^^^^^^
Z:\home\kevin\STM32CubeIDE\CARRITOBLUEPILL\TXRF\Debug\TXRF.hex(2255): Expected device instantiation or directive here.
:108C9C004300000000000000000000000000000085
^^^^^^^^^^^^^^^^^^^^^^^^^^^^^^^^^^^^^^^^^^^
Z:\home\kevin\STM32CubeIDE\CARRITOBLUEPILL\TXRF\Debug\TXRF.hex(2256): Expected device instantiation or directive here.
:108CAC0000000000000000000000000000000000B8
^^^^^^^^^^^^^^^^^^^^^^^^^^^^^^^^^^^^^^^^^^^
Z:\home\kevin\STM32CubeIDE\CARRITOBLUEPILL\TXRF\Debug\TXRF.hex(2257): Expected device instantiation or directive here.
:108CBC004300000000000000000000000000000065
^^^^^^^^^^^^^^^^^^^^^^^^^^^^^^^^^^^^^^^^^^^
Z:\home\kevin\STM32CubeIDE\CARRITOBLUEPILL\TXRF\Debug\TXRF.hex(2258): Expected device instantiation or directive here.
:108CCC000000000000000000000000000000000098
^^^^^^^^^^^^^^^^^^^^^^^^^^^^^^^^^^^^^^^^^^^
Z:\home\kevin\STM32CubeIDE\CARRITOBLUEPILL\TXRF\Debug\TXRF.hex(2259): Expected device instantiation or directive here.
:108CDC004300000000000000000000000000000045
^^^^^^^^^^^^^^^^^^^^^^^^^^^^^^^^^^^^^^^^^^^
Z:\home\kevin\STM32CubeIDE\CARRITOBLUEPILL\TXRF\Debug\TXRF.hex(2260): Expected device instantiation or directive here.
:108CEC000000000000000000000000000000000078
^^^^^^^^^^^^^^^^^^^^^^^^^^^^^^^^^^^^^^^^^^^
Z:\home\kevin\STM32CubeIDE\CARRITOBLUEPILL\TXRF\Debug\TXRF.hex(2261): Expected device instantiation or directive here.
:108CFC004300000000000000000000000000000025
^^^^^^^^^^^^^^^^^^^^^^^^^^^^^^^^^^^^^^^^^^^
Z:\home\kevin\STM32CubeIDE\CARRITOBLUEPILL\TXRF\Debug\TXRF.hex(2262): Expected device instantiation or directive here.
:108D0C000000000000000000000000000000000057
^^^^^^^^^^^^^^^^^^^^^^^^^^^^^^^^^^^^^^^^^^^
Z:\home\kevin\STM32CubeIDE\CARRITOBLUEPILL\TXRF\Debug\TXRF.hex(2263): Expected device instantiation or directive here.
:108D1C004300000000000000000000000000000004
^^^^^^^^^^^^^^^^^^^^^^^^^^^^^^^^^^^^^^^^^^^
Z:\home\kevin\STM32CubeIDE\CARRITOBLUEPILL\TXRF\Debug\TXRF.hex(2264): Expected device instantiation or directive here.
:108D2C000000000000000000000000000000000037
^^^^^^^^^^^^^^^^^^^^^^^^^^^^^^^^^^^^^^^^^^^
Z:\home\kevin\STM32CubeIDE\CARRITOBLUEPILL\TXRF\Debug\TXRF.hex(2265): Expected device instantiation or directive here.
:108D3C006D820008ED81000800000000D88A000850
^^^^^^^^^^^^^^^^^^^^^^^^^^^^^^^^^^^^^^^^^^^
Z:\home\kevin\STM32CubeIDE\CARRITOBLUEPILL\TXRF\Debug\TXRF.hex(2266): Expected device instantiation or directive here.
:108D4C0099890008D6890008D6890008D6890008B8
^^^^^^^^^^^^^^^^^^^^^^^^^^^^^^^^^^^^^^^^^^^
Z:\home\kevin\STM32CubeIDE\CARRITOBLUEPILL\TXRF\Debug\TXRF.hex(2267): Expected device instantiation or directive here.
:108D5C00D6890008D6890008D6890008D68900086B
^^^^^^^^^^^^^^^^^^^^^^^^^^^^^^^^^^^^^^^^^^^
Z:\home\kevin\STM32CubeIDE\CARRITOBLUEPILL\TXRF\Debug\TXRF.hex(2268): Expected device instantiation or directive here.
:108D6C00D6890008D6890008FFFFFFFFFFFFFFFF31
^^^^^^^^^^^^^^^^^^^^^^^^^^^^^^^^^^^^^^^^^^^
Z:\home\kevin\STM32CubeIDE\CARRITOBLUEPILL\TXRF\Debug\TXRF.hex(2269): Expected device instantiation or directive here.
:108D7C00FFFFFFFFFFFF0000010041534349490083
^^^^^^^^^^^^^^^^^^^^^^^^^^^^^^^^^^^^^^^^^^^
Z:\home\kevin\STM32CubeIDE\CARRITOBLUEPILL\TXRF\Debug\TXRF.hex(2270): Expected device instantiation or directive here.
:108D8C0000000000000000000000000000000000D7
^^^^^^^^^^^^^^^^^^^^^^^^^^^^^^^^^^^^^^^^^^^
Z:\home\kevin\STM32CubeIDE\CARRITOBLUEPILL\TXRF\Debug\TXRF.hex(2271): Expected device instantiation or directive here.
:108D9C00000000000000000000004153434949005E
^^^^^^^^^^^^^^^^^^^^^^^^^^^^^^^^^^^^^^^^^^^
Z:\home\kevin\STM32CubeIDE\CARRITOBLUEPILL\TXRF\Debug\TXRF.hex(2272): Expected device instantiation or directive here.
:108DAC0000000000000000000000000000000000B7
^^^^^^^^^^^^^^^^^^^^^^^^^^^^^^^^^^^^^^^^^^^
Z:\home\kevin\STM32CubeIDE\CARRITOBLUEPILL\TXRF\Debug\TXRF.hex(2273): Expected device instantiation or directive here.
:0C8DBC00000000000000000000000000AB
^^^^^^^^^^^^^^^^^^^^^^^^^^^^^^^^^^^
Z:\home\kevin\STM32CubeIDE\CARRITOBLUEPILL\TXRF\Debug\TXRF.hex(2274): Expected device instantiation or directive here.
:040000050800219D31
^^^^^^^^^^^^^^^^^^^
Z:\home\kevin\STM32CubeIDE\CARRITOBLUEPILL\TXRF\Debug\TXRF.hex(2275): Expected device instantiation or directive here.
:00000001FF
^^^^^^^^^^^
