:020000040800F2
:1000000000500020AD1E0008B11C0008B91C0008FB
:10001000C11C0008C91C0008D11C00080000000019
:10002000000000000000000000000000D91C0008D3
:10003000E51C000800000000F11C0008FD1C000881
:10004000F51E0008F51E0008F51E0008F51E000844
:10005000F51E0008F51E0008F51E0008F51E000834
:10006000F51E0008F51E0008F51E0008F51E000824
:10007000F51E0008F51E0008F51E0008F51E000814
:10008000F51E0008F51E0008F51E0008F51E000804
:10009000F51E0008F51E0008F51E0008F51E0008F4
:1000A000F51E0008F51E0008F51E0008F51E0008E4
:1000B000F51E0008F51E0008F51E0008F51E0008D4
:1000C000F51E0008F51E0008F51E0008F51E0008C4
:1000D000091D0008F51E0008F51E0008F51E0008A1
:1000E000F51E0008F51E0008F51E000800000000BF
:1000F0000000000000000000000000000000000000
:0C01000000000000000000005FF808F1A3
:1001100010B5054C237833B9044B13B10448AFF341
:1001200000800123237010BDDC01002000000000CE
:100130000C97000808B5034B1BB103490348AFF304
:10014000008008BD00000000E00100200C970008BE
:10015000034613F8012B002AFBD1181A0138704707
:1001600081F0004102E000BF83F0004330B54FEA68
:1001700041044FEA430594EA050F08BF90EA020FD5
:100180001FBF54EA000C55EA020C7FEA645C7FEA68
:10019000655C00F0E2804FEA5454D4EB5555B8BF8B
:1001A0006D420CDD2C4480EA020281EA030382EAFC
:1001B000000083EA010180EA020281EA0303362D8E
:1001C00088BF30BD11F0004F4FEA01314FF4801C61
:1001D0004CEA113102D0404261EB410113F0004F73
:1001E0004FEA03334CEA133302D0524263EB43032A
:1001F00094EA050F00F0A780A4F10104D5F1200EC8
:100200000DDB02FA0EFC22FA05F2801841F1000122
:1002100003FA0EF2801843FA05F359410EE0A5F1F6
:1002200020050EF1200E012A03FA0EFC28BF4CF027
:10023000020C43FA05F3C01851EBE37101F00045DD
:1002400007D54FF0000EDCF1000C7EEB00006EEBEA
:100250000101B1F5801F1BD3B1F5001F0CD3490874
:100260005FEA30004FEA3C0C04F101044FEA4452CB
:1002700012F5800F80F09A80BCF1004F08BF5FEA52
:10028000500C50F1000041EB045141EA050130BD32
:100290005FEA4C0C404141EB0101013C28BFB1F544
:1002A000801FE9D291F0000F04BF01460020B1FA8F
:1002B00081F308BF2033A3F10B03B3F120020CDA62
:1002C0000C3208DD02F1140CC2F10C0201FA0CF040
:1002D00021FA02F10CE002F11402D8BFC2F1200CA5
:1002E00001FA02F120FA0CFCDCBF41EA0C0190405B
:1002F000E41AA2BF01EB0451294330BD6FEA0404A4
:100300001F3C1CDA0C340EDC04F11404C4F120028E
:1003100020FA04F001FA02F340EA030021FA04F3A0
:1003200045EA030130BDC4F10C04C4F1200220FAF7
:1003300002F001FA04F340EA0300294630BD21FA35
:1003400004F0294630BD94F0000F83F4801306BFFB
:1003500081F480110134013D4EE77FEA645C18BFEF
:100360007FEA655C29D094EA050F08BF90EA020F86
:1003700005D054EA000C04BF1946104630BD91EA7E
:10038000030F1EBF0021002030BD5FEA545C05D181
:100390004000494128BF41F0004130BD14F58004C0
:1003A0003CBF01F5801130BD01F0004545F0FE4134
:1003B00041F470014FF0000030BD7FEA645C1ABF69
:1003C000194610467FEA655C1CBF0B46024650EAA0
:1003D000013406BF52EA033591EA030F41F40021CC
:1003E00030BD00BF90F0000F04BF0021704730B552
:1003F0004FF4806404F132044FF000054FF0000127
:1004000050E700BF90F0000F04BF0021704730B5E7
:100410004FF4806404F1320410F0004548BF4042BC
:100420004FF000013EE700BF42004FEAE2014FEA11
:1004300031014FEA02701FBF12F07F4393F07F4FEC
:1004400081F06051704732F07F4208BF704793F0EF
:100450007F4F04BF41F40021704730B54FF4607402
:1004600001F0004521F000411CE700BF50EA010205
:1004700008BF704730B54FF000050AE050EA0102AE
:1004800008BF704730B511F0004502D5404261EB1E
:1004900041014FF4806404F132045FEA915C3FF45F
:1004A000D8AE4FF003025FEADC0C18BF03325FEAFC
:1004B000DC0C18BF033202EBDC02C2F1200300FAAD
:1004C00003FC20FA02F001FA03FE40EA0E0021FAD2
:1004D00002F11444BDE600BF70B54FF0FF0C4CF4C0
:1004E000E06C1CEA11541DBF1CEA135594EA0C0F72
:1004F00095EA0C0F00F0DEF82C4481EA030621EAAD
:100500004C5123EA4C5350EA013518BF52EA0335E7
:1005100041F4801143F4801338D0A0FB02CE4FF099
:100520000005E1FB02E506F00042E0FB03E54FF0C9
:100530000006E1FB03569CF0000F18BF4EF0010EC1
:10054000A4F1FF04B6F5007F64F5407404D25FEABD
:100550004E0E6D4146EB060642EAC62141EA555170
:100560004FEAC52040EA5E504FEACE2EB4F1FD0CB2
:1005700088BFBCF5E06F1ED8BEF1004F08BF5FEA30
:10058000500E50F1000041EB045170BD06F00046E2
:1005900046EA010140EA020081EA0301B4EB5C048F
:1005A000C2BFD4EB0C0541EA045170BD41F4801187
:1005B0004FF0000E013C00F3AB8014F1360FDEBFAC
:1005C000002001F0004170BDC4F10004203C35DA88
:1005D0000C341BDC04F11404C4F1200500FA05F30B
:1005E00020FA04F001FA05F240EA020001F00042AC
:1005F00021F0004110EBD37021FA04F642EB060122
:100600005EEA430E08BF20EAD37070BDC4F10C044B
:10061000C4F1200500FA04F320FA05F001FA04F20F
:1006200040EA020001F0004110EBD37041F10001FB
:100630005EEA430E08BF20EAD37070BDC4F1200506
:1006400000FA05F24EEA020E20FA04F301FA05F26E
:1006500043EA020321FA04F001F0004121FA04F216
:1006600020EA020000EBD3705EEA430E08BF20EAE6
:10067000D37070BD94F0000F0FD101F00046400020
:1006800041EB010111F4801F08BF013CF7D041EAA2
:10069000060195F0000F18BF704703F000465200A6
:1006A00043EB030313F4801F08BF013DF7D043EA77
:1006B0000603704794EA0C0F0CEA135518BF95EA2D
:1006C0000C0F0CD050EA410618BF52EA4306D1D1B4
:1006D00081EA030101F000414FF0000070BD50EAD3
:1006E000410606BF1046194652EA430619D094EA5D
:1006F0000C0F02D150EA013613D195EA0C0F05D147
:1007000052EA03361CBF104619460AD181EA03019A
:1007100001F0004141F0FE4141F470014FF0000052
:1007200070BD41F0FE4141F4780170BD70B54FF0ED
:10073000FF0C4CF4E06C1CEA11541DBF1CEA13556D
:1007400094EA0C0F95EA0C0F00F0A7F8A4EB05044F
:1007500081EA030E52EA03354FEA013100F0888046
:100760004FEA03334FF0805545EA131343EA12630F
:100770004FEA022245EA111545EA10654FEA0026C4
:100780000EF000419D4208BF964244F1FD0404F57D
:10079000407402D25B084FEA3202B61A65EB0305D9
:1007A0005B084FEA32024FF480104FF4002CB6EB96
:1007B000020E75EB030E22BFB61A754640EA0C0016
:1007C0005B084FEA3202B6EB020E75EB030E22BF56
:1007D000B61A754640EA5C005B084FEA3202B6EB97
:1007E000020E75EB030E22BFB61A754640EA9C0056
:1007F0005B084FEA3202B6EB020E75EB030E22BF26
:10080000B61A754640EADC0055EA060E18D04FEAE3
:10081000051545EA16754FEA06164FEAC30343EA83
:1008200052734FEAC2025FEA1C1CC0D111F4801F50
:100830000BD141EA00014FF000004FF0004CB6E749
:1008400011F4801F04BF01430020B4F1FD0C88BFE8
:10085000BCF5E06F3FF6AFAEB5EB030C04BFB6EBF3
:10086000020C5FEA500C50F1000041EB045170BDE6
:100870000EF0004E4EEA113114EB5C04C2BFD4EB13
:100880000C0541EA045170BD41F480114FF0000E97
:10089000013C90E645EA060E8DE60CEA135594EA13
:1008A0000C0F08BF95EA0C0F3FF43BAF94EA0C0F16
:1008B0000AD150EA01347FF434AF95EA0C0F7FF48B
:1008C00025AF104619462CE795EA0C0F06D152EADF
:1008D00003353FF4FDAE1046194622E750EA4106C3
:1008E00018BF52EA43067FF4C5AE50EA41047FF4D4
:1008F0000DAF52EA43057FF4EBAE12E74FF0FF3C39
:1009000006E000BF4FF0010C02E000BF4FF0010C09
:100910004DF804CD4FEA410C7FEA6C5C4FEA430C82
:1009200018BF7FEA6C5C1BD001B050EA410C0CBFD1
:1009300052EA430C91EA030F02BF90EA020F002033
:10094000704710F1000F91EA030F58BF994208BF9A
:1009500090422CBFD8176FEAE37040F00100704757
:100960004FEA410C7FEA6C5C02D150EA013C07D1AE
:100970004FEA430C7FEA6C5CD6D152EA033CD3D0F9
:100980005DF8040B704700BF8446104662468C46F3
:100990001946634600E000BF01B5FFF7B7FF002826
:1009A00048BF10F1000F01BD4DF808EDFFF7F4FF4F
:1009B0000CBF012000205DF808FB00BF4DF808EDDA
:1009C000FFF7EAFF34BF012000205DF808FB00BFFD
:1009D0004DF808EDFFF7E0FF94BF012000205DF81F
:1009E00008FB00BF4DF808EDFFF7CEFF94BF0120D4
:1009F00000205DF808FB00BF4DF808EDFFF7C4FFCD
:100A000034BF012000205DF808FB00BF4FEA410C15
:100A10007FEA6C5C02D150EA013C0AD14FEA430CF8
:100A20007FEA6C5C02D152EA033C02D14FF0000035
:100A300070474FF0010070474FEA410212F5001273
:100A400015D211D56FF47873B3EB625212D94FEA15
:100A5000C12343F0004343EA505311F0004F23FAFF
:100A600002F018BF404270474FF00000704750EA54
:100A7000013005D111F0004008BF6FF00040704711
:100A80004FF00000704700BF4A0011D212F500126B
:100A900011D20DD56FF47873B3EB62520ED44FEAD6
:100AA000C12343F0004343EA505323FA02F0704756
:100AB0004FF00000704750EA013002D14FF0FF3094
:100AC00070474FF0000070474FEA4102B2F1E04337
:100AD00024BFB3F5001CDCF1FE5C0DD901F0004C25
:100AE0004FEAC0024CEA5070B2F1004F40EB830075
:100AF00008BF20F00100704711F0804F21D113F1A1
:100B00003872BCBF01F00040704741F480114FEAD9
:100B10005252C2F11802C2F1200C10FA0CF320FA62
:100B200002F018BF40F001004FEAC1234FEAD3237F
:100B300003FA0CFC40EA0C0023FA02F34FEA4303E9
:100B4000CCE77FEA625307D150EA01331EBF4FF072
:100B5000FE4040F44000704701F0004040F0FE408D
:100B600040F40000704700BF42000ED2B2F1FE4FC9
:100B70000BD34FF09E03B3EB126209D44FEA00236C
:100B800043F0004323FA02F070474FF00000704733
:100B900012F1610F01D1420202D14FF0FF307047D4
:100BA0004FF00000704700BF38B500220023044614
:100BB0000D46FFF703FF28B920462946BDE8384017
:100BC00000F00AB8204605F1004100F005F8404267
:100BD00061EB410138BD00BFD0B500220B4B06468A
:100BE0000F46FFF779FCFFF74FFF0446FFF7FAFBCC
:100BF0000022074BFFF770FC02460B463046394691
:100C0000FFF7B2FAFFF740FF2146D0BD0000F03DEC
:100C10000000F04180B500AF01224FF4807102481E
:100C200002F020F800BF80BD0008014080B500AF91
:100C300000224FF48071024802F014F800BF80BD1A
:100C40000008014080B500AF01224FF480610248E6
:100C500002F008F800BF80BD0008014080B584B0F4
:100C600000AF03463960FB711346BB71FB7943F05B
:100C70002003DBB2FB73FFF7D9FF07F10F014FF43D
:100C80007A730122084802F04FFDBB799AB24FF403
:100C90007A733968044802F047FDFFF7BBFF00BFD5
:100CA0001037BD4680BD00BF2802002080B584B04B
:100CB00000AF03460A46FB711346BB71FB79FB7319
:100CC0000023BB73FFF7B2FF07F10F014FF47A73F4
:100CD0000122094802F028FDBB799AB207F10E0102
:100CE0004FF47A73044802F063FEFFF793FFBB7B77
:100CF00018461037BD4680BD2802002080B582B05E
:100D000000AF0346FB71F91D4FF47A7301220348CB
:100D100002F00AFD00BF0837BD4680BD2802002052
:100D200080B582B000AF0023FB7101210020FFF7E6
:100D3000BDFF0346FB71FB7943F00203DBB2FB719D
:100D4000FB1D012219460020FFF788FF00BF08376E
:100D5000BD4680BD80B584B000AF0346FB71002363
:100D6000FB7301210620FFF7A1FF0346FB73FB7B0A
:100D700023F04703DBB2FB7397F907305B005AB2ED
:100D8000FB7B5BB213435BB2DBB2FB7307F10F0378
:100D9000012219460620FFF761FF00BF1037BD464C
:100DA00080BD80B584B000AF0346FB710023FB73A8
:100DB00001210620FFF77AFF0346FB73FB7B23F03C
:100DC0002803DBB2FB73FB79012B05D1FB7B43F0DE
:100DD0000803DBB2FB7307E0FB79022B04D1FB7B3A
:100DE00043F02003DBB2FB7307F10F030122194626
:100DF0000620FFF733FF00BF1037BD4680BD80B52A
:100E000082B000AF0346FB71FB1D0122194605208D
:100E1000FFF724FF00BF0837BD4680BD80B582B014
:100E200000AF03460A46FB711346BB71BB79202B0A
:100E300001D92023BB71FB79052B39D801A252F8C7
:100E400023F000BF5D0E00086B0E0008790E00084D
:100E5000870E0008950E0008A30E0008BB1D012296
:100E600019461120FFF7FAFE22E0BB1D01221946A8
:100E70001220FFF7F3FE1BE0BB1D012219461320D1
:100E8000FFF7ECFE14E0BB1D012219461420FFF70A
:100E9000E5FE0DE0BB1D012219461520FFF7DEFE21
:100EA00006E0BB1D012219461620FFF7D7FE00BF42
:100EB00000BF0837BD4680BD80B584B000AF034693
:100EC0003960FB710023FB7301210220FFF7EEFE66
:100ED0000346FB73FB79052B50D801A252F823F08F
:100EE000F90E00080F0F0008250F00083B0F00083F
:100EF000510F0008670F0008052239680A20FFF724
:100F0000ADFEFB7B43F00103DBB2FB7336E0052251
:100F100039680B20FFF7A2FEFB7B43F00203DBB234
:100F2000FB732BE0012239680C20FFF797FEFB7B57
:100F300043F00403DBB2FB7320E0012239680D208B
:100F4000FFF78CFEFB7B43F00803DBB2FB7315E07D
:100F5000012239680E20FFF781FEFB7B43F010036E
:100F6000DBB2FB730AE0012239680F20FFF776FE3F
:100F7000FB7B43F02003DBB2FB7300BF07F10F03E1
:100F8000012219460220FFF769FE00BF1037BD4657
:100F900080BD00BF80B584B000AF03460A46FB7138
:100FA0001346BB7101210020FFF780FE0346FB734F
:100FB000FB7B23F00C03DBB2FB7397F90730DB00FC
:100FC0005AB297F906309B005BB213435AB2FB7BCF
:100FD0005BB213435BB2DBB2FB7307F10F03012279
:100FE00019460020FFF73AFE00BF1037BD4680BD0E
:100FF00080B500AFFFF71AFEE120FFF77FFEFFF795
:1010000009FE00BF80BD80B500AFFFF70FFEE220F4
:10101000FFF774FEFFF7FEFD00BF80BD80B584B012
:1010200002AF0023FB71FF23BB71FFF7FFFDFA1D29
:10103000B91D4FF47A7300930123054802F0D1FDE6
:10104000FFF7E8FDFB7918460837BD4680BD00BFB5
:101050002802002080B582B000AF0023FB71FFF7AB
:10106000DDFF0346FB71FB7943F04003DBB2FB710C
:10107000FB1D012219460720FFF7F0FD00BF0837CE
:10108000BD4680BD80B582B000AF0023FB71FFF785
:10109000C5FF0346FB71FB7943F02003DBB2FB7114
:1010A000FB1D012219460720FFF7D8FD00BF0837B6
:1010B000BD4680BD80B582B000AF0023FB71FFF755
:1010C000ADFF0346FB71FB7943F01003DBB2FB710C
:1010D000FB1D012219460720FFF7C0FD00BF08379E
:1010E000BD4680BD80B582B000AF0023FB710121F9
:1010F0000020FFF7DBFD0346FB71FB7943F00103A2
:10110000DBB2FB71FB1D012219460020FFF7A6FD93
:10111000FFF798FD00BF0837BD4680BD80B582B09F
:1011200000AF01211720FFF7C1FD0346FB71FB79DA
:1011300003F00103002B01D1012300E00023184636
:101140000837BD4680BD000080B584B000AF786030
:101150000B46FB706123FB73FFF768FD07F10F017E
:101160004FF47A730122094802F0DEFAFB789AB252
:101170004FF47A737968054802F01AFCFFF74AFDCC
:10118000FFF768FF00BF1037BD4680BD2802002072
:1011900080B500AFFFF7C4FDFFF72AFFFFF733FF6D
:1011A000FFF758FFFFF76EFFFFF784FF00BF80BD1A
:1011B00080B483B000AF0346FB80FB88642B01D969
:1011C0006423FB80FA8813461B049B1A0D4A82FB9A
:1011D00003125211DB17D21A4FF080435A63FA8878
:1011E00013461B049B1A074A82FB03125211DB179A
:1011F000D21A4FF080439A6300BF0C37BD4680BCC3
:10120000704700BF1F85EB5180B400AF074BDB6810
:10121000064B0022DA60054BDB68044A43F02803E2
:10122000D36000BFBD4680BC704700BF00080140CE
:1012300080B400AF074BDB68064B0022DA60054B39
:10124000DB68044A43F05003D36000BFBD4680BC56
:10125000704700BF0008014080B500AF0020FFF7D5
:10126000A7FF00BF80BD0000F0B5A1B004AF00F043
:1012700043FE00F0FBF800F0ABFA00F08BF900F051
:10128000BFF900F021FA00F047F900F077FA0021E9
:101290006A4803F0ADF80421684803F0A9F8042176
:1012A000674803F0A5F8FFF7B5FCFFF771FF0320CF
:1012B000FFF750FD0120FFF774FD00210120FFF72B
:1012C00069FE6420FFF79BFD08210020FFF7A6FDC3
:1012D0005C490020FFF7F0FDFFF704FF5A4800F0DB
:1012E00069FF5A4B1B881E46594B1B781C46584BAE
:1012F0005B781D46564B5B681846FFF795F802462B
:101300000B46381DCDE90223019500943346514A1E
:10131000642104F093FDF866FB6E9AB2391D4FF01C
:10132000FF334D4803F090FC642000F047FE464830
:1013300000F0EEFF03469AB2484B1A80474B1B88D9
:101340001A46642302FB03F31B139AB23F4B1A8025
:101350003E4B1B88212B0CD801224FF400514048F2
:1013600001F080FC00224FF400413D4801F07AFC7E
:1013700020E0364B1B88212B10D9344B1B88422B85
:101380000CD801224FF48041354801F06BFC00225B
:101390004FF40051324801F065FC0BE001224FF49C
:1013A00000412F4801F05EFC00224FF480412C48A0
:1013B00001F058FCFFF796FEFFF7B0FE0346002B46
:1013C0008FD008212748FFF7BFFE214B254A92E81E
:1013D000030083E803001E4B1B78012B02D1FFF7AB
:1013E0003BFF7EE71A4B1B78042B02D1FFF720FF4F
:1013F00005E0174B1B78022B01D1FFF705FF144BBB
:101400005B681846FFF7B0FB0346A7F86A300C4B41
:101410001B68B7F86A209A630D4B5B781846FFF794
:10142000C7FE0B4B1B78102B7FF45BAF0E4BDB68BA
:101430000D4A83F00103D36053E700BF8002002010
:10144000C802002000000020F80100206A030020EC
:10145000580300202897000810030020680300208C
:1014600000100140600300200014014080B594B0DA
:1014700000AF07F1280328220021184604F079FD67
:1014800007F1140300221A605A609A60DA601A6148
:101490003B1D00221A605A609A60DA600223BB6228
:1014A0000123BB631023FB6302237B640023BB6423
:1014B0004FF40023FB6407F12803184601F0EAFB10
:1014C0000346002B01D000F03BFA0F237B6102237F
:1014D000BB610023FB6100233B6200237B6207F1B9
:1014E00014030021184601F057FE0346002B01D0DB
:1014F00000F026FA02237B600023FB603B1D1846A8
:1015000001F0D8FF0346002B01D000F019FA00BF0C
:101510005037BD4680BD000080B584B000AF3B1D94
:1015200000221A605A609A60184B194A1A60174BC9
:1015300000229A60154B01221A73144B00221A756F
:10154000124B4FF46022DA61104B00225A600F4BAD
:1015500001221A610D4800F055FD0346002B01D011
:1015600000F0EEF902237B600123BB600023FB60E7
:101570003B1D1946054800F0D7FE0346002B01D05D
:1015800000F0DEF900BF1037BD4680BDF801002035
:101590000024014080B500AF174B184A1A60164B63
:1015A0004FF482725A60144B00229A60124B002250
:1015B000DA60114B00221A610F4B00225A610E4B68
:1015C0004FF400729A610C4B0022DA610A4B002240
:1015D0001A62094B00225A62074B00229A62064B9C
:1015E0000A22DA62044802F01BF80346002B01D0FD
:1015F00000F0A6F900BF80BD28020020003800409E
:1016000080B58AB000AF07F1200300221A605A604B
:101610003B1D00221A605A609A60DA601A615A61B2
:101620009A61284B4FF080421A60264B00225A6084
:10163000244B00229A60234B4FF6FF72DA60214B55
:1016400000221A611F4B00229A611E4802F081FE9F
:101650000346002B01D000F073F900233B62002306
:101660007B6207F120031946164803F03FFA034650
:10167000002B01D000F064F960237B600023BB6085
:101680000023FB6000237B613B1D002219460D48AF
:1016900002F050FF0346002B01D000F051F93B1D32
:1016A00004221946074802F045FF0346002B01D0EB
:1016B00000F046F9034800F049FA00BF2837BD465C
:1016C00080BD00BF8002002080B58AB000AF07F166
:1016D000200300221A605A603B1D00221A605A60E3
:1016E0009A60DA601A615A619A61224B224A1A6042
:1016F000204B63225A601F4B00229A601D4B40F61C
:101700007F42DA601B4B00221A611A4B80229A61D9
:10171000184802F01EFE0346002B01D000F010F91D
:1017200000233B6200237B6207F120031946114826
:1017300003F0DCF90346002B01D000F001F960232F
:101740007B600023BB600023FB6000237B613B1DAB
:1017500004221946074802F0EDFE0346002B01D093
:1017600000F0EEF8034800F0F1F900BF2837BD465D
:1017700080BD00BFC80200200004004080B500AF5B
:10178000114B124A1A60104B4FF416525A600E4B0E
:1017900000229A600C4B0022DA600B4B00221A6187
:1017A000094B0C225A61084B00229A61064B002219
:1017B000DA61054803F0F8F90346002B01D000F088
:1017C000BFF800BF80BD00BF1003002000480040EC
:1017D00080B58AB000AF07F1140300221A605A6086
:1017E0009A60DA604F4B9B694E4A43F01003936155
:1017F0004C4B9B6903F010033B613B69494B9B6970
:10180000484A43F020039361464B9B6903F0200351
:10181000FB60FB68434B9B69424A43F004039361BE
:10182000404B9B6903F00403BB60BB683D4B9B6965
:101830003C4A43F0080393613A4B9B6903F0080369
:101840007B607B6800224FF46041374801F00AFA60
:1018500000220321354801F005FA00224FF4AF6160
:10186000334801F0FFF900220321324801F0FAF970
:101870004FF460437B610123BB610023FB610223C2
:101880003B6207F114031946274801F067F8032368
:101890007B610123BB610023FB6102233B6207F1F3
:1018A00014031946214801F059F84FF4AF637B61E6
:1018B0000123BB610023FB6103233B6207F1140397
:1018C00019461B4801F04AF803237B610123BB61E1
:1018D0000023FB6102233B6207F1140319461548FC
:1018E00001F03CF84FF400737B61134BBB610023A4
:1018F000FB6107F1140319460D4801F02FF80F4B57
:101900005B687B627B6A43F0E0637B627B6A43F4E3
:1019100000437B62094A7B6A536000BF2837BD469B
:1019200080BD00BF001002400010014000140140C3
:1019300000080140000C014000002110000001409F
:1019400080B400AF72B600BF00BFFDE780B485B0C1
:1019500000AF1C4B9B691B4A43F001039361194B79
:101960009B6903F001037B607B68164BDB69154ABA
:1019700043F08053D361134BDB6903F080533B602A
:101980003B68114B5B68FB60FB6823F0E063FB6026
:10199000FB6843F00073FB600B4AFB6853600A4B23
:1019A0005B68BB60BB6823F0E063BB60BB6843F06F
:1019B0000073BB60044ABB68536000BF1437BD4668
:1019C00080BC7047001002400000014080B588B024
:1019D00000AF786007F1100300221A605A609A6025
:1019E000DA607B681B68144A934221D1134B9B69D0
:1019F000124A43F400739361104B9B6903F4007324
:101A0000FB60FB680D4B9B690C4A43F00403936138
:101A10000A4B9B6903F00403BB60BB6804233B6172
:101A200003237B6107F110031946054800F096FF78
:101A300000BF2037BD4680BD002401400010024099
:101A40000008014080B588B000AF786007F110034E
:101A500000221A605A609A60DA607B681B68204A2C
:101A6000934239D11F4BDB691E4A43F48043D36153
:101A70001C4BDB6903F48043FB60FB68194B9B69DB
:101A8000184A43F008039361164B9B6903F008035F
:101A9000BB60BB684FF420433B6102237B6103239F
:101AA000FB6107F1100319460F4800F057FF4FF490
:101AB00080433B6100237B610023BB6107F110037E
:101AC0001946094800F04AFF00220021242000F0B6
:101AD00096FE242000F0AFFE00BF2037BD4680BD3B
:101AE0000038004000100240000C014080B485B076
:101AF00000AF78607B681B68B3F1804F0CD1114B4D
:101B0000DB69104A43F00103D3610E4BDB6903F03C
:101B10000103FB60FB6810E07B681B680A4A934284
:101B20000BD1084BDB69074A43F00203D361054B35
:101B3000DB6903F00203BB60BB6800BF1437BD461E
:101B400080BC7047001002400004004080B58AB09D
:101B500000AF786007F1140300221A605A609A609F
:101B6000DA607B681B68B3F1804F18D1254B9B6905
:101B7000244A43F004039361224B9B6903F004035E
:101B80003B613B6903237B610223BB6102233B6210
:101B900007F1140319461C4800F0E0FE2EE07B68B4
:101BA0001B681A4A934229D1164B9B69154A43F088
:101BB00008039361134B9B6903F00803FB60FB6808
:101BC00020237B610223BB6102233B6207F11403E4
:101BD00019460F4800F0C2FE0E4B5B687B627B6AC1
:101BE00023F440637B627B6A43F0E0637B627B6A41
:101BF00043F400637B62074A7B6A536000BF283767
:101C0000BD4680BD001002400008014000040040B5
:101C1000000C01400000014080B588B000AF786042
:101C200007F1100300221A605A609A60DA607B683C
:101C30001B681C4A934231D11B4BDB691A4A43F49F
:101C40008023D361184BDB6903F48023FB60FB68BE
:101C5000154B9B69144A43F008039361124B9B692F
:101C600003F00803BB60BB684FF480633B61022351
:101C70007B610323FB6107F1100319460B4800F059
:101C80006DFE4FF400633B6100237B610023BB6169
:101C900007F110031946054800F060FE00BF203729
:101CA000BD4680BD0048004000100240000C0140CD
:101CB00080B400AF00BFFDE780B400AF00BFFDE718
:101CC00080B400AF00BFFDE780B400AF00BFFDE708
:101CD00080B400AF00BFFDE780B400AF00BFBD46D9
:101CE00080BC704780B400AF00BFBD4680BC704769
:101CF00080B400AF00BFBD4680BC704780B500AF68
:101D000000F040F900BF80BD80B500AF024802F08E
:101D100011F900BF80BD00BF2802002080B400AFD1
:101D200001231846BD4680BC704780B582B000AF25
:101D30007860396004F070F9034616221A604FF09B
:101D4000FF3318460837BD4680BD80B582B000AF6E
:101D500078604FF0FF317868FFF7E7FF00BFFDE7DD
:101D600080B586B000AFF860B9607A6000237B610F
:101D70000AE0AFF300800146BB685A1CBA60CAB2E1
:101D80001A707B6901337B617A697B689A42F0DB68
:101D90007B6818461837BD4680BD80B586B000AF59
:101DA000F860B9607A6000237B6109E0BB685A1C67
:101DB000BA601B781846AFF300807B6901337B6102
:101DC0007A697B689A42F1DB7B6818461837BD4612
:101DD00080BD80B483B000AF78604FF0FF33184609
:101DE0000C37BD4680BC704780B483B000AF7860CC
:101DF00039603B684FF400525A60002318460C3794
:101E0000BD4680BC704780B483B000AF78600123CA
:101E100018460C37BD4680BC704780B485B000AF13
:101E2000F860B9607A60002318461437BD4680BC5C
:101E30007047000080B586B000AF7860144A154B3B
:101E4000D31A7B617B693B61134B1B68002B02D16A
:101E5000114B124A1A60104B1A687B6813443A6996
:101E60009A4207D204F0D8F803460C221A604FF0C9
:101E7000FF3309E0084B1B68FB60074B1A687B685F
:101E80001344054A1360FB6818461837BD4680BDE9
:101E900000500020000400006C030020C00400205B
:101EA00080B400AF00BFBD4680BC7047FFF7F8FFAD
:101EB0000B480C490C4A002302E0D458C4500433A8
:101EC000C4188C42F9D3094A094C002301E013607D
:101ED0000432A242FBD304F0A5F8FFF7C5F970471E
:101EE00000000020DC010020AC9B0008DC01002089
:101EF000C0040020FEE7000080B500AF084B1B685F
:101F0000074A43F010031360032000F06DFC0F201C
:101F100000F008F8FFF71AFD0023184680BD00BF47
:101F20000020024080B582B000AF7860124B1A6882
:101F3000124B1B7819464FF47A73B3FBF1F3B2FBE3
:101F4000F3F3184600F085FC0346002B01D0012373
:101F50000EE07B680F2B0AD8002279684FF0FF3023
:101F600000F04DFC064A7B681360002300E001236B
:101F700018460837BD4680BD08000020100000202C
:101F80000C00002080B400AF054B1B781A46054BAF
:101F90001B681344034A136000BFBD4680BC7047F2
:101FA000100000207003002080B400AF024B1B68BB
:101FB0001846BD4680BC70477003002080B584B0D1
:101FC00000AF7860FFF7F0FFB8607B68FB60FB68EC
:101FD000B3F1FF3F05D00A4B1B781A46FB68134448
:101FE000FB6000BFFFF7E0FF0246BB68D31AFA6848
:101FF0009A42F7D800BF00BF1037BD4680BD00BF72
:102000001000002080B586B000AF78600023FB751B
:1020100000233B610023BB600023FB607B68002B37
:1020200001D10123BEE07B689B68002B7B689B6A23
:10203000002B09D17B680022DA627B68002283F8DA
:1020400024207868FFF7C2FC786800F0BFFA0346E6
:10205000FB757B689B6A03F01003002B40F09980AE
:10206000FB7D002B40F095807B689B6A23F48853AE
:1020700023F0020343F002027B689A627B685A688D
:102080007B68DB691A437B681B7B5B001343BA6880
:102090001343BB607B689B68B3F5807F03D07B688C
:1020A0009B68012B02D14FF4807300E000233A6952
:1020B00013433B617B681B7D012B19D17B681B7B24
:1020C000002B09D17B689B69013B5A033B69134391
:1020D00043F400633B610BE07B689B6A43F02002A2
:1020E0007B689A627B68DB6A43F001027B68DA6294
:1020F0007B681B685B6823F469417B681B683A69ED
:102100000A435A607B681B689A68284B13407A68B8
:102110001268B9680B4393607B689B68B3F5807F56
:1021200003D07B689B68012B04D17B681B69013B52
:102130001B05FB607B681B68DB6A23F470017B680E
:102140001B68FA680A43DA627B681B689A68184B56
:102150001340BA689A420BD17B680022DA627B682E
:102160009B6A23F0030343F001027B689A6218E044
:102170007B689B6A23F0120343F010027B689A622B
:102180007B68DB6A43F001027B68DA620123FB753E
:1021900007E07B689B6A43F010027B689A62012328
:1021A000FB75FB7D18461837BD4680BDFDF7E1FF86
:1021B000FE0E1FFF80B584B000AF78600023FB7374
:1021C0007B6893F82430012B01D1022398E07B68CF
:1021D000012283F82420786800F09EF90346FB73FF
:1021E000FB7B002B40F087807B689B6A23F4407365
:1021F00023F0010343F480727B689A627B681B685A
:10220000414A934205D1414B5B6803F47023002B94
:1022100015D17B689B6A23F480127B689A627B6885
:102220001B685B6803F48063002B26D07B689B6A85
:1022300023F4405343F480527B689A621DE07B682C
:102240009B6A43F480127B689A627B681B682F4A02
:10225000934204D07B681B682B4A93420DD12B4BD1
:102260005B6803F48063002B07D07B689B6A23F4D0
:10227000405343F480527B689A627B689B6A03F404
:102280008053002B06D07B68DB6A23F006027B6854
:10229000DA6202E07B680022DA627B68002283F85F
:1022A00024207B681B686FF002021A607B681B6841
:1022B0009B6803F46023B3F5602F13D17B681B6820
:1022C000114A934205D1114B5B6803F47023002B34
:1022D00008D17B681B689A687B681B6842F4A0027F
:1022E0009A600CE07B681B689A687B681B6842F404
:1022F00080129A6003E07B68002283F82420FB7B35
:1023000018461037BD4680BD00280140002401401A
:1023100080B483B000AF78607B681B68DB6C1846C4
:102320000C37BD4680BC704780B485B000AF786084
:1023300039600023FB730023BB607B6893F8243073
:10234000012B01D10223DCE07B68012283F82420E9
:102350003B685B68062B1CD87B681B68596B3B6825
:102360005A6813469B001344053B1F2202FA03F3ED
:10237000DB4319403B6818683B685A6813469B006A
:102380001344053B00FA03F27B681B680A435A6357
:102390003CE03B685B680C2B1CD87B681B68196BA6
:1023A0003B685A6813469B001344233B1F2202FAE2
:1023B00003F3DB4319403B6818683B685A681346CF
:1023C0009B001344233B00FA03F27B681B680A431B
:1023D0001A631BE07B681B68D96A3B685A6813461E
:1023E0009B001344413B1F2202FA03F3DB431940D5
:1023F0003B6818683B685A6813469B001344413B8E
:1024000000FA03F27B681B680A43DA623B681B68C8
:10241000092B1CD97B681B68D9683B681A6813466E
:102420005B0013441E3B072202FA03F3DB4319400F
:102430003B6898683B681A6813465B0013441E3B70
:1024400000FA03F27B681B680A43DA6019E07B68D4
:102450001B6819693B681A6813465B00134407221E
:1024600002FA03F3DB4319403B6898683B681A683B
:1024700013465B00134400FA03F27B681B680A43AF
:102480001A613B681B68102B03D03B681B68112B3B
:1024900032D17B681B681D4A934225D17B681B683B
:1024A0009B6803F40003002B26D17B681B689A68A5
:1024B0007B681B6842F400029A603B681B68102B23
:1024C0001AD1134B1B68134AA2FB03239A0C134621
:1024D0009B0013445B00BB6002E0BB68013BBB6038
:1024E000BB68002BF9D107E07B689B6A43F02002B0
:1024F0007B689A620123FB737B68002283F82420A7
:10250000FB7B18461437BD4680BC70470024014051
:102510000800002083DE1B4380B584B000AF7860E4
:102520000023FB600023BB607B681B689B6803F093
:102530000103012B40D07B681B689A687B681B688D
:1025400042F001029A601F4B1B681F4AA2FB032343
:102550009B0CBB6002E0BB68013BBB60BB68002B0F
:10256000F9D1FFF721FDF8601FE0FFF71DFD0246DE
:10257000FB68D31A022B18D97B681B689B6803F091
:102580000103012B11D07B689B6A43F010027B682A
:102590009A627B68DB6A43F001027B68DA627B68DF
:1025A000002283F82420012307E07B681B689B68D6
:1025B00003F00103012BD8D1002318461037BD4684
:1025C00080BD00BF0800002083DE1B4380B584B0BF
:1025D00000AF78600023FB607B681B689B6803F09A
:1025E0000103012B2ED17B681B689A687B681B68EE
:1025F00022F001029A60FFF7D7FCF8601BE0FFF7BA
:10260000D3FC0246FB68D31A022B14D97B681B68E3
:102610009B6803F00103012B0DD17B689B6A43F09B
:1026200010027B689A627B68DB6A43F001027B6878
:10263000DA62012307E07B681B689B6803F00103F3
:10264000012BDCD0002318461037BD4680BD0000AA
:1026500080B485B000AF78607B6803F00703FB604F
:102660000C4BDB68BB60BA684FF6FF031340BB60DE
:10267000FB681A02BB68134343F0BF6343F40033A3
:10268000BB60044ABB68D36000BF1437BD4680BC42
:10269000704700BF00ED00E080B400AF044BDB6882
:1026A0001B0A03F007031846BD4680BC704700BFF5
:1026B00000ED00E080B483B000AF0346FB7197F9F2
:1026C0000730002B0BDBFB7903F01F02064997F95B
:1026D00007305B09012000FA02F241F8232000BF15
:1026E0000C37BD4680BC704700E100E080B483B089
:1026F00000AF03463960FB7197F90730002B0ADB06
:102700003B68DAB20C4997F907301201D2B20B4498
:1027100083F800230AE03B68DAB20849FB7903F04A
:102720000F03043B1201D2B20B441A7600BF0C37E0
:10273000BD4680BC704700BF00E100E000ED00E056
:1027400080B489B000AFF860B9607A60FB6803F0CC
:102750000703FB61FB69C3F10703042B28BF0423B4
:10276000BB61FB690433062B02D9FB69033B00E024
:1027700000237B614FF0FF32BB6902FA03F3DA43B7
:10278000BB681A407B699A404FF0FF317B6901FAC0
:1027900003F3D9437B680B40134318462437BD46E7
:1027A00080BC704780B582B000AF78607B68013B29
:1027B000B3F1807F01D301230FE00A4A7B68013B1C
:1027C00053600F214FF0FF30FFF790FF054B0022C1
:1027D0009A60044B07221A60002318460837BD464A
:1027E00080BD00BF10E000E080B582B000AF78602F
:1027F0007868FFF72DFF00BF0837BD4680BD80B564
:1028000086B000AF0346B9607A60FB7300237B613A
:10281000FFF742FF78617A68B9687869FFF790FF3F
:10282000024697F90F3011461846FFF75FFF00BFC9
:102830001837BD4680BD80B582B000AF0346FB713E
:1028400097F907301846FFF735FF00BF0837BD4638
:1028500080BD80B582B000AF78607868FFF7A2FFD6
:10286000034618460837BD4680BD000080B584B0D9
:1028700000AF78600023FB737B6893F82130DBB2F4
:10288000022B05D07B6804229A630123FB7351E07D
:102890007B681B681A687B681B6822F00E021A604E
:1028A0007B681B681A687B681B6822F001021A604B
:1028B0007B681B68224A934229D07B681B68214AA7
:1028C000934222D07B681B681F4A93421AD07B68D0
:1028D0001B681E4A934212D07B681B681C4A9342B5
:1028E0000AD07B681B681B4A934202D14FF48013C5
:1028F0000EE04FF080730BE04FF4803308E04FF4AC
:10290000805305E04FF4807302E0102300E00123C0
:10291000114A53607B68012283F821207B680022E2
:1029200083F820207B685B6B002B03D07B685B6B9C
:1029300078689847FB7B18461037BD4680BD00BFBE
:10294000080002401C0002403000024044000240E7
:10295000580002406C0002400000024080B48BB07E
:1029600000AF7860396000237B6200233B6269E13D
:1029700001227B6A02FA03F3FB613B681B68FA6978
:102980001340BB61BA69FB699A4240F058813B68C9
:102990005B689A4A93425ED0984A934275D8984AA7
:1029A000934258D0964A93426FD8964A934252D057
:1029B000944A934269D8944A93424CD0924A9342A3
:1029C00063D8924A934246D0904A93425DD8122BE4
:1029D0002AD8122B59D801A252F823F0572A0008FE
:1029E000312A0008432A0008852A00088B2A00089B
:1029F0008B2A00088B2A00088B2A00088B2A0008E3
:102A00008B2A00088B2A00088B2A00088B2A0008D2
:102A10008B2A00088B2A00088B2A00088B2A0008C2
:102A2000392A00084D2A0008794A934213D02CE035
:102A30003B68DB683B6229E03B68DB6804333B6250
:102A400024E03B68DB6808333B621FE03B68DB68DF
:102A50000C333B621AE03B689B68002B02D10423D5
:102A60003B6213E03B689B68012B05D108233B6266
:102A70007B68FA691A6109E008233B627B68FA699E
:102A80005A6103E000233B6200E000BFBB69FF2BFB
:102A900001D87B6801E07B6804337B61BB69FF2B55
:102AA00002D87B6A9B0002E07B6A083B9B003B618B
:102AB0007B691A680F213B6901FA03F3DB431A4073
:102AC000396A3B6901FA03F31A437B691A603B6870
:102AD0005B6803F08053002B00F0B1804D4B9B6985
:102AE0004C4A43F0010393614A4B9B6903F0010395
:102AF000BB60BB68484A7B6A9B08023352F82330AC
:102B0000FB607B6A03F003039B000F2202FA03F3CE
:102B1000DB43FA681340FB607B68404A934213D062
:102B20007B683F4A93420DD07B683E4A934207D070
:102B30007B683D4A934201D1032306E0042304E06D
:102B4000022302E0012300E000237A6A02F003027C
:102B500092009340FA681343FB602F497B6A9B08FD
:102B60000233FA6841F823203B685B6803F4801362
:102B7000002B06D02D4B9A682C49BB6913438B6000
:102B800006E02A4B9A68BB69DB43284913408B60F7
:102B90003B685B6803F40013002B06D0234BDA6814
:102BA0002249BB691343CB6006E0204BDA68BB695E
:102BB000DB431E491340CB603B685B6803F4003382
:102BC000002B06D0194B5A681849BB6913434B6058
:102BD00006E0164B5A68BB69DB43144913404B604F
:102BE0003B685B6803F48033002B21D00F4B1A68DD
:102BF0000E49BB6913430B6021E000BF0000321097
:102C000000003110000022100000211000001210FE
:102C100000001110001002400000014000080140B7
:102C2000000C01400010014000140140000401406C
:102C30000B4B1A68BB69DB43094913400B607B6A85
:102C400001337B623B681A687B6A22FA03F3002B2C
:102C50007FF48EAE00BF00BF2C37BD4680BC7047EE
:102C60000004014080B483B000AF78600B467B80E5
:102C700013467B707B78002B03D07A887B681A61BF
:102C800003E07B881A047B681A6100BF0C37BD46DD
:102C900080BC704780B586B000AF78607B68002B41
:102CA00001D1012372E27B681B6803F00103002B52
:102CB00000F08780924B5B6803F00C03042B0CD070
:102CC0008F4B5B6803F00C03082B12D18C4B5B68B5
:102CD00003F48033B3F5803F0BD1894B1B6803F4B9
:102CE0000033002B6CD07B685B68002B68D101231C
:102CF0004CE27B685B68B3F5803F06D1804B1B6874
:102D00007F4A43F4803313602EE07B685B68002BBE
:102D10000CD17B4B1B687A4A23F480331360784BC9
:102D20001B68774A23F4802313601DE07B685B688F
:102D3000B3F5A02F0CD1724B1B68714A43F480236A
:102D400013606F4B1B686E4A43F4803313600BE0D3
:102D50006B4B1B686A4A23F480331360684B1B6813
:102D6000674A23F4802313607B685B68002B13D0D1
:102D7000FFF71AF9386108E0FFF716F902463B69D8
:102D8000D31A642B01D9032300E25D4B1B6803F4C3
:102D90000033002BF0D014E0FFF706F9386108E0AB
:102DA000FFF702F902463B69D31A642B01D90323CA
:102DB000ECE1534B1B6803F40033002BF0D100E02F
:102DC00000BF7B681B6803F00203002B63D04C4BF1
:102DD0005B6803F00C03002B0BD0494B5B6803F0DE
:102DE0000C03082B1CD1464B5B6803F48033002B8B
:102DF00016D1434B1B6803F00203002B05D07B6800
:102E00001B69012B01D00123C0E13D4B1B6823F05E
:102E1000F8027B685B69DB00394913430B603AE0D9
:102E20007B681B69002B20D0364B01221A60FFF70C
:102E3000BBF8386108E0FFF7B7F802463B69D31AE0
:102E4000022B01D90323A1E12D4B1B6803F00203E0
:102E5000002BF0D02A4B1B6823F0F8027B685B69DB
:102E6000DB00274913430B6015E0264B00221A6054
:102E7000FFF79AF8386108E0FFF796F802463B69D9
:102E8000D31A022B01D9032380E11D4B1B6803F0E9
:102E90000203002BF0D17B681B6803F00803002BB2
:102EA0003AD07B689B69002B19D0174B01221A601E
:102EB000FFF77AF8386108E0FFF776F802463B69D9
:102EC000D31A022B01D9032360E10D4B5B6A03F097
:102ED0000203002BF0D0012000F0CEFA1CE00A4BD8
:102EE00000221A60FFF760F838610FE0FFF75CF826
:102EF00002463B69D31A022B08D9032346E100BFDF
:102F0000001002400000424280044242924B5B6A41
:102F100003F00203002BE9D17B681B6803F0040374
:102F2000002B00F0A6800023FB758B4BDB6903F0C0
:102F30008053002B0DD1884BDB69874A43F08053C7
:102F4000D361854BDB6903F08053BB60BB68012311
:102F5000FB75824B1B6803F48073002B18D17F4BE9
:102F60001B687E4A43F480731360FFF71DF83861D5
:102F700008E0FFF719F802463B69D31A642B01D920
:102F8000032303E1754B1B6803F48073002BF0D01F
:102F90007B68DB68012B06D16F4B1B6A6E4A43F0DE
:102FA000010313622DE07B68DB68002B0CD16A4BB8
:102FB0001B6A694A23F001031362674B1B6A664A66
:102FC00023F0040313621CE07B68DB68052B0CD143
:102FD000614B1B6A604A43F0040313625E4B1B6A39
:102FE0005D4A43F0010313620BE05B4B1B6A5A4AD4
:102FF00023F001031362584B1B6A574A23F0040362
:1030000013627B68DB68002B15D0FEF7CDFF3861BB
:103010000AE0FEF7C9FF02463B69D31A41F2883243
:10302000934201D90323B1E04B4B1B6A03F0020327
:10303000002BEED014E0FEF7B7FF38610AE0FEF790
:10304000B3FF02463B69D31A41F28832934201D959
:1030500003239BE0404B1B6A03F00203002BEED1DD
:10306000FB7D012B05D13C4BDB693B4A23F08053B0
:10307000D3617B68DB69002B00F08780364B5B688F
:1030800003F00C03082B61D07B68DB69022B46D16F
:10309000334B00221A60FEF787FF386108E0FEF725
:1030A00083FF02463B69D31A022B01D903236DE04B
:1030B000294B1B6803F00073002BF0D17B681B6A5F
:1030C000B3F5803F08D1244B5B6823F400327B6862
:1030D0009B68214913434B601F4B5B6823F47412B8
:1030E0007B68196A7B685B6A0B431B4913434B601F
:1030F0001B4B01221A60FEF757FF386108E0FEF70C
:1031000053FF02463B69D31A022B01D903233DE04A
:10311000114B1B6803F00073002BF0D035E0104B0F
:1031200000221A60FEF740FF386108E0FEF73CFF1E
:1031300002463B69D31A022B01D9032326E0064B32
:103140001B6803F00073002BF0D11EE07B68DB6985
:10315000012B07D1012319E000100240007000404C
:10316000600042420B4B5B68FB60FB6803F48032FB
:103170007B681B6A9A4206D1FB6803F470127B6875
:103180005B6A9A4201D0012300E0002318461837F9
:10319000BD4680BD0010024080B584B000AF7860AD
:1031A00039607B68002B01D10123D0E06A4B1B689A
:1031B00003F007033A689A4210D9674B1B6823F063
:1031C000070265493B6813430B60634B1B6803F0C0
:1031D00007033A689A4201D00123B8E07B681B6874
:1031E00003F00203002B20D07B681B6803F004036C
:1031F000002B05D0594B5B68584A43F4E063536099
:103200007B681B6803F00803002B05D0534B5B68F9
:10321000524A43F460535360504B5B6823F0F00212
:103220007B689B684D4913434B607B681B6803F0C8
:103230000103002B40D07B685B68012B07D1474B13
:103240001B6803F40033002B15D101237FE07B685A
:103250005B68022B07D1414B1B6803F00073002B06
:1032600009D1012373E03D4B1B6803F00203002BDF
:1032700001D101236BE0394B5B6823F003027B68CB
:103280005B68364913434B60FEF78EFEF8600AE038
:10329000FEF78AFE0246FB68D31A41F28832934257
:1032A00001D9032353E02D4B5B6803F00C027B68CC
:1032B0005B689B009A42EBD1274B1B6803F0070326
:1032C0003A689A4210D2244B1B6823F00702224925
:1032D0003B6813430B60204B1B6803F007033A68FD
:1032E0009A4201D0012332E07B681B6803F004039B
:1032F000002B08D0194B5B6823F4E0627B68DB6825
:10330000164913434B607B681B6803F00803002BCE
:1033100009D0124B5B6823F460527B681B69DB00A9
:103320000E4913434B6000F021F802460B4B5B68DB
:103330001B0903F00F030A49CB5C22FA03F3094A85
:103340001360094B1B681846FEF7ECFD0023184676
:103350001037BD4680BD00BF002002400010024073
:103360004C970008080000200C00002080B487B0B3
:1033700000AF0023FB600023BB6000237B610023C0
:103380007B6000233B611E4B5B68FB60FB6803F0C6
:103390000C03042B02D0082B03D027E0194B3B6110
:1033A00027E0FB689B0C03F00F03174AD35C7B609C
:1033B000FB6803F48033002B10D0114B5B685B0C6F
:1033C00003F00103114AD35CBB607B680D4A03FB29
:1033D00002F2BB68B2FBF3F37B6104E07B680C4A4A
:1033E00002FB03F37B617B693B6102E0054B3B61C0
:1033F00000BF3B6918461C37BD4680BC704700BF04
:103400000010024000127A006497000874970008C8
:1034100000093D0080B400AF024B1B681846BD4652
:1034200080BC70470800002080B500AFFFF7F2FFB6
:103430000246054B5B681B0A03F007030349CB5C9C
:1034400022FA03F3184680BD001002405C97000882
:1034500080B500AFFFF7DEFF0246054B5B68DB0A75
:1034600003F007030349CB5C22FA03F3184680BD3F
:10347000001002405C97000880B485B000AF78600F
:103480000A4B1B680A4AA2FB03235B0A7A6802FB09
:1034900003F3FB6000BFFB685A1EFA60002BF9D1F2
:1034A00000BF00BF1437BD4680BC70470800002035
:1034B000D34D621080B586B000AF786000233B61C9
:1034C0000023FB607B681B6803F00103002B7DD0A9
:1034D0000023FB754F4BDB6903F08053002B0DD1AC
:1034E0004C4BDB694B4A43F08053D361494BDB695A
:1034F00003F08053BB60BB680123FB75464B1B6820
:1035000003F48073002B18D1434B1B68424A43F4E9
:1035100080731360FEF748FD386108E0FEF744FD54
:1035200002463B69D31A642B01D903236DE03A4B61
:103530001B6803F48073002BF0D0364B1B6A03F436
:103540004073FB60FB68002B2ED07B685B6803F444
:103550004073FA689A4227D02E4B1B6A23F44073BB
:10356000FB602E4B01221A602C4B00221A60294A64
:10357000FB681362FB6803F00103002B14D0FEF715
:1035800013FD38610AE0FEF70FFD02463B69D31ACE
:1035900041F28832934201D9032336E01D4B1B6A66
:1035A00003F00203002BEED01A4B1B6A23F4407287
:1035B0007B685B68174913430B62FB7D012B05D1C8
:1035C000144BDB69134A23F08053D3617B681B687B
:1035D00003F00203002B08D00E4B5B6823F440423B
:1035E0007B689B680B4913434B607B681B6803F047
:1035F0001003002B08D0074B5B6823F480027B6824
:10360000DB68044913434B60002318461837BD4656
:1036100080BD00BF001002400070004040044242E4
:1036200080B582B000AF78607B68002B01D10123A8
:1036300076E07B685B6A002B08D17B685B68B3F53A
:10364000827F09D07B680022DA6105E07B68002276
:103650001A617B6800225A617B6800229A627B684B
:1036600093F85130DBB2002B06D17B68002283F83F
:1036700050207868FEF7E6F97B68022283F8512033
:103680007B681B681A687B681B6822F040021A601E
:103690007B685B6803F482727B689B6803F4044375
:1036A0001A437B68DB6803F400631A437B681B6979
:1036B00003F002031A437B685B6903F001031A43BA
:1036C0007B689B6903F400731A437B68DB6903F032
:1036D00038031A437B681B6A03F0800342EA030144
:1036E0007B689B6A03F400527B681B680A431A607C
:1036F0007B689B691A0C7B681B6802F004025A60A5
:103700007B681B68DA697B681B6822F40062DA61F7
:103710007B6800225A657B68012283F851200023D0
:1037200018460837BD4680BD80B588B000AFF86048
:10373000B9603B601346FB80FEF736FCF861FB88FE
:103740007B83FB6893F85130DBB2012B01D002235D
:103750002AE1BB68002B02D0FB88002B01D101239A
:1037600022E1FB6893F85030012B01D102231BE1C9
:10377000FB68012283F85020FB68032283F8512064
:10378000FB6800225A65FB68BA681A63FB68FA880E
:103790009A86FB68FA88DA86FB6800229A63FB68DF
:1037A00000229A87FB680022DA87FB6800225A64AD
:1037B000FB6800221A64FB689B68B3F5004F0FD1C9
:1037C000FB681B681A68FB681B6822F040021A60DD
:1037D000FB681B681A68FB681B6842F480421A6029
:1037E000FB681B681B6803F04003402B07D0FB6895
:1037F0001B681A68FB681B6842F040021A60FB688D
:10380000DB68B3F5006F52D1FB685B68002B02D018
:103810007B8B012B45D1FB681B6B1A88FB681B68EF
:10382000DA60FB681B6B9A1CFB681A63FB68DB8E13
:103830009BB2013B9AB2FB68DA8632E0FB681B68F8
:103840009B6803F00203022B12D1FB681B6B1A88E2
:10385000FB681B68DA60FB681B6B9A1CFB681A63C9
:10386000FB68DB8E9BB2013B9AB2FB68DA8618E0FC
:10387000FEF79AFB0246FB69D31A3A689A4203D8CC
:103880003B68B3F1FF3F02D13B68002B09D1FB68D5
:10389000012283F85120FB68002283F85020032383
:1038A00082E0FB68DB8E9BB2002BC7D153E0FB6844
:1038B0005B68002B02D07B8B012B47D1FB681A6B16
:1038C000FB681B680C3312781A70FB681B6B5A1C60
:1038D000FB681A63FB68DB8E9BB2013B9AB2FB6804
:1038E000DA8633E0FB681B689B6803F00203022B57
:1038F00013D1FB681A6BFB681B680C3312781A70C3
:10390000FB681B6B5A1CFB681A63FB68DB8E9BB25F
:10391000013B9AB2FB68DA8618E0FEF745FB0246E7
:10392000FB69D31A3A689A4203D83B68B3F1FF3F68
:1039300002D13B68002B09D1FB68012283F851209A
:10394000FB68002283F8502003232DE0FB68DB8E08
:103950009BB2002BC6D1FA693968F86800F0C8FC40
:103960000346002B02D0FB6820225A65FB689B6847
:10397000002B0AD100237B61FB681B68DB687B613D
:10398000FB681B689B687B617B69FB68012283F88D
:103990005120FB68002283F85020FB685B6D002BF0
:1039A00001D0012300E0002318462037BD4680BD2A
:1039B00080B588B002AFF860B9603B601346FB8009
:1039C000FB6893F85130DBB2012B01D0022304E1F4
:1039D000FB685B68B3F5827F12D1FB689B68002BA4
:1039E0000ED1FB68042283F85120FA883B680093CB
:1039F0001346BA68B968F86800F0F3F80346ECE0DB
:103A0000FEF7D2FA7861BB68002B02D0FB88002B4E
:103A100001D10123E1E0FB6893F85030012B01D183
:103A20000223DAE0FB68012283F85020FB680422BD
:103A300083F85120FB6800225A65FB68BA689A63D4
:103A4000FB68FA889A87FB68FA88DA87FB680022A5
:103A50001A63FB6800229A86FB680022DA86FB68FC
:103A600000221A64FB6800225A64FB689B68B3F565
:103A7000004F0FD1FB681B681A68FB681B6822F0B7
:103A800040021A60FB681B681A68FB681B6822F416
:103A900080421A60FB681B681B6803F04003402BE0
:103AA00007D0FB681B681A68FB681B6842F040027D
:103AB0001A60FB68DB68002B70D135E0FB681B687F
:103AC0009B6803F00103012B15D1FB681B6803F110
:103AD0000C02FB689B6B1278D2B21A70FB689B6B6E
:103AE0005A1CFB689A63FB68DB8F9BB2013B9AB25E
:103AF000FB68DA8718E0FEF757FA02467B69D31AAB
:103B00003A689A4203D83B68B3F1FF3F02D13B6861
:103B1000002B09D1FB68012283F85120FB680022A9
:103B200083F85020032358E0FB68DB8F9BB2002B07
:103B3000C4D138E0FB681B689B6803F00103012BCC
:103B400013D1FB681B68DA68FB689B6B92B21A8022
:103B5000FB689B6B9A1CFB689A63FB68DB8F9BB2CC
:103B6000013B9AB2FB68DA8718E0FEF71DFA0246BD
:103B70007B69D31A3A689A4203D83B68B3F1FF3F96
:103B800002D13B68002B09D1FB68012283F8512048
:103B9000FB68002283F8502003231EE0FB68DB8FC4
:103BA0009BB2002BC6D17A693968F86800F04EFBE9
:103BB0000346002B02D0FB6820225A65FB680122D5
:103BC00083F85120FB68002283F85020FB685B6D6E
:103BD000002B01D0012300E0002318461837BD4612
:103BE00080BD80B58AB000AFF860B9607A607B8034
:103BF00001237B62FEF7D8F93862FB6893F85130F5
:103C0000FB77FB685B68BB617B88FB82FB7F012BDA
:103C10000CD0BB69B3F5827F06D1FB689B68002B93
:103C200002D1FB7F042B01D002237FE1BB68002B74
:103C300005D07B68002B02D07B88002B01D10123AB
:103C400074E1FB6893F85030012B01D102236DE140
:103C5000FB68012283F85020FB6893F85130DBB2F7
:103C6000042B03D0FB68052283F85120FB68002257
:103C70005A65FB687A689A63FB687A88DA87FB681A
:103C80007A889A87FB68BA681A63FB687A88DA864A
:103C9000FB687A889A86FB6800221A64FB68002217
:103CA0005A64FB681B681B6803F04003402B07D075
:103CB000FB681B681A68FB681B6842F040021A60C8
:103CC000FB68DB68B3F5006F7ED1FB685B68002B97
:103CD00002D0FB8A012B6CD1FB681B6B1A88FB6836
:103CE0001B68DA60FB681B6B9A1CFB681A63FB6835
:103CF000DB8E9BB2013B9AB2FB68DA8659E0FB6827
:103D00001B689B6803F00203022B1BD1FB68DB8E50
:103D10009BB2002B16D07B6A012B13D1FB681B6B67
:103D20001A88FB681B68DA60FB681B6B9A1CFB68CF
:103D30001A63FB68DB8E9BB2013B9AB2FB68DA86A2
:103D400000237B62FB681B689B6803F00103012B67
:103D500019D1FB68DB8F9BB2002B14D0FB681B686A
:103D6000DA68FB689B6B92B21A80FB689B6B9A1CAB
:103D7000FB689A63FB68DB8F9BB2013B9AB2FB68DE
:103D8000DA8701237B62FEF70FF902463B6AD31AFA
:103D90003A6B9A420DD83B6BB3F1FF3F09D0FB68F9
:103DA000012283F85120FB68002283F8502003236E
:103DB000BCE0FB68DB8E9BB2002BA0D1FB68DB8FE5
:103DC0009BB2002B9BD182E0FB685B68002B02D08A
:103DD000FB8A012B71D1FB681A6BFB681B680C33E3
:103DE00012781A70FB681B6B5A1CFB681A63FB681D
:103DF000DB8E9BB2013B9AB2FB68DA865DE0FB6822
:103E00001B689B6803F00203022B1CD1FB68DB8E4E
:103E10009BB2002B17D07B6A012B14D1FB681A6B65
:103E2000FB681B680C3312781A70FB681B6B5A1CFA
:103E3000FB681A63FB68DB8E9BB2013B9AB2FB689E
:103E4000DA8600237B62FB681B689B6803F0010332
:103E5000012B19D1FB68DB8F9BB2002B14D0FB68C0
:103E60001B68DA68FB689B6BD2B21A70FB689B6BAD
:103E70005A1CFB689A63FB68DB8F9BB2013B9AB2CA
:103E8000FB68DA8701237B62FEF78EF802463B6A05
:103E9000D31A3A6B9A4203D83B6BB3F1FF3F02D17E
:103EA0003B6B002B09D1FB68012283F85120FB6892
:103EB000002283F85020032338E0FB68DB8E9BB29E
:103EC000002B9CD1FB68DB8F9BB2002B97D13A6A09
:103ED000396BF86800F00CFA0346002B08D0FB6839
:103EE00020225A65FB68002283F8502001231DE040
:103EF000FB689B68002B0AD100233B61FB681B68B1
:103F0000DB683B61FB681B689B683B613B69FB6846
:103F1000012283F85120FB68002283F85020FB68BF
:103F20005B6D002B01D0012300E0002318462837E9
:103F3000BD4680BD80B588B000AF78607B681B68E7
:103F40005B68FB617B681B689B68BB61BB699B0905
:103F500003F00103002B0FD1BB6903F00103002B19
:103F60000AD0FB699B0903F00103002B04D07B6896
:103F70001B6C78689847BEE0BB695B0803F00103DF
:103F8000002B0AD0FB69DB0903F00103002B04D0EE
:103F90007B685B6C78689847ADE0BB695B0903F0B0
:103FA0000103002B06D1BB699B0903F00103002B21
:103FB00000F0A180FB695B0903F00103002B00F016
:103FC0009A80BB699B0903F00103002B23D07B6817
:103FD00093F85130DBB2032B11D07B685B6D43F05B
:103FE00004027B685A6500237B617B681B68DB6881
:103FF0007B617B681B689B687B617B690BE00023AE
:104000003B617B681B68DB683B617B681B689B6866
:104010003B613B696FE0BB695B0903F00103002B67
:1040200014D07B685B6D43F001027B685A65002306
:10403000FB607B681B689B68FB607B681B681A6879
:104040007B681B6822F040021A60FB687B685B6D2E
:10405000002B4FD07B681B685A687B681B6822F076
:10406000E0025A607B68012283F85120FB6903F06B
:104070000203002B04D1FB6903F00103002B34D0B1
:104080007B681B685A687B681B6822F003025A60D1
:104090007B68DB6C002B11D07B68DB6C174A5A63A2
:1040A0007B68DB6C1846FEF7E1FB0346002B05D06E
:1040B0007B685B6D43F040027B685A657B689B6C54
:1040C000002B16D07B689B6C0C4A5A637B689B6CF8
:1040D0001846FEF7CBFB0346002B0AD07B685B6DCE
:1040E00043F040027B685A6503E0786800F008F806
:1040F00000E000BF00BF2037BD4680BD134100086F
:1041000080B483B000AF786000BF0C37BD4680BC80
:10411000704780B584B000AF78607B685B6AFB60F5
:10412000FB680022DA87FB680022DA86F868FFF76E
:10413000E7FF00BF1037BD4680BD000080B588B0E6
:1041400000AFF860B9603B601346FB71FDF72CFFD0
:104150000246BB6A9B1A3A681344FB61FDF724FFD1
:10416000B861394B1B685B011B0DFA6902FB03F355
:104170007B6154E03B68B3F1FF3F50D0FDF714FF83
:104180000246BB69D31AFA699A4202D9FB69002B2D
:104190003DD1FB681B685A68FB681B6822F0E0028F
:1041A0005A60FB685B68B3F5827F11D1FB689B683E
:1041B000B3F5004F04D0FB689B68B3F5806F07D15F
:1041C000FB681B681A68FB681B6822F040021A60D3
:1041D000FB689B6AB3F5005F0FD1FB681B681A6828
:1041E000FB681B6822F400521A60FB681B681A689F
:1041F000FB681B6842F400521A60FB68012283F8D6
:104200005120FB68002283F85020032317E07B69CC
:10421000002B01D10023FB617B69013B7B61FB68C3
:104220001B689A68BB681340BA689A420CBF0123A6
:104230000023DBB21A46FB799A429BD10023184631
:104240002037BD4680BD00BF0800002080B586B085
:1042500002AFF860B9607A60FB685B68B3F5827F93
:1042600011D1FB689B68B3F5004F04D0FB689B68D5
:10427000B3F5806F07D1FB681B681A68FB681B6881
:1042800022F040021A60FB685B68B3F5827F17D1A9
:10429000FB689B68B3F5806F12D17B680093BB68A5
:1042A00000220121F868FFF749FF0346002B1AD0CE
:1042B000FB685B6D43F02002FB685A65032313E043
:1042C0007B680093BB6800228021F868FFF736FF07
:1042D0000346002B07D0FB685B6D43F02002FB68B0
:1042E0005A65032300E0002318461037BD4680BD01
:1042F00080B586B002AFF860B9607A607B680093E1
:10430000BB6801220221F868FFF718FF0346002B63
:1043100007D0FB685B6D43F02002FB685A650323FE
:1043200013E07B680093BB6800228021F868FFF7E8
:1043300005FF0346002B07D0FB685B6D43F02002AE
:10434000FB685A65032300E0002318461037BD467A
:1043500080BD80B582B000AF78607B68002B01D152
:10436000012341E07B6893F83D30DBB2002B06D19E
:104370007B68002283F83C207868FDF7B7FB7B68F8
:10438000022283F83D207B681A687B680433194653
:10439000104600F091F97B68012283F846207B6883
:1043A000012283F83E207B68012283F83F207B684E
:1043B000012283F840207B68012283F841207B683A
:1043C000012283F842207B68012283F843207B6826
:1043D000012283F844207B68012283F845207B6812
:1043E000012283F83D20002318460837BD4680BDD2
:1043F00080B584B000AF786039603B68002B09D18C
:104400007B6893F83E30DBB2012B14BF01230023FD
:10441000DBB222E03B68042B09D17B6893F83F3084
:10442000DBB2012B14BF01230023DBB215E03B6894
:10443000082B09D17B6893F84030DBB2012B14BF05
:1044400001230023DBB208E07B6893F84130DBB244
:10445000012B14BF01230023DBB2002B01D0012369
:104460005EE03B68002B04D17B68022283F83E208B
:1044700013E03B68042B04D17B68022283F83F20C1
:104480000BE03B68082B04D17B68022283F84020B4
:1044900003E07B68022283F841207B681B680122CD
:1044A0003968184600F0FEFA7B681B681E4A934282
:1044B00007D17B681B685A6C7B681B6842F400421A
:1044C0005A647B681B68184A93420ED07B681B684D
:1044D000B3F1804F09D07B681B68144A934204D023
:1044E0007B681B68124A934211D17B681B689B68EA
:1044F00003F00703FB60FB68062B10D07B681B688A
:104500001A687B681B6842F001021A6007E07B684A
:104510001B681A687B681B6842F001021A6000235E
:1045200018461037BD4680BD002C014000040040F5
:104530000008004080B586B000AFF860B9607A60CE
:104540000023FB75FB6893F83C30012B01D102235B
:10455000AEE0FB68012283F83C207B680C2B00F264
:104560009F8001A252F823F09D450008A146000853
:10457000A1460008A1460008DD450008A146000844
:10458000A1460008A14600081F460008A1460008F1
:10459000A1460008A14600085F460008FB681B68AA
:1045A000B968184600F0F6F8FB681B689A69FB6862
:1045B0001B6842F008029A61FB681B689A69FB68F5
:1045C0001B6822F004029A61FB681B689969BB684A
:1045D0001A69FB681B680A439A6164E0FB681B6800
:1045E000B968184600F03CF9FB681B689A69FB68DB
:1045F0001B6842F400629A61FB681B689A69FB6859
:104600001B6822F480629A61FB681B689969BB6829
:104610001B691A02FB681B680A439A6143E0FB6846
:104620001B68B968184600F085F9FB681B68DA69F1
:10463000FB681B6842F00802DA61FB681B68DA69F4
:10464000FB681B6822F00402DA61FB681B68D96909
:10465000BB681A69FB681B680A43DA6123E0FB68E0
:104660001B68B968184600F0CFF9FB681B68DA6967
:10467000FB681B6842F40062DA61FB681B68DA6958
:10468000FB681B6822F48062DA61FB681B68D969E9
:10469000BB681B691A02FB681B680A43DA6102E007
:1046A0000123FB7500BFFB68002283F83C20FB7DE3
:1046B00018461837BD4680BD80B485B000AF78601D
:1046C00039607B681B68FB607B682F4A93420BD084
:1046D0007B68B3F1804F07D07B682C4A934203D0AC
:1046E0007B682B4A934208D1FB6823F07003FB6080
:1046F0003B685B68FA681343FB607B68224A93421D
:104700000BD07B68B3F1804F07D07B681F4A934280
:1047100003D07B681E4A934208D1FB6823F44073A0
:10472000FB603B68DB68FA681343FB60FB6823F0BF
:1047300080023B685B691343FB607B68FA681A6020
:104740003B689A687B68DA623B681A687B689A62A1
:104750007B680D4A934203D13B681A697B681A63F0
:104760007B6801225A617B681B6903F00103002BFF
:1047700005D07B681B6923F001027B681A6100BFCA
:104780001437BD4680BC7047002C01400004004037
:104790000008004080B487B000AF786039607B6863
:1047A0001B6A7B617B681B6A23F001027B681A62CB
:1047B0007B685B683B617B689B69FB60FB6823F0FF
:1047C0007003FB60FB6823F00303FB603B681B681E
:1047D000FA681343FB607B6923F002037B613B684B
:1047E0009B687A6913437B617B681C4A93420CD1B6
:1047F0007B6923F008037B613B68DB687A691343BC
:104800007B617B6923F004037B617B68134A9342DD
:1048100011D13B6923F480733B613B6923F400733E
:104820003B613B685B693A6913433B613B689B6949
:104830003A6913433B617B683A695A607B68FA685E
:104840009A613B685A687B685A637B687A691A6226
:1048500000BF1C37BD4680BC704700BF002C014024
:1048600080B487B000AF786039607B681B6A7B6179
:104870007B681B6A23F010027B681A627B685B68A6
:104880003B617B689B69FB60FB6823F4E043FB6052
:10489000FB6823F44073FB603B681B681B02FA68EB
:1048A0001343FB607B6923F020037B613B689B68BB
:1048B0001B017A6913437B617B681D4A93420DD1CA
:1048C0007B6923F080037B613B68DB681B017A69AD
:1048D00013437B617B6923F040037B617B68144A4F
:1048E000934213D13B6923F480633B613B6923F41A
:1048F00000633B613B685B699B003A6913433B6122
:104900003B689B699B003A6913433B617B683A694A
:104910005A607B68FA689A613B685A687B689A6358
:104920007B687A691A6200BF1C37BD4680BC70473D
:10493000002C014080B487B000AF786039607B689C
:104940001B6A7B617B681B6A23F480727B681A6236
:104950007B685B683B617B68DB69FB60FB6823F01D
:104960007003FB60FB6823F00303FB603B681B687C
:10497000FA681343FB607B6923F400737B613B6837
:104980009B681B027A6913437B617B681D4A9342D3
:104990000DD17B6923F400637B613B68DB681B02FC
:1049A0007A6913437B617B6923F480637B617B6855
:1049B000144A934213D13B6923F480533B613B6912
:1049C00023F400533B613B685B691B013A69134365
:1049D0003B613B689B691B013A6913433B617B6800
:1049E0003A695A607B68FA68DA613B685A687B68A2
:1049F000DA637B687A691A6200BF1C37BD4680BCE7
:104A0000704700BF002C014080B487B000AF7860D1
:104A100039607B681B6A3B617B681B6A23F48052A8
:104A20007B681A627B685B687B617B68DB69FB6023
:104A3000FB6823F4E043FB60FB6823F44073FB60F6
:104A40003B681B681B02FA681343FB603B6923F455
:104A500000533B613B689B681B033A6913433B610E
:104A60007B680F4A934209D17B6923F480437B61C1
:104A70003B685B699B017A6913437B617B687A6958
:104A80005A607B68FA68DA613B685A687B681A6426
:104A90007B683A691A6200BF1C37BD4680BC70470C
:104AA000002C014080B487B000AFF860B9607A6034
:104AB000BB6803F01F03012202FA03F37B61FB686A
:104AC0001A6A7B69DB431A40FB681A62FB681A6A40
:104AD000BB6803F01F03796801FA03F31A43FB680C
:104AE0001A6200BF1C37BD4680BC704780B485B0D9
:104AF00000AF786039607B6893F83C30012B01D1BE
:104B0000022346E07B68012283F83C207B68022276
:104B100083F83D207B681B685B68FB607B681B68D3
:104B20009B68BB60FB6823F07003FB603B681B68FD
:104B3000FA681343FB607B681B68FA685A607B68FD
:104B40001B68164A93420ED07B681B68B3F1804FF6
:104B500009D07B681B68124A934204D07B681B68AB
:104B6000104A93420CD1BB6823F08003BB603B68C2
:104B70005B68BA681343BB607B681B68BA689A605D
:104B80007B68012283F83D207B68002283F83C206B
:104B9000002318461437BD4680BC7047002C0140E6
:104BA000000400400008004080B582B000AF78608B
:104BB0007B68002B01D1012342E07B6893F84130F0
:104BC000DBB2002B06D17B68002283F84020786896
:104BD000FDF722F87B68242283F841207B681B685C
:104BE000DA687B681B6822F40052DA60786800F0AB
:104BF00071F97B681B681A697B681B6822F4904214
:104C00001A617B681B685A697B681B6822F02A025C
:104C10005A617B681B68DA687B681B6842F4005243
:104C2000DA607B6800225A647B68202283F8412086
:104C30007B68202283F842207B6800225A6300238D
:104C400018460837BD4680BD80B58AB002AFF8600F
:104C5000B9603B601346FB8000237B61FB6893F8DF
:104C60004130DBB2202B75D1BB68002B02D0FB8812
:104C7000002B01D101236EE0FB6800225A64FB681F
:104C8000212283F84120FDF78FF97861FB68FA88CB
:104C90009A84FB68FA88DA84FB689B68B3F5805FC6
:104CA00008D1FB681B69002B04D10023FB61BB68A2
:104CB000BB6103E0BB68FB610023BB612EE03B6886
:104CC00000937B6900228021F86800F048F80346D1
:104CD000002B05D0FB68202283F8412003233AE013
:104CE000FB69002B0BD1BB691B881A46FB681B684C
:104CF000C2F308025A60BB690233BB6107E0FB697B
:104D00001A78FB681B685A60FB690133FB61FB681A
:104D1000DB8C9BB2013B9AB2FB68DA84FB68DB8CCC
:104D20009BB2002BCBD13B6800937B6900224021D2
:104D3000F86800F014F80346002B05D0FB68202229
:104D400083F84120032306E0FB68202283F84120FA
:104D5000002300E0022318462037BD4680BD80B501
:104D600086B000AFF860B9603B601346FB713BE072
:104D70003B6AB3F1FF3F37D0FDF716F902463B68B7
:104D8000D31A3A6A9A4202D33B6A002B01D1032319
:104D90003AE0FB681B68DB6803F00403002B23D0B8
:104DA000BB68802B20D0BB68402B1DD0FB681B68E4
:104DB0001B6803F00803082B16D100237B61FB68F6
:104DC0001B681B687B61FB681B685B687B617B6998
:104DD000F86800F01DF8FB6808225A64FB6800229E
:104DE00083F8402001230FE0FB681B681A68BB684A
:104DF0001340BA689A420CBF01230023DBB21A4663
:104E0000FB799A42B4D0002318461837BD4680BDBE
:104E100080B495B000AF78607B681B680C337B630F
:104E20007B6B53E8003F3B633B6B23F49073FB6465
:104E30007B681B680C33FA6C3A64FB63F96B3A6C61
:104E400041E80023BB63BB6B002BE5D17B681B688B
:104E500014333B623B6A53E8003FFB61FB6923F07C
:104E60000103BB647B681B681433BA6CFA62BB62D3
:104E7000B96AFA6A41E800237B627B6A002BE5D1BC
:104E80007B681B6B012B19D17B681B680C33FB60A3
:104E9000FB6853E8003FBB60BB6823F010037B64F2
:104EA0007B681B680C337A6CBA617B617969BA697B
:104EB00041E800233B613B69002BE5D17B68202260
:104EC00083F842207B6800221A6300BF5437BD4636
:104ED00080BC704780B584B000AF78607B681B6889
:104EE0001B6923F440517B68DA687B681B680A43BE
:104EF0001A617B689A687B681B691A437B685B69E7
:104F00001343BB607B681B68DB6823F4B05323F05A
:104F10000C037A681268B9680B43D3607B681B681E
:104F20005B6923F440717B689A697B681B680A435C
:104F30005A617B681B682C4A934203D1FEF788FABA
:104F4000F86002E0FEF770FAF860FA6813469B001A
:104F500013449A001A447B685B689B00B2FBF3F32E
:104F6000224AA2FB03235B091901FA6813469B003E
:104F700013449A001A447B685B689B00B2FBF3F20F
:104F80001A4BA3FB02035B09642000FB03F3D31A53
:104F90001B013233154AA2FB03235B0903F0F00324
:104FA0001944FA6813469B0013449A001A447B681C
:104FB0005B689B00B2FBF3F20C4BA3FB02035B09A3
:104FC000642000FB03F3D31A1B013233074AA2FB10
:104FD00003235B0903F00F027B681B680A449A6095
:104FE00000BF1037BD4680BD003801401F85EB5122
:104FF000002B2DE9F0471D46BBBF03F100431D46C2
:1050000000232D2388B01446B8BF1446129A109E70
:105010001370149BDDF84CA023F02008B8F1460F64
:1050200005D0B8F1450F00D10136022300E003237B
:1050300007AA049206AACDE902A2CDE900362246CB
:105040002B4601F0B1F8B8F1470F074619D1119B73
:10505000DB070ED500EB0609002200232046294677
:10506000FBF7A2FC08B1CDF81C903022079B4B4502
:105070001ED33846079B159ADB1B136008B0BDE8AA
:10508000F087B8F1460F00EB0609E5D10378302B25
:105090000AD10022002320462946FBF785FC18B9D7
:1050A000C6F10106CAF80060DAF800309944D3E787
:1050B000591C07911A70D9E7F7B50029B6BF2D23FF
:1050C0002B23494209290270437029DD0DF10703A2
:1050D0001D460A27B1FBF7F61A4607FB16143034B3
:1050E00002F8014C0C46632C314603F1FF33F1DC2E
:1050F0003031941E03F8011C2346411CAB420AD3F5
:105100000DF109039B1AAC4288BF0023023303440C
:10511000181A03B0F0BD13F8016B01F8016FEDE749
:10512000302330318370C170031DF1E72DE9F04F5A
:1051300091B00C46DDF8688016461F46054600F023
:1051400021FF036818460893FBF702F800230E932B
:10515000D8F800300990073323F0070303F1080261
:1051600094F818A0D4F800B0C8F80020D3E900895A
:1051700029F000430B93CDF828804FF0FF32DDE992
:105180000A01C4E912899C4BFBF740FC70BBDDE9C6
:105190000A014FF0FF32984BFBF71AFC30BB00229C
:1051A000002340464946FBF709FC10B12D2384F843
:1051B0004330924A924BBAF1470F8CBF90469846C3
:1051C00003234FF0000923612BF0040323603346CF
:1051D0002146284600970FAA00F0D4F9013040F08C
:1051E00090804FF0FF3011B0BDE8F08F42464B4643
:1051F00040464946FBF70AFC48B14B46002BB8BF76
:105200002D23804AB8BF84F843307F4BD3E76368CF
:105210000AF0DF015A1C3FD10623636000224BF4E1
:105220008063236006920EAACDE904A20DAA039220
:105230000DF13302CDE901326368424600932846FE
:105240004B460A91FFF7D4FE0A99804647290D99EB
:1052500028D1C81C02DB6368994240DDAAF1020A2A
:105260005FFA8AFA5246013904F150000D91FFF7B6
:1052700023FF0E9A81461318012A236102DC22685B
:10528000D20701D5013323619DF83330002B9ED026
:105290002D2384F843309AE74729BFD1002BBDD195
:1052A0000123BAE7BAF1650FDCD9BAF1660F18D15C
:1052B000002963680BDD216113B92268D00702D58C
:1052C00001330B4423614FF00009A165DCE713B9FA
:1052D0002268D20701D50233F4E70123F2E74FF049
:1052E000670A0E9B994205DB23682161D807EAD53E
:1052F0004B1CE7E70029CCBF0122C1F10202134495
:10530000E0E723685A0507D4236942463146284618
:10531000B84701302BD164E7BAF1650F40F2DC8069
:10532000D4E9120100220023FBF73EFB002833D012
:10533000012331462846354AB84701303FF451AF82
:10534000DDE90D38434502DB2368D8070FD5DDE9D9
:10535000082331462846B84701303FF442AF4FF0AA
:10536000000908F1FF3804F11A0AC84509DC23686E
:105370009B0700F10281E0680F9B9842B8BF184676
:1053800031E70123524631462846B84701303FF401
:1053900028AF09F10109E8E70D9B002B38DC012358
:1053A00031462846194AB84701303FF41AAFDDE9C3
:1053B0000D3959EA030302D12368D907D7D5DDE9AE
:1053C000082331462846B84701303FF40AAF4FF072
:1053D000000A04F11A0B0D9B5B42534501DC4B465E
:1053E00093E701235A4631462846B84701303FF437
:1053F000F8AE0AF1010AEEE7FFFFEF7F7A970008A7
:1054000076970008829700087E9700088697000824
:10541000A36DDDF838A05345A8BF5346002B99462D
:1054200036DC4FF0000B29EAE97904F11A02A36D8A
:105430000A93A3EB09035B4531DC0D9B9A453ADCEB
:105440002368DA0737D40D9BAAEB03090A9BAAEB62
:1054500003039945A8BF9946B9F1000F33DC4FF01B
:10546000000829EAE97904F11A0B0D9BAAEB030362
:10547000A3EB090343457FF77AAF01235A46314630
:105480002846B84701303FF4ACAE08F10108ECE71C
:10549000424631462846B8470130C2D1A1E6012331
:1054A000314628460A92B84701303FF49AAE0A9A2C
:1054B0000BF1010BBBE73146DDE908232846B8476D
:1054C0000130C0D18DE60A9A4B4631462846424407
:1054D000B8470130C3D184E6DDF838A0BAF1010F36
:1054E00001DCDB0736D50123424631462846B84762
:1054F00001303FF476AEDDE9082331462846B8474F
:1055000001303FF46EAED4E91201002200230AF10B
:10551000FF3AFBF749FAC0B9534608F10102314698
:105520002846B84701300CD15BE601235A46314684
:105530002846B84701303FF454AE08F10108D04581
:10554000F3DB4B4604F15002E0E64FF0000804F1B3
:105550001A0BF4E701234246E1E701234A463146AC
:105560002846B84701303FF43CAE08F10108E36833
:105570000F995B1A4345F0DCFDE64FF0000804F19B
:105580001909F4E72DE9F047164698468A680B6931
:1055900007469342B8BF1346336091F843200C4648
:1055A000DDF820900AB1013333602368990642BFC9
:1055B000336802333360256815F0060506D104F11F
:1055C000190AE36832689B1AAB422BDC94F843302B
:1055D0002268003B18BF0123920630D4414638466A
:1055E00004F14302C847013023D02368226903F045
:1055F0000603042B14BF002533684FF0000608BFD4
:10560000E56804F11A0408BFED1A54F8123C08BF0B
:1056100025EAE5759342C4BF9B1AED18B5421AD12D
:10562000002008E00123524641463846C847013071
:1056300003D14FF0FF30BDE8F0870135C1E73020DE
:10564000E11881F843005A1C94F8451022440233B3
:1056500082F84310C2E70123224641463846C84734
:105660000130E6D00136D9E72DE9FF470F7E91469C
:10567000782F80460C469A460C9E01F1430207D8CB
:10568000622F0AD8002F00F0D180582F00F0B88088
:1056900004F1420684F842703AE0A7F16303152B47
:1056A000F6D801A151F823F001570008155700085A
:1056B000915600089156000891560008915600082E
:1056C0001557000891560008915600089156000899
:1056D00091560008135800083F570008CD5700089E
:1056E0009156000891560008355800089156000858
:1056F0003F5700089156000891560008D5570008FA
:1057000033681A1D1B68326004F1420684F8423087
:1057100001239CE033682068191D3160060601D51D
:105720001D6803E04506FBD5B3F90050002D03DAF0
:105730002D236D4284F843300A23584811E0216834
:105740003368080653F8045B02D4490648BFADB27B
:105750006F2F336014BF0A2308235048002184F8B8
:1057600043106668002EA66005DB21682E4321F0F9
:10577000040121604BD01646B5FBF3F103FB115732
:10578000C75D06F8017D2F46BB420D46F4D9082BB4
:105790000BD12368DF0708D5236961689942DEBF12
:1057A000302306F8013C06F1FF36921B22614B467E
:1057B00021464046CDF800A003AAFFF7E3FE0130E2
:1057C0004AD14FF0FF3004B0BDE8F087236843F0C2
:1057D000200323607827324884F8457023683168B5
:1057E0001F0651F8045B02D45F0648BFADB23160BA
:1057F000D90744BF43F0200323601DB11023ADE758
:105800002648E9E7236823F020032360F6E71646DD
:10581000BDE733682568181D616930602E061B6876
:1058200001D5196002E06806FBD5198000231646F1
:105830002361BCE7336800211A1D32601E6862686C
:10584000304600F016FC08B1801B6060636823617D
:10585000002384F84330AAE732464946404623698C
:10586000D0470130ADD023689B0713D4E068039B79
:105870009842B8BF1846A6E701233246494640463B
:10588000D04701309DD00135E36803995B1AAB42E4
:10589000F2DCEBE7002504F11906F5E7889700082C
:1058A000999700082DE9F04F87B003938B689146D4
:1058B0005A1EB2F5AE7F82BF6FF4AE7503EB050BD7
:1058C00040F25D130A464FF0000588BF8B600B68FD
:1058D000804643F4F06342F81C3B0C4698BF4FF0FF
:1058E000000B1646AA462F46CDE9045501920295B3
:1058F000A2685AB1D9F800301B784E2B62D8402BE1
:105900003AD8A3F12B01C8B20E2838D91FB12368A9
:1059100023F4807323600AF1FF3ABAF1010F00F219
:105920001481019B9E4200F20581012007B0BDE871
:10593000F08FA3F161020D2AE8D801A151F822F0FD
:10594000895A00080D5900080D5900080D59000822
:10595000E55A0008BF5A00080D5900080D59000803
:10596000975A00080D5900080D5900080D590008F4
:105970000D590008535A0008A3F14102DBE70E2934
:10598000C4D801A050F821F0435A00080D5900086E
:10599000435A0008D35A00080D590008E559000879
:1059A000295A0008295A0008295A0008295A0008CB
:1059B000295A0008295A0008295A0008295A0008BB
:1059C000295A00086E2B09D8602BB2D8542B7BD0F3
:1059D000592B9BD1072D99D108252FE0742B73D01B
:1059E000792BF6E72168C8051ED521F080012160DA
:1059F0000137BBF1000F03D001320BF1FF3BA26076
:105A0000A368013BA360236901332361D9F8043003
:105A1000013B002BC9F8043040F38380D9F80030F3
:105A20000133C9F8003063E71AEB05017FF46EAF6C
:105A30000D468A46226822F4C072226006F8013BB5
:105A4000DEE7226810067FF561AF22F08002226057
:105A5000F4E7BAF1000F0CD177B9226802F4E061E3
:105A6000B1F5E06F08D122F4F0624FF0010A226034
:105A7000E4E7BAF1020F51D0012D02D0042D7FF4DA
:105A800045AF0135EDB2D9E7BAF1010F7FF43EAF72
:105A90004FF0020AD2E775B9002F7FF438AF2268C1
:105AA00002F4E061B1F5E06F40F0FF8022F4F062B3
:105AB00001252260C2E7032DE3D0052DDFE7022D8B
:105AC0007FF424AF0325B9E7062D7FF41FAF072528
:105AD000B4E7226891057FF519AF22F420722260A5
:105AE0000297ABE7226802F4A061B1F5806F05D0A0
:105AF00050057FF50BAF002F00F0D780910558BF00
:105B0000029922F4F06258BF791A42F4C0724FF041
:105B1000000758BFCDE9041622608FE74FF0030A53
:105B20008CE749464046D4F88031984700283FF436
:105B3000DFAEEBE6D4F87C314A46404616F8011D4C
:105B400098472369013B2361EBE66B1E062B24D8A3
:105B5000022D36D8019B9E427FF6E7AED4F87C3109
:105B60004A46404616F8011D98472369013B2361C8
:105B7000F0E7D4F87C314A4640461BF8011D9847AF
:105B80002369013B23610AF1FF3A5FFA8AFABAF10D
:105B9000020FEED1033DEDB2761B2368DA0530D556
:105BA0005B0511D5019B9E427FF6BFAED4F87C31D8
:105BB0004A46404616F8011D98472369013B236178
:105BC000F0E7AA46B346DEE716F8011C236965290B
:105BD00003F1FF3306F1FF3523610CD045290AD0CC
:105BE000D4F87C314A4640469847236916F8021C8F
:105BF000013BB51E23614A464046D4F87C319847A4
:105C00002E46226812F0100201D000208EE632707B
:105C1000236803F4C063B3F5806F25D1029B9F42D4
:105C20000AD0DA1B04F26F139E4228BF04F5B77640
:105C300030461F4900F038F900224046019902F031
:105C40001FFC039B25681B6815F0020F06460F46D4
:105C500003F1040215D003990A601B68C3E90067C9
:105C6000E3680133E360D0E7049B002BE4D005999F
:105C70000A234046013102F083FC049B059EC21AB0
:105C8000D0E76D07E7D4039D2A601D6802460B46E6
:105C9000FAF7BCFE20B1074800F0FAF92860DFE708
:105CA00030463946FAF710FFF8E7002733E600BF21
:105CB000AA970008EB980008002310B50446C0E935
:105CC0000033C0E90433836081814366C28183610C
:105CD000194608225C3000F04CF90D4B24626362D7
:105CE0000C4BA3620C4BE3620C4B23630C4B9C42AA
:105CF00006D003F16802944202D0D0339C4205D111
:105D000004F15800BDE8104000F0B0B910BD00BF6C
:105D1000ED5E00080F5F0008475F00086B5F00083A
:105D200074030020024A0349034800F069B800BF29
:105D300014000020358900082400002041680C4B25
:105D400010B59942044601D002F0F4FDA168094B58
:105D5000994202D0204602F0EDFDE168064B9942DF
:105D600004D02046BDE8104002F0E4BD10BD00BFE5
:105D700074030020DC0300204404002010B50B4B0A
:105D80000B4C0C4A20461A6004210022FFF794FFB6
:105D900004F1680001220921FFF78EFF04F1D00011
:105DA0000222BDE810401221FFF786BFAC0400209C
:105DB00074030020255D0008014800F058B900BFB9
:105DC000B5040020014800F053B900BFB50400201D
:105DD00010B50446FFF7F0FF236A1BB1BDE8104081
:105DE000FFF7F0BF044B2362044B1B68002BF5D177
:105DF000FFF7C4FFF2E700BF3D5D0008AC040020E0
:105E00002DE9F8430746884614460026D4E9019553
:105E1000B9F1010905D52468002CF7D13046BDE859
:105E2000F883AB89012B07D9B5F90E30013303D0C4
:105E300029463846C04706436835E9E70CB430B513
:105E4000184B0C1E1D689DB008DA8B234FF0FF30F5
:105E50002B601DB0BDE8304002B070474FF40273B4
:105E6000ADF814304FF000031B930CBF234604F130
:105E7000FF33049307934FF6FF7302900690ADF83B
:105E80001630284621AB209A02A9019302F0D6FBD6
:105E9000431CBCBF8B232B60002CDAD00022029B5A
:105EA0001A70D6E7200000200EB46FF0004110B544
:105EB00000249DB01FAB0290069007910491094801
:105EC000094953F8042B0591006802A901931B941A
:105ED00002F0B4FB029B1C701DB0BDE8104003B083
:105EE000704700BF200000200802FFFF10B50C46DD
:105EF000B1F90E1000F06CF80028ABBF636DA389F8
:105F00001B1823F48053ACBF6365A38110BD2DE93A
:105F1000F0411F468B890546DB050C46164605D524
:105F200002230022B1F90E1000F040F8A389324696
:105F300023F48053A38128463B46B4F90E10BDE8F4
:105F4000F04100F057B810B50C46B1F90E1000F052
:105F50002DF8431CA38915BF606523F4805343F4D7
:105F60008053A38118BFA38110BDB1F90E1000F0BA
:105F70000DB803460244934200D1704703F8011B59
:105F8000F9E70000004870476001002038B50023A1
:105F9000054D044608462B60FBF71BFF431C02D14E
:105FA0002B6803B1236038BDB004002038B5044627
:105FB000084611460022054D2A601A46FBF72DFFC0
:105FC000431C02D12B6803B1236038BDB00400200C
:105FD00038B50446084611460022054D2A601A4687
:105FE000FBF7BEFE431C02D12B6803B1236038BD12
:105FF000B004002038B50446084611460022054D7D
:106000002A601A46FBF7C9FE431C02D12B6803B174
:10601000236038BDB0040020014B1868704700BFF2
:106020002000002070B500260C4D0D4C641BA41000
:10603000A64209D103F06AFB00260A4D0A4C641BF4
:10604000A410A64205D170BD55F8043B984701360F
:10605000EEE755F8043B98470136F2E7A49B0008A9
:10606000A49B0008A49B0008A89B000870477047E9
:106070007047034610B5C9B202449342184601D195
:10608000002003E0047801338C42F6D110BD0000FB
:10609000004870470000C07F2DE9F74F03690C6985
:1060A0000746A3427EDB013CA30000F1140501F189
:1060B0001408009305EB8403019358F8243055F835
:1060C000242001339A42B2FBF3F608EB84092ED365
:1060D0004FF0000AC446AE46D3465CF8043B98B283
:1060E00006FB00A01B0C020C06FB0323DEF80020BD
:1060F00080B292B2121A5A44DEF800004FEA134AF4
:106100009BB2C3EB224303EB104392B242EA034239
:10611000E1454FEA234B4EF8042BDED2009BEB58AF
:106120002BB9019B043B9D421A462FD33C61384654
:1061300001F0C8F9002825DB2946002058F8042B77
:10614000D1F800C01FFA82FE1FFA8CF3A3EB0E03F6
:106150000344120CC2EB234202EB1C429BB243EA03
:106160000243C1454FEA224041F8043BE6D255F8CC
:10617000242005EB840322B9043B9D421A460BD32D
:106180003C610136304603B0BDE8F08F1268043B35
:10619000002ACBD1013CC6E71268043B002AEFD1AC
:1061A000013CEAE70020EEE72DE9F04F14461D46DA
:1061B000C76997B08146CDE90645239E7FB9102077
:1061C00000F00EFE0246C9F81C0020B9EF21AC4BCE
:1061D000AC4802F027FCC0E901770760C760D9F836
:1061E0001C30196859B15A68012393404A608B608A
:1061F000484600F0EBFE0022D9F81C301A602B1E36
:10620000AFBF0023012223F000430793A8BF3360F0
:10621000DDF81C809C4BB8BF326033EA080312D112
:1062200042F20F73229A1360C8F31303234300F062
:106230005E85249BDFF854A2002B00F060850AF1F4
:10624000030300F05ABDDDE90623CDE90C23DDE9A7
:106250000C0100220023FAF7A7FB074658B10123DF
:10626000229A1360249B13B1894B249A1360DFF8A0
:1062700024A200F044BD14AB019315AB0093484633
:10628000DDE90C2301F036FAC8F30A560390002E1C
:1062900078D0DDE90C010D9BA6F2FF36C3F31303A2
:1062A00043F07F5343F440131297194600227A4B70
:1062B000F9F75AFF6CA3D3E90023FAF70DF96CA3A1
:1062C000D3E90023F9F752FF044630460D46FAF7AA
:1062D00099F869A3D3E90023FAF7FEF802460B46C2
:1062E00020462946F9F742FF04460D46FAF7A4FB7B
:1062F00000220746002320462946FAF75FFB40B1FB
:106300003846FAF77FF822462B46FAF74DFB00B9DC
:10631000013F162F54D8DDE90C01604B03EBC70396
:10632000D3E90023FAF74AFB00284BD00023013FB2
:106330000F93149B9B1B5A1E49BFC3F101030023FB
:1063400004930023099254BF04930993002F3BDB6D
:10635000099B0E973B44099300230A93209B092B2A
:1063600065D8052BC4BF043B2093209BC8BF0024E5
:10637000A3F10203D8BF0124032B64D8DFE803F0A4
:106380005355382CDDE914631E4406F23243202BAA
:10639000C1BFC3F1400308FA03F806F2124324FA1E
:1063A00003F3D6BFC3F1200348EA030004FA03F065
:1063B000FAF718F80122A1F1F873013E129274E77E
:1063C0000123B5E70F90B4E7049BDB1B04937B42EA
:1063D0000A9300230E93C1E701230B93219B07EB44
:1063E000030B0BF10103012B0893B8BF012306E057
:1063F00001230B93219B002B28DD9B460893002152
:106400000422D9F81C0002F114059D4226D94160EE
:10641000484600F09BFD8246002843D1024640F2E8
:10642000AF111F4BD4E60023E3E70023D5E7012497
:1064300000230B9420934FF0FF3B00221223CDF852
:1064400020B02192DBE701230B93F4E74FF0010B1F
:106450005B46CDF820B0CDF884B0D0E701315200D2
:10646000D1E700BFAFF3008061436F63A787D23FDE
:10647000B3C8608B288AC63FFB799F501344D33F33
:10648000BC970008D39700080000F07FB897000879
:1064900087970008869700080000F83F8099000859
:1064A0002B980008D9F81C301860089B0E2B00F2BE
:1064B000A180002C00F09E80002F33DD9C4B07F064
:1064C0000F0203EBC203F805D3E90034CDE9103421
:1064D0004FEA271416D5DDE90C01964B0326D3E9C4
:1064E0000823FAF723F9CDE9060104F00F04914DD2
:1064F00054B9DDE91023DDE90601FAF717F9CDE912
:10650000060128E00226F2E7E10708D5DDE91001DF
:10651000D5E90023F9F7E0FFCDE910010136641059
:106520000835E5E700F0AF80DDE90C017C42804BE7
:1065300004F00F0203EBC203D3E90023F9F7CCFF09
:1065400002260023CDE906017A4D2411002C40F0EB
:106550008F80002BD3D1DDE906450F9B002B00F087
:106560009480002220462946734BFAF727FA002828
:1065700000F08B80089B002B00F08780BBF1000FA0
:1065800034DD2046002229466C4BF9F7A5FF5C4616
:10659000CDE9060107F1FF3801363046F9F732FF41
:1065A000DDE90623F9F798FF0022654BF9F7DEFDD8
:1065B0000546A1F15076002C6AD1DDE906010022E2
:1065C000604BF9F7D1FD02460B46CDE906232A467A
:1065D0003346FAF711FA002840F09882DDE9060107
:1065E0002A4606F10043FAF7E9F938BBDDE90C3435
:1065F000CDE90634159B002BC0F257810E2F00F316
:1066000054814B4B03EBC703D3E90034CDE9043489
:10661000219B002B80F2E580089B002B00F3E1809A
:106620000CD1DDE904010022464BF9F755FFDDE905
:106630000623FAF7D7F9002800F0668200242546E1
:10664000219B56466FEA030800272146484600F082
:10665000BDFC002D00F0BD802FB1AF4203D0394604
:10666000484600F0B3FC2946484600F0AFFCB0E0D5
:10667000E20705D5D5E90023F9F72EFF01230136FE
:106680006410083562E7022665E7B846089C84E78F
:10669000274B0B9903EBC40353E90223544400290D
:1066A00054D000202849FAF741F833462A46F9F732
:1066B0005BFD5646CDE91001DDE90601FAF7BCF9AC
:1066C0000546F9F79FFE02460B46DDE90601F9F79C
:1066D0004BFD02460B463035CDE90623DDE910239C
:1066E00006F8015BFAF76AF9002872D1DDE90623A2
:1066F00000201149F9F738FDDDE91023FAF75EF9BA
:10670000002840F0B480A6423FF470AFDDE91001EC
:1067100000220A4BF9F7E0FE0022CDE91001DDE985
:106720000601064BF9F7D8FECDE90601C4E700BF24
:1067300080990008589900080000F03F00002440AC
:1067400000001C40000014400000E03F3146284695
:10675000F9F7C2FE5646CDE910011394DDE90601B2
:10676000FAF76AF90546F9F74DFE02460B46DDE9F0
:106770000601F9F7F9FC02460B46303506F8015BD5
:10678000A642CDE906234FF0000224D1DDE9100135
:10679000AE4BF9F7EBFC02460B46DDE90601FAF7D2
:1067A0002BF9002863D1DDE910230020A749F9F770
:1067B000DBFC02460B46DDE90601FAF7FFF800288C
:1067C0003FF414AF139E731E139316F8013C302B45
:1067D000F8D047463BE09E4BF9F77EFECDE9060137
:1067E000BCE75646DDE90645DDE904232046294697
:1067F000F9F79CFFFAF720F98046F9F703FEDDE987
:106800000423F9F769FE02460B4620462946F9F7AC
:10681000ABFC08F13004089D06F8014BA6EB0A0416
:10682000A54202460B4633D1F9F7A0FCDDE904236B
:1068300004460D46FAF7E0F8C0B9DDE90423204626
:106840002946FAF7B1F810B118F0010F0ED14846F9
:10685000039900F0BBFB00233370229B01371F60BC
:10686000249B002B00F04B821E6048E2B846334662
:106870001E4613F8012D392A06D19A45F8D1302247
:1068800008F101088AF800201A7801321A70A0E78E
:1068900000226F4BF9F720FE0022002304460D462C
:1068A000FAF782F800289FD0D1E70B9A002A00F06F
:1068B000EA80209A012A00F3CD80129A002A00F083
:1068C000C18003F233430A9C049E049A01211A44B6
:1068D0000492099A48461A44099200F075FC05464C
:1068E00066B1099B002B09DDB342A8BF3346049A69
:1068F000F61AD21A0492099AD31A09930A9B0BB377
:106900000B9B002B00F0C680002C00F0C0802946B5
:106910002246484600F010FD039A014605464846C7
:1069200000F068FC03998046484600F04FFB0A9B44
:106930001B1B0A9300F0B18041460A9A484600F0BA
:10694000FBFC03900121484600F03EFC0E9B0446F0
:10695000002B00F0D8811A460146484600F0ECFCB6
:10696000209B0446012B00F39F80069B002B40F0E8
:106970009780079BC3F31303002B40F09380079B82
:1069800023F000431B0D1B0533B1049B013304931B
:10699000099B0133099301230A930E9B002B00F0FE
:1069A000B881236904EB8303186900F0C1FBC0F1CF
:1069B0002000099B184410F01F0000F08280C0F1F5
:1069C0002003042B73DD049BC0F11C0003440493DB
:1069D000099B064403440993049B002B05DD1A46DA
:1069E0004846039900F002FD0390099B002B05DD4A
:1069F00021461A46484600F0F9FC04460F9B002B3E
:106A000061D02146039800F05DFD00285BDA002389
:106A10000A224846039900F0FBFA0B9B07F1FF3866
:106A20000390002B00F07781294600230A22484674
:106A300000F0EEFABBF1000F05466FDC209B022B45
:106A400049DC6BE0149BC3F136033CE70000E03FF8
:106A500000002440089B5C1E0A9BA34209DB1C1B10
:106A6000089B002BBFF630AF049B089A9E1A0023A8
:106A70002BE70A9B0E9AE31A1A440A94049E0024F8
:106A8000089B0E9221E70A9C049E0B9D28E7DDF8E7
:106A90000C8051E70A9A039950E7CDF80C8051E732
:106AA000002379E7069B77E700230A9379E793D0E1
:106AB000049A1C331A440492099A1E441A440992F7
:106AC0008AE70346F4E7089BB846002B20DC9B4688
:106AD000209B022B1EDDBBF1000F7FF4B1AD2146E0
:106AE0005B460522484600F093FA014604460398A7
:106AF00000F0E8FC00287FF7A3AD5646312308F1EB
:106B0000010806F8013B9FE5B846089C2546F4E7D6
:106B1000DDF820B00B9B002B00F00181002E05DD7D
:106B200029463246484600F061FC05460A9B002B88
:106B30005CD04846696800F009FA064628B9024662
:106B400040F2EF21804BFFF743BB2A6905F10C01AE
:106B5000023292000C3001F051FF012231464846CA
:106B600000F044FC2F4605460AF1010304930AEBAA
:106B70000B030A93069B03F001030993049B214630
:106B8000039803F1FF3BFFF787FA0346394630339A
:106B9000069003980B9300F095FC2A460890214636
:106BA000484600F0ABFCC26806460B9B02BB0146A0
:106BB000039800F087FC02460B9B31464846CDE91E
:106BC0000B3200F003FA209B0C9A049E42EA030168
:106BD000099B19430B9B0DD1392B27D0089A002A0A
:106BE00001DD069B31338BF800302EE52846B9E7EE
:106BF0000122E2E70899002904DB20980143099863
:106C0000014320D1002AEEDD012203994846049376
:106C100000F0ECFB2146039000F054FC0028049B9C
:106C200002DCE0D1DA07DED5392BDAD139238BF853
:106C3000003033461E4616F8012C013B392A4ED04F
:106C400001321A7001E5002A03DD392BEED0013341
:106C5000C9E7049A0A9902F8013C8A4228D0002325
:106C60000A220399484600F0D3F9AF4203904FF04F
:106C700000034FF00A023946484607D100F0C8F930
:106C800007460546049B0133049377E700F0C0F9FB
:106C90002946074600230A22484600F0B9F905466E
:106CA000F0E7BBF1000FCCBF5E460126002756443B
:106CB000012203994846049300F098FB2146039073
:106CC00000F000FC0028B4DC02D1049BDB07B0D448
:106CD00033461E4613F8012D302AFAD0B5E49A4502
:106CE000A8D1312308F101088AF80030ADE4249BD3
:106CF000DFF858A01BB10AF10803249A136050462C
:106D000017B0BDE8F08F209B012B7FF72EAE0E9BB6
:106D10000A9301204DE6BBF1000F7FF7D9AE56462E
:106D200021460398FFF7B8F900F1300306F8013B5C
:106D3000A6EB0A029345B4DD00230A2248460399D4
:106D400000F066F90390EBE72B980008AF97000876
:106D500038B50546002940D051F8043C0C1F002BE3
:106D6000B8BFE41800F0E6F81C4A136833B9636052
:106D700014602846BDE8384000F0E2B8A34208D9C4
:106D8000206821188B4201BF19685B6809182160CF
:106D9000EDE71A465B680BB1A342FAD911685018A7
:106DA000A0420BD120680144501883421160E0D109
:106DB00018685B68084410605360DAE702D90C2356
:106DC0002B60D6E7206821188B4201BF19685B68E9
:106DD0000918216063605460CBE738BDBC04002013
:106DE000024B0146186800F025B800BF20000020C3
:106DF00070B50F4E0C463168054611B901F0EEFD35
:106E000030602146284601F0E9FD431C03D14FF0D4
:106E1000FF34204670BDC41C24F00304A042F8D007
:106E2000211A284601F0DAFD0130F2D1EFE700BF68
:106E3000B80400202DE9F843CD1C25F003050835E2
:106E40000C2D38BF0C25002D064601DBA94204D9C4
:106E50000C2333600020BDE8F883DFF8D48000F015
:106E600069F8D8F800301C4644BB29463046FFF785
:106E7000BFFF431C044658D1D8F800402746002FD6
:106E800043D1002C4BD023683946304604EB03092C
:106E900001F0A4FD814542D1216830466D1A294692
:106EA000FFF7A6FF01303AD023682B442360D8F8BF
:106EB00000305A6862BBC8F800700FE02268521BAD
:106EC00020D40B2A17D96119A342256018BF596035
:106ED000636808BFC8F8001062514B60304600F08C
:106EE0002FF804F10B00231D20F00700C21A1CBF6D
:106EF0001B1AA350AFE76268A3420CBFC8F800207A
:106F00005A60EBE723466468AEE73C467F68B6E725
:106F10001A465B68A342FBD100235360DEE70C23D3
:106F20003046336000F00CF894E70560D6E700BF08
:106F3000BC0400200148FFF79AB800BFB404002049
:106F40000148FFF795B800BFB404002070B5C669CA
:106F500004460D4676B91020FFF742FF0246E06175
:106F600020B96B21174B184801F05CFDC0E90166A0
:106F70000660C660E669F36883B1E369DB6853F8CD
:106F80002500B8B9012101FA05F6721D20469200CC
:106F900001F066FD60B1C0E901560EE02122042136
:106FA000204601F05DFDE369F060DB68002BE4D171
:106FB000002070BD026843F825200023C0E9033398
:106FC000F7E700BFBC9700083C98000870B5C66999
:106FD00005460C4676B91020FFF702FF0246E8612D
:106FE00020B98F21084B094801F01CFDC0E901665A
:106FF0000660C6603CB1EB696268DB6853F822103A
:10700000216043F8224070BDBC9700083C980008FE
:107010002DE9F04107460C461E4600200D6901F19E
:10702000140CDCF80030013099B202FB01611E0C37
:107030000B0C02FB063389B201EB034185424FEA98
:1070400013464CF8041BECDC0EB3A368AB4219DC0E
:10705000616838460131FFF779FF804628B902465A
:10706000BA210C4B0C4801F0DDFC226904F10C0143
:10707000023292000C3001F0C1FC21463846FFF785
:10708000A5FF444604EB850301355E61256120467A
:10709000BDE8F0812B9800083C9800082DE9F843E2
:1070A000154609221F4608330C4693FBF2F30646A9
:1070B000012200219A4209DB3046FFF747FF40B921
:1070C0000246D321184B194801F0ACFC52000131A3
:1070D000F0E7089B092D43614FF00103036116DDC2
:1070E00004F10909C8462C4418F8013B01460A225C
:1070F0003046303BFFF78CFFA045F5D1A5F10804E1
:107100004C442D1B6319BB4204DBBDE8F883092501
:107110000A34F6E714F8013B01460A223046303BB8
:10712000FFF776FFEEE700BF2B9800083C980008B9
:107130000346B0F5803F3ABF030410200020B3F1AE
:10714000807F3CBF1B020830B3F1805F3CBF1B0156
:107150000430B3F1804F3CBF9B000230002B05DBB5
:1071600013F0804F00F1010008BF20207047036832
:10717000024613F007000BD0D90721D4980749BF66
:107180005B089B08012013605CBF022013607047FE
:1071900099B209B910201B0CD9B209B908301B0AE1
:1071A000190704BF1B090430990704BF9B0802306C
:1071B000D90703D45B0800F1010003D013607047C6
:1071C000002070472020704710B50C460121FFF7C2
:1071D000BDFE024628B940F24511044B044801F0B7
:1071E00021FC01234461036110BD00BF2B980008FE
:1071F0003C9800082DE9F04F17460A693B6989461B
:107200009A42A2BF3B460F4699463D69D9F810A065
:10721000BB68796805EB0A06B34285B0B8BF013197
:10722000FFF794FE30B902464FF4B171404B41482C
:1072300001F0F8FB00F114042346002204EB860E53
:10724000734520D307F1140809F1140108EB8505F3
:1072500001EB8A030293EB1B153B23F0030304337A
:107260001537BD4238BF04230193029B03918B4223
:107270000CD8002E03DD5EF8043D002B55D00661CE
:1072800005B0BDE8F08F43F8042BD9E7B1F800A0B2
:10729000BAF1000F1FD0C446A14600275CF8042BAA
:1072A000D9F800301FFA82FB9BB20AFB0B333B4438
:1072B000D9F80070120C3F0C0AFB027202EB134269
:1072C0009BB243EA024365454FEA124749F8043B43
:1072D000E4D8019BE750039B0431B3F80290B9F165
:1072E000000F20D04746A4464FF0000A2368B7F8A5
:1072F00000B0BCF802209BB209FB0B22524443EAC7
:1073000002434CF8043B57F8043B4FEA134ABCF8DD
:107310000030BD4209FB0A3303EB12434FEA134A24
:10732000E5D8019AA35004349FE7013EA1E700BFCE
:107330002B9800083C9800082DE9F843154612F0F8
:10734000030207460E4607D0254C013A002354F8A5
:107350002220FFF75DFE0646AD103DD0FC697CB9EA
:107360001020FFF73DFD0246F86128B940F2B31145
:107370001C4B1D4801F056FBC0E901440460C46089
:10738000D7F81C80D8F808404CB940F27121384633
:10739000FFF71AFF00230446C8F8080003604FF007
:1073A0000009EB070AD5314622463846FFF722FF8F
:1073B000804631463846FFF709FE46466D100BD031
:1073C000206838B9224621463846FFF713FF20606F
:1073D000C0F800900446E4E73046BDE8F88300BFFB
:1073E0004C990008BC9700083C9800082DE9F0472C
:1073F0000C46074691462369496803EB6218A36867
:107400004FEA621A08F10106B3420BDB3846FFF778
:107410009DFD054648B902464FF4EF71274B2848B9
:1074200001F000FB01315B00EEE7002300F11401E5
:1074300000F110021846534533DB20692AEAEA7A44
:1074400004F1140319F01F0901EB8A0103EB800C0E
:107450002BD08A460022C9F1200E186800FA09F0E4
:1074600010434AF8040B53F8042B9C4522FA0EF201
:10747000F3D8ACEB0403153B23F00303043304F10E
:107480001500604588BF0423CA500AB108F10206FE
:10749000013E384621462E61FFF798FD2846BDE89B
:1074A000F08742F8040F0133C5E7043953F8042B81
:1074B0009C4541F8042FF9D8EAE700BF2B98000853
:1074C0003C98000803460A69006930B5801A0ED15D
:1074D0001433143103EB820401EB820154F8045D90
:1074E00051F8042D954203D005D24FF0FF3030BD46
:1074F000A342F3D3FBE70120F9E700002DE9F74FA2
:1075000089460646114648461446FFF7DBFF051E2E
:1075100012D129463046FFF719FD024628B940F23C
:1075200037213E4B3E4801F07DFA0123C0E9043586
:10753000104603B0BDE8F08FBCBF4B46A1463046B5
:10754000D9F80410BABF1C4601250025FFF7FEFC40
:10755000024618B940F24521304BE3E700F1140B25
:10756000D9F8107009F11003C5604FF0000C09F153
:107570001405D946266904F1140E05EB87080EEBB5
:1075800086060193019B5EF8040B53F804AF81B2A9
:1075900001931FFA8AF35B1A000C6344C0EB1A4094
:1075A00000EB23409BB243EA004376454FEA204C70
:1075B00049F8043BE6D8331B153B23F0030315348D
:1075C0000433A64238BF04231D445B441E462C46A8
:1075D00044450ED308F10301491B21F00301033D8B
:1075E000A84538BF00210B4453F8041D99B1176119
:1075F0009EE7E64654F8041B1FFA81FCF444080C8D
:10760000714400EB2C4089B241EA00414FEA204C22
:1076100046F8041BDCE7013FE6E700BF2B980008B3
:107620003C9800080E4B0B40A3F15073002B08DC74
:107630005B42B3F1A07F4FEA235204DA4FF40023F8
:107640001341002208E0A2F114031E2BD6BF4FF015
:1076500000420122DA40002319461046704700BF5D
:107660000000F07F0269F8B500F1140606EB820213
:1076700052F8044C1E4F2046FFF75AFD0346C0F156
:1076800020000A2BA2F10405086012DCAE422CBFD8
:10769000002252F8082CC3F10B0C153324FA0CFE0F
:1076A00004FA03F322FA0CF24EEA07011A431046D9
:1076B000F8BDAE4236BFA2F10805002252F8082CF0
:1076C0000B3B12D0C3F1200722FA07F19C400C4378
:1076D000B54244F07F5194BF002455F8044C9A40C1
:1076E000FC4041F440112243E1E744EA0701DEE7B0
:1076F0000000F03F2DE97343012190469946089E12
:10770000FFF724FC044630B9024640F20F31234B08
:10771000234801F087F9C9F30A55C9F313030DB1E2
:1077200043F480130193B8F1000324D0684600931A
:10773000FFF71DFDDDE90012D8B1C0F1200302FA08
:1077400003F30B43C24063610192019B002B0CBF0A
:1077500001220222A3612261ADB1A5F233450544A5
:107760003560C0F13500099B1860204602B0BDE8C5
:1077700070836161E9E701A8FFF7F9FC019B012231
:1077800063612030E7E7A0F2324004EB820330600F
:107790001869FFF7CDFCC0EB4210E4E72B98000816
:1077A0003C9800082DE9F04F85B0CDE9001002A902
:1077B000FFF758FF8B4606460F46009803A9FFF7D0
:1077C00051FF0D46019B89461969009B04461B69C0
:1077D0003046C91ADDE902329B1A03EB4113002B34
:1077E000CDBF3A462A46C3EB033302EB035BD8BF57
:1077F00002EB03594B4622465946F8F797FF05B06E
:10780000BDE8F08F013970B549111469013102F1F9
:10781000140300EB810103EB8404051FA3420CD386
:10782000A31A113B23F003031132A24288BF0023A5
:1078300018440023884205D370BD53F8046B45F803
:10784000046FEBE740F8043BF4E700F11402006931
:107850004B11984210B511DB0ADD11F01F0107D062
:1078600052F8234024FA01F000FA01F18C420BD1C6
:1078700002EB8303934203D8002010BD0346F7E7D1
:1078800053F8041D0029F5D00120F6E72DE9F04159
:107890000F469046FFF7C6FE04460D46B8F1000FAE
:1078A00011D0C7F30A53C3F16B03002B0BDD002487
:1078B0001B0503F17F5505F5401522462B46F8F7C9
:1078C0000BFE04460D4620462946BDE8F081000027
:1078D0002DE9F04F9FB0179200220C461A924FF0FC
:1078E000000A4FF0000B0A460590199211782B29D7
:1078F00048D036D80D2930D8082930D8002939D0B9
:1079000000220E92199D2A78302A40F0B0806A78C1
:1079100002F0DF02582A6CD102930E9B8F4A01932A
:107920001AAB009305981BAB19A901F015F910F0DB
:107930000F06044605D0062E26D1002301351995E1
:107940000E93179B002B40F082850E9BBBB15046D7
:107950000BF100411FB0BDE8F08F2029D0D10132DA
:10796000C3E72D29CCD101210E91511C19915278D8
:10797000002AC7D1179B1994002B40F0668550460A
:107980005946E7E70021EFE71A9A3AB135211CA8DA
:10799000FFF738FF1A990598FFF718FB013E1B9A6D
:1079A000042E06D8DFE806F014031D201400DDE9DC
:1079B0001CABE10548BF4BF0004B2BF000431B0D07
:1079C0001B05002BBDD1FEF727FB22230360B8E780
:1079D00002F23342DDE91CA323F4801343EA025B85
:1079E000E7E7DFF87CB1E4E76FF0004B4FF0FF3AD8
:1079F000DFE7199B5A1C19925B78302BF9D0002BCA
:107A00009FD0012300270A22B9460893199B0B97A0
:107A10000C9319980578A5F13003D9B2092928D912
:107A20000122504900F0C8FF002832D000202A4629
:107A300003464D460A90652A01D0452A14D11DB946
:107A4000089A024396D00025199C621C199262780C
:107A50002B2A7AD02D2A7ED04FF0000CA2F13001D3
:107A6000092940F2858019944FF00008A5E0002311
:107A7000C8E7B9F1080FD8BF0B9900F10100D6BFD4
:107A800002FB013302FB07370B9309F1010919903F
:107A9000BFE7199B5A1C19925A78B9F1000F3BD0D5
:107AA0004D460A90A2F13003092B12D90123C2E7F7
:107AB000199B01305A1C19925A78302AF8D0A2F139
:107AC0003103082B00F2C8840A9000200546199B58
:107AD0000C93303A00F1010318D02E464FF00A0EF5
:107AE0000A9919440A91711CA1EB050C634515DC38
:107AF00020EAE0702B18082B05F1010505441ADC7B
:107B00000A230B9903FB01230B930023199A1846B0
:107B1000511C19915278C5E74846CEE7082E05DC7E
:107B20000B9E0EFB06F60B960E46DCE71029D8BF1F
:107B30000EFB07F7F8E70F2BDCBF0A2303FB072731
:107B4000E3E700230A9301237AE74FF0000CA21C1D
:107B50001992A27882E74FF0010CF8E75C9A0008CE
:107B60000000F07F95980008199A511C19915278DD
:107B7000302AF9D0A2F1310108293FF675AF4FF054
:107B80000A08303A0992199A0F92199A561C1996B6
:107B90005278A2F1300EBEF1090F39D90F9944F68F
:107BA0001F68761A082E03DC09998845A8BF884605
:107BB000BCF1000F01D0C8F10008002D4ED108998A
:107BC00008437FF4BEAE002B7FF4D4AE692A28D0E0
:107BD00025DC492A25D04E2A7FF4CCAE994919A834
:107BE00001F0DCF900283FF4C5AE199B1B78282B67
:107BF0002ED195491CAA19A801F0E4F9052827D12E
:107C00001D9BDDF870A043F0FF4B4BF4E00B98E6B2
:107C1000099908FB0121A1F130020992B5E76E2A0A
:107C2000DAE78A4919A801F0B9F900283FF4A2AEB1
:107C3000199B8749013B19A8199301F0AFF910B9B5
:107C4000199B013319934FF0000ADFF808B278E668
:107C5000814800F0E1FE82468B4672E60A9BB9F14C
:107C6000000F08BFA946A8EB0303102D0B982C4664
:107C70000993A8BF1024F8F7B5FB092D82468B465F
:107C800011DC099B002B3FF45CAE099B76DD162BC3
:107C90005DDC7249524601EBC3015B46D1E900014C
:107CA000F8F71AFCD7E76D4B03EBC40353E9122333
:107CB000F8F712FC824638468B46F8F793FB0246EB
:107CC0000B4650465946F8F751FA0F2D82468B461F
:107CD000D7DD099B2C1B1C44002C40F3938014F02F
:107CE0000F030AD05D49524601EBC301D1E90001FF
:107CF0005B46F8F7F1FB82468B4634F00F0473D0F5
:107D0000B4F59A7F49DD0024A046A1460B942223B6
:107D10004FF0000A059ADFF83CB113600B9B002B73
:107D20003FF40FAE1A990598FFF750F949460598A8
:107D3000FFF74CF941460598FFF748F90B9905986C
:107D4000FFF744F921460598FFF740F9F9E5099A4C
:107D5000C5F125039342BCDB404CC5F10F0504EB94
:107D6000C5015246D1E900015B46F8F7B5FB099B16
:107D70005D1B04EBC504D4E9002391E71633A8DBAF
:107D80000A9B5046A3EB0808344B594603EBC8083E
:107D9000D8E90023F8F7CAFC5DE7002350465946AE
:107DA0001E462F4F2411012C21DC0BB182468B463D
:107DB0002B49ABF1547B01EBC6015246D1E90001DE
:107DC0005B46F8F789FB234B0A460B402549824660
:107DD0008B4298D8A1F580118B4286BF4FF0FF3AB5
:107DE000DFF884B002F1547B0023089376E0E207C9
:107DF00004D5D7E90023F8F76FFB0123013664109F
:107E00000837D0E7F0D0644214F00F020AD0134BC9
:107E1000504603EBC2035946D3E90023F8F786FC2A
:107E200082468B462411DFD01F2C1FDD0024A04684
:107E3000A1460B942223059A4FF0000A4FF0000B45
:107E400013606BE783970008489A00087B97000847
:107E5000B29700080000F07FEB98000880990008B6
:107E6000589900080000A07CFFFFEF7F14F010037A
:107E700018BF6A235046089359460023774EE707F8
:107E800004D5D6E90023F8F727FB0123641006F197
:107E90000806F4D10BB182468B46089BB3B1CBF3F5
:107EA0000A52C2F16B03002B59460FDD1F2B58DD20
:107EB000342BD8BF4FF0FF334FF0000ACFBF4FF045
:107EC0005C7BC2F14B02934003EA010B00220023CA
:107ED00050465946F8F768FD0028A7D10B9B4A4643
:107EE00000930C992B460598FFF7D8F80B900028C3
:107EF0003FF409AF0024099A0A9B002AA3EB080368
:107F0000A8BF0023A046129322EAE27316930B9BAC
:107F100005985968FFF71AF8814600283FF4F7AE34
:107F20000B9B0C301A6903F10C010232920000F035
:107F300065FD1CAB01931BAB009352465B46059855
:107F4000CDE90CABFFF7D6FB1A9000283FF4DFAE6B
:107F500001210598FFF738F9804648B94FF000082D
:107F6000D5E64FF0FF3202FA03F303EA0A0AADE75F
:107F70001B9D1C9A002DABBF129B169BEF185E1B1E
:107F8000089BA8BF169EA5EB03051544344B05F1CD
:107F9000FF35B8BF129F9D42C2F1360250DA5B1B1B
:107FA0001F2B4FF00101A2EB03023DDC01FA03F3AA
:107FB000139300231093BD18089BAF4216441E4430
:107FC0003B46A8BF2B46B342A8BF3346002BC2BFD7
:107FD000ED1AF61AFF1A129B002B16DD41461A46BF
:107FE0000598FFF7A9F980460028B7D001461A9AEC
:107FF0000598FFF7FFF80A9000283FF488AE1A9919
:108000000598FEF7E3FF0A9B1A93002D1DDC099BE0
:10801000002B27DD4946169A0598FFF78DF9814612
:1080200000BB4FF0000972E6C5F17F4505F57F05FD
:1080300005F57B45E23501FA05F310931391BAE794
:108040000023109301231393B5E72A461A99059844
:10805000FFF7CCF91A900028D9D158E6709A000899
:1080600002FCFFFF002E07DD494632460598FFF768
:10807000BDF981460028D4D0002F08DD41463A469C
:108080000598FFF7B3F9804600283FF440AE4A4612
:108090001A990598FFF732FA044600283FF437AEE4
:1080A000C36841460F930023C360FFF70BFA002813
:1080B0003DDA0F9B53EA0A0363D1CBF31303002B82
:1080C0005FD12BF000431B0D1B05B3F1D66F58D9C0
:1080D000636913B92369012B53DD214601220598F9
:1080E000FFF784F941460446FFF7ECF9002848DD24
:1080F0002BF00043089A1B0D1B05002A62D0B3F138
:10810000D66F5FD8B3F15C7F7FF694AE5046594688
:10811000A34B0022F8F7E0F9A24B82460B408B46B6
:10812000002B7FF4FFAD2223059A1360FAE5CDF80A
:1081300028B065D10F9ACBF313035AB39A4A9342EE
:108140002BD1089B514603B35A46964B1340B3F1CB
:10815000D46F4FF0FF321BD81B0DC3F16B0302FA33
:1081600003F3994219D1914B0A9A9A4202D10131F3
:108170003FF4CDAD4FF0000A8A4B0A9A1A4002F53F
:10818000801B089B002BC1D1CCE54FF0FF33E8E703
:108190001346E6E753EA0A03AAD0109BDBB10A9A1A
:1081A0001342EED00F9B50465946089ABBB1FFF7D9
:1081B0006DFB02460B46DDE90C01F7F7D7FF82465F
:1081C0008B46DEE7A3F580136FEA135B4FF0FF3AAF
:1081D0006FEA0B5BD5E7139B13EA0A0FE1E7FFF7A2
:1081E00055FB02460B46DDE90C01F7F7BDFF002207
:1081F000002382468B46F8F7D7FB0028C1D019E64A
:1082000041462046FFF7CEFA00224FF08043064653
:108210000F46F8F7DDFB00286DD00F9B002B78D1BF
:10822000BAF1000F56D10A9BC3F31303002B58D1A8
:108230000022304639465E4BF8F7C0FB002857D184
:108240003046394600225B4BF8F746F906460F46A2
:1082500007F1004306960793DDE90623514DCDE96A
:1082600010230A9B1D40544B9D4240F0AB800A9B5B
:108270005046A3F1547B5946FFF7D4F9DDE90623B4
:10828000F8F72AF952465B46F7F770FF0B46454967
:108290004A4A19409142824642D90D9A434B9A422A
:1082A00003D10C9B01333FF432AD4FF0FF3ADFF8BE
:1082B000FCB01A990598FEF789FE49460598FEF725
:1082C00085FE41460598FEF781FE21460598FEF79A
:1082D0007DFE1CE6BAF1010F03D10A9B002B3FF48F
:1082E000A9AD0022364B0026CDE90623304FB3E777
:1082F0000026304FACE7304639462E4B0022F8F7C7
:10830000EBF80F9B06460F46002BA1D0CDE9066780
:10831000A2E70022264B16461F46CDE906239BE71F
:1083200003F1547B089BCDF828B0002BC1D12BF072
:1083300000431B0D1B059D42BBD130463946F8F763
:1083400033FCF8F79BF802460B4630463946F7F700
:108350000BFF0B460246CBF31306CDE90C230F9B14
:1083600046EA0A061E436AD009A3D3E90023F8F7B8
:1083700025FB00287FF4D6AC07A3D3E90023DDE971
:108380000C01F8F739FB002893D0CBE4AFF3008061
:108390009535A094FFFFDF3F35E5AF350000E03FA6
:1083A000000050390000F07FFFFF0F00FFFFEF7F5C
:1083B0000000F03F0000E03F0000E07FFFFF9F7CF7
:1083C0000000F0BF089B23B3B5F1D46F21D828A3D8
:1083D000D3E9002330463946F8F7FAFAA0B1394616
:1083E0003046F8F751FB012838BF0120F7F7FAFFB4
:1083F0000F9B06460F46FBB901F1004314901593FD
:10840000DDE91423CDE91023119B03F1D6635B1B37
:108410001193DDE90C01DDE910ABFFF703F902462A
:108420000B4650465946F8F757F8DDE90C23F7F7A5
:108430009DFE82468B4675E7CDE91467E0E70EA303
:10844000D3E90023F8F7BAFA9DE700230E93199BAE
:10845000179A1360FFF779BA652A3FF472AB452A81
:108460003FF46FAB0123FFF7AABB00BFAFF300805F
:108470000000C0FFFFFFDF419535A094FFFFCF3F15
:10848000014BFFF725BA00BF70000020242B2DE917
:10849000F0478646904601D8012B06D1FDF7BCFD7A
:1084A000162303600020BDE8F0870D4633482A46B6
:1084B00015F8014B065D16F00806F8D12D2C10D1E9
:1084C00001262C78951C33F0100215D1302C0DD1DB
:1084D0002A7802F0DF02582A08D16C78023510237E
:1084E0000AE02B2C04BF2C78951CECE7002BF6D16E
:1084F000302C14BF0A230823002206F1004C0CF193
:10850000FF3CBCFBF3F9104603FB19CAA4F130078A
:10851000092F0FD83C46A3421BDD571C07D08145CD
:1085200014D301D1A24511DB012200FB034015F851
:10853000014BEBE7A4F14107192F01D8373CEAE7DB
:10854000A4F16107192F04D8573CE4E74FF0FF323C
:10855000EDE7531C08D122236046CEF80030B8F175
:10856000000FA0D0691E06E006B14042B8F1000F2E
:1085700099D0002AF6D1C8F8001094E7999A00081B
:10858000FFF784BF2DE9F0471F468E688246BE4242
:108590000C4690460B682DD8B1F90C2012F4906F60
:1085A00026D06569096905EB4505A3EB010905EBD3
:1085B000D5757B1C4B446D109D4238BF1D4653053D
:1085C00027D52946FEF736FC064660B34A462169A0
:1085D00000F014FAA38923F4906343F08003A3818D
:1085E00026614E4426603E466561A5EB0905A560FF
:1085F000BE4200D93E4632464146206800F0C2F9EC
:108600000020A3689B1BA360236833442360BDE85C
:10861000F0872A4600F083FD06460028E0D1504648
:108620002169FEF795FB0C23CAF80030A3894FF0AF
:10863000FF3043F04003A381E9E700002DE9F04F4C
:1086400098468B8907461B060D4614469DB010D5EB
:108650000B6973B94021FEF7EDFB2860286130B942
:108660000C233B604FF0FF301DB0BDE8F08F40237E
:108670006B610023099320238DF8293030234FF0BC
:108680000109CDF80C80DFF898818DF82A30234657
:108690009A4613F8012B0AB1252AF9D1BAEB040B3B
:1086A0000BD05B46224629463846FFF76BFF013068
:1086B00000F0A780099A5A4409929AF80030002BDA
:1086C00000F09F8000234FF0FF32CDE905230AF12F
:1086D000010A049307938DF853301A9354460522E8
:1086E00014F8011B4E48FDF7C4FC049AD8B9D00613
:1086F00044BF20238DF85330110744BF2B238DF83E
:1087000053309AF800302A2B15D0544600204FF0F1
:108710000A0C079A214611F8013B303B092B4BD933
:10872000B0B1079214E0A0EB080309FA03F3134376
:10873000A2460493D2E7039B191D1B680391002BEB
:10874000BBBF5B4242F0020207930793B8BF04929B
:1087500023782E2B0AD163782A2B32D1039B023443
:108760001A1D1B68039243EAE3730593DFF8B4A074
:10877000032250462178FDF77CFC38B14022049B4F
:10878000A0EB0A00824013430134049314F8011B48
:10879000062225488DF82810FDF76BFC002836D0FE
:1087A000224B1BBB039B073323F0070308330393C0
:1087B000099B334409936AE70C4601200CFB023203
:1087C000A8E700234FF00A0C194601340593204610
:1087D00010F8012B303A092A03D9002BC6D0059195
:1087E000C4E7044601230CFB0121F0E703AB00932F
:1087F0002A4638460E4B04A9FCF798FC421C064654
:10880000D6D1AB895B063FF52DAF09982CE703ABBA
:1088100000932A463846064B04A9FCF725FFEDE7EE
:10882000979800089D980008A19800082D5100080D
:1088300085850008B1F90C20F8B5160705460C46E9
:1088400054D44B68002B02DC0B6C002B48DDE66A2D
:10885000002E45D0002312F480522F68216A2B602D
:1088600030D0626DA389590705D56368D21A636B4E
:108870000BB1236CD21A00232846E66A216AB0475E
:10888000431CA38906D129681D292BD8284ACA4030
:10889000D60727D5002262602269D904226004D558
:1088A000421C01D12B6803B96065616B2F60B9B1BF
:1088B00004F14403994202D02846FEF749FA002306
:1088C00063630DE001232846B0470246501CC9D11E
:1088D0002B68002BC6D01D2B01D0162B1DD12F606D
:1088E000002021E043F040031BB21AE00F69002F83
:1088F000F6D0930718BF00230E6808BF4B69F61B1C
:108900000F608B60002EEBDD33463A462846216A25
:10891000D4F828C0E047002807DCB4F90C3043F055
:1089200040034FF0FF30A381F8BD0744361AE9E752
:108930000100402038B50B6905460C4613B90025E7
:10894000284638BD18B1036A0BB9FDF741FAB4F9EE
:108950000C30002BF3D0626ED00704D4990502D4FA
:10896000A06DFDF784FB28462146FFF763FF636E89
:108970000546DA07E4D4A3899B05E1D4A06DFDF791
:1089800077FBDDE7884210B501EB020402D984428F
:10899000234607D8431EA14208D011F8012B03F843
:1089A000012FF8E7014602448A4200D110BD13F8B6
:1089B000014D02F8014DF7E710B56AB1013984188D
:1089C00010F8012B11F8013F9A4203D1A04201D0C7
:1089D000002AF5D1D01A10BD1046FCE738B50023A7
:1089E000054D044608462B60F9F724FA431C02D1D2
:1089F0002B6803B1236038BDB00400200A449142C3
:108A000000F1FF3300D1704710B511F8014B9142CE
:108A100003F8014FF9D110BD00200149704700BF94
:108A20000000F87F1FB514461A46094B05461B681F
:108A3000D8684CB1074BCDE9013400912B4606496B
:108A400000F0A8FB00F0B8FB044B1C46F3E700BFA6
:108A500020000020B0980008BD980008EB9800089E
:108A600070B5A1FB025434B92946FEF7E3F9064676
:108A700028B9304670BD0C2200260260F9E72A466C
:108A80002146FDF776FAF4E703692DE9F043B3EBED
:108A9000611F00F114044FEA611246DD11F01F015D
:108AA00004EB830604EB82050CD1294600F1100784
:108AB000B14235D39B1A9B00EA1E964238BF002371
:108AC000234415E0A14654F82270C1F12008CF409C
:108AD00005F1040E7645F44616D89A1A9200043A27
:108AE0000135AE4238BF0022A318A75007B10433A6
:108AF000A342A3EB040208BF00234FEAA2020261D3
:108B000008BF4361BDE8F083DCF800C00CFA08FC44
:108B10004CEA070749F8047B5EF8047BCF40D9E7AD
:108B200051F804CB47F804CFC2E72346E0E7A0F1B1
:108B30003003092B02D82038C0B27047A0F161037E
:108B4000052B01D84738F7E7A0F14103052B01D8E1
:108B50002738F1E7002070472DE9F04F8A4690460C
:108B600085B002930B6801909C1CA14614F8010B80
:108B70003028FAD0A9EB0303A3F1020BFFF7D7FFCC
:108B80000546002868D1012248469F49FFF714FF97
:108B90000746002867D199F801002646FFF7C7FF6E
:108BA000002862D0234618789946302803F1010343
:108BB000F9D0FFF7BCFFB0FA80F54FF0010B6D095B
:108BC0004A46164630780132FFF7B1FF0028F8D147
:108BD000012230468C49FFF7EFFE00283FD144B90F
:108BE000741C2246164630780132FFF7A0FF002899
:108BF000F8D1A41BA700337803F0DF03502B3ED13C
:108C000073782B2B33D02D2B34D00024711C087893
:108C1000FFF78DFF431EDBB2182B30D8A0F11002F6
:108C200011F8010FFFF783FF00F1FF3C5FFA8CFCA6
:108C3000BCF1180F4FF00A031ED904B15242174479
:108C4000CAF80010EDB1BBF1000F0CBF06250025DE
:108C5000284605B0BDE8F08F00252C46B0E7002C73
:108C6000C7D12746C7E74E462F460125C3E7002454
:108C7000B11CCCE70124FBE703FB0200CEE7314641
:108C8000DEE72946A6EB0903013B072B0ADC019826
:108C9000FEF75CF9044640B90246E4215B4B5C48B0
:108CA000FFF7C0FE01315B10EFE7002300F1140A6B
:108CB00055469B46B14537D345F804BBA5EB0A059D
:108CC000AD1025615846FEF733FA6D01D8F8006003
:108CD0002D1AB54254DDAD1B29462046FEF7B5FDE1
:108CE000814678B14FF001096B1E59115AF82110D5
:108CF00003F01F0209FA02F20A4203D04B4536DCA8
:108D00004FF0020929462046FFF7BEFE2F44D8F84F
:108D10000830BB4242DA21460198FEF757F900239A
:108D20000E9AA325136093E716F8012D2E2A12D070
:108D3000202B04D145F804BB4FF0000B5B46307884
:108D40000393FFF7F4FE039B00F00F0098404BEAFB
:108D5000000B0433AEE7B145EAD8012230462A4978
:108D60000393FFF729FE039B0028E1D1A2E72046E9
:108D7000A91EFEF76AFD0028C2D04FF00309C1E723
:108D800009DA751B21462A460198FEF72FFB044697
:108D90007F1B00F1140A4FF00009B8E7D8F804501F
:108DA000BD426FDDED1BAE4234DCD8F80C30022B37
:108DB00022D0032B24D0012B15D1AE4213D1012E8A
:108DC0000BD1D8F80430029A622513600123236185
:108DD000CAF800300E9B1C603AE72046711EFEF771
:108DE00034FD0028EDD121460198FEF7EFF800236D
:108DF0000E9A502513602BE70F9B002BF3D1E0E771
:108E00000F9B002BDDD1EEE7959800082B9800080A
:108E1000EC9800086F1EB9F1000F30D127B1394628
:108E20002046FEF712FD814601232946761B0225C6
:108E30007A115AF8222007F01F07BB401342204640
:108E400018BF49F00209FFF71FFED8F80470B9F106
:108E5000000F47D0D8F80C30022B15D0032B17D0B9
:108E6000012B09D119F0020F06D0DAF8003049EAD7
:108E7000030919F0010F0ED145F0100532E04FF053
:108E80000109D1E70125E2E70F9BC3F101030F932D
:108E90000F9B002BF0D04FF0000CD4F810B004F171
:108EA00014034FEA8B0A03EB8B01184653F8042B8B
:108EB000B2F1FF3F1BD001320260022D04F1140316
:108EC0003CD1D8F80020013AB24209D101227111F7
:108ED00053F8213006F01F0602FA06F61E423AD178
:108EE00045F020050E9B1C60029B1F60B0E6994276
:108EF00043F804CCD9D8A3689B4517DB6168019877
:108F00000131FEF723F8814618B902468421194B36
:108F1000C5E6226904F10C01023292000C30FFF721
:108F20006DFD21460198FEF751F84C4623695A1C05
:108F30002261012204EB83035A61BEE722695A458C
:108F40000BDD01212046FFF79FFDD8F808300137DF
:108F5000BB42FFF6E0AE0125C2E716F01F06FAD0CD
:108F6000534453F8040CFEF7E3F8C6F12006B04270
:108F7000E7DBF0E72B980008C2F10802920070B519
:108F8000C2F120064368046803FA06F52C43D34077
:108F9000046040F8043F8842F4D370BD30B50368E4
:108FA000013311F8014B14B90360012030BD13F8EF
:108FB000012BA2F14105192D98BF2032A242F0D019
:108FC0000020F3E72DE9F04F00250B6882465E1183
:108FD00002EB860613F01F0318BF0436371F9046B6
:108FE000B9463C46AB4687B00168019346F8045C3D
:108FF00002954A784B1C039342B3104605910492A4
:10900000FFF795FD002851D1049A0599202A18D818
:10901000029B9B4513DD4C4506D2072D04DC2A46F6
:1090200049462046FFF7A8FF444552D90023A4F142
:10903000040944F8043C1D464C46CDF808B0039999
:10904000D7E7292A57D10231CAF80010BBF1000F27
:1090500051D04C4506D2072D04DC2A46494620460D
:10906000FFF78AFF444536D92346A8F1040253F896
:10907000041B9F4242F8041FF9D23B1B23F0030359
:1090800004330134033EB44288BF04230022434426
:1090900043F8042B9F42FBD23B681BB9474528D1BC
:1090A00001233B60052007B0BDE8F08F0135082D96
:1090B0000BF1010B06DD4445C1D90023012544F81D
:1090C000043C043C226800F00F0040EA02102060DB
:1090D000B5E70825B3E7019B002BDDD04FF0FF3249
:1090E000C3F12003DA4056F8043C134046F8043C30
:1090F000D2E7043FD0E70420D5E782B001B901A947
:1091000042B14BB113780B601278101E18BF0120CA
:1091100002B070471046FBE76FF00100F8E72DE959
:10912000F041074614460D4621B91146BDE8F0410D
:10913000FDF780BE2AB9FDF70BFE25462846BDE89F
:10914000F08100F040F88442064602D8B4EB500F9C
:10915000F4D821463846FDF76DFE804608B94546ED
:10916000ECE7B4422246294628BF3246FFF746FCC8
:1091700029463846FDF7ECFDF1E70346084641B1C4
:10918000FF2A04D98A224FF0FF301A60704701206D
:109190000A7070470EB403B5014603AB054853F897
:1091A000042B0068019300F03DF802B05DF804EB79
:1091B00003B0704720000020062008B500F006FA32
:1091C0000120F8F7C2FD51F8043C181F002BBCBF6A
:1091D0000B58C0187047936810B4013B002B936084
:1091E00007DA9469A34201DB0A2902D110BC00F01E
:1091F00031B91368581C10601970084610BC7047CC
:10920000F8B506460F461446D518AC4201D10020E9
:1092100007E03A46304614F8011BFFF7DCFF431C19
:10922000F3D1F8BD2DE9F04F0D4614469846064699
:109230009DB018B1036A0BB9FCF7CAFD6B6ED90774
:1092400005D4AB899A0502D4A86DFCF710FFAB8951
:109250001B0701D52B699BB92946304600F038F928
:1092600070B16B6EDC0704D54FF0FF301DB0BDE868
:10927000F08FAB899805F7D4A86DFCF7F9FEF3E7FA
:109280000023099320238DF8293030234FF0010962
:10929000CDF80C80DFF8A8818DF82A3023469A4655
:1092A00013F8012B0AB1252AF9D1BAEB040B0BD024
:1092B0005B46224629463046FFF7A2FF013000F008
:1092C000A780099A5A4409929AF80030002B00F0BE
:1092D0009F8000234FF0FF32CDE905230AF1010AF8
:1092E000049307938DF853301A935446052214F8CB
:1092F000011B5348FCF7BDFE049AD8B9D10644BF00
:1093000020238DF85330130744BF2B238DF853309F
:109310009AF800302A2B15D0544600204FF00A0C42
:10932000079A214611F8013B303B092B4BD9B0B1CC
:10933000079214E0A0EB080309FA03F31343A246D3
:109340000493D2E7039B191D1B680391002BBBBF3D
:109350005B4242F0020207930793B8BF049223785E
:109360002E2B0AD163782A2B32D1039B02341A1D8B
:109370001B68039243EAE3730593DFF8C8A0032256
:1093800050462178FCF775FE38B14022049BA0EBD3
:109390000A00824013430134049314F8011B06228F
:1093A00029488DF82810FCF764FE00283FD0274B91
:1093B0001BBB039B073323F0070308330393099B6D
:1093C0003B4409936AE70C4601200CFB0232A8E7F4
:1093D00000234FF00A0C194601340593204610F87B
:1093E000012B303A092A03D9002BC6D00591C4E7D6
:1093F000044601230CFB0121F0E703AB00932A464E
:109400003046134B04A9FBF791FE0746781CD6D1D2
:109410006B6ED90705D4AB899A0502D4A86DFCF709
:1094200027FEAB895B063FF51FAF09981EE703AB2C
:1094300000932A463046064B04A9FCF715F9E4E7E9
:10944000979800089D980008A19800082D510008E1
:1094500001920008F8B50E461446054618B1036A95
:109460000BB9FCF7B5FCA369A360A3891A0701D562
:10947000236943B92146284600F02AF818B14FF075
:10948000FF373846F8BD23682269F6B2981A636937
:109490003746834205DC21462846FFF74BFA002871
:1094A000EDD1A368013BA36023685A1C22601E70A3
:1094B0006269431C9A4204D0A389DB07E1D50A2ED6
:1094C000DFD121462846FFF735FA0028D9D0D6E764
:1094D00038B5294B054618680C4618B1036A0BB914
:1094E000FCF776FCB4F90C30190722D4DA0607D45D
:1094F00009222A6043F040034FF0FF30A38133E09C
:10950000580712D5616B41B104F14403994202D06E
:109510002846FDF71DFC00236363A38923F0240381
:10952000A3810023636023692360A38943F00803B8
:10953000A38123694BB9A38903F42073B3F5007F9A
:1095400003D02146284600F082F8B4F90C3013F01D
:1095500001020AD00022A26062695242A26122691D
:1095600042B913F08000C5D138BD990758BF626970
:10957000A260F4E70020F7E7200000201F2938B59B
:1095800005460C4604D9162303604FF0FF3038BD62
:10959000C26B12B152F821304BB9284600F030F8B6
:1095A000224601462846BDE8384000F017B8012B96
:1095B0000AD0591C03D1162303600120E7E70021DC
:1095C000204642F8241098470020E0E7024B01466D
:1095D0001868FFF7D3BF00BF2000002038B5002374
:1095E000064D0446084611462B60F8F79EFB431CC7
:1095F00002D12B6803B1236038BD00BFB004002046
:10960000F8F78CBB70B50C46B1F90E101546002961
:109610001E4696B00CDAA389002113F0800F14BF08
:1096200040234FF48063002031602B6016B070BD82
:109630006A4600F049F80028EDDB019901F4704119
:10964000A1F50053594259414FF48063EBE78B89F0
:10965000F7B59D0706460C4607D504F1470323607E
:1096600023610123636103B0F0BD6A4601ABFFF7DC
:10967000C9FF009F054639463046FDF7DBFB48B978
:10968000B4F90C309A05EED423F0030343F002033F
:10969000A381E2E7A389C4E9040743F08003A3811F
:1096A000019B20605BB13046B4F90E1000F01EF84B
:1096B00028B1A38923F0030343F00103A381A38905
:1096C0001D43A581CFE7000038B50023064D0446B1
:1096D000084611462B60F8F787FB431C02D12B6824
:1096E00003B1236038BD00BFB004002038B50023AB
:1096F000054D044608462B60F8F785FB431C02D154
:109700002B6803B1236038BDB0040020F8B500BF5A
:10971000F8BC08BC9E467047F8B500BFF8BC08BC52
:049720009E467047AA
:109728006261743D256420636D643D256420737017
:109738006565643D256420616E676C653D252E3244
:10974800660D0A000000000000000000010203048A
:1097580006070809000000000102030402030405CB
:10976800060708090A0B0C0D0E0F10100102494ECE
:109778004600696E66004E414E006E616E00300014
:10978800303132333435363738394142434445462F
:1097980000303132333435363738396162636465C5
:1097A800660065256C6400496E66696E69747900A7
:1097B8004E614E005245454E54206D616C6C6F638E
:1097C80020737563636565646564002F6275696CF1
:1097D800642F676E752D746F6F6C732D666F722DA5
:1097E80073746D33325F31332E332E72656C312EC4
:1097F80032303234303932362D313731352F7372B9
:10980800632F6E65776C69622F6E65776C69622F5E
:109818006C6962632F7374646C69622F64746F611E
:109828002E630042616C6C6F6320737563636565BA
:10983800646564002F6275696C642F676E752D749A
:109848006F6F6C732D666F722D73746D33325F3169
:10985800332E332E72656C312E3230323430393239
:10986800362D313731352F7372632F6E65776C69FA
:10987800622F6E65776C69622F6C6962632F7374EF
:10988800646C69622F6D707265632E63002E00230D
:109898002D302B2000686C4C0065666745464700F4
:1098A8004300504F534958002C2066756E63746905
:1098B8006F6E3A2000617373657274696F6E20224F
:1098C800257322206661696C65643A2066696C6557
:1098D80020222573222C206C696E6520256425734F
:1098E80025730A002F6275696C642F676E752D7475
:1098F8006F6F6C732D666F722D73746D33325F31B9
:10990800332E332E72656C312E3230323430393288
:10991800362D313731352F7372632F6E65776C6949
:10992800622F6E65776C69622F6C6962632F73743E
:10993800646C69622F6764746F612D67657468650C
:10994800782E630005000000190000007D0000006B
:109958000080E03779C34143176E05B5B5B8934623
:10996800F5F93FE9034F384D321D30F94877825AEF
:109978003CBF737FDD4F1575000000000000F03F0D
:1099880000000000000024400000000000005940D2
:109998000000000000408F40000000000088C34025
:1099A80000000000006AF8400000000080842E419A
:1099B80000000000D01263410000000084D79741E6
:1099C8000000000065CDCD41000000205FA00242EC
:1099D800000000E876483742000000A2941A6D4261
:1099E800000040E59C30A2420000901EC4BCD64254
:1099F80000003426F56B0C430080E03779C34143FF
:109A080000A0D8855734764300C84E676DC1AB4374
:109A1800003D9160E458E143408CB5781DAF154492
:109A280050EFE2D6E41A4B4492D54D06CFF080446D
:109A3800F64AE1C7022DB544B49DD9794378EA4482
:109A480034000000CEFBFFFFCB0300000100000044
:109A58000000000035000000CEFBFFFFCB03000034
:109A68000100000000000000BC89D897B2D29C3CDD
:109A780033A7A8D523F649393DA7F444FD0FA532ED
:109A88009D978CCF08BA5B25436FAC642806681194
:109A980000202020202020202020282828282820B6
:109AA80020202020202020202020202020202020AE
:109AB8002088101010101010101010101010101016
:109AC8001004040404040404040404101010101006
:109AD80010104141414141410101010101010101D0
:109AE8000101010101010101010101011010101022
:109AF80010104242424242420202020202020202A2
:109B080002020202020202020202020210101010F5
:109B1800200000000000000000000000000000001D
:109B2800000000000000000000000000000000002D
:109B3800000000000000000000000000000000001D
:109B4800000000000000000000000000000000000D
:109B580000000000000000000000000000000000FD
:109B680000000000000000000000000000000000ED
:109B780000000000000000000000000000000000DD
:109B880000000000000000000000000000000000CD
:049B980000000000C9
:089B9C00B465FF7F0100000029
:049BA400350100087F
:049BA800110100089F
:109BAC006A75616E3100000000127A00100000002E
:109BBC0001000000000000000300000074030020FE
:109BCC00240000200000000074030020DC030020AF
:109BDC004404002000000000000000000000000011
:109BEC000000000000000000000000000000000069
:109BFC000000000000000000000000000000000059
:109C0C000000000000000000000000000000000048
:109C1C0043000000000000000000000000000000F5
:109C2C000000000000000000000000000000000028
:109C3C0043000000000000000000000000000000D5
:109C4C000000000000000000000000000000000008
:109C5C0043000000000000000000000000000000B5
:109C6C0000000000000000000000000000000000E8
:109C7C004300000000000000000000000000000095
:109C8C0000000000000000000000000000000000C8
:109C9C004300000000000000000000000000000075
:109CAC0000000000000000000000000000000000A8
:109CBC004300000000000000000000000000000055
:109CCC000000000000000000000000000000000088
:109CDC004300000000000000000000000000000035
:109CEC000000000000000000000000000000000068
:109CFC007B910008FB90000800000000989A000877
:109D0C0095980008EB980008EB980008EB98000871
:109D1C00EB980008EB980008EB980008EB9800080B
:109D2C00EB980008EB980008FFFFFFFFFFFFFFFF19
:109D3C00FFFFFFFFFFFF00000100415343494900B3
:109D4C000000000000000000000000000000000007
:109D5C00000000000000000000004153434949008E
:109D6C0000000000000000000000000000000000E7
:0C9D7C00000000000000000000000000DB
:0400000508001EAD24
:00000001FF
